;simu;n_obs;mutation_rate;c;replicate;last_time_step;mean_choice_last_step;n_repro_last_step;mean_demos;mean_n_obs;tradition_duration
1;1;1;0;0.5;1;102;0.3849372;233;235.4706;1;1
2;1;1;0;0.5;2;122;0.3416667;231;236.541;1;21
3;1;1;0;0.5;3;1000;1;232;236.881;1;900
4;1;1;0;0.5;4;191;0.5681818;240;235.733;1;90
5;1;1;0;0.5;5;141;0.5887446;229;236.8511;1;40
6;1;1;0;0.5;6;101;0.4727273;226;234.8317;1;0
7;1;1;0;0.5;7;1000;0;239;236.806;1;900
8;1;1;0;0.5;8;897;0.3650794;228;236.7703;1;796
9;1;1;0;0.5;9;578;0.6320755;255;236.872;1;477
10;1;1;0;0.5;10;754;0.3938224;230;237.0902;1;653
11;1;1;0;0.5;11;101;0.5708155;231;236.2772;1;0
12;1;1;0;0.5;12;101;0.4219409;240;237.0099;1;0
13;1;1;0;0.5;13;105;0.4669421;227;238.0381;1;4
14;1;1;0;0.5;14;102;0.5848214;224;237.3333;1;1
15;1;1;0;0.5;15;117;0.6269841;243;237.6496;1;16
16;1;1;0;0.5;16;107;0.3166667;241;235.514;1;6
17;1;1;0;0.5;17;101;0.512605;242;236.1386;1;0
18;1;1;0;0.5;18;102;0.4893617;234;237.2745;1;1
19;1;1;0;0.5;19;1000;0.8869565;230;236.942;1;900
20;1;1;0;0.5;20;101;0.5210084;234;234.4356;1;0
21;1;1;0;0.5;21;1000;0.1478261;230;236.111;1;900
22;1;1;0;0.5;22;1000;0;229;236.82;1;900
23;1;1;0;0.5;23;167;0.4173228;221;235.2515;1;66
24;1;1;0;0.5;24;105;0.5957447;238;234.5714;1;4
25;1;1;0;0.5;25;686;0.5784753;224;236.8455;1;585
26;1;1;0;0.5;26;132;0.5679012;220;236.0076;1;31
27;1;1;0;0.5;27;398;0.6401674;211;236.0352;1;297
28;1;1;0;0.5;28;101;0.5381526;246;235.8218;1;0
29;1;1;0;0.5;29;1000;1;225;236.58;1;900
30;1;1;0;0.5;30;101;0.4252336;239;236.802;1;0
31;1;1;0;0.5;31;887;0.4224806;225;236.6708;1;786
32;1;1;0;0.5;32;101;0.605042;242;236.099;1;0
33;1;1;0;0.5;33;229;0.3648069;231;236.4148;1;128
34;1;1;0;0.5;34;1000;1;244;237.073;1;900
35;1;1;0;0.5;35;104;0.3966245;222;236.1827;1;3
36;1;1;0;0.5;36;101;0.462963;212;238.2277;1;0
37;1;1;0;0.5;37;101;0.6309013;231;236.9901;1;0
38;1;1;0;0.5;38;183;0.3716475;223;236.7814;1;82
39;1;1;0;0.5;39;121;0.3452915;222;236.2231;1;20
40;1;1;0;0.5;40;114;0.312;204;235.9825;1;13
41;1;1;0;0.5;41;234;0.4050633;216;237.2521;1;133
42;1;1;0;0.5;42;101;0.5890411;255;235.3564;1;0
43;1;1;0;0.5;43;128;0.5491803;240;235.5547;1;27
44;1;1;0;0.5;44;280;0.4420601;243;237.8071;1;179
45;1;1;0;0.5;45;1000;0.9800797;251;237.202;1;900
46;1;1;0;0.5;46;130;0.5780591;261;237.5154;1;29
47;1;1;0;0.5;47;101;0.558952;255;236.1683;1;0
48;1;1;0;0.5;48;150;0.4009009;237;236.8267;1;49
49;1;1;0;0.5;49;102;0.4605809;231;236.1667;1;1
50;1;1;0;0.5;50;127;0.580786;225;237.4724;1;26
51;1;1;0;0.5;51;845;0.4016064;227;237.0391;1;744
52;1;1;0;0.5;52;483;0.4274194;262;236.4762;1;382
53;1;1;0;0.5;53;103;0.5488372;228;237.4369;1;2
54;1;1;0;0.5;54;101;0.4744186;239;238.9109;1;0
55;1;1;0;0.5;55;195;0.3947368;257;236.6769;1;94
56;1;1;0;0.5;56;101;0.5375;244;235.7525;1;0
57;1;1;0;0.5;57;1000;0.9058296;223;237.189;1;900
58;1;1;0;0.5;58;1000;0;212;236.714;1;900
59;1;1;0;0.5;59;104;0.6157205;239;237.9519;1;3
60;1;1;0;0.5;60;102;0.5272727;239;237.8431;1;1
61;1;1;0;0.5;61;116;0.515748;243;237.5603;1;15
62;1;1;0;0.5;62;113;0.3839662;226;236.4602;1;12
63;1;1;0;0.5;63;104;0.4439024;257;236.5673;1;3
64;1;1;0;0.5;64;1000;0.6949153;236;236.953;1;900
65;1;1;0;0.5;65;101;0.6410256;234;235.9703;1;0
66;1;1;0;0.5;66;103;0.6062992;218;238.4757;1;2
67;1;1;0;0.5;67;365;0.3973214;240;236.1068;1;264
68;1;1;0;0.5;68;111;0.3119658;243;237.4054;1;10
69;1;1;0;0.5;69;101;0.5019455;216;236.9505;1;0
70;1;1;0;0.5;70;103;0.4693878;242;234.3301;1;2
71;1;1;0;0.5;71;101;0.5610687;224;238.3069;1;0
72;1;1;0;0.5;72;105;0.4841629;221;237.2286;1;4
73;1;1;0;0.5;73;102;0.527897;235;235.8333;1;1
74;1;1;0;0.5;74;121;0.3951613;245;234.6777;1;20
75;1;1;0;0.5;75;1000;0;213;237.208;1;900
76;1;1;0;0.5;76;1000;1;243;236.569;1;900
77;1;1;0;0.5;77;125;0.4196429;248;237.144;1;24
78;1;1;0;0.5;78;1000;0;226;236.854;1;900
79;1;1;0;0.5;79;131;0.4197531;257;236.6031;1;30
80;1;1;0;0.5;80;103;0.5042017;227;235.3592;1;2
81;1;1;0;0.5;81;101;0.361991;258;237.4059;1;0
82;1;1;0;0.5;82;1000;1;246;236.355;1;900
83;1;1;0;0.5;83;101;0.5390947;233;237.2673;1;0
84;1;1;0;0.5;84;223;0.3625498;240;236.6951;1;122
85;1;1;0;0.5;85;102;0.4678112;273;238.1176;1;1
86;1;1;0;0.5;86;101;0.5019763;230;238.0792;1;0
87;1;1;0;0.5;87;101;0.5596708;235;234.9109;1;0
88;1;1;0;0.5;88;217;0.561753;237;236.4977;1;116
89;1;1;0;0.5;89;686;0.3066038;212;236.6472;1;585
90;1;1;0;0.5;90;107;0.5280374;260;237.7103;1;6
91;1;1;0;0.5;91;369;0.5395349;235;237.0352;1;268
92;1;1;0;0.5;92;305;0.6065574;243;237.7639;1;204
93;1;1;0;0.5;93;101;0.5426357;241;237.7723;1;0
94;1;1;0;0.5;94;1000;1;243;236.456;1;900
95;1;1;0;0.5;95;118;0.3842593;244;235.6949;1;17
96;1;1;0;0.5;96;141;0.5930736;219;237.8582;1;40
97;1;1;0;0.5;97;558;0.4385246;249;237.4803;1;457
98;1;1;0;0.5;98;1000;0.2112069;232;236.804;1;900
99;1;1;0;0.5;99;101;0.4556962;218;236.9802;1;0
100;1;1;0;0.5;100;103;0.4439655;254;236.9806;1;2
101;2;3;0;0.5;1;101;0.5525114;243;237.6337;3;0
102;2;3;0;0.5;2;120;0.3493976;219;236.6083;3;19
103;2;3;0;0.5;3;103;0.5428571;237;235.6893;3;2
104;2;3;0;0.5;4;108;0.3972603;275;239.0926;3;7
105;2;3;0;0.5;5;1000;0.787234;235;236.595;3;900
106;2;3;0;0.5;6;140;0.3574661;246;236.8286;3;39
107;2;3;0;0.5;7;268;0.5982143;253;236.7761;3;167
108;2;3;0;0.5;8;106;0.6058091;238;238.3962;3;5
109;2;3;0;0.5;9;118;0.3538462;221;236.5339;3;17
110;2;3;0;0.5;10;103;0.4334764;247;235.9806;3;2
111;2;3;0;0.5;11;297;0.4363636;245;235.8283;3;196
112;2;3;0;0.5;12;356;0.6106557;235;237.6348;3;255
113;2;3;0;0.5;13;1000;1;253;236.197;3;900
114;2;3;0;0.5;14;1000;0;214;236.679;3;900
115;2;3;0;0.5;15;614;0.4093023;260;237.4267;3;513
116;2;3;0;0.5;16;137;0.4745763;252;236.5036;3;36
117;2;3;0;0.5;17;108;0.5930736;242;236.5185;3;7
118;2;3;0;0.5;18;110;0.6077586;248;238.2;3;9
119;2;3;0;0.5;19;118;0.5641026;228;235.5678;3;17
120;2;3;0;0.5;20;102;0.5186916;243;237.1176;3;1
121;2;3;0;0.5;21;105;0.593361;232;238.019;3;4
122;2;3;0;0.5;22;101;0.5330739;222;235.5248;3;0
123;2;3;0;0.5;23;116;0.6541667;251;236.6379;3;15
124;2;3;0;0.5;24;101;0.5837104;253;236.4851;3;0
125;2;3;0;0.5;25;215;0.5541126;250;237.3302;3;114
126;2;3;0;0.5;26;358;0.3304721;233;236.5475;3;257
127;2;3;0;0.5;27;130;0.3568465;228;235.8692;3;29
128;2;3;0;0.5;28;111;0.6538462;268;238.027;3;10
129;2;3;0;0.5;29;131;0.4434783;223;237.4962;3;30
130;2;3;0;0.5;30;139;0.6396761;242;235.7266;3;38
131;2;3;0;0.5;31;1000;0;235;236.303;3;900
132;2;3;0;0.5;32;106;0.561086;264;236.3585;3;5
133;2;3;0;0.5;33;106;0.5782609;213;234.7264;3;5
134;2;3;0;0.5;34;131;0.4173554;247;237.4198;3;30
135;2;3;0;0.5;35;101;0.4314516;229;237.9703;3;0
136;2;3;0;0.5;36;1000;0;249;236.474;3;900
137;2;3;0;0.5;37;246;0.3067729;230;236.6423;3;145
138;2;3;0;0.5;38;182;0.4258555;237;237.6209;3;81
139;2;3;0;0.5;39;101;0.4622642;239;236.4752;3;0
140;2;3;0;0.5;40;283;0.6384977;256;235.9647;3;182
141;2;3;0;0.5;41;102;0.5409836;246;237.2549;3;1
142;2;3;0;0.5;42;425;0.5465587;256;238.2988;3;324
143;2;3;0;0.5;43;101;0.4661017;235;236.4356;3;0
144;2;3;0;0.5;44;251;0.6309524;250;236.741;3;150
145;2;3;0;0.5;45;136;0.5953488;230;235.4191;3;35
146;2;3;0;0.5;46;101;0.2931034;266;237.1485;3;0
147;2;3;0;0.5;47;1000;1;223;236.895;3;900
148;2;3;0;0.5;48;302;0.6523605;235;236.0596;3;201
149;2;3;0;0.5;49;1000;0.01716738;233;237.009;3;900
150;2;3;0;0.5;50;138;0.6801802;231;236.8333;3;37
151;2;3;0;0.5;51;1000;0.9237288;236;236.64;3;900
152;2;3;0;0.5;52;103;0.4170213;219;237.4757;3;2
153;2;3;0;0.5;53;104;0.4297872;234;238.0288;3;3
154;2;3;0;0.5;54;1000;0.607438;242;236.357;3;900
155;2;3;0;0.5;55;101;0.4541667;231;235.8515;3;0
156;2;3;0;0.5;56;175;0.3852459;223;238.0057;3;74
157;2;3;0;0.5;57;103;0.4072398;223;237.835;3;2
158;2;3;0;0.5;58;1000;0;246;236.916;3;900
159;2;3;0;0.5;59;248;0.2983193;240;236.3871;3;147
160;2;3;0;0.5;60;101;0.6431535;246;237.2871;3;0
161;2;3;0;0.5;61;140;0.3583333;239;237.4857;3;39
162;2;3;0;0.5;62;106;0.4420601;214;235.4811;3;5
163;2;3;0;0.5;63;232;0.5740741;256;236.375;3;131
164;2;3;0;0.5;64;102;0.4125;237;236.9706;3;1
165;2;3;0;0.5;65;140;0.4268775;241;236.9786;3;39
166;2;3;0;0.5;66;117;0.5827068;246;236.9744;3;16
167;2;3;0;0.5;67;101;0.4906542;249;236.0495;3;0
168;2;3;0;0.5;68;102;0.3089431;202;234.1765;3;1
169;2;3;0;0.5;69;101;0.4612403;214;237.8218;3;0
170;2;3;0;0.5;70;881;0.4008097;238;236.0692;3;780
171;2;3;0;0.5;71;108;0.4563492;241;238.787;3;7
172;2;3;0;0.5;72;101;0.6063348;255;238.8317;3;0
173;2;3;0;0.5;73;101;0.5570175;253;236.7921;3;0
174;2;3;0;0.5;74;445;0.5390947;219;236.6697;3;344
175;2;3;0;0.5;75;106;0.4864865;234;235.6226;3;5
176;2;3;0;0.5;76;1000;0;244;236.592;3;900
177;2;3;0;0.5;77;653;0.3783784;219;236.026;3;552
178;2;3;0;0.5;78;106;0.5514403;230;237.5;3;5
179;2;3;0;0.5;79;128;0.6842105;235;237.4297;3;27
180;2;3;0;0.5;80;104;0.4354839;245;235.7308;3;3
181;2;3;0;0.5;81;1000;0.8099174;242;236.329;3;900
182;2;3;0;0.5;82;104;0.4304933;242;237.625;3;3
183;2;3;0;0.5;83;1000;0.2731092;238;237.043;3;900
184;2;3;0;0.5;84;101;0.4872881;235;236.6238;3;0
185;2;3;0;0.5;85;142;0.3652968;248;237.9577;3;41
186;2;3;0;0.5;86;106;0.6167401;233;236.9906;3;5
187;2;3;0;0.5;87;793;0.4488889;233;236.8008;3;692
188;2;3;0;0.5;88;112;0.3536585;224;237.4554;3;11
189;2;3;0;0.5;89;1000;0.3035714;224;236.669;3;900
190;2;3;0;0.5;90;111;0.7544643;236;236.3604;3;10
191;2;3;0;0.5;91;102;0.5086957;213;235.7745;3;1
192;2;3;0;0.5;92;105;0.4471545;233;237.2857;3;4
193;2;3;0;0.5;93;101;0.5;225;236.5842;3;0
194;2;3;0;0.5;94;132;0.5582329;230;238.2652;3;31
195;2;3;0;0.5;95;102;0.5720165;228;237.6275;3;1
196;2;3;0;0.5;96;1000;0.302521;238;236.463;3;900
197;2;3;0;0.5;97;116;0.6064815;242;235.1466;3;15
198;2;3;0;0.5;98;103;0.4855769;269;235.3592;3;2
199;2;3;0;0.5;99;901;0.3317536;246;236.737;3;800
200;2;3;0;0.5;100;101;0.5269231;237;237.3861;3;0
201;3;5;0;0.5;1;1000;1;219;236.375;5;900
202;3;5;0;0.5;2;114;0.4474708;240;237.1579;5;13
203;3;5;0;0.5;3;110;0.6778243;231;234.8455;5;9
204;3;5;0;0.5;4;101;0.4944238;213;236.0099;5;0
205;3;5;0;0.5;5;135;0.7142857;238;236.8222;5;34
206;3;5;0;0.5;6;113;0.6291667;232;236.1593;5;12
207;3;5;0;0.5;7;116;0.6311111;234;236.2759;5;15
208;3;5;0;0.5;8;101;0.5766129;239;237.901;5;0
209;3;5;0;0.5;9;135;0.5992218;242;236.6815;5;34
210;3;5;0;0.5;10;106;0.5870445;234;233.9906;5;5
211;3;5;0;0.5;11;103;0.580786;234;238.068;5;2
212;3;5;0;0.5;12;1000;0.8427948;229;236.902;5;900
213;3;5;0;0.5;13;1000;1;245;236.429;5;900
214;3;5;0;0.5;14;1000;1;229;237.218;5;900
215;3;5;0;0.5;15;105;0.5782609;234;236.8667;5;4
216;3;5;0;0.5;16;110;0.5390947;219;236.3;5;9
217;3;5;0;0.5;17;119;0.464;227;237.2101;5;18
218;3;5;0;0.5;18;1000;0.9311741;247;237.503;5;900
219;3;5;0;0.5;19;154;0.6238532;224;235.9286;5;53
220;3;5;0;0.5;20;109;0.6026201;228;236.0275;5;8
221;3;5;0;0.5;21;101;0.5855856;246;235.9307;5;0
222;3;5;0;0.5;22;103;0.4377682;257;236.2816;5;2
223;3;5;0;0.5;23;101;0.476378;238;234.901;5;0
224;3;5;0;0.5;24;216;0.3906977;257;237.3889;5;115
225;3;5;0;0.5;25;1000;1;246;236.878;5;900
226;3;5;0;0.5;26;101;0.5276596;254;237.5842;5;0
227;3;5;0;0.5;27;141;0.372807;258;237.6738;5;40
228;3;5;0;0.5;28;101;0.4646018;253;237.0693;5;0
229;3;5;0;0.5;29;106;0.4734694;254;237.6321;5;5
230;3;5;0;0.5;30;102;0.4487179;241;236.6863;5;1
231;3;5;0;0.5;31;107;0.6075949;234;236.0187;5;6
232;3;5;0;0.5;32;102;0.6113537;235;239.7451;5;1
233;3;5;0;0.5;33;552;0.6594828;233;235.8895;5;451
234;3;5;0;0.5;34;237;0.4767932;248;237.7384;5;136
235;3;5;0;0.5;35;1000;0;241;236.655;5;900
236;3;5;0;0.5;36;110;0.5275229;223;237.3;5;9
237;3;5;0;0.5;37;101;0.4189189;259;237.3267;5;0
238;3;5;0;0.5;38;1000;1;256;236.958;5;900
239;3;5;0;0.5;39;109;0.6260163;245;236.8073;5;8
240;3;5;0;0.5;40;105;0.3416667;212;235.0762;5;4
241;3;5;0;0.5;41;1000;1;239;236.413;5;900
242;3;5;0;0.5;42;566;0.2757202;229;236.5636;5;465
243;3;5;0;0.5;43;101;0.5300752;233;238.495;5;0
244;3;5;0;0.5;44;103;0.5910931;238;236.4369;5;2
245;3;5;0;0.5;45;101;0.6434109;212;235.9901;5;0
246;3;5;0;0.5;46;157;0.4852321;236;236.9108;5;56
247;3;5;0;0.5;47;288;0.3789954;244;236.9861;5;187
248;3;5;0;0.5;48;113;0.582996;230;235.9735;5;12
249;3;5;0;0.5;49;254;0.3738739;258;237.622;5;153
250;3;5;0;0.5;50;101;0.4849785;240;236.604;5;0
251;3;5;0;0.5;51;198;0.3383459;246;236.8182;5;97
252;3;5;0;0.5;52;127;0.7028986;227;238.7638;5;26
253;3;5;0;0.5;53;101;0.4849785;233;235.505;5;0
254;3;5;0;0.5;54;101;0.4345794;242;235.3663;5;0
255;3;5;0;0.5;55;103;0.4771784;236;234.3786;5;2
256;3;5;0;0.5;56;816;0.6345382;241;237.2819;5;715
257;3;5;0;0.5;57;102;0.4577778;236;235.598;5;1
258;3;5;0;0.5;58;192;0.6754717;236;237.1979;5;91
259;3;5;0;0.5;59;101;0.5985663;211;234.6337;5;0
260;3;5;0;0.5;60;1000;0;246;236.428;5;900
261;3;5;0;0.5;61;105;0.5347826;237;237.6857;5;4
262;3;5;0;0.5;62;103;0.6832579;224;237.7767;5;2
263;3;5;0;0.5;63;320;0.3875;257;237.9656;5;219
264;3;5;0;0.5;64;101;0.544186;234;236.7228;5;0
265;3;5;0;0.5;65;175;0.4016736;236;237.04;5;74
266;3;5;0;0.5;66;111;0.5108225;216;234.009;5;10
267;3;5;0;0.5;67;101;0.4190871;241;236.8515;5;0
268;3;5;0;0.5;68;110;0.3531915;247;234.6273;5;9
269;3;5;0;0.5;69;103;0.5357143;239;234.7087;5;2
270;3;5;0;0.5;70;101;0.4369748;235;235.9109;5;0
271;3;5;0;0.5;71;110;0.3175355;238;236.2818;5;9
272;3;5;0;0.5;72;103;0.359447;268;238;5;2
273;3;5;0;0.5;73;1000;1;240;236.74;5;900
274;3;5;0;0.5;74;101;0.4712644;229;236.9802;5;0
275;3;5;0;0.5;75;101;0.5725806;215;235.901;5;0
276;3;5;0;0.5;76;102;0.5742188;245;238.1569;5;1
277;3;5;0;0.5;77;226;0.3360656;213;237.4425;5;125
278;3;5;0;0.5;78;1000;0.9955556;225;237.027;5;900
279;3;5;0;0.5;79;112;0.5390947;248;236.875;5;11
280;3;5;0;0.5;80;150;0.625;224;236.3267;5;49
281;3;5;0;0.5;81;202;0.5098039;237;236.4109;5;101
282;3;5;0;0.5;82;102;0.4088889;239;236.5098;5;1
283;3;5;0;0.5;83;207;0.3739837;264;237.599;5;106
284;3;5;0;0.5;84;107;0.6079295;255;237.5981;5;6
285;3;5;0;0.5;85;168;0.4625;223;236.6071;5;67
286;3;5;0;0.5;86;101;0.5090909;259;236.1584;5;0
287;3;5;0;0.5;87;101;0.6398305;232;235.703;5;0
288;3;5;0;0.5;88;101;0.4261603;244;236.0198;5;0
289;3;5;0;0.5;89;272;0.7088608;236;236.6434;5;171
290;3;5;0;0.5;90;1000;0;240;236.62;5;900
291;3;5;0;0.5;91;101;0.5265306;232;236.1584;5;0
292;3;5;0;0.5;92;478;0.5;232;237.2301;5;377
293;3;5;0;0.5;93;101;0.6210046;237;237.2178;5;0
294;3;5;0;0.5;94;103;0.5680934;237;237.5243;5;2
295;3;5;0;0.5;95;103;0.4666667;218;236.3107;5;2
296;3;5;0;0.5;96;123;0.6051502;222;237.2683;5;22
297;3;5;0;0.5;97;112;0.5863454;234;237.2768;5;11
298;3;5;0;0.5;98;1000;1;236;236.558;5;900
299;3;5;0;0.5;99;102;0.4;245;236.098;5;1
300;3;5;0;0.5;100;1000;1;241;236.794;5;900
301;4;7;0;0.5;1;1000;0.7522936;218;236.62;7;900
302;4;7;0;0.5;2;292;0.4311927;228;235.4589;7;191
303;4;7;0;0.5;3;105;0.4710744;244;236.0381;7;4
304;4;7;0;0.5;4;101;0.5169492;235;236.3663;7;0
305;4;7;0;0.5;5;261;0.4422311;228;235.6973;7;160
306;4;7;0;0.5;6;106;0.3415638;233;236.066;7;5
307;4;7;0;0.5;7;1000;0.7792208;231;237.052;7;900
308;4;7;0;0.5;8;101;0.4520548;248;236.8713;7;0
309;4;7;0;0.5;9;101;0.4880952;233;236.9703;7;0
310;4;7;0;0.5;10;101;0.4912281;228;236.5446;7;0
311;4;7;0;0.5;11;104;0.48;237;236.9904;7;3
312;4;7;0;0.5;12;102;0.6527778;251;236.549;7;1
313;4;7;0;0.5;13;101;0.5104603;253;237.6337;7;0
314;4;7;0;0.5;14;110;0.4429825;234;237.3455;7;9
315;4;7;0;0.5;15;101;0.6036036;259;237.6931;7;0
316;4;7;0;0.5;16;1000;0;236;236.747;7;900
317;4;7;0;0.5;17;107;0.4204082;230;235.9346;7;6
318;4;7;0;0.5;18;1000;0.8681818;220;236.445;7;900
319;4;7;0;0.5;19;101;0.468254;229;236.9802;7;0
320;4;7;0;0.5;20;124;0.6259843;204;234.9597;7;23
321;4;7;0;0.5;21;109;0.5907173;240;235.5046;7;8
322;4;7;0;0.5;22;103;0.5428571;229;235.8932;7;2
323;4;7;0;0.5;23;184;0.6367713;266;237.1413;7;83
324;4;7;0;0.5;24;105;0.4830918;250;237.1238;7;4
325;4;7;0;0.5;25;199;0.3404255;229;236.7638;7;98
326;4;7;0;0.5;26;102;0.4533898;244;235.2451;7;1
327;4;7;0;0.5;27;112;0.5535714;221;236.3482;7;11
328;4;7;0;0.5;28;157;0.4009009;252;236.0892;7;56
329;4;7;0;0.5;29;101;0.5188285;258;237.0495;7;0
330;4;7;0;0.5;30;103;0.5223214;245;236.5728;7;2
331;4;7;0;0.5;31;211;0.5843621;240;235.3839;7;110
332;4;7;0;0.5;32;110;0.5502183;252;236.1818;7;9
333;4;7;0;0.5;33;128;0.4115226;226;237.4375;7;27
334;4;7;0;0.5;34;1000;0.9959839;249;236.072;7;900
335;4;7;0;0.5;35;689;0.2941176;236;236.0813;7;588
336;4;7;0;0.5;36;106;0.4556962;243;236.5377;7;5
337;4;7;0;0.5;37;115;0.4878049;242;233.8;7;14
338;4;7;0;0.5;38;101;0.5225564;230;237.2673;7;0
339;4;7;0;0.5;39;101;0.4926829;235;238.0396;7;0
340;4;7;0;0.5;40;141;0.7031963;259;237.0993;7;40
341;4;7;0;0.5;41;346;0.3254717;253;236.6561;7;245
342;4;7;0;0.5;42;103;0.4609053;221;235.3689;7;2
343;4;7;0;0.5;43;1000;0.787234;235;236.841;7;900
344;4;7;0;0.5;44;1000;0;248;236.212;7;900
345;4;7;0;0.5;45;101;0.5214008;210;236.9703;7;0
346;4;7;0;0.5;46;1000;0.7676349;241;236.709;7;900
347;4;7;0;0.5;47;110;0.4612245;255;237.9091;7;9
348;4;7;0;0.5;48;111;0.3935185;242;236.5135;7;10
349;4;7;0;0.5;49;111;0.4592275;232;236.1982;7;10
350;4;7;0;0.5;50;1000;0.8826291;213;236.705;7;900
351;4;7;0;0.5;51;124;0.51417;210;236.4677;7;23
352;4;7;0;0.5;52;1000;0;238;236.637;7;900
353;4;7;0;0.5;53;114;0.3849206;261;238.2193;7;13
354;4;7;0;0.5;54;151;0.3793103;228;236.2715;7;50
355;4;7;0;0.5;55;101;0.4612403;220;238.703;7;0
356;4;7;0;0.5;56;1000;0.1752988;251;236.394;7;900
357;4;7;0;0.5;57;102;0.4786325;229;234.3922;7;1
358;4;7;0;0.5;58;187;0.3755459;248;235.8182;7;86
359;4;7;0;0.5;59;118;0.5254237;237;236.2373;7;17
360;4;7;0;0.5;60;158;0.583691;233;235.8797;7;57
361;4;7;0;0.5;61;1000;0.8777293;229;237.108;7;900
362;4;7;0;0.5;62;109;0.5248869;216;236.9541;7;8
363;4;7;0;0.5;63;198;0.4453441;232;235.4444;7;97
364;4;7;0;0.5;64;1000;0;240;236.776;7;900
365;4;7;0;0.5;65;101;0.4356846;240;236.8614;7;0
366;4;7;0;0.5;66;1000;1;250;236.591;7;900
367;4;7;0;0.5;67;112;0.4322344;235;236.5804;7;11
368;4;7;0;0.5;68;111;0.3881857;248;237.1441;7;10
369;4;7;0;0.5;69;179;0.4122449;266;236.486;7;78
370;4;7;0;0.5;70;101;0.4176245;229;237.7822;7;0
371;4;7;0;0.5;71;1000;0.07207207;222;236.736;7;900
372;4;7;0;0.5;72;130;0.3882353;237;236.4462;7;29
373;4;7;0;0.5;73;233;0.6696035;235;237.2575;7;132
374;4;7;0;0.5;74;113;0.3671875;242;238.8053;7;12
375;4;7;0;0.5;75;171;0.3776824;230;237.7368;7;70
376;4;7;0;0.5;76;178;0.6419214;232;238.6461;7;77
377;4;7;0;0.5;77;511;0.5635593;228;236.6477;7;410
378;4;7;0;0.5;78;267;0.4453782;235;237.0037;7;166
379;4;7;0;0.5;79;191;0.4369748;215;236.8377;7;90
380;4;7;0;0.5;80;225;0.6276151;221;236.6489;7;124
381;4;7;0;0.5;81;178;0.4738956;245;238.5449;7;77
382;4;7;0;0.5;82;131;0.6578947;228;236.229;7;30
383;4;7;0;0.5;83;124;0.6760563;230;236.4839;7;23
384;4;7;0;0.5;84;188;0.3900415;221;237.7287;7;87
385;4;7;0;0.5;85;101;0.4666667;241;236.5248;7;0
386;4;7;0;0.5;86;153;0.6491935;238;235.4575;7;52
387;4;7;0;0.5;87;171;0.5518868;238;236.5614;7;70
388;4;7;0;0.5;88;176;0.5210084;229;236.2102;7;75
389;4;7;0;0.5;89;1000;0.05508475;236;236.447;7;900
390;4;7;0;0.5;90;107;0.4834711;235;237.3084;7;6
391;4;7;0;0.5;91;102;0.5042017;247;236.049;7;1
392;4;7;0;0.5;92;102;0.4793388;224;237.402;7;1
393;4;7;0;0.5;93;1000;0.7268908;238;236.223;7;900
394;4;7;0;0.5;94;177;0.2995951;233;235.9322;7;76
395;4;7;0;0.5;95;109;0.4137931;238;236.422;7;8
396;4;7;0;0.5;96;132;0.259434;238;237.053;7;31
397;4;7;0;0.5;97;1000;1;237;236.719;7;900
398;4;7;0;0.5;98;129;0.3755459;237;237.062;7;28
399;4;7;0;0.5;99;113;0.3809524;217;235.9558;7;12
400;4;7;0;0.5;100;210;0.5753968;233;236.5;7;109
401;5;9;0;0.5;1;101;0.4370079;240;237.297;9;0
402;5;9;0;0.5;2;108;0.5163934;229;237.537;9;7
403;5;9;0;0.5;3;101;0.4152542;236;237.5149;9;0
404;5;9;0;0.5;4;265;0.536965;219;238.7358;9;164
405;5;9;0;0.5;5;101;0.3886463;241;235.6238;9;0
406;5;9;0;0.5;6;186;0.5485232;246;237.4086;9;85
407;5;9;0;0.5;7;238;0.3474576;235;236.4286;9;137
408;5;9;0;0.5;8;101;0.5388128;245;235.7327;9;0
409;5;9;0;0.5;9;231;0.524;240;236.9307;9;130
410;5;9;0;0.5;10;111;0.3674419;232;236.8468;9;10
411;5;9;0;0.5;11;102;0.4805195;223;235.8725;9;1
412;5;9;0;0.5;12;101;0.4379845;253;236.9307;9;0
413;5;9;0;0.5;13;121;0.688;241;235.3719;9;20
414;5;9;0;0.5;14;225;0.5836735;222;236.6089;9;124
415;5;9;0;0.5;15;101;0.5833333;232;235.8911;9;0
416;5;9;0;0.5;16;1000;1;238;237.001;9;900
417;5;9;0;0.5;17;205;0.5208333;206;235.3073;9;104
418;5;9;0;0.5;18;376;0.37751;196;236.5984;9;275
419;5;9;0;0.5;19;142;0.5907173;236;238.1338;9;41
420;5;9;0;0.5;20;104;0.6138211;231;237.6154;9;3
421;5;9;0;0.5;21;101;0.4691358;227;238.4653;9;0
422;5;9;0;0.5;22;108;0.5892116;226;234.4259;9;7
423;5;9;0;0.5;23;101;0.424;264;237.0495;9;0
424;5;9;0;0.5;24;101;0.4875;241;237.8515;9;0
425;5;9;0;0.5;25;1000;0;256;236.684;9;900
426;5;9;0;0.5;26;101;0.4212963;240;235.3267;9;0
427;5;9;0;0.5;27;1000;0;231;236.536;9;900
428;5;9;0;0.5;28;101;0.5063291;228;237.9604;9;0
429;5;9;0;0.5;29;101;0.5148936;260;237.4851;9;0
430;5;9;0;0.5;30;115;0.7542373;239;234.9826;9;14
431;5;9;0;0.5;31;105;0.6437768;239;237.4;9;4
432;5;9;0;0.5;32;103;0.5307018;232;236.1262;9;2
433;5;9;0;0.5;33;1000;0.2643172;227;236.647;9;900
434;5;9;0;0.5;34;106;0.3553719;241;236.7642;9;5
435;5;9;0;0.5;35;101;0.529148;226;234.8416;9;0
436;5;9;0;0.5;36;102;0.4939271;223;235.7843;9;1
437;5;9;0;0.5;37;112;0.52;244;235.2857;9;11
438;5;9;0;0.5;38;338;0.4481481;221;237.0414;9;237
439;5;9;0;0.5;39;321;0.7044534;261;236.7757;9;220
440;5;9;0;0.5;40;175;0.4024896;234;235.1657;9;74
441;5;9;0;0.5;41;117;0.5846154;221;236.4872;9;16
442;5;9;0;0.5;42;103;0.4347826;251;237.1553;9;2
443;5;9;0;0.5;43;316;0.5726872;252;236.4494;9;215
444;5;9;0;0.5;44;101;0.4266667;235;237.5842;9;0
445;5;9;0;0.5;45;322;0.3175966;247;235.236;9;221
446;5;9;0;0.5;46;101;0.4710744;237;238.1188;9;0
447;5;9;0;0.5;47;110;0.4247104;218;234.7545;9;9
448;5;9;0;0.5;48;148;0.4364407;220;236.9865;9;47
449;5;9;0;0.5;49;103;0.4487179;238;236.7282;9;2
450;5;9;0;0.5;50;102;0.3818182;240;234.7451;9;1
451;5;9;0;0.5;51;101;0.4650206;247;235.1782;9;0
452;5;9;0;0.5;52;126;0.4217391;236;236.3968;9;25
453;5;9;0;0.5;53;143;0.3536122;201;236.3566;9;42
454;5;9;0;0.5;54;143;0.3963964;232;237.2727;9;42
455;5;9;0;0.5;55;101;0.4642857;240;237.3564;9;0
456;5;9;0;0.5;56;267;0.5612648;220;237.2472;9;166
457;5;9;0;0.5;57;103;0.5577689;212;237.7282;9;2
458;5;9;0;0.5;58;451;0.4796748;253;236.6364;9;350
459;5;9;0;0.5;59;157;0.6437768;240;236.1783;9;56
460;5;9;0;0.5;60;109;0.7233202;229;235.633;9;8
461;5;9;0;0.5;61;109;0.6431718;249;236.633;9;8
462;5;9;0;0.5;62;268;0.5984252;251;236.8433;9;167
463;5;9;0;0.5;63;160;0.5330579;246;236.35;9;59
464;5;9;0;0.5;64;136;0.4513619;262;238.9853;9;35
465;5;9;0;0.5;65;171;0.6;222;238.4094;9;70
466;5;9;0;0.5;66;207;0.4545455;227;236.058;9;106
467;5;9;0;0.5;67;112;0.4344262;238;237.5804;9;11
468;5;9;0;0.5;68;888;0.5916667;239;236.1509;9;787
469;5;9;0;0.5;69;103;0.4677419;212;236.835;9;2
470;5;9;0;0.5;70;101;0.5666667;231;236.9307;9;0
471;5;9;0;0.5;71;103;0.5084746;226;237.7379;9;2
472;5;9;0;0.5;72;179;0.7167382;239;235.4358;9;78
473;5;9;0;0.5;73;101;0.5541126;213;235.7426;9;0
474;5;9;0;0.5;74;144;0.5203252;240;237.7083;9;43
475;5;9;0;0.5;75;1000;1;250;236.823;9;900
476;5;9;0;0.5;76;389;0.4388186;240;236.3188;9;288
477;5;9;0;0.5;77;116;0.604;234;236.6034;9;15
478;5;9;0;0.5;78;120;0.6502242;259;237.1417;9;19
479;5;9;0;0.5;79;109;0.5414847;214;235.7523;9;8
480;5;9;0;0.5;80;102;0.4221311;206;238.2647;9;1
481;5;9;0;0.5;81;250;0.3359073;219;235.612;9;149
482;5;9;0;0.5;82;144;0.5772727;218;237.1736;9;43
483;5;9;0;0.5;83;106;0.4112554;252;237.7075;9;5
484;5;9;0;0.5;84;120;0.5665399;205;236.2417;9;19
485;5;9;0;0.5;85;107;0.5945946;253;238.8505;9;6
486;5;9;0;0.5;86;1000;0;229;236.375;9;900
487;5;9;0;0.5;87;179;0.4225941;232;236.0279;9;78
488;5;9;0;0.5;88;242;0.4048583;251;236.8512;9;141
489;5;9;0;0.5;89;220;0.6515152;247;236.9545;9;119
490;5;9;0;0.5;90;1000;1;250;237.152;9;900
491;5;9;0;0.5;91;101;0.4940239;238;238.8812;9;0
492;5;9;0;0.5;92;106;0.5590909;255;235.9906;9;5
493;5;9;0;0.5;93;124;0.4767932;225;235.8629;9;23
494;5;9;0;0.5;94;113;0.6341463;240;235.7168;9;12
495;5;9;0;0.5;95;120;0.407563;235;236.725;9;19
496;5;9;0;0.5;96;218;0.3571429;230;237.3165;9;117
497;5;9;0;0.5;97;103;0.3686441;242;237.3107;9;2
498;5;9;0;0.5;98;101;0.5583333;247;236.5347;9;0
499;5;9;0;0.5;99;133;0.4285714;243;237.5639;9;32
500;5;9;0;0.5;100;138;0.4612069;227;235.413;9;37
501;6;11;0;0.5;1;101;0.5240385;242;235.8218;11;0
502;6;11;0;0.5;2;105;0.4129555;208;235.0095;11;4
503;6;11;0;0.5;3;105;0.453271;259;236.6286;11;4
504;6;11;0;0.5;4;101;0.5891473;224;237.0099;11;0
505;6;11;0;0.5;5;101;0.5254237;216;235.1386;11;0
506;6;11;0;0.5;6;1000;0.1481481;270;236.918;11;900
507;6;11;0;0.5;7;103;0.6457399;245;236.5437;11;2
508;6;11;0;0.5;8;163;0.302682;232;236.5031;11;62
509;6;11;0;0.5;9;101;0.5537849;248;236.9901;11;0
510;6;11;0;0.5;10;1000;0;245;236.742;11;900
511;6;11;0;0.5;11;104;0.5564854;248;238.3173;11;3
512;6;11;0;0.5;12;101;0.4863636;274;236.505;11;0
513;6;11;0;0.5;13;220;0.356;263;235.5682;11;119
514;6;11;0;0.5;14;206;0.6339286;213;236.8155;11;105
515;6;11;0;0.5;15;1000;1;243;236.744;11;900
516;6;11;0;0.5;16;111;0.3686869;262;237.0631;11;10
517;6;11;0;0.5;17;101;0.5062762;242;235.9604;11;0
518;6;11;0;0.5;18;102;0.4177215;250;236.1667;11;1
519;6;11;0;0.5;19;1000;0.8464912;228;236.867;11;900
520;6;11;0;0.5;20;115;0.6216216;254;238.2087;11;14
521;6;11;0;0.5;21;113;0.4319249;247;237.8142;11;12
522;6;11;0;0.5;22;101;0.5155556;223;236.9307;11;0
523;6;11;0;0.5;23;101;0.5843137;211;236.9406;11;0
524;6;11;0;0.5;24;103;0.5980861;259;236.534;11;2
525;6;11;0;0.5;25;338;0.5271967;240;237.142;11;237
526;6;11;0;0.5;26;104;0.4409091;260;235.6346;11;3
527;6;11;0;0.5;27;106;0.5892857;244;236.4811;11;5
528;6;11;0;0.5;28;111;0.4246575;251;236.8378;11;10
529;6;11;0;0.5;29;110;0.4853556;239;237.0455;11;9
530;6;11;0;0.5;30;109;0.6031128;222;237.2936;11;8
531;6;11;0;0.5;31;1000;0;230;236.434;11;900
532;6;11;0;0.5;32;101;0.5962264;228;236.3564;11;0
533;6;11;0;0.5;33;107;0.3654618;223;237.7383;11;6
534;6;11;0;0.5;34;104;0.490566;240;233.1923;11;3
535;6;11;0;0.5;35;115;0.4814815;231;237.3826;11;14
536;6;11;0;0.5;36;575;0.5855856;258;235.8922;11;474
537;6;11;0;0.5;37;101;0.5432099;229;236.0594;11;0
538;6;11;0;0.5;38;112;0.4978723;240;236.8839;11;11
539;6;11;0;0.5;39;131;0.6375;236;237.3893;11;30
540;6;11;0;0.5;40;1000;0.1528926;242;236.496;11;900
541;6;11;0;0.5;41;143;0.2850467;229;238.2448;11;42
542;6;11;0;0.5;42;116;0.4018692;235;237.7069;11;15
543;6;11;0;0.5;43;158;0.5581395;232;236.9177;11;57
544;6;11;0;0.5;44;1000;0.9430894;246;237.841;11;900
545;6;11;0;0.5;45;205;0.4007491;226;235.761;11;104
546;6;11;0;0.5;46;1000;1;248;236.441;11;900
547;6;11;0;0.5;47;101;0.4962687;225;236.3366;11;0
548;6;11;0;0.5;48;112;0.45;228;236.6964;11;11
549;6;11;0;0.5;49;260;0.442623;241;236.8385;11;159
550;6;11;0;0.5;50;1000;1;214;236.473;11;900
551;6;11;0;0.5;51;101;0.4658635;213;235.8812;11;0
552;6;11;0;0.5;52;165;0.611336;227;236.6303;11;64
553;6;11;0;0.5;53;128;0.3640167;264;238.4766;11;27
554;6;11;0;0.5;54;1000;1;235;236.782;11;900
555;6;11;0;0.5;55;527;0.5726496;242;236.389;11;426
556;6;11;0;0.5;56;271;0.43083;218;236.1993;11;170
557;6;11;0;0.5;57;103;0.5521739;247;238.5049;11;2
558;6;11;0;0.5;58;103;0.6315789;220;237.1068;11;2
559;6;11;0;0.5;59;1000;1;248;236.716;11;900
560;6;11;0;0.5;60;1000;1;239;237.278;11;900
561;6;11;0;0.5;61;193;0.6071429;256;236.171;11;92
562;6;11;0;0.5;62;101;0.5;242;235.4653;11;0
563;6;11;0;0.5;63;289;0.6875;244;236.3356;11;188
564;6;11;0;0.5;64;105;0.4782609;232;237.4571;11;4
565;6;11;0;0.5;65;102;0.375;254;236.9706;11;1
566;6;11;0;0.5;66;120;0.5179283;231;237.2667;11;19
567;6;11;0;0.5;67;105;0.4336283;263;238.0667;11;4
568;6;11;0;0.5;68;117;0.3829787;242;236.8205;11;16
569;6;11;0;0.5;69;105;0.416309;233;235.9048;11;4
570;6;11;0;0.5;70;101;0.4779116;240;237.4653;11;0
571;6;11;0;0.5;71;1000;0.03111111;225;236.643;11;900
572;6;11;0;0.5;72;101;0.4938272;222;236.1188;11;0
573;6;11;0;0.5;73;1000;0.9958848;243;237.262;11;900
574;6;11;0;0.5;74;136;0.4326531;267;238.7941;11;35
575;6;11;0;0.5;75;245;0.6521739;223;237.0776;11;144
576;6;11;0;0.5;76;145;0.6367521;229;237.6552;11;44
577;6;11;0;0.5;77;134;0.3973799;238;235.5224;11;33
578;6;11;0;0.5;78;113;0.4389313;227;237.5398;11;12
579;6;11;0;0.5;79;159;0.7019608;209;236.3585;11;58
580;6;11;0;0.5;80;171;0.5362903;225;235.0409;11;70
581;6;11;0;0.5;81;1000;0;237;236.33;11;900
582;6;11;0;0.5;82;101;0.4072398;235;236.6832;11;0
583;6;11;0;0.5;83;104;0.3976378;258;236.8942;11;3
584;6;11;0;0.5;84;926;0.5194805;207;236.7775;11;825
585;6;11;0;0.5;85;118;0.4200913;217;236.6695;11;17
586;6;11;0;0.5;86;171;0.3615385;211;236.2632;11;70
587;6;11;0;0.5;87;102;0.4263566;231;237.3922;11;1
588;6;11;0;0.5;88;458;0.4841629;269;236.607;11;357
589;6;11;0;0.5;89;101;0.5479452;264;236.1089;11;0
590;6;11;0;0.5;90;106;0.6542056;241;238.7925;11;5
591;6;11;0;0.5;91;242;0.3304348;253;235.4587;11;141
592;6;11;0;0.5;92;1000;0.02155172;232;237.13;11;900
593;6;11;0;0.5;93;1000;1;219;236.194;11;900
594;6;11;0;0.5;94;102;0.4166667;227;236.9216;11;1
595;6;11;0;0.5;95;212;0.3948498;239;236.5566;11;111
596;6;11;0;0.5;96;101;0.4603175;233;236.2277;11;0
597;6;11;0;0.5;97;111;0.4717742;247;235.3243;11;10
598;6;11;0;0.5;98;105;0.5208333;243;236.981;11;4
599;6;11;0;0.5;99;103;0.5696203;239;235.068;11;2
600;6;11;0;0.5;100;101;0.6403509;240;235.9208;11;0
601;7;13;0;0.5;1;603;0.3621399;231;236.5124;13;502
602;7;13;0;0.5;2;104;0.460251;248;237.6058;13;3
603;7;13;0;0.5;3;162;0.3157895;236;237.9383;13;61
604;7;13;0;0.5;4;116;0.4329004;252;235.3017;13;15
605;7;13;0;0.5;5;105;0.5789474;249;237.2571;13;4
606;7;13;0;0.5;6;216;0.7066667;247;236.8843;13;115
607;7;13;0;0.5;7;284;0.4593301;252;236.1021;13;183
608;7;13;0;0.5;8;105;0.41841;229;237.2476;13;4
609;7;13;0;0.5;9;125;0.59375;227;235.552;13;24
610;7;13;0;0.5;10;105;0.6043478;230;235.8476;13;4
611;7;13;0;0.5;11;170;0.568;246;236.9176;13;69
612;7;13;0;0.5;12;116;0.4222222;218;236.819;13;15
613;7;13;0;0.5;13;101;0.4208494;242;235.7228;13;0
614;7;13;0;0.5;14;257;0.5327103;243;235.9261;13;156
615;7;13;0;0.5;15;103;0.5590909;246;238.5728;13;2
616;7;13;0;0.5;16;104;0.4317181;244;237.75;13;3
617;7;13;0;0.5;17;111;0.316;220;236.3243;13;10
618;7;13;0;0.5;18;107;0.526749;215;236.9346;13;6
619;7;13;0;0.5;19;103;0.4427481;211;237.932;13;2
620;7;13;0;0.5;20;104;0.4794521;273;236.3846;13;3
621;7;13;0;0.5;21;218;0.5418327;232;237.4954;13;117
622;7;13;0;0.5;22;215;0.5742188;243;236.8977;13;114
623;7;13;0;0.5;23;223;0.6171171;258;236.9596;13;122
624;7;13;0;0.5;24;103;0.534413;232;236.2524;13;2
625;7;13;0;0.5;25;101;0.5;240;236.5446;13;0
626;7;13;0;0.5;26;138;0.3151751;262;238.6377;13;37
627;7;13;0;0.5;27;110;0.39819;232;235.1364;13;9
628;7;13;0;0.5;28;144;0.5819672;253;235.7014;13;43
629;7;13;0;0.5;29;631;0.6038647;240;236.7242;13;530
630;7;13;0;0.5;30;908;0.5060241;222;237.1112;13;807
631;7;13;0;0.5;31;115;0.4753363;248;238.3913;13;14
632;7;13;0;0.5;32;109;0.6344538;248;236.8991;13;8
633;7;13;0;0.5;33;229;0.3345725;217;238.2358;13;128
634;7;13;0;0.5;34;194;0.4129555;236;237.8969;13;93
635;7;13;0;0.5;35;139;0.6737288;231;237.2086;13;38
636;7;13;0;0.5;36;101;0.5506608;243;236.9208;13;0
637;7;13;0;0.5;37;107;0.6477273;233;235.2991;13;6
638;7;13;0;0.5;38;101;0.4915966;244;237.198;13;0
639;7;13;0;0.5;39;135;0.5899582;261;237.8815;13;34
640;7;13;0;0.5;40;164;0.251046;232;235.9512;13;63
641;7;13;0;0.5;41;160;0.4492188;246;237.525;13;59
642;7;13;0;0.5;42;113;0.602459;223;236.4425;13;12
643;7;13;0;0.5;43;125;0.652;249;235.672;13;24
644;7;13;0;0.5;44;193;0.5542169;204;236.5648;13;92
645;7;13;0;0.5;45;104;0.426087;240;236.875;13;3
646;7;13;0;0.5;46;101;0.6036866;258;238.0099;13;0
647;7;13;0;0.5;47;178;0.53125;269;237.4438;13;77
648;7;13;0;0.5;48;321;0.5862069;243;236.8536;13;220
649;7;13;0;0.5;49;101;0.5163934;247;236.7624;13;0
650;7;13;0;0.5;50;158;0.4553191;236;237.9937;13;57
651;7;13;0;0.5;51;105;0.5903084;268;236.019;13;4
652;7;13;0;0.5;52;1000;1;236;237.166;13;900
653;7;13;0;0.5;53;103;0.5324675;237;237.6796;13;2
654;7;13;0;0.5;54;117;0.6306306;249;236.812;13;16
655;7;13;0;0.5;55;141;0.4243697;249;237.1206;13;40
656;7;13;0;0.5;56;122;0.2520661;243;238.2213;13;21
657;7;13;0;0.5;57;199;0.5874439;258;237.1608;13;98
658;7;13;0;0.5;58;101;0.6055046;243;238.0099;13;0
659;7;13;0;0.5;59;121;0.5080645;229;236.8678;13;20
660;7;13;0;0.5;60;1000;1;223;237.417;13;900
661;7;13;0;0.5;61;118;0.5604839;243;238.4407;13;17
662;7;13;0;0.5;62;101;0.5375;233;236.2376;13;0
663;7;13;0;0.5;63;368;0.6877637;226;236.1739;13;267
664;7;13;0;0.5;64;315;0.3628319;222;236.0603;13;214
665;7;13;0;0.5;65;1000;0.03703704;216;236.29;13;900
666;7;13;0;0.5;66;101;0.5358491;237;237.099;13;0
667;7;13;0;0.5;67;257;0.4170213;213;237.0506;13;156
668;7;13;0;0.5;68;102;0.6260163;246;238.3039;13;1
669;7;13;0;0.5;69;101;0.5020408;252;239.5545;13;0
670;7;13;0;0.5;70;103;0.4672131;258;237.3398;13;2
671;7;13;0;0.5;71;115;0.5964126;255;236.5826;13;14
672;7;13;0;0.5;72;141;0.4239631;229;236.1631;13;40
673;7;13;0;0.5;73;141;0.4333333;226;237.7589;13;40
674;7;13;0;0.5;74;482;0.6238938;254;236.5975;13;381
675;7;13;0;0.5;75;1000;1;233;236.613;13;900
676;7;13;0;0.5;76;120;0.3468468;228;236.975;13;19
677;7;13;0;0.5;77;101;0.6051502;256;235.5842;13;0
678;7;13;0;0.5;78;147;0.3842795;246;236.8367;13;46
679;7;13;0;0.5;79;211;0.4753363;253;236.2938;13;110
680;7;13;0;0.5;80;101;0.5080645;239;235.5941;13;0
681;7;13;0;0.5;81;1000;1;219;237.098;13;900
682;7;13;0;0.5;82;1000;0.3790323;248;237.209;13;900
683;7;13;0;0.5;83;102;0.5191489;259;239.4314;13;1
684;7;13;0;0.5;84;101;0.5874439;277;238.5446;13;0
685;7;13;0;0.5;85;101;0.5065502;216;238.3168;13;0
686;7;13;0;0.5;86;112;0.4320988;232;236.6875;13;11
687;7;13;0;0.5;87;283;0.3428571;229;238.0671;13;182
688;7;13;0;0.5;88;1000;1;218;237.197;13;900
689;7;13;0;0.5;89;101;0.5555556;229;237.3663;13;0
690;7;13;0;0.5;90;103;0.4429224;216;236.0485;13;2
691;7;13;0;0.5;91;104;0.4912281;240;236.7115;13;3
692;7;13;0;0.5;92;129;0.5841121;234;236.5736;13;28
693;7;13;0;0.5;93;123;0.3760331;248;236.2602;13;22
694;7;13;0;0.5;94;106;0.4039216;221;236.7264;13;5
695;7;13;0;0.5;95;106;0.5414847;240;236.2925;13;5
696;7;13;0;0.5;96;220;0.5934579;250;236.5909;13;119
697;7;13;0;0.5;97;1000;1;230;236.546;13;900
698;7;13;0;0.5;98;290;0.6202532;253;236.9034;13;189
699;7;13;0;0.5;99;175;0.2738589;242;237.8286;13;74
700;7;13;0;0.5;100;127;0.465812;252;236.378;13;26
701;8;15;0;0.5;1;104;0.5617021;249;239.0481;15;3
702;8;15;0;0.5;2;227;0.3378995;252;236.9251;15;126
703;8;15;0;0.5;3;106;0.6539924;246;236.566;15;5
704;8;15;0;0.5;4;101;0.470339;236;236.4851;15;0
705;8;15;0;0.5;5;264;0.4043478;235;236.5833;15;163
706;8;15;0;0.5;6;101;0.4369748;228;235.7525;15;0
707;8;15;0;0.5;7;109;0.5388128;222;236.9541;15;8
708;8;15;0;0.5;8;240;0.6473029;240;236.5833;15;139
709;8;15;0;0.5;9;101;0.41841;219;238.3168;15;0
710;8;15;0;0.5;10;117;0.5303644;208;236.6752;15;16
711;8;15;0;0.5;11;276;0.5617021;246;238.1848;15;175
712;8;15;0;0.5;12;101;0.5442478;240;237.505;15;0
713;8;15;0;0.5;13;101;0.4889868;236;237.7624;15;0
714;8;15;0;0.5;14;1000;0;264;237.086;15;900
715;8;15;0;0.5;15;106;0.3715415;246;236.6321;15;5
716;8;15;0;0.5;16;108;0.41841;227;236.9722;15;7
717;8;15;0;0.5;17;102;0.6582278;245;236.8137;15;1
718;8;15;0;0.5;18;115;0.6;237;234.713;15;14
719;8;15;0;0.5;19;130;0.6178862;234;236.1077;15;29
720;8;15;0;0.5;20;101;0.4504132;231;239.2277;15;0
721;8;15;0;0.5;21;101;0.5138889;227;238.6634;15;0
722;8;15;0;0.5;22;206;0.4215247;220;236.3641;15;105
723;8;15;0;0.5;23;1000;1;237;236.602;15;900
724;8;15;0;0.5;24;621;0.2468619;228;236.7021;15;520
725;8;15;0;0.5;25;107;0.4355556;233;238.0093;15;6
726;8;15;0;0.5;26;101;0.4090909;223;236.5149;15;0
727;8;15;0;0.5;27;1000;1;241;236.132;15;900
728;8;15;0;0.5;28;102;0.4864865;236;236.7255;15;1
729;8;15;0;0.5;29;131;0.5697211;224;236.6641;15;30
730;8;15;0;0.5;30;112;0.5497835;244;237.0714;15;11
731;8;15;0;0.5;31;1000;0;219;236.999;15;900
732;8;15;0;0.5;32;105;0.5983936;241;238.2476;15;4
733;8;15;0;0.5;33;101;0.3073593;256;237.9802;15;0
734;8;15;0;0.5;34;205;0.6026201;203;235.0585;15;104
735;8;15;0;0.5;35;114;0.5688073;229;236.6842;15;13
736;8;15;0;0.5;36;142;0.4556452;236;237.4225;15;41
737;8;15;0;0.5;37;132;0.3846154;265;237.1212;15;31
738;8;15;0;0.5;38;102;0.4255319;246;237.9412;15;1
739;8;15;0;0.5;39;119;0.3151261;246;237.4286;15;18
740;8;15;0;0.5;40;124;0.640553;233;235.129;15;23
741;8;15;0;0.5;41;105;0.4872881;227;234.7619;15;4
742;8;15;0;0.5;42;1000;0.792;250;236.825;15;900
743;8;15;0;0.5;43;124;0.6869565;226;238.121;15;23
744;8;15;0;0.5;44;109;0.4898785;236;236.6239;15;8
745;8;15;0;0.5;45;111;0.704918;246;235.3243;15;10
746;8;15;0;0.5;46;101;0.5173913;228;236.3168;15;0
747;8;15;0;0.5;47;1000;0.8867925;212;236.645;15;900
748;8;15;0;0.5;48;334;0.3875598;261;237.9192;15;233
749;8;15;0;0.5;49;122;0.6100917;257;235.6148;15;21
750;8;15;0;0.5;50;114;0.407563;219;234.9035;15;13
751;8;15;0;0.5;51;101;0.4201681;207;236.5941;15;0
752;8;15;0;0.5;52;123;0.4279661;220;236.8374;15;22
753;8;15;0;0.5;53;748;0.5876777;238;236.1738;15;647
754;8;15;0;0.5;54;1000;0.01724138;232;236.473;15;900
755;8;15;0;0.5;55;147;0.6680328;234;237.3741;15;46
756;8;15;0;0.5;56;125;0.4808511;241;236.448;15;24
757;8;15;0;0.5;57;1000;1;227;236.684;15;900
758;8;15;0;0.5;58;103;0.4791667;230;236.9029;15;2
759;8;15;0;0.5;59;101;0.3333333;269;235.4752;15;0
760;8;15;0;0.5;60;236;0.5863636;243;236.2161;15;135
761;8;15;0;0.5;61;103;0.4025424;229;235.466;15;2
762;8;15;0;0.5;62;101;0.5137615;238;234.9406;15;0
763;8;15;0;0.5;63;112;0.5894309;216;236.2054;15;11
764;8;15;0;0.5;64;103;0.5732218;228;235.4078;15;2
765;8;15;0;0.5;65;101;0.4279661;234;237.7327;15;0
766;8;15;0;0.5;66;147;0.3141593;228;237.0748;15;46
767;8;15;0;0.5;67;127;0.3617021;247;237.063;15;26
768;8;15;0;0.5;68;132;0.4183267;235;236.6894;15;31
769;8;15;0;0.5;69;188;0.4392523;239;236.5372;15;87
770;8;15;0;0.5;70;115;0.4933333;233;236.8609;15;14
771;8;15;0;0.5;71;133;0.3983402;215;238.0977;15;32
772;8;15;0;0.5;72;1000;0.7975207;242;236.634;15;900
773;8;15;0;0.5;73;101;0.575;256;239.0693;15;0
774;8;15;0;0.5;74;119;0.5677966;226;236.4874;15;18
775;8;15;0;0.5;75;101;0.5405405;243;236.6238;15;0
776;8;15;0;0.5;76;201;0.5560538;236;236.5572;15;100
777;8;15;0;0.5;77;1000;0;236;236.503;15;900
778;8;15;0;0.5;78;101;0.484375;253;237.7525;15;0
779;8;15;0;0.5;79;186;0.5980392;256;236.8065;15;85
780;8;15;0;0.5;80;316;0.630137;250;237.557;15;215
781;8;15;0;0.5;81;101;0.5426009;216;238.1386;15;0
782;8;15;0;0.5;82;381;0.6653992;225;236.5328;15;280
783;8;15;0;0.5;83;156;0.5512821;229;237.4487;15;55
784;8;15;0;0.5;84;101;0.5182186;237;235.4554;15;0
785;8;15;0;0.5;85;101;0.4560669;252;234.2178;15;0
786;8;15;0;0.5;86;104;0.6124031;224;237.4904;15;3
787;8;15;0;0.5;87;537;0.3658537;238;236.8119;15;436
788;8;15;0;0.5;88;178;0.3360324;229;237.0281;15;77
789;8;15;0;0.5;89;366;0.5983264;238;236.8005;15;265
790;8;15;0;0.5;90;104;0.3886463;247;236.9423;15;3
791;8;15;0;0.5;91;108;0.4291845;238;236.3333;15;7
792;8;15;0;0.5;92;292;0.4107884;218;236.8699;15;191
793;8;15;0;0.5;93;165;0.3679654;257;237.2242;15;64
794;8;15;0;0.5;94;143;0.4334601;229;236.7133;15;42
795;8;15;0;0.5;95;127;0.6116071;257;236.8189;15;26
796;8;15;0;0.5;96;115;0.6385542;240;237.0087;15;14
797;8;15;0;0.5;97;101;0.5473251;224;237.2178;15;0
798;8;15;0;0.5;98;1000;0;215;236.743;15;900
799;8;15;0;0.5;99;103;0.4331984;236;235.9806;15;2
800;8;15;0;0.5;100;1000;1;233;237.22;15;900
801;9;17;0;0.5;1;102;0.5510204;260;236.5294;17;1
802;9;17;0;0.5;2;138;0.4525862;251;236.8261;17;37
803;9;17;0;0.5;3;101;0.513834;241;237.3564;17;0
804;9;17;0;0.5;4;101;0.5387755;250;237.6337;17;0
805;9;17;0;0.5;5;102;0.5857741;220;237.6961;17;1
806;9;17;0;0.5;6;172;0.3164557;231;235.6163;17;71
807;9;17;0;0.5;7;101;0.5355649;230;234.3861;17;0
808;9;17;0;0.5;8;1000;0.09543568;241;236.767;17;900
809;9;17;0;0.5;9;123;0.4078947;228;236.3821;17;22
810;9;17;0;0.5;10;1000;0;224;237.276;17;900
811;9;17;0;0.5;11;106;0.5482456;216;236.3491;17;5
812;9;17;0;0.5;12;101;0.5183673;242;238.2475;17;0
813;9;17;0;0.5;13;1000;0;213;237.085;17;900
814;9;17;0;0.5;14;167;0.5022222;249;235.8743;17;66
815;9;17;0;0.5;15;1000;1;263;236.538;17;900
816;9;17;0;0.5;16;106;0.7033898;254;237.8679;17;5
817;9;17;0;0.5;17;105;0.4484305;236;236.6476;17;4
818;9;17;0;0.5;18;1000;0.1139241;237;236.686;17;900
819;9;17;0;0.5;19;114;0.3824885;238;236.7632;17;13
820;9;17;0;0.5;20;153;0.412766;255;237.4902;17;52
821;9;17;0;0.5;21;150;0.4193548;232;238.2867;17;49
822;9;17;0;0.5;22;511;0.3716814;218;236.9961;17;410
823;9;17;0;0.5;23;1000;0.2863436;227;236.58;17;900
824;9;17;0;0.5;24;128;0.4219409;241;237.3047;17;27
825;9;17;0;0.5;25;1000;0;240;237.224;17;900
826;9;17;0;0.5;26;101;0.4145299;227;236.0099;17;0
827;9;17;0;0.5;27;101;0.6495726;241;236.7228;17;0
828;9;17;0;0.5;28;1000;0.1778656;253;236.959;17;900
829;9;17;0;0.5;29;1000;0;257;237.328;17;900
830;9;17;0;0.5;30;213;0.4345992;233;237.9577;17;112
831;9;17;0;0.5;31;122;0.4769874;237;236.4016;17;21
832;9;17;0;0.5;32;126;0.3321799;212;237.0079;17;25
833;9;17;0;0.5;33;1000;0.1209302;215;236.478;17;900
834;9;17;0;0.5;34;107;0.4637097;211;237.4393;17;6
835;9;17;0;0.5;35;101;0.426087;243;235.0594;17;0
836;9;17;0;0.5;36;327;0.659751;235;236.8349;17;226
837;9;17;0;0.5;37;178;0.3866667;229;236.3315;17;77
838;9;17;0;0.5;38;103;0.4529915;244;237.5631;17;2
839;9;17;0;0.5;39;134;0.6210046;237;236.9552;17;33
840;9;17;0;0.5;40;146;0.5428571;238;235.9384;17;45
841;9;17;0;0.5;41;101;0.5384615;235;236.4752;17;0
842;9;17;0;0.5;42;343;0.65625;255;238.0758;17;242
843;9;17;0;0.5;43;103;0.3976378;235;237.699;17;2
844;9;17;0;0.5;44;122;0.3589744;241;235.418;17;21
845;9;17;0;0.5;45;280;0.5922747;240;236.9286;17;179
846;9;17;0;0.5;46;1000;1;219;235.968;17;900
847;9;17;0;0.5;47;166;0.3983402;213;235.8072;17;65
848;9;17;0;0.5;48;107;0.4581498;238;236.9159;17;6
849;9;17;0;0.5;49;101;0.5402844;277;236.703;17;0
850;9;17;0;0.5;50;101;0.4047619;215;238.3465;17;0
851;9;17;0;0.5;51;108;0.4252336;244;237.4537;17;7
852;9;17;0;0.5;52;938;0.442623;229;236.5672;17;837
853;9;17;0;0.5;53;1000;0.08461538;260;237.469;17;900
854;9;17;0;0.5;54;137;0.5841121;228;236.8394;17;36
855;9;17;0;0.5;55;102;0.4744526;235;238.0588;17;1
856;9;17;0;0.5;56;102;0.5849057;233;237.1078;17;1
857;9;17;0;0.5;57;105;0.5751073;247;238.0667;17;4
858;9;17;0;0.5;58;103;0.5889831;256;237.767;17;2
859;9;17;0;0.5;59;578;0.6725664;230;236.6644;17;477
860;9;17;0;0.5;60;101;0.5307018;238;235.2376;17;0
861;9;17;0;0.5;61;194;0.3842795;245;237.9021;17;93
862;9;17;0;0.5;62;101;0.5491071;236;237.2079;17;0
863;9;17;0;0.5;63;101;0.4317181;248;235.9703;17;0
864;9;17;0;0.5;64;101;0.4977778;235;237.0198;17;0
865;9;17;0;0.5;65;157;0.5627706;244;237.2484;17;56
866;9;17;0;0.5;66;101;0.4655172;236;237.3366;17;0
867;9;17;0;0.5;67;117;0.5769231;215;237.2564;17;16
868;9;17;0;0.5;68;101;0.5381356;251;237.8416;17;0
869;9;17;0;0.5;69;184;0.3478261;229;237.4728;17;83
870;9;17;0;0.5;70;185;0.6033755;225;236.5081;17;84
871;9;17;0;0.5;71;101;0.5462555;220;239.198;17;0
872;9;17;0;0.5;72;101;0.4741036;231;236.4554;17;0
873;9;17;0;0.5;73;101;0.4574899;228;235.7129;17;0
874;9;17;0;0.5;74;149;0.4;236;235.1409;17;48
875;9;17;0;0.5;75;118;0.5102881;221;238;17;17
876;9;17;0;0.5;76;208;0.3706897;239;237.3413;17;107
877;9;17;0;0.5;77;102;0.412037;264;234.3333;17;1
878;9;17;0;0.5;78;200;0.4511628;235;236.215;17;99
879;9;17;0;0.5;79;102;0.5853659;220;235.4412;17;1
880;9;17;0;0.5;80;104;0.3755274;241;236.7308;17;3
881;9;17;0;0.5;81;104;0.5497835;227;236.1442;17;3
882;9;17;0;0.5;82;101;0.4804688;229;235.1881;17;0
883;9;17;0;0.5;83;136;0.2780269;251;237.6618;17;35
884;9;17;0;0.5;84;123;0.4007937;234;238.0813;17;22
885;9;17;0;0.5;85;812;0.5870445;243;236.6897;17;711
886;9;17;0;0.5;86;103;0.3262712;264;235.6019;17;2
887;9;17;0;0.5;87;101;0.4915254;237;236.3564;17;0
888;9;17;0;0.5;88;105;0.6269841;240;235.1333;17;4
889;9;17;0;0.5;89;246;0.5775862;235;237.8455;17;145
890;9;17;0;0.5;90;168;0.6038647;260;236.131;17;67
891;9;17;0;0.5;91;108;0.6066946;250;237.3333;17;7
892;9;17;0;0.5;92;323;0.2941176;234;237.5139;17;222
893;9;17;0;0.5;93;612;0.4675325;251;235.9461;17;511
894;9;17;0;0.5;94;105;0.5564854;236;236.3143;17;4
895;9;17;0;0.5;95;321;0.2412281;242;236.1651;17;220
896;9;17;0;0.5;96;105;0.4099099;258;236.381;17;4
897;9;17;0;0.5;97;101;0.4977578;246;238.505;17;0
898;9;17;0;0.5;98;106;0.5814978;225;236.1038;17;5
899;9;17;0;0.5;99;585;0.3531746;238;237.2359;17;484
900;9;17;0;0.5;100;107;0.3940678;229;234.7944;17;6
901;10;19;0;0.5;1;102;0.5466667;260;237.0588;19;1
902;10;19;0;0.5;2;370;0.2773109;245;237.227;19;269
903;10;19;0;0.5;3;115;0.596;255;238.1826;19;14
904;10;19;0;0.5;4;1000;0;223;236.924;19;900
905;10;19;0;0.5;5;104;0.4454545;249;235.1731;19;3
906;10;19;0;0.5;6;101;0.6303318;241;234.901;19;0
907;10;19;0;0.5;7;104;0.4725738;236;234.2212;19;3
908;10;19;0;0.5;8;101;0.5805085;230;236.9307;19;0
909;10;19;0;0.5;9;103;0.3777778;253;236.1748;19;2
910;10;19;0;0.5;10;106;0.4133858;206;237.1038;19;5
911;10;19;0;0.5;11;101;0.4531835;224;236.703;19;0
912;10;19;0;0.5;12;202;0.6666667;223;237.2624;19;101
913;10;19;0;0.5;13;101;0.4396552;226;236.8713;19;0
914;10;19;0;0.5;14;121;0.3533835;219;235.9752;19;20
915;10;19;0;0.5;15;143;0.4148472;249;237.9091;19;42
916;10;19;0;0.5;16;1000;0;248;236.984;19;900
917;10;19;0;0.5;17;123;0.4568966;220;235.5285;19;22
918;10;19;0;0.5;18;1000;0.03167421;221;236.865;19;900
919;10;19;0;0.5;19;105;0.3348214;237;237.6;19;4
920;10;19;0;0.5;20;182;0.3662551;251;236.3901;19;81
921;10;19;0;0.5;21;135;0.6475771;241;237.1407;19;34
922;10;19;0;0.5;22;134;0.5680934;239;236.9627;19;33
923;10;19;0;0.5;23;145;0.4615385;268;235.8897;19;44
924;10;19;0;0.5;24;1000;0.3008475;236;236.995;19;900
925;10;19;0;0.5;25;300;0.3433476;235;237.4633;19;199
926;10;19;0;0.5;26;1000;0;253;236.718;19;900
927;10;19;0;0.5;27;229;0.5766129;233;237.1354;19;128
928;10;19;0;0.5;28;1000;0.8166667;240;236.738;19;900
929;10;19;0;0.5;29;102;0.556962;251;235.5;19;1
930;10;19;0;0.5;30;102;0.4978723;232;235.8333;19;1
931;10;19;0;0.5;31;103;0.448;236;238.7379;19;2
932;10;19;0;0.5;32;139;0.4215247;269;237.5971;19;38
933;10;19;0;0.5;33;103;0.5587045;245;237.0097;19;2
934;10;19;0;0.5;34;115;0.5675676;240;237.3043;19;14
935;10;19;0;0.5;35;287;0.3476395;230;237.7143;19;186
936;10;19;0;0.5;36;101;0.5166667;221;236.4851;19;0
937;10;19;0;0.5;37;214;0.697479;238;237.0187;19;113
938;10;19;0;0.5;38;127;0.5291667;232;237.0551;19;26
939;10;19;0;0.5;39;290;0.4078947;255;237.1586;19;189
940;10;19;0;0.5;40;1000;1;239;236.387;19;900
941;10;19;0;0.5;41;1000;0;227;236.583;19;900
942;10;19;0;0.5;42;101;0.5291829;230;235.5644;19;0
943;10;19;0;0.5;43;119;0.5289256;228;236.6387;19;18
944;10;19;0;0.5;44;1000;0.1578947;266;236.852;19;900
945;10;19;0;0.5;45;115;0.504;217;236.3391;19;14
946;10;19;0;0.5;46;101;0.5088496;239;239.0099;19;0
947;10;19;0;0.5;47;114;0.4663866;224;235.1754;19;13
948;10;19;0;0.5;48;194;0.3478261;242;236.0361;19;93
949;10;19;0;0.5;49;136;0.5318182;238;235.8309;19;35
950;10;19;0;0.5;50;101;0.3675214;243;236.0891;19;0
951;10;19;0;0.5;51;142;0.607438;218;237.4225;19;41
952;10;19;0;0.5;52;138;0.6055777;233;235.7246;19;37
953;10;19;0;0.5;53;101;0.4493392;252;237.9208;19;0
954;10;19;0;0.5;54;104;0.4761905;242;235.4231;19;3
955;10;19;0;0.5;55;103;0.4354839;256;236.9417;19;2
956;10;19;0;0.5;56;106;0.6535088;248;235.1981;19;5
957;10;19;0;0.5;57;126;0.5658915;241;235.3333;19;25
958;10;19;0;0.5;58;282;0.6792453;261;236.8582;19;181
959;10;19;0;0.5;59;557;0.3744493;239;236.386;19;456
960;10;19;0;0.5;60;108;0.5791667;234;237.7037;19;7
961;10;19;0;0.5;61;1000;0.940678;236;236.504;19;900
962;10;19;0;0.5;62;1000;0.01818182;220;236.806;19;900
963;10;19;0;0.5;63;101;0.5416667;228;234.6931;19;0
964;10;19;0;0.5;64;103;0.3755869;239;236.4563;19;2
965;10;19;0;0.5;65;103;0.4239631;262;236.835;19;2
966;10;19;0;0.5;66;1000;0;230;237.319;19;900
967;10;19;0;0.5;67;1000;0;215;236.307;19;900
968;10;19;0;0.5;68;1000;0.09016393;244;236.149;19;900
969;10;19;0;0.5;69;108;0.3574661;238;236.3333;19;7
970;10;19;0;0.5;70;129;0.6188525;240;236.7674;19;28
971;10;19;0;0.5;71;102;0.4315353;227;234.2843;19;1
972;10;19;0;0.5;72;1000;0;236;236.88;19;900
973;10;19;0;0.5;73;218;0.661597;244;237.0275;19;117
974;10;19;0;0.5;74;102;0.4354839;221;237.7647;19;1
975;10;19;0;0.5;75;101;0.57277;255;235.7624;19;0
976;10;19;0;0.5;76;239;0.5882353;239;237.2845;19;138
977;10;19;0;0.5;77;1000;1;223;236.823;19;900
978;10;19;0;0.5;78;122;0.5944882;244;237.3033;19;21
979;10;19;0;0.5;79;103;0.3943089;234;235.8252;19;2
980;10;19;0;0.5;80;103;0.5625;235;235.4466;19;2
981;10;19;0;0.5;81;106;0.557377;240;237.3585;19;5
982;10;19;0;0.5;82;1000;0;250;236.623;19;900
983;10;19;0;0.5;83;124;0.5429864;249;237.1774;19;23
984;10;19;0;0.5;84;1000;0;253;237.185;19;900
985;10;19;0;0.5;85;276;0.5774059;225;237.1848;19;175
986;10;19;0;0.5;86;1000;1;254;237.14;19;900
987;10;19;0;0.5;87;112;0.3982684;240;237.4554;19;11
988;10;19;0;0.5;88;340;0.5789474;243;236.0471;19;239
989;10;19;0;0.5;89;1000;0.04545455;220;236.624;19;900
990;10;19;0;0.5;90;169;0.3865546;242;237.7811;19;68
991;10;19;0;0.5;91;1000;0;231;236.277;19;900
992;10;19;0;0.5;92;163;0.6538462;266;238.3067;19;62
993;10;19;0;0.5;93;106;0.4688797;248;236.6981;19;5
994;10;19;0;0.5;94;1000;1;242;236.709;19;900
995;10;19;0;0.5;95;104;0.4545455;243;236.9423;19;3
996;10;19;0;0.5;96;1000;1;257;236.174;19;900
997;10;19;0;0.5;97;103;0.5734597;231;237.1942;19;2
998;10;19;0;0.5;98;1000;0.8222222;225;236.997;19;900
999;10;19;0;0.5;99;1000;0.9233716;261;237.01;19;900
1000;10;19;0;0.5;100;528;0.5065502;244;236.3258;19;427
1001;11;21;0;0.5;1;101;0.3867188;235;236.3267;21;0
1002;11;21;0;0.5;2;111;0.6333333;228;235.4775;21;10
1003;11;21;0;0.5;3;101;0.5289256;236;236.7228;21;0
1004;11;21;0;0.5;4;102;0.5102041;242;238.7451;21;1
1005;11;21;0;0.5;5;104;0.5125;258;238.7404;21;3
1006;11;21;0;0.5;6;219;0.3938053;244;237.0274;21;118
1007;11;21;0;0.5;7;150;0.6374502;248;236.3533;21;49
1008;11;21;0;0.5;8;161;0.5864979;213;236.1366;21;60
1009;11;21;0;0.5;9;1000;1;240;236.752;21;900
1010;11;21;0;0.5;10;103;0.588;210;236.3689;21;2
1011;11;21;0;0.5;11;102;0.5413223;236;235.4118;21;1
1012;11;21;0;0.5;12;103;0.6213992;234;236.5049;21;2
1013;11;21;0;0.5;13;103;0.5201794;263;235.6602;21;2
1014;11;21;0;0.5;14;101;0.5473251;253;236.0891;21;0
1015;11;21;0;0.5;15;1000;0.3109244;238;236.521;21;900
1016;11;21;0;0.5;16;133;0.3992095;236;238.0526;21;32
1017;11;21;0;0.5;17;101;0.542735;214;236.8515;21;0
1018;11;21;0;0.5;18;102;0.5917431;245;236.6863;21;1
1019;11;21;0;0.5;19;101;0.5523466;236;237.901;21;0
1020;11;21;0;0.5;20;107;0.3891213;242;236.1028;21;6
1021;11;21;0;0.5;21;102;0.4756098;229;235.4412;21;1
1022;11;21;0;0.5;22;101;0.4343434;246;236.3168;21;0
1023;11;21;0;0.5;23;103;0.4336283;228;239.4563;21;2
1024;11;21;0;0.5;24;190;0.5862069;242;235.6474;21;89
1025;11;21;0;0.5;25;101;0.5294118;244;236.3762;21;0
1026;11;21;0;0.5;26;107;0.3682008;251;237.0935;21;6
1027;11;21;0;0.5;27;206;0.7196653;222;236.932;21;105
1028;11;21;0;0.5;28;202;0.3765182;227;236.401;21;101
1029;11;21;0;0.5;29;1000;0;239;237.089;21;900
1030;11;21;0;0.5;30;181;0.6455696;206;236.9834;21;80
1031;11;21;0;0.5;31;123;0.6156863;214;236.2927;21;22
1032;11;21;0;0.5;32;1000;0;242;236.702;21;900
1033;11;21;0;0.5;33;137;0.6742081;244;236.8321;21;36
1034;11;21;0;0.5;34;103;0.3346614;224;236.6408;21;2
1035;11;21;0;0.5;35;122;0.5284553;219;236.0328;21;21
1036;11;21;0;0.5;36;108;0.5309735;258;237.6667;21;7
1037;11;21;0;0.5;37;101;0.4810127;234;235.2376;21;0
1038;11;21;0;0.5;38;119;0.5818182;248;236.4538;21;18
1039;11;21;0;0.5;39;1000;1;227;236.986;21;900
1040;11;21;0;0.5;40;296;0.4458874;233;236.7027;21;195
1041;11;21;0;0.5;41;104;0.4903846;240;235.9808;21;3
1042;11;21;0;0.5;42;1000;1;230;236.776;21;900
1043;11;21;0;0.5;43;111;0.382716;239;236.9369;21;10
1044;11;21;0;0.5;44;101;0.5062762;223;237.0099;21;0
1045;11;21;0;0.5;45;101;0.5732759;220;235.3861;21;0
1046;11;21;0;0.5;46;101;0.4565217;261;237.1881;21;0
1047;11;21;0;0.5;47;101;0.3829787;241;237.7624;21;0
1048;11;21;0;0.5;48;124;0.3873874;233;237.1774;21;23
1049;11;21;0;0.5;49;442;0.6638298;244;236.7647;21;341
1050;11;21;0;0.5;50;1000;0.976378;254;236.518;21;900
1051;11;21;0;0.5;51;603;0.5194805;232;237.3085;21;502
1052;11;21;0;0.5;52;245;0.3636364;231;236.5469;21;144
1053;11;21;0;0.5;53;103;0.3811321;230;236.1845;21;2
1054;11;21;0;0.5;54;241;0.6680672;230;236.6266;21;140
1055;11;21;0;0.5;55;281;0.5261044;258;236.0854;21;180
1056;11;21;0;0.5;56;1000;1;248;236.586;21;900
1057;11;21;0;0.5;57;1000;0;231;236.354;21;900
1058;11;21;0;0.5;58;161;0.3991597;235;236.5714;21;60
1059;11;21;0;0.5;59;101;0.5227273;245;237.901;21;0
1060;11;21;0;0.5;60;121;0.5595238;198;237.1157;21;20
1061;11;21;0;0.5;61;106;0.5726496;248;238.9151;21;5
1062;11;21;0;0.5;62;304;0.5608696;233;236.1974;21;203
1063;11;21;0;0.5;63;101;0.3902439;240;237.1089;21;0
1064;11;21;0;0.5;64;108;0.4563492;218;236.713;21;7
1065;11;21;0;0.5;65;101;0.4517544;274;238.5545;21;0
1066;11;21;0;0.5;66;101;0.5683761;250;236.0594;21;0
1067;11;21;0;0.5;67;108;0.337963;226;236.1296;21;7
1068;11;21;0;0.5;68;101;0.5669291;238;236.2871;21;0
1069;11;21;0;0.5;69;106;0.5518672;256;236.6132;21;5
1070;11;21;0;0.5;70;127;0.3189655;235;237.5276;21;26
1071;11;21;0;0.5;71;105;0.4588745;233;235.0857;21;4
1072;11;21;0;0.5;72;157;0.677551;238;236.3439;21;56
1073;11;21;0;0.5;73;141;0.3387097;230;236.7872;21;40
1074;11;21;0;0.5;74;469;0.611336;234;237.5565;21;368
1075;11;21;0;0.5;75;423;0.6454183;237;236.8109;21;322
1076;11;21;0;0.5;76;109;0.3738739;251;237.3028;21;8
1077;11;21;0;0.5;77;609;0.6386555;254;236.7701;21;508
1078;11;21;0;0.5;78;103;0.464135;242;235.6893;21;2
1079;11;21;0;0.5;79;366;0.6410256;259;236.8989;21;265
1080;11;21;0;0.5;80;104;0.5596708;241;234.9327;21;3
1081;11;21;0;0.5;81;116;0.6304348;230;237;21;15
1082;11;21;0;0.5;82;1000;1;228;236.632;21;900
1083;11;21;0;0.5;83;864;0.3699187;225;236.5347;21;763
1084;11;21;0;0.5;84;1000;0;236;236.538;21;900
1085;11;21;0;0.5;85;129;0.5889831;225;236.9845;21;28
1086;11;21;0;0.5;86;106;0.4529915;242;237.6226;21;5
1087;11;21;0;0.5;87;204;0.3214286;219;236.1667;21;103
1088;11;21;0;0.5;88;103;0.6059322;240;237.7087;21;2
1089;11;21;0;0.5;89;1000;0.2791667;240;236.426;21;900
1090;11;21;0;0.5;90;103;0.4248927;253;237.2524;21;2
1091;11;21;0;0.5;91;105;0.6159696;210;237.4;21;4
1092;11;21;0;0.5;92;112;0.6383929;234;235.4911;21;11
1093;11;21;0;0.5;93;955;0.6828194;259;236.8387;21;854
1094;11;21;0;0.5;94;148;0.5665236;238;235.8784;21;47
1095;11;21;0;0.5;95;322;0.5127119;228;237.8075;21;221
1096;11;21;0;0.5;96;1000;0;242;237.008;21;900
1097;11;21;0;0.5;97;456;0.697479;239;235.8509;21;355
1098;11;21;0;0.5;98;110;0.6;229;236.1545;21;9
1099;11;21;0;0.5;99;102;0.4279661;227;236.2941;21;1
1100;11;21;0;0.5;100;141;0.6317992;216;236.8936;21;40
1101;12;23;0;0.5;1;383;0.4326531;236;235.423;23;282
1102;12;23;0;0.5;2;119;0.5288889;230;237.8235;23;18
1103;12;23;0;0.5;3;103;0.5163934;220;234.534;23;2
1104;12;23;0;0.5;4;103;0.3333333;239;236.835;23;2
1105;12;23;0;0.5;5;908;0.3815789;257;236.7632;23;807
1106;12;23;0;0.5;6;106;0.5204918;223;237.0849;23;5
1107;12;23;0;0.5;7;229;0.6015326;219;237.4716;23;128
1108;12;23;0;0.5;8;586;0.5454545;237;237.2713;23;485
1109;12;23;0;0.5;9;103;0.4106464;212;234.0097;23;2
1110;12;23;0;0.5;10;107;0.5508475;238;235.3645;23;6
1111;12;23;0;0.5;11;101;0.4841629;226;235.8218;23;0
1112;12;23;0;0.5;12;101;0.6079295;246;234.8119;23;0
1113;12;23;0;0.5;13;111;0.428;260;237.2883;23;10
1114;12;23;0;0.5;14;1000;0;268;237.158;23;900
1115;12;23;0;0.5;15;1000;0;251;236.731;23;900
1116;12;23;0;0.5;16;124;0.4325581;231;234.8387;23;23
1117;12;23;0;0.5;17;107;0.4310345;235;237.3551;23;6
1118;12;23;0;0.5;18;102;0.5508475;226;237.8529;23;1
1119;12;23;0;0.5;19;106;0.470852;244;235.5472;23;5
1120;12;23;0;0.5;20;101;0.495935;244;236.9307;23;0
1121;12;23;0;0.5;21;101;0.5668203;249;237.7426;23;0
1122;12;23;0;0.5;22;1000;1;221;237.009;23;900
1123;12;23;0;0.5;23;102;0.3991031;231;236.5588;23;1
1124;12;23;0;0.5;24;103;0.5254237;223;236.9029;23;2
1125;12;23;0;0.5;25;101;0.5020576;256;236.3762;23;0
1126;12;23;0;0.5;26;101;0.6276151;235;238.0792;23;0
1127;12;23;0;0.5;27;1000;0;255;236.937;23;900
1128;12;23;0;0.5;28;110;0.5914894;243;235.6;23;9
1129;12;23;0;0.5;29;103;0.5040323;255;237.767;23;2
1130;12;23;0;0.5;30;110;0.6275304;226;237.5182;23;9
1131;12;23;0;0.5;31;111;0.5964912;245;238.2883;23;10
1132;12;23;0;0.5;32;101;0.4915254;237;235.0594;23;0
1133;12;23;0;0.5;33;175;0.6991525;241;237.1943;23;74
1134;12;23;0;0.5;34;101;0.45;236;238.7921;23;0
1135;12;23;0;0.5;35;111;0.3318386;266;238.1532;23;10
1136;12;23;0;0.5;36;831;0.4401709;217;236.6486;23;730
1137;12;23;0;0.5;37;1000;0.1004367;229;236.33;23;900
1138;12;23;0;0.5;38;635;0.4198113;247;237.5008;23;534
1139;12;23;0;0.5;39;213;0.3640351;246;236.0329;23;112
1140;12;23;0;0.5;40;101;0.487069;257;236.6535;23;0
1141;12;23;0;0.5;41;104;0.5708502;212;235.7308;23;3
1142;12;23;0;0.5;42;103;0.5301724;234;236.9709;23;2
1143;12;23;0;0.5;43;410;0.3227092;213;236.3122;23;309
1144;12;23;0;0.5;44;1000;1;206;236.87;23;900
1145;12;23;0;0.5;45;104;0.5018868;217;234.8365;23;3
1146;12;23;0;0.5;46;1000;0.7692308;234;237.17;23;900
1147;12;23;0;0.5;47;103;0.4186047;243;236.8447;23;2
1148;12;23;0;0.5;48;1000;1;217;235.567;23;900
1149;12;23;0;0.5;49;130;0.4196078;245;238.0462;23;29
1150;12;23;0;0.5;50;105;0.5115207;249;238.2095;23;4
1151;12;23;0;0.5;51;202;0.4291845;239;236.599;23;101
1152;12;23;0;0.5;52;1000;0;250;236.569;23;900
1153;12;23;0;0.5;53;267;0.5194805;241;236.6292;23;166
1154;12;23;0;0.5;54;101;0.5288889;245;234.3366;23;0
1155;12;23;0;0.5;55;1000;0.8646288;229;236.586;23;900
1156;12;23;0;0.5;56;101;0.4072581;240;236.8317;23;0
1157;12;23;0;0.5;57;102;0.4622642;241;235.3627;23;1
1158;12;23;0;0.5;58;198;0.4522822;225;236.6667;23;97
1159;12;23;0;0.5;59;138;0.4120172;236;237.4493;23;37
1160;12;23;0;0.5;60;122;0.4077253;229;237.1639;23;21
1161;12;23;0;0.5;61;113;0.5114155;280;237.6903;23;12
1162;12;23;0;0.5;62;101;0.4672489;239;234.1881;23;0
1163;12;23;0;0.5;63;101;0.5789474;237;234.3366;23;0
1164;12;23;0;0.5;64;105;0.6244898;232;236.3143;23;4
1165;12;23;0;0.5;65;170;0.5951417;247;237.4941;23;69
1166;12;23;0;0.5;66;101;0.4903846;238;236.4554;23;0
1167;12;23;0;0.5;67;106;0.4454545;235;238.1321;23;5
1168;12;23;0;0.5;68;101;0.6106195;222;236.198;23;0
1169;12;23;0;0.5;69;1000;0.8221344;253;237.01;23;900
1170;12;23;0;0.5;70;109;0.3548387;252;237.2936;23;8
1171;12;23;0;0.5;71;103;0.5204918;242;237.0388;23;2
1172;12;23;0;0.5;72;102;0.4150943;243;234.9216;23;1
1173;12;23;0;0.5;73;1000;1;230;236.932;23;900
1174;12;23;0;0.5;74;105;0.6625;239;238.7429;23;4
1175;12;23;0;0.5;75;543;0.7155556;255;236.5064;23;442
1176;12;23;0;0.5;76;137;0.4705882;242;236.1898;23;36
1177;12;23;0;0.5;77;103;0.4961538;256;236.0291;23;2
1178;12;23;0;0.5;78;433;0.4663677;245;236.7691;23;332
1179;12;23;0;0.5;79;139;0.4429224;245;236.1439;23;38
1180;12;23;0;0.5;80;128;0.5021459;225;236.0781;23;27
1181;12;23;0;0.5;81;1000;1;226;236.376;23;900
1182;12;23;0;0.5;82;101;0.6008403;228;235.3168;23;0
1183;12;23;0;0.5;83;193;0.3493976;230;236.5699;23;92
1184;12;23;0;0.5;84;1000;0.116;250;236.706;23;900
1185;12;23;0;0.5;85;199;0.542735;251;235.7236;23;98
1186;12;23;0;0.5;86;104;0.5869565;242;236.375;23;3
1187;12;23;0;0.5;87;129;0.46;226;237.2713;23;28
1188;12;23;0;0.5;88;119;0.3193277;244;237.2521;23;18
1189;12;23;0;0.5;89;104;0.4331984;252;237.9615;23;3
1190;12;23;0;0.5;90;121;0.4380165;231;237.2314;23;20
1191;12;23;0;0.5;91;194;0.6228814;238;235.866;23;93
1192;12;23;0;0.5;92;1000;1;250;236.683;23;900
1193;12;23;0;0.5;93;257;0.6280992;243;236.3191;23;156
1194;12;23;0;0.5;94;101;0.5592417;236;236.2178;23;0
1195;12;23;0;0.5;95;101;0.5154185;229;237.1881;23;0
1196;12;23;0;0.5;96;175;0.5294118;258;238.2343;23;74
1197;12;23;0;0.5;97;163;0.4388186;253;236.6074;23;62
1198;12;23;0;0.5;98;189;0.3193277;237;236.5291;23;88
1199;12;23;0;0.5;99;184;0.6622222;238;237.3587;23;83
1200;12;23;0;0.5;100;101;0.6034483;257;236.5149;23;0
1201;13;25;0;0.5;1;405;0.6118721;251;237.6148;25;304
1202;13;25;0;0.5;2;184;0.5462185;214;236.8424;25;83
1203;13;25;0;0.5;3;1000;0;236;236.35;25;900
1204;13;25;0;0.5;4;157;0.6614786;216;236.586;25;56
1205;13;25;0;0.5;5;103;0.4401709;241;236.7379;25;2
1206;13;25;0;0.5;6;187;0.4229075;237;236.615;25;86
1207;13;25;0;0.5;7;125;0.4770642;244;238.488;25;24
1208;13;25;0;0.5;8;1000;0.7918367;245;237.026;25;900
1209;13;25;0;0.5;9;101;0.4131455;266;236.2871;25;0
1210;13;25;0;0.5;10;101;0.5564516;213;235.7129;25;0
1211;13;25;0;0.5;11;103;0.4869565;226;237.6602;25;2
1212;13;25;0;0.5;12;1000;1;247;237.348;25;900
1213;13;25;0;0.5;13;101;0.5;225;236.9109;25;0
1214;13;25;0;0.5;14;141;0.6652174;254;235.773;25;40
1215;13;25;0;0.5;15;191;0.3815789;231;237.1518;25;90
1216;13;25;0;0.5;16;1000;1;254;236.499;25;900
1217;13;25;0;0.5;17;101;0.5672269;241;237.8218;25;0
1218;13;25;0;0.5;18;1000;0.8325792;221;236.792;25;900
1219;13;25;0;0.5;19;101;0.5416667;240;236.7723;25;0
1220;13;25;0;0.5;20;129;0.5877551;231;237.4264;25;28
1221;13;25;0;0.5;21;164;0.7148594;221;235.4634;25;63
1222;13;25;0;0.5;22;1000;1;258;236.714;25;900
1223;13;25;0;0.5;23;101;0.4595745;234;236.6139;25;0
1224;13;25;0;0.5;24;114;0.3708333;234;237.0439;25;13
1225;13;25;0;0.5;25;407;0.4072581;220;237.8034;25;306
1226;13;25;0;0.5;26;136;0.4747082;246;237.3088;25;35
1227;13;25;0;0.5;27;212;0.3692946;254;235.8066;25;111
1228;13;25;0;0.5;28;820;0.4458874;225;236.189;25;719
1229;13;25;0;0.5;29;102;0.5321888;253;235.6765;25;1
1230;13;25;0;0.5;30;550;0.416309;244;237.1745;25;449
1231;13;25;0;0.5;31;359;0.3855932;229;236.5766;25;258
1232;13;25;0;0.5;32;448;0.3822222;241;237.5804;25;347
1233;13;25;0;0.5;33;1000;0.9838057;247;237.522;25;900
1234;13;25;0;0.5;34;391;0.6538462;224;236.7954;25;290
1235;13;25;0;0.5;35;1000;1;229;237.019;25;900
1236;13;25;0;0.5;36;101;0.5304348;245;237.0099;25;0
1237;13;25;0;0.5;37;102;0.3817427;218;235.4118;25;1
1238;13;25;0;0.5;38;101;0.3755274;244;235.8416;25;0
1239;13;25;0;0.5;39;129;0.5319149;242;235.9147;25;28
1240;13;25;0;0.5;40;240;0.5911111;228;237.9875;25;139
1241;13;25;0;0.5;41;108;0.5346154;227;236.4537;25;7
1242;13;25;0;0.5;42;101;0.4751131;248;237.5149;25;0
1243;13;25;0;0.5;43;178;0.5375494;230;237.4213;25;77
1244;13;25;0;0.5;44;209;0.3083333;223;237.2919;25;108
1245;13;25;0;0.5;45;354;0.3903509;249;235.7881;25;253
1246;13;25;0;0.5;46;106;0.5947137;232;236.3302;25;5
1247;13;25;0;0.5;47;1000;0.9777778;225;236.605;25;900
1248;13;25;0;0.5;48;207;0.3489362;235;236.7778;25;106
1249;13;25;0;0.5;49;101;0.6614173;234;237.2871;25;0
1250;13;25;0;0.5;50;101;0.4911504;215;237.2574;25;0
1251;13;25;0;0.5;51;101;0.512931;249;235.9604;25;0
1252;13;25;0;0.5;52;106;0.3305085;221;236.3208;25;5
1253;13;25;0;0.5;53;112;0.6502242;241;237.4554;25;11
1254;13;25;0;0.5;54;101;0.5042373;237;236.4356;25;0
1255;13;25;0;0.5;55;132;0.5829787;216;236.2197;25;31
1256;13;25;0;0.5;56;1000;0.1795918;245;236.962;25;900
1257;13;25;0;0.5;57;145;0.5438596;234;236.5379;25;44
1258;13;25;0;0.5;58;105;0.4849785;224;237.0095;25;4
1259;13;25;0;0.5;59;128;0.5802469;233;236.8281;25;27
1260;13;25;0;0.5;60;104;0.5913043;239;236.5481;25;3
1261;13;25;0;0.5;61;921;0.5454545;245;236.785;25;820
1262;13;25;0;0.5;62;424;0.6374046;230;236.158;25;323
1263;13;25;0;0.5;63;1000;1;261;236.72;25;900
1264;13;25;0;0.5;64;121;0.4176707;228;237.6033;25;20
1265;13;25;0;0.5;65;131;0.4155844;236;236.2519;25;30
1266;13;25;0;0.5;66;103;0.408867;232;236.7379;25;2
1267;13;25;0;0.5;67;1000;0.02739726;219;236.338;25;900
1268;13;25;0;0.5;68;203;0.5677966;231;238.5764;25;102
1269;13;25;0;0.5;69;149;0.6097561;241;235.2349;25;48
1270;13;25;0;0.5;70;174;0.6829268;243;238.1724;25;73
1271;13;25;0;0.5;71;838;0.6077586;223;236.6146;25;737
1272;13;25;0;0.5;72;102;0.4942529;246;238.5196;25;1
1273;13;25;0;0.5;73;102;0.481982;256;235.9314;25;1
1274;13;25;0;0.5;74;103;0.4556452;214;237.0485;25;2
1275;13;25;0;0.5;75;102;0.3692946;215;236.6667;25;1
1276;13;25;0;0.5;76;871;0.4067797;210;236.899;25;770
1277;13;25;0;0.5;77;189;0.37751;218;236.7831;25;88
1278;13;25;0;0.5;78;101;0.5963303;233;235.9307;25;0
1279;13;25;0;0.5;79;165;0.4285714;215;236.8424;25;64
1280;13;25;0;0.5;80;101;0.4112903;231;237.2376;25;0
1281;13;25;0;0.5;81;118;0.4102564;255;236.6102;25;17
1282;13;25;0;0.5;82;131;0.7227273;233;236.9237;25;30
1283;13;25;0;0.5;83;110;0.5898438;226;237.8182;25;9
1284;13;25;0;0.5;84;106;0.5182186;238;235;25;5
1285;13;25;0;0.5;85;105;0.6141079;220;237.3429;25;4
1286;13;25;0;0.5;86;109;0.5485232;246;236.4404;25;8
1287;13;25;0;0.5;87;143;0.3815789;257;236.4126;25;42
1288;13;25;0;0.5;88;101;0.5675676;250;236.4752;25;0
1289;13;25;0;0.5;89;111;0.5846154;229;237.2432;25;10
1290;13;25;0;0.5;90;1000;0;225;236.982;25;900
1291;13;25;0;0.5;91;101;0.5695652;232;236.9406;25;0
1292;13;25;0;0.5;92;149;0.4067797;231;237.8523;25;48
1293;13;25;0;0.5;93;112;0.6639004;230;237.9554;25;11
1294;13;25;0;0.5;94;107;0.4126394;231;235.6262;25;6
1295;13;25;0;0.5;95;1000;1;251;237.087;25;900
1296;13;25;0;0.5;96;549;0.4285714;218;236.9144;25;448
1297;13;25;0;0.5;97;1000;0;237;236.658;25;900
1298;13;25;0;0.5;98;101;0.5833333;264;236.9703;25;0
1299;13;25;0;0.5;99;101;0.5045045;242;236.7822;25;0
1300;13;25;0;0.5;100;155;0.5510204;233;235.7677;25;54
1301;14;27;0;0.5;1;103;0.4817814;227;235.9806;27;2
1302;14;27;0;0.5;2;104;0.4137931;243;236.9327;27;3
1303;14;27;0;0.5;3;428;0.4150198;237;236.6472;27;327
1304;14;27;0;0.5;4;248;0.6339286;239;235.7016;27;147
1305;14;27;0;0.5;5;108;0.4661017;237;239.0741;27;7
1306;14;27;0;0.5;6;103;0.6099585;242;236.8835;27;2
1307;14;27;0;0.5;7;101;0.5446809;236;237.2277;27;0
1308;14;27;0;0.5;8;135;0.5864662;237;236.437;27;34
1309;14;27;0;0.5;9;101;0.5420168;236;235.7921;27;0
1310;14;27;0;0.5;10;101;0.4421488;239;236.7723;27;0
1311;14;27;0;0.5;11;141;0.4979757;242;238.1844;27;40
1312;14;27;0;0.5;12;499;0.3865546;251;236.3387;27;398
1313;14;27;0;0.5;13;1000;1;244;236.45;27;900
1314;14;27;0;0.5;14;134;0.398374;238;237.0522;27;33
1315;14;27;0;0.5;15;111;0.5327869;231;237.2072;27;10
1316;14;27;0;0.5;16;1000;1;252;236.516;27;900
1317;14;27;0;0.5;17;110;0.4024896;215;238.1;27;9
1318;14;27;0;0.5;18;102;0.4652174;223;235.6078;27;1
1319;14;27;0;0.5;19;109;0.3692946;248;235.2477;27;8
1320;14;27;0;0.5;20;101;0.4713115;214;237.0594;27;0
1321;14;27;0;0.5;21;101;0.4666667;227;236.2673;27;0
1322;14;27;0;0.5;22;119;0.5932203;232;235.9748;27;18
1323;14;27;0;0.5;23;140;0.370229;213;237.1214;27;39
1324;14;27;0;0.5;24;173;0.5254902;218;236.5607;27;72
1325;14;27;0;0.5;25;219;0.4491525;230;237.8904;27;118
1326;14;27;0;0.5;26;101;0.4545455;251;235.8119;27;0
1327;14;27;0;0.5;27;178;0.3684211;257;236.1236;27;77
1328;14;27;0;0.5;28;1000;0.2162162;222;236.455;27;900
1329;14;27;0;0.5;29;103;0.5491071;235;236.0485;27;2
1330;14;27;0;0.5;30;105;0.487395;226;235.7143;27;4
1331;14;27;0;0.5;31;111;0.4541284;241;237.3333;27;10
1332;14;27;0;0.5;32;101;0.4933921;244;236.7723;27;0
1333;14;27;0;0.5;33;101;0.5375;240;234.9802;27;0
1334;14;27;0;0.5;34;139;0.6875;260;236.5396;27;38
1335;14;27;0;0.5;35;101;0.5140562;209;236.2871;27;0
1336;14;27;0;0.5;36;341;0.4380531;226;236.4457;27;240
1337;14;27;0;0.5;37;118;0.5855513;232;237.2542;27;17
1338;14;27;0;0.5;38;114;0.3673469;244;235.5439;27;13
1339;14;27;0;0.5;39;101;0.5708155;241;237.7426;27;0
1340;14;27;0;0.5;40;101;0.5044248;237;235.6436;27;0
1341;14;27;0;0.5;41;101;0.5102881;239;237.9208;27;0
1342;14;27;0;0.5;42;116;0.6188525;259;237.4397;27;15
1343;14;27;0;0.5;43;383;0.4628099;231;237.3577;27;282
1344;14;27;0;0.5;44;103;0.5972851;238;238.8932;27;2
1345;14;27;0;0.5;45;220;0.3458333;259;237.5818;27;119
1346;14;27;0;0.5;46;181;0.4736842;235;236.0387;27;80
1347;14;27;0;0.5;47;103;0.4549356;234;237.1748;27;2
1348;14;27;0;0.5;48;110;0.6024096;230;236.5818;27;9
1349;14;27;0;0.5;49;141;0.6624473;221;235.461;27;40
1350;14;27;0;0.5;50;216;0.4088889;243;236.6343;27;115
1351;14;27;0;0.5;51;101;0.4705882;252;236.9406;27;0
1352;14;27;0;0.5;52;1000;0;236;237.396;27;900
1353;14;27;0;0.5;53;104;0.5489362;242;235.1442;27;3
1354;14;27;0;0.5;54;102;0.5521739;244;235.4608;27;1
1355;14;27;0;0.5;55;279;0.6205357;235;235.7276;27;178
1356;14;27;0;0.5;56;121;0.6641791;245;235.8264;27;20
1357;14;27;0;0.5;57;102;0.5590909;248;235.3529;27;1
1358;14;27;0;0.5;58;101;0.3723849;258;237.3465;27;0
1359;14;27;0;0.5;59;102;0.3761062;218;235.7451;27;1
1360;14;27;0;0.5;60;105;0.3541667;248;240.2381;27;4
1361;14;27;0;0.5;61;1000;0.2456897;232;236.125;27;900
1362;14;27;0;0.5;62;140;0.501992;226;236.6357;27;39
1363;14;27;0;0.5;63;103;0.6767241;240;237.9126;27;2
1364;14;27;0;0.5;64;103;0.5387931;233;234.2718;27;2
1365;14;27;0;0.5;65;105;0.596;254;237.4952;27;4
1366;14;27;0;0.5;66;102;0.5089286;234;237.4804;27;1
1367;14;27;0;0.5;67;367;0.384;240;236.6267;27;266
1368;14;27;0;0.5;68;129;0.4747899;240;236.8837;27;28
1369;14;27;0;0.5;69;1000;1;231;236.947;27;900
1370;14;27;0;0.5;70;135;0.3888889;232;236.2815;27;34
1371;14;27;0;0.5;71;104;0.6163793;242;237.7885;27;3
1372;14;27;0;0.5;72;104;0.3799127;249;238.2788;27;3
1373;14;27;0;0.5;73;106;0.4174312;284;236.9151;27;5
1374;14;27;0;0.5;74;101;0.4625;254;236.703;27;0
1375;14;27;0;0.5;75;1000;1;248;236.564;27;900
1376;14;27;0;0.5;76;148;0.3153153;230;237.1486;27;47
1377;14;27;0;0.5;77;133;0.3445378;267;238.2256;27;32
1378;14;27;0;0.5;78;105;0.5106383;243;233.9619;27;4
1379;14;27;0;0.5;79;111;0.484;230;237.3694;27;10
1380;14;27;0;0.5;80;229;0.5738397;270;236.9476;27;128
1381;14;27;0;0.5;81;1000;0;246;237.285;27;900
1382;14;27;0;0.5;82;177;0.6289593;252;235.4181;27;76
1383;14;27;0;0.5;83;102;0.5490196;234;236.8333;27;1
1384;14;27;0;0.5;84;110;0.5682819;232;235.4455;27;9
1385;14;27;0;0.5;85;121;0.5276596;234;235.7273;27;20
1386;14;27;0;0.5;86;168;0.5701754;216;236.0238;27;67
1387;14;27;0;0.5;87;208;0.388;231;236.375;27;107
1388;14;27;0;0.5;88;101;0.542735;238;237.6337;27;0
1389;14;27;0;0.5;89;1000;0.2424242;231;237.048;27;900
1390;14;27;0;0.5;90;117;0.4369369;238;235.5983;27;16
1391;14;27;0;0.5;91;102;0.5660377;204;234.9412;27;1
1392;14;27;0;0.5;92;342;0.4115044;245;236.7807;27;241
1393;14;27;0;0.5;93;102;0.5319149;237;236.1471;27;1
1394;14;27;0;0.5;94;303;0.4637097;229;237.5776;27;202
1395;14;27;0;0.5;95;108;0.3288889;253;239.1204;27;7
1396;14;27;0;0.5;96;103;0.4315353;216;236.6311;27;2
1397;14;27;0;0.5;97;348;0.5133929;255;235.9943;27;247
1398;14;27;0;0.5;98;101;0.4913043;252;236.3366;27;0
1399;14;27;0;0.5;99;189;0.661597;266;236.9841;27;88
1400;14;27;0;0.5;100;101;0.3954545;227;235.5842;27;0
1401;15;29;0;0.5;1;1000;0.1651376;218;237.137;29;900
1402;15;29;0;0.5;2;103;0.5;221;239.1068;29;2
1403;15;29;0;0.5;3;174;0.7318182;235;235.6149;29;73
1404;15;29;0;0.5;4;891;0.3896104;240;236.1403;29;790
1405;15;29;0;0.5;5;127;0.4701195;232;238.0709;29;26
1406;15;29;0;0.5;6;463;0.3764259;223;236.9503;29;362
1407;15;29;0;0.5;7;1000;0.9277567;263;236.645;29;900
1408;15;29;0;0.5;8;130;0.3888889;247;236.7462;29;29
1409;15;29;0;0.5;9;1000;0;227;237.009;29;900
1410;15;29;0;0.5;10;103;0.5819672;223;237.5146;29;2
1411;15;29;0;0.5;11;133;0.5882353;239;236.3008;29;32
1412;15;29;0;0.5;12;121;0.3661417;221;236.9174;29;20
1413;15;29;0;0.5;13;136;0.4217391;247;236.2868;29;35
1414;15;29;0;0.5;14;103;0.5493562;249;237.1845;29;2
1415;15;29;0;0.5;15;102;0.4556452;247;237.2941;29;1
1416;15;29;0;0.5;16;104;0.4491525;253;237.9904;29;3
1417;15;29;0;0.5;17;179;0.4227273;241;237.1173;29;78
1418;15;29;0;0.5;18;180;0.2900433;246;235.8722;29;79
1419;15;29;0;0.5;19;169;0.5104603;230;237.7337;29;68
1420;15;29;0;0.5;20;272;0.3076923;244;237.2169;29;171
1421;15;29;0;0.5;21;209;0.3414634;218;235.4976;29;108
1422;15;29;0;0.5;22;272;0.4871795;237;234.9375;29;171
1423;15;29;0;0.5;23;101;0.5489362;255;234.4257;29;0
1424;15;29;0;0.5;24;176;0.4077253;220;235.2614;29;75
1425;15;29;0;0.5;25;101;0.4304348;217;236.2079;29;0
1426;15;29;0;0.5;26;104;0.3818898;209;237.2788;29;3
1427;15;29;0;0.5;27;107;0.4975845;233;236.2523;29;6
1428;15;29;0;0.5;28;102;0.4201681;242;237.3235;29;1
1429;15;29;0;0.5;29;103;0.426087;219;236.2621;29;2
1430;15;29;0;0.5;30;139;0.4961832;229;236.0504;29;38
1431;15;29;0;0.5;31;101;0.3583333;236;237.604;29;0
1432;15;29;0;0.5;32;226;0.375;232;237.6018;29;125
1433;15;29;0;0.5;33;101;0.4200913;227;236.495;29;0
1434;15;29;0;0.5;34;694;0.5108225;237;237.2378;29;593
1435;15;29;0;0.5;35;101;0.3765182;234;236.9406;29;0
1436;15;29;0;0.5;36;120;0.4215247;246;237.4917;29;19
1437;15;29;0;0.5;37;102;0.5531915;250;237.8137;29;1
1438;15;29;0;0.5;38;102;0.3893443;229;238;29;1
1439;15;29;0;0.5;39;1000;0;257;236.691;29;900
1440;15;29;0;0.5;40;1000;1;210;237.493;29;900
1441;15;29;0;0.5;41;101;0.502008;249;238.4752;29;0
1442;15;29;0;0.5;42;102;0.4570312;218;236.7059;29;1
1443;15;29;0;0.5;43;215;0.4612245;225;237.6093;29;114
1444;15;29;0;0.5;44;101;0.6075949;248;237.8812;29;0
1445;15;29;0;0.5;45;1000;1;254;236.484;29;900
1446;15;29;0;0.5;46;101;0.3963964;254;236.396;29;0
1447;15;29;0;0.5;47;102;0.5650407;244;235.7451;29;1
1448;15;29;0;0.5;48;108;0.5603448;224;237.5;29;7
1449;15;29;0;0.5;49;124;0.4333333;239;235.8145;29;23
1450;15;29;0;0.5;50;191;0.5518672;261;236.4346;29;90
1451;15;29;0;0.5;51;106;0.5918367;221;236.3868;29;5
1452;15;29;0;0.5;52;166;0.4208333;236;236.4157;29;65
1453;15;29;0;0.5;53;355;0.6072874;237;237.1183;29;254
1454;15;29;0;0.5;54;102;0.5584416;232;237.1569;29;1
1455;15;29;0;0.5;55;1000;1;252;237.198;29;900
1456;15;29;0;0.5;56;101;0.6104418;223;237.1485;29;0
1457;15;29;0;0.5;57;103;0.4485597;226;235.1845;29;2
1458;15;29;0;0.5;58;292;0.6223176;248;235.7158;29;191
1459;15;29;0;0.5;59;159;0.5374449;238;237.0377;29;58
1460;15;29;0;0.5;60;101;0.3416667;234;236.8911;29;0
1461;15;29;0;0.5;61;181;0.6528497;229;237.0276;29;80
1462;15;29;0;0.5;62;117;0.3534483;241;236.5812;29;16
1463;15;29;0;0.5;63;114;0.4333333;245;237.2982;29;13
1464;15;29;0;0.5;64;446;0.5840708;237;236.426;29;345
1465;15;29;0;0.5;65;108;0.4229075;229;236.7778;29;7
1466;15;29;0;0.5;66;108;0.5911111;239;237.4722;29;7
1467;15;29;0;0.5;67;1000;0.04524887;221;236.634;29;900
1468;15;29;0;0.5;68;103;0.412844;254;236.068;29;2
1469;15;29;0;0.5;69;118;0.2755556;246;239.2542;29;17
1470;15;29;0;0.5;70;102;0.4584838;243;236.9314;29;1
1471;15;29;0;0.5;71;104;0.4488189;218;236.1058;29;3
1472;15;29;0;0.5;72;242;0.3760684;236;234.7562;29;141
1473;15;29;0;0.5;73;104;0.4251012;220;236.9808;29;3
1474;15;29;0;0.5;74;309;0.4353448;231;236.2718;29;208
1475;15;29;0;0.5;75;101;0.4978166;226;236.4455;29;0
1476;15;29;0;0.5;76;101;0.4736842;228;236.5347;29;0
1477;15;29;0;0.5;77;1000;1;229;236.849;29;900
1478;15;29;0;0.5;78;117;0.3474576;255;238.6325;29;16
1479;15;29;0;0.5;79;101;0.5214008;218;235.9901;29;0
1480;15;29;0;0.5;80;193;0.3636364;253;237.4922;29;92
1481;15;29;0;0.5;81;296;0.5966387;224;236.8581;29;195
1482;15;29;0;0.5;82;368;0.6188525;242;237.6332;29;267
1483;15;29;0;0.5;83;104;0.6299559;251;236.75;29;3
1484;15;29;0;0.5;84;101;0.5525292;225;235.9901;29;0
1485;15;29;0;0.5;85;102;0.4782609;233;237.2157;29;1
1486;15;29;0;0.5;86;101;0.4938272;240;236.7525;29;0
1487;15;29;0;0.5;87;101;0.4956897;251;236.5941;29;0
1488;15;29;0;0.5;88;289;0.3770492;230;235.263;29;188
1489;15;29;0;0.5;89;1000;0.2288136;236;237.153;29;900
1490;15;29;0;0.5;90;105;0.3562232;227;237.4;29;4
1491;15;29;0;0.5;91;101;0.4347826;243;238.0099;29;0
1492;15;29;0;0.5;92;101;0.5238095;240;236.2574;29;0
1493;15;29;0;0.5;93;102;0.605364;245;237.402;29;1
1494;15;29;0;0.5;94;213;0.4101562;231;236.784;29;112
1495;15;29;0;0.5;95;101;0.4323144;239;237.3861;29;0
1496;15;29;0;0.5;96;144;0.4889868;264;236.5417;29;43
1497;15;29;0;0.5;97;104;0.465812;235;235.9231;29;3
1498;15;29;0;0.5;98;101;0.5219298;222;236.7921;29;0
1499;15;29;0;0.5;99;202;0.3744292;246;237.3069;29;101
1500;15;29;0;0.5;100;102;0.5897436;234;235.8922;29;1
1501;16;224;0;0.5;1;103;0.5400844;247;237.3301;223.0971;2
1502;16;224;0;0.5;2;103;0.4976526;238;234.8738;222.4563;2
1503;16;224;0;0.5;3;103;0.4426877;247;234.8835;222.5728;2
1504;16;224;0;0.5;4;113;0.4334764;242;234.3805;222.2743;12
1505;16;224;0;0.5;5;101;0.4691358;249;236.2772;223.1089;0
1506;16;224;0;0.5;6;1000;1;263;236.694;222.927;900
1507;16;224;0;0.5;7;101;0.4181034;242;236.4752;223.0495;0
1508;16;224;0;0.5;8;104;0.4169884;232;237.7115;223.2692;3
1509;16;224;0;0.5;9;1000;0.1729323;266;236.218;222.599;900
1510;16;224;0;0.5;10;101;0.4594595;259;236.198;222.2277;0
1511;16;224;0;0.5;11;273;0.6489796;242;236.8059;222.5824;172
1512;16;224;0;0.5;12;1000;0;249;236.901;222.947;900
1513;16;224;0;0.5;13;223;0.406639;249;236.8924;222.8072;122
1514;16;224;0;0.5;14;512;0.5627907;249;237.2949;222.7812;411
1515;16;224;0;0.5;15;102;0.4;241;238.6078;223.1373;1
1516;16;224;0;0.5;16;104;0.4631148;242;237.9423;222.8846;3
1517;16;224;0;0.5;17;253;0.71875;244;237.3083;222.6996;152
1518;16;224;0;0.5;18;102;0.4810127;233;235.6275;223.0196;1
1519;16;224;0;0.5;19;420;0.4107143;233;236.5262;222.8238;319
1520;16;224;0;0.5;20;104;0.5365854;229;235.9038;222.2019;3
1521;16;224;0;0.5;21;101;0.5209302;250;236.3366;222.8713;0
1522;16;224;0;0.5;22;379;0.25;248;236.8575;222.7335;278
1523;16;224;0;0.5;23;114;0.436;263;239.7368;223.1754;13
1524;16;224;0;0.5;24;1000;0.007905138;253;236.903;222.813;900
1525;16;224;0;0.5;25;117;0.5625;218;239.6154;223.1368;16
1526;16;224;0;0.5;26;101;0.5120773;243;237.1386;222.9406;0
1527;16;224;0;0.5;27;362;0.6350365;215;235.489;222.4586;261
1528;16;224;0;0.5;28;103;0.484127;245;236.932;222.8932;2
1529;16;224;0;0.5;29;101;0.5;268;237.9208;223.2079;0
1530;16;224;0;0.5;30;126;0.5982533;242;236.2143;222.9921;25
1531;16;224;0;0.5;31;114;0.6175115;276;236.8509;222.6053;13
1532;16;224;0;0.5;32;101;0.4512195;239;237.1089;223.0396;0
1533;16;224;0;0.5;33;206;0.6681223;211;235.8447;222.6893;105
1534;16;224;0;0.5;34;104;0.4398148;247;235.6346;222.6058;3
1535;16;224;0;0.5;35;118;0.4122137;197;236.9661;222.9915;17
1536;16;224;0;0.5;36;108;0.5477387;237;236.1019;222.5463;7
1537;16;224;0;0.5;37;101;0.5091743;233;234.3267;222.5941;0
1538;16;224;0;0.5;38;101;0.5882353;236;238.198;222.5941;0
1539;16;224;0;0.5;39;122;0.6205357;255;237.9016;223.4344;21
1540;16;224;0;0.5;40;101;0.5253623;231;235.7228;222.099;0
1541;16;224;0;0.5;41;913;0.7330677;233;235.9277;222.6539;812
1542;16;224;0;0.5;42;501;0.3375;224;236.3313;222.6986;400
1543;16;224;0;0.5;43;153;0.375;236;237.7516;222.6405;52
1544;16;224;0;0.5;44;103;0.345098;244;234.8252;221.7961;2
1545;16;224;0;0.5;45;258;0.3585657;228;238.0853;223.0698;157
1546;16;224;0;0.5;46;106;0.6040816;255;236.8113;222.783;5
1547;16;224;0;0.5;47;103;0.4811715;239;238.6214;223.3204;2
1548;16;224;0;0.5;48;104;0.4310345;241;237.3365;222.9423;3
1549;16;224;0;0.5;49;108;0.4125561;231;235.5556;222.9815;7
1550;16;224;0;0.5;50;101;0.4979757;228;238.3861;223.1485;0
1551;16;224;0;0.5;51;134;0.5189873;238;237.0373;222.4179;33
1552;16;224;0;0.5;52;116;0.545082;232;238.2328;223.2586;15
1553;16;224;0;0.5;53;122;0.4598214;225;235.877;222.3115;21
1554;16;224;0;0.5;54;105;0.4878049;193;237.1238;222.4476;4
1555;16;224;0;0.5;55;105;0.4102564;229;236.6952;223.2381;4
1556;16;224;0;0.5;56;362;0.6260504;230;236.1906;222.9365;261
1557;16;224;0;0.5;57;734;0.5132743;240;236.6771;222.7943;633
1558;16;224;0;0.5;58;266;0.3730159;211;234.9962;222.4586;165
1559;16;224;0;0.5;59;101;0.5555556;245;238.0297;222.3465;0
1560;16;224;0;0.5;60;106;0.5743802;214;236.3868;222.2075;5
1561;16;224;0;0.5;61;474;0.4784483;253;237.3228;222.8481;373
1562;16;224;0;0.5;62;1000;0;255;237.094;222.926;900
1563;16;224;0;0.5;63;210;0.3543307;216;235.581;222.3;109
1564;16;224;0;0.5;64;106;0.4734694;229;235.9151;222.6792;5
1565;16;224;0;0.5;65;103;0.4173554;237;237.4757;223.5243;2
1566;16;224;0;0.5;66;101;0.4212963;257;237.703;223.0495;0
1567;16;224;0;0.5;67;296;0.6463415;225;237.1284;223.0135;195
1568;16;224;0;0.5;68;101;0.6160338;235;238.2079;223.4752;0
1569;16;224;0;0.5;69;1000;0;223;237.256;222.912;900
1570;16;224;0;0.5;70;1000;0;236;236.797;222.818;900
1571;16;224;0;0.5;71;101;0.4210526;247;237.5743;221.2673;0
1572;16;224;0;0.5;72;239;0.6015936;236;237.4142;222.6987;138
1573;16;224;0;0.5;73;145;0.3809524;254;235.7586;222.6483;44
1574;16;224;0;0.5;74;263;0.5485232;245;237.5095;223.0608;162
1575;16;224;0;0.5;75;112;0.5670498;240;236.3393;222.4375;11
1576;16;224;0;0.5;76;344;0.5348837;241;237.6017;222.782;243
1577;16;224;0;0.5;77;160;0.6098655;249;238.8313;223.2625;59
1578;16;224;0;0.5;78;101;0.43083;222;234.7129;221.9109;0
1579;16;224;0;0.5;79;121;0.6434783;255;236.5537;222.8182;20
1580;16;224;0;0.5;80;433;0.4163265;241;236.4134;222.5219;332
1581;16;224;0;0.5;81;107;0.4166667;231;236.9626;223.0748;6
1582;16;224;0;0.5;82;108;0.6208333;227;236.6204;222.4074;7
1583;16;224;0;0.5;83;1000;0;235;236.622;222.849;900
1584;16;224;0;0.5;84;169;0.4016393;225;236.142;222.8107;68
1585;16;224;0;0.5;85;1000;0.08606557;244;236.21;222.642;900
1586;16;224;0;0.5;86;116;0.6551724;248;236.0086;222.5431;15
1587;16;224;0;0.5;87;132;0.5984848;224;237.8333;223.197;31
1588;16;224;0;0.5;88;401;0.4622222;246;236.5062;222.409;300
1589;16;224;0;0.5;89;102;0.4746544;231;236.9902;222.3627;1
1590;16;224;0;0.5;90;125;0.4268775;235;237.92;223.384;24
1591;16;224;0;0.5;91;101;0.4642857;226;237.0198;222.1089;0
1592;16;224;0;0.5;92;101;0.5;242;236.2277;222.7228;0
1593;16;224;0;0.5;93;101;0.4529915;236;235.8119;222.2673;0
1594;16;224;0;0.5;94;101;0.516129;269;236.8416;222.8713;0
1595;16;224;0;0.5;95;1000;1;215;236.204;222.916;900
1596;16;224;0;0.5;96;101;0.5469388;227;235.901;222.5149;0
1597;16;224;0;0.5;97;160;0.5964912;225;237.5312;222.7875;59
1598;16;224;0;0.5;98;101;0.5146444;257;237.1782;222.901;0
1599;16;224;0;0.5;99;340;0.5258216;233;235.7676;222.6941;239
1600;16;224;0;0.5;100;102;0.4311111;249;236.9314;222.6961;1
1601;17;1;0.1;0.5;1;102;0.5726141;250;237.1373;1;1
1602;17;1;0.1;0.5;2;105;0.4642857;224;235.5714;1;4
1603;17;1;0.1;0.5;3;101;0.4521739;240;237.0396;1;0
1604;17;1;0.1;0.5;4;101;0.4429224;237;235.6535;1;0
1605;17;1;0.1;0.5;5;101;0.4810127;244;235.4455;1;0
1606;17;1;0.1;0.5;6;124;0.3869565;253;235.1855;1;23
1607;17;1;0.1;0.5;7;105;0.6525424;228;237.4286;1;4
1608;17;1;0.1;0.5;8;110;0.3964758;236;234.1182;1;9
1609;17;1;0.1;0.5;9;101;0.534413;219;236.6238;1;0
1610;17;1;0.1;0.5;10;131;0.6244898;232;235.7634;1;30
1611;17;1;0.1;0.5;11;101;0.5138889;216;236.4851;1;0
1612;17;1;0.1;0.5;12;112;0.5258621;239;236.375;1;11
1613;17;1;0.1;0.5;13;101;0.4930233;260;237.7624;1;0
1614;17;1;0.1;0.5;14;130;0.5536481;214;238.8462;1;29
1615;17;1;0.1;0.5;15;119;0.4618834;253;238.5966;1;18
1616;17;1;0.1;0.5;16;101;0.5;215;237.7327;1;0
1617;17;1;0.1;0.5;17;101;0.4356846;235;236.1089;1;0
1618;17;1;0.1;0.5;18;116;0.4855769;258;238.681;1;15
1619;17;1;0.1;0.5;19;127;0.5465587;230;235.6457;1;26
1620;17;1;0.1;0.5;20;102;0.4578313;233;236.9314;1;1
1621;17;1;0.1;0.5;21;103;0.472103;235;236.534;1;2
1622;17;1;0.1;0.5;22;103;0.4851064;214;235.1942;1;2
1623;17;1;0.1;0.5;23;101;0.5289575;226;238.3168;1;0
1624;17;1;0.1;0.5;24;101;0.5063291;244;236.5545;1;0
1625;17;1;0.1;0.5;25;111;0.6210938;242;236.0991;1;10
1626;17;1;0.1;0.5;26;101;0.5217391;234;238.7822;1;0
1627;17;1;0.1;0.5;27;108;0.4341085;241;236.6481;1;7
1628;17;1;0.1;0.5;28;115;0.5726872;239;236.2522;1;14
1629;17;1;0.1;0.5;29;101;0.5414847;257;237.6238;1;0
1630;17;1;0.1;0.5;30;102;0.5336134;230;237.3725;1;1
1631;17;1;0.1;0.5;31;101;0.5;241;237.9505;1;0
1632;17;1;0.1;0.5;32;103;0.3733906;233;236.3883;1;2
1633;17;1;0.1;0.5;33;102;0.520362;232;237.6471;1;1
1634;17;1;0.1;0.5;34;112;0.392;243;235.6161;1;11
1635;17;1;0.1;0.5;35;101;0.5769231;253;235.9604;1;0
1636;17;1;0.1;0.5;36;103;0.4588745;230;235.0485;1;2
1637;17;1;0.1;0.5;37;115;0.572;223;237.7739;1;14
1638;17;1;0.1;0.5;38;101;0.4291667;221;237.396;1;0
1639;17;1;0.1;0.5;39;101;0.5125;214;236.495;1;0
1640;17;1;0.1;0.5;40;102;0.4747899;217;236.6569;1;1
1641;17;1;0.1;0.5;41;105;0.5354331;233;234.8762;1;4
1642;17;1;0.1;0.5;42;102;0.5493562;232;237.6765;1;1
1643;17;1;0.1;0.5;43;104;0.4147287;259;235.4231;1;3
1644;17;1;0.1;0.5;44;106;0.53125;240;237.5377;1;5
1645;17;1;0.1;0.5;45;101;0.4537445;247;235.6337;1;0
1646;17;1;0.1;0.5;46;106;0.5594714;242;235.5755;1;5
1647;17;1;0.1;0.5;47;102;0.5598086;242;238.6863;1;1
1648;17;1;0.1;0.5;48;118;0.4672489;237;238.0169;1;17
1649;17;1;0.1;0.5;49;111;0.527897;228;236.6847;1;10
1650;17;1;0.1;0.5;50;101;0.4915254;229;236.6832;1;0
1651;17;1;0.1;0.5;51;111;0.5568627;256;236.6036;1;10
1652;17;1;0.1;0.5;52;101;0.4805195;229;236.297;1;0
1653;17;1;0.1;0.5;53;101;0.4713656;230;236.5545;1;0
1654;17;1;0.1;0.5;54;111;0.4980237;240;236.9279;1;10
1655;17;1;0.1;0.5;55;101;0.4393305;224;237.2574;1;0
1656;17;1;0.1;0.5;56;101;0.5940171;235;236.495;1;0
1657;17;1;0.1;0.5;57;101;0.512931;261;237.297;1;0
1658;17;1;0.1;0.5;58;101;0.5676856;238;237.0198;1;0
1659;17;1;0.1;0.5;59;104;0.5619469;230;237.1058;1;3
1660;17;1;0.1;0.5;60;109;0.4585153;236;236.7431;1;8
1661;17;1;0.1;0.5;61;101;0.4808511;245;237.4158;1;0
1662;17;1;0.1;0.5;62;101;0.4695652;252;238.5347;1;0
1663;17;1;0.1;0.5;63;107;0.5931559;214;236.9252;1;6
1664;17;1;0.1;0.5;64;101;0.5333333;259;235.7129;1;0
1665;17;1;0.1;0.5;65;101;0.4700855;216;236.7723;1;0
1666;17;1;0.1;0.5;66;101;0.5928854;246;236.2574;1;0
1667;17;1;0.1;0.5;67;104;0.4893617;244;236.2692;1;3
1668;17;1;0.1;0.5;68;107;0.4253394;232;237.7477;1;6
1669;17;1;0.1;0.5;69;101;0.4125;230;236.2673;1;0
1670;17;1;0.1;0.5;70;109;0.4889868;226;235.7431;1;8
1671;17;1;0.1;0.5;71;110;0.4517375;213;236.1818;1;9
1672;17;1;0.1;0.5;72;101;0.4957627;255;237.3762;1;0
1673;17;1;0.1;0.5;73;101;0.4936709;232;236.1683;1;0
1674;17;1;0.1;0.5;74;103;0.352;244;236.8447;1;2
1675;17;1;0.1;0.5;75;103;0.5789474;238;237.1553;1;2
1676;17;1;0.1;0.5;76;101;0.474359;237;236.3762;1;0
1677;17;1;0.1;0.5;77;101;0.542735;240;237.9406;1;0
1678;17;1;0.1;0.5;78;101;0.6202532;200;235.2574;1;0
1679;17;1;0.1;0.5;79;119;0.5101215;224;237.0588;1;18
1680;17;1;0.1;0.5;80;102;0.5041667;245;237.2157;1;1
1681;17;1;0.1;0.5;81;101;0.4633028;236;236.9802;1;0
1682;17;1;0.1;0.5;82;105;0.6538462;240;238.1524;1;4
1683;17;1;0.1;0.5;83;104;0.4512195;241;235.6827;1;3
1684;17;1;0.1;0.5;84;102;0.407563;260;238.5392;1;1
1685;17;1;0.1;0.5;85;104;0.5227273;273;234.6827;1;3
1686;17;1;0.1;0.5;86;103;0.4882812;230;236.068;1;2
1687;17;1;0.1;0.5;87;104;0.5019455;237;236.375;1;3
1688;17;1;0.1;0.5;88;122;0.371179;234;236.5984;1;21
1689;17;1;0.1;0.5;89;101;0.508;250;237.0594;1;0
1690;17;1;0.1;0.5;90;101;0.4773663;226;237.1782;1;0
1691;17;1;0.1;0.5;91;101;0.4615385;222;238.1485;1;0
1692;17;1;0.1;0.5;92;101;0.555102;234;236.6337;1;0
1693;17;1;0.1;0.5;93;101;0.4596774;218;236.1188;1;0
1694;17;1;0.1;0.5;94;101;0.4330709;227;239.0792;1;0
1695;17;1;0.1;0.5;95;106;0.372093;228;235.8962;1;5
1696;17;1;0.1;0.5;96;101;0.4518828;222;237.4356;1;0
1697;17;1;0.1;0.5;97;103;0.5726872;249;235.1942;1;2
1698;17;1;0.1;0.5;98;111;0.3636364;234;237.1802;1;10
1699;17;1;0.1;0.5;99;104;0.3788546;224;235.4519;1;3
1700;17;1;0.1;0.5;100;107;0.408;242;236.6636;1;6
1701;18;3;0.1;0.5;1;102;0.5158371;237;236.1275;3;1
1702;18;3;0.1;0.5;2;101;0.4765957;254;237.9505;3;0
1703;18;3;0.1;0.5;3;105;0.4576271;228;236.3238;3;4
1704;18;3;0.1;0.5;4;101;0.4678899;222;234.8515;3;0
1705;18;3;0.1;0.5;5;101;0.419214;246;235.505;3;0
1706;18;3;0.1;0.5;6;103;0.4241245;239;236.233;3;2
1707;18;3;0.1;0.5;7;102;0.4647303;210;235.8627;3;1
1708;18;3;0.1;0.5;8;102;0.5418502;230;235.7549;3;1
1709;18;3;0.1;0.5;9;103;0.5411765;226;236.2039;3;2
1710;18;3;0.1;0.5;10;132;0.3893805;236;238.7576;3;31
1711;18;3;0.1;0.5;11;101;0.5059761;231;237.0198;3;0
1712;18;3;0.1;0.5;12;103;0.4956897;248;238.5049;3;2
1713;18;3;0.1;0.5;13;109;0.3972603;228;236.945;3;8
1714;18;3;0.1;0.5;14;130;0.5144033;227;236.8308;3;29
1715;18;3;0.1;0.5;15;101;0.4495798;226;236.0594;3;0
1716;18;3;0.1;0.5;16;120;0.5603113;232;237.2083;3;19
1717;18;3;0.1;0.5;17;101;0.4666667;226;237.2079;3;0
1718;18;3;0.1;0.5;18;107;0.6101695;210;236.1402;3;6
1719;18;3;0.1;0.5;19;102;0.4254386;231;234.3824;3;1
1720;18;3;0.1;0.5;20;101;0.5725806;226;235.5347;3;0
1721;18;3;0.1;0.5;21;110;0.4716981;250;236.0364;3;9
1722;18;3;0.1;0.5;22;101;0.5426009;238;234.5941;3;0
1723;18;3;0.1;0.5;23;102;0.4957627;237;234.7745;3;1
1724;18;3;0.1;0.5;24;102;0.4651163;210;236.0196;3;1
1725;18;3;0.1;0.5;25;101;0.4367347;230;236.4752;3;0
1726;18;3;0.1;0.5;26;101;0.4734513;220;236.7921;3;0
1727;18;3;0.1;0.5;27;101;0.4170404;228;237.2475;3;0
1728;18;3;0.1;0.5;28;107;0.552;224;236.3645;3;6
1729;18;3;0.1;0.5;29;105;0.4649123;240;236.219;3;4
1730;18;3;0.1;0.5;30;102;0.4836066;239;236.0686;3;1
1731;18;3;0.1;0.5;31;101;0.3878505;231;235.7822;3;0
1732;18;3;0.1;0.5;32;117;0.5439331;228;235.094;3;16
1733;18;3;0.1;0.5;33;101;0.5458515;251;236.1881;3;0
1734;18;3;0.1;0.5;34;101;0.5434783;221;237.3663;3;0
1735;18;3;0.1;0.5;35;102;0.5625;208;236.1667;3;1
1736;18;3;0.1;0.5;36;102;0.4763948;215;237.2353;3;1
1737;18;3;0.1;0.5;37;103;0.5299539;241;236.6893;3;2
1738;18;3;0.1;0.5;38;105;0.5243902;245;235.4286;3;4
1739;18;3;0.1;0.5;39;101;0.465812;227;235.8614;3;0
1740;18;3;0.1;0.5;40;101;0.4421488;230;239.9505;3;0
1741;18;3;0.1;0.5;41;103;0.5228216;224;237.2039;3;2
1742;18;3;0.1;0.5;42;101;0.5081301;224;236.4158;3;0
1743;18;3;0.1;0.5;43;101;0.4791667;225;235.6832;3;0
1744;18;3;0.1;0.5;44;102;0.5512821;261;237.2745;3;1
1745;18;3;0.1;0.5;45;109;0.5942623;217;238.1193;3;8
1746;18;3;0.1;0.5;46;101;0.5493562;247;234.802;3;0
1747;18;3;0.1;0.5;47;101;0.547619;248;237.1089;3;0
1748;18;3;0.1;0.5;48;101;0.5232068;240;235.4554;3;0
1749;18;3;0.1;0.5;49;104;0.48583;247;237.2885;3;3
1750;18;3;0.1;0.5;50;101;0.6420233;233;237.4356;3;0
1751;18;3;0.1;0.5;51;107;0.5221239;250;234.5701;3;6
1752;18;3;0.1;0.5;52;101;0.444;209;236.0594;3;0
1753;18;3;0.1;0.5;53;107;0.4380165;241;236.3178;3;6
1754;18;3;0.1;0.5;54;108;0.5371179;236;235.1204;3;7
1755;18;3;0.1;0.5;55;101;0.454902;234;237.2475;3;0
1756;18;3;0.1;0.5;56;101;0.4538153;207;237.3465;3;0
1757;18;3;0.1;0.5;57;101;0.522449;236;239.0198;3;0
1758;18;3;0.1;0.5;58;107;0.4049587;240;235.2991;3;6
1759;18;3;0.1;0.5;59;101;0.5474138;242;236.5248;3;0
1760;18;3;0.1;0.5;60;101;0.5446429;224;234.8317;3;0
1761;18;3;0.1;0.5;61;101;0.4192308;201;238.0594;3;0
1762;18;3;0.1;0.5;62;109;0.5707763;235;235.1835;3;8
1763;18;3;0.1;0.5;63;103;0.4852321;218;235.6505;3;2
1764;18;3;0.1;0.5;64;105;0.5263158;228;236.6476;3;4
1765;18;3;0.1;0.5;65;101;0.4933921;223;235.9802;3;0
1766;18;3;0.1;0.5;66;101;0.450495;265;236.703;3;0
1767;18;3;0.1;0.5;67;101;0.5371901;234;238.9109;3;0
1768;18;3;0.1;0.5;68;106;0.4439655;258;234.6132;3;5
1769;18;3;0.1;0.5;69;102;0.460177;253;237.7549;3;1
1770;18;3;0.1;0.5;70;101;0.4678112;238;235.7723;3;0
1771;18;3;0.1;0.5;71;103;0.4741379;240;237.3883;3;2
1772;18;3;0.1;0.5;72;101;0.463964;226;236.9703;3;0
1773;18;3;0.1;0.5;73;105;0.4672131;227;234.7714;3;4
1774;18;3;0.1;0.5;74;101;0.5840708;239;239.1584;3;0
1775;18;3;0.1;0.5;75;110;0.4845815;248;237.1273;3;9
1776;18;3;0.1;0.5;76;102;0.6260163;225;237.2059;3;1
1777;18;3;0.1;0.5;77;105;0.3900415;256;236;3;4
1778;18;3;0.1;0.5;78;101;0.5343511;237;237.1683;3;0
1779;18;3;0.1;0.5;79;103;0.4318182;237;236.165;3;2
1780;18;3;0.1;0.5;80;106;0.4693878;222;236.717;3;5
1781;18;3;0.1;0.5;81;104;0.4637097;227;238.4904;3;3
1782;18;3;0.1;0.5;82;110;0.5787037;254;236.1909;3;9
1783;18;3;0.1;0.5;83;101;0.4308943;231;236.9802;3;0
1784;18;3;0.1;0.5;84;107;0.6425532;234;237.2523;3;6
1785;18;3;0.1;0.5;85;101;0.5879828;245;237.2178;3;0
1786;18;3;0.1;0.5;86;107;0.373494;230;236.2056;3;6
1787;18;3;0.1;0.5;87;108;0.4767932;228;237.287;3;7
1788;18;3;0.1;0.5;88;101;0.5120773;247;234.8614;3;0
1789;18;3;0.1;0.5;89;101;0.5684647;251;237.4653;3;0
1790;18;3;0.1;0.5;90;103;0.4675325;243;237.6311;3;2
1791;18;3;0.1;0.5;91;106;0.5803571;256;235.9434;3;5
1792;18;3;0.1;0.5;92;122;0.5877193;233;235.623;3;21
1793;18;3;0.1;0.5;93;101;0.5042017;247;237.5149;3;0
1794;18;3;0.1;0.5;94;119;0.372807;234;235.6975;3;18
1795;18;3;0.1;0.5;95;104;0.5154185;240;238.4231;3;3
1796;18;3;0.1;0.5;96;107;0.6419214;227;237.1402;3;6
1797;18;3;0.1;0.5;97;104;0.5560538;254;236.6731;3;3
1798;18;3;0.1;0.5;98;104;0.3940678;242;238.1154;3;3
1799;18;3;0.1;0.5;99;101;0.4144487;223;235.2376;3;0
1800;18;3;0.1;0.5;100;111;0.4173228;219;236.8919;3;10
1801;19;5;0.1;0.5;1;101;0.4868421;262;236.6337;5;0
1802;19;5;0.1;0.5;2;101;0.5737705;228;237.8713;5;0
1803;19;5;0.1;0.5;3;101;0.4738956;237;238.8416;5;0
1804;19;5;0.1;0.5;4;102;0.4251969;224;237.6275;5;1
1805;19;5;0.1;0.5;5;116;0.534188;244;236.2931;5;15
1806;19;5;0.1;0.5;6;101;0.4916667;237;235.703;5;0
1807;19;5;0.1;0.5;7;113;0.5521739;255;236.7876;5;12
1808;19;5;0.1;0.5;8;101;0.4325397;221;238.5743;5;0
1809;19;5;0.1;0.5;9;139;0.41841;277;237.0719;5;38
1810;19;5;0.1;0.5;10;101;0.4516129;216;235.1683;5;0
1811;19;5;0.1;0.5;11;101;0.573913;232;238.2277;5;0
1812;19;5;0.1;0.5;12;101;0.5619469;262;235.8614;5;0
1813;19;5;0.1;0.5;13;101;0.4568966;248;237.0396;5;0
1814;19;5;0.1;0.5;14;102;0.4529148;238;236.6471;5;1
1815;19;5;0.1;0.5;15;101;0.4618834;229;236.8317;5;0
1816;19;5;0.1;0.5;16;108;0.4660633;256;237.3148;5;7
1817;19;5;0.1;0.5;17;101;0.5;206;237.4554;5;0
1818;19;5;0.1;0.5;18;102;0.4529915;271;236.3922;5;1
1819;19;5;0.1;0.5;19;102;0.4420601;235;236.6765;5;1
1820;19;5;0.1;0.5;20;110;0.4678112;230;237.4909;5;9
1821;19;5;0.1;0.5;21;101;0.5153846;223;236.2277;5;0
1822;19;5;0.1;0.5;22;112;0.5569106;237;236.2946;5;11
1823;19;5;0.1;0.5;23;101;0.4796748;232;236.3663;5;0
1824;19;5;0.1;0.5;24;116;0.4457831;244;235.1638;5;15
1825;19;5;0.1;0.5;25;102;0.5303644;227;236.0098;5;1
1826;19;5;0.1;0.5;26;101;0.5560166;251;236.901;5;0
1827;19;5;0.1;0.5;27;102;0.4533333;247;238.5882;5;1
1828;19;5;0.1;0.5;28;104;0.542735;224;235.9327;5;3
1829;19;5;0.1;0.5;29;102;0.4790698;248;238.8824;5;1
1830;19;5;0.1;0.5;30;101;0.6141079;230;235.8614;5;0
1831;19;5;0.1;0.5;31;105;0.510917;232;235.619;5;4
1832;19;5;0.1;0.5;32;101;0.5178571;243;236.6337;5;0
1833;19;5;0.1;0.5;33;101;0.3246753;253;235.1782;5;0
1834;19;5;0.1;0.5;34;108;0.5512821;233;235.9444;5;7
1835;19;5;0.1;0.5;35;102;0.54;255;236.1569;5;1
1836;19;5;0.1;0.5;36;103;0.4325397;240;239.1262;5;2
1837;19;5;0.1;0.5;37;119;0.5539033;235;237.437;5;18
1838;19;5;0.1;0.5;38;102;0.5586854;267;239.6765;5;1
1839;19;5;0.1;0.5;39;101;0.4705882;248;237.7228;5;0
1840;19;5;0.1;0.5;40;109;0.4357977;217;236.8716;5;8
1841;19;5;0.1;0.5;41;101;0.4396552;237;237.9802;5;0
1842;19;5;0.1;0.5;42;101;0.6069869;219;235.6733;5;0
1843;19;5;0.1;0.5;43;101;0.5043103;266;235.5842;5;0
1844;19;5;0.1;0.5;44;101;0.4460094;247;236.2871;5;0
1845;19;5;0.1;0.5;45;101;0.4844444;232;236.3465;5;0
1846;19;5;0.1;0.5;46;101;0.5021097;226;235.6139;5;0
1847;19;5;0.1;0.5;47;101;0.58;243;235.703;5;0
1848;19;5;0.1;0.5;48;101;0.4395161;225;237.9307;5;0
1849;19;5;0.1;0.5;49;101;0.5381356;224;235.7129;5;0
1850;19;5;0.1;0.5;50;107;0.4090909;221;237.2056;5;6
1851;19;5;0.1;0.5;51;102;0.5022831;239;237.2549;5;1
1852;19;5;0.1;0.5;52;101;0.4206009;249;236.6535;5;0
1853;19;5;0.1;0.5;53;105;0.4940711;238;237.1714;5;4
1854;19;5;0.1;0.5;54;101;0.4847162;242;236.6337;5;0
1855;19;5;0.1;0.5;55;104;0.5892857;240;235.5962;5;3
1856;19;5;0.1;0.5;56;102;0.5486381;222;237.1373;5;1
1857;19;5;0.1;0.5;57;101;0.5450644;253;238.7624;5;0
1858;19;5;0.1;0.5;58;102;0.5225225;237;235.1667;5;1
1859;19;5;0.1;0.5;59;103;0.54;242;235.6214;5;2
1860;19;5;0.1;0.5;60;105;0.5175439;229;237.4762;5;4
1861;19;5;0.1;0.5;61;110;0.438914;257;234.3;5;9
1862;19;5;0.1;0.5;62;102;0.4564315;240;238.9216;5;1
1863;19;5;0.1;0.5;63;101;0.448;237;238.3168;5;0
1864;19;5;0.1;0.5;64;101;0.5263158;245;238.5941;5;0
1865;19;5;0.1;0.5;65;103;0.4139535;245;236.5728;5;2
1866;19;5;0.1;0.5;66;103;0.6136364;248;237.1262;5;2
1867;19;5;0.1;0.5;67;101;0.4625;227;237.6337;5;0
1868;19;5;0.1;0.5;68;108;0.6422764;233;236.7685;5;7
1869;19;5;0.1;0.5;69;101;0.5154185;229;235.1584;5;0
1870;19;5;0.1;0.5;70;101;0.6031128;208;235.5347;5;0
1871;19;5;0.1;0.5;71;101;0.5150215;224;237.604;5;0
1872;19;5;0.1;0.5;72;102;0.4044444;205;236.6275;5;1
1873;19;5;0.1;0.5;73;137;0.4493927;245;236.8248;5;36
1874;19;5;0.1;0.5;74;102;0.4715447;229;236.2353;5;1
1875;19;5;0.1;0.5;75;101;0.4156379;209;237.0198;5;0
1876;19;5;0.1;0.5;76;101;0.5280374;263;236.9208;5;0
1877;19;5;0.1;0.5;77;107;0.4567901;225;236.6075;5;6
1878;19;5;0.1;0.5;78;117;0.5428571;228;236.7521;5;16
1879;19;5;0.1;0.5;79;111;0.5227273;229;235.5495;5;10
1880;19;5;0.1;0.5;80;105;0.622807;230;237.7714;5;4
1881;19;5;0.1;0.5;81;104;0.4788136;244;236.5288;5;3
1882;19;5;0.1;0.5;82;102;0.5168067;225;237.4314;5;1
1883;19;5;0.1;0.5;83;114;0.4115385;229;237.8772;5;13
1884;19;5;0.1;0.5;84;104;0.4773663;241;237.0577;5;3
1885;19;5;0.1;0.5;85;104;0.5454545;229;237.6442;5;3
1886;19;5;0.1;0.5;86;101;0.4628099;215;236.1485;5;0
1887;19;5;0.1;0.5;87;101;0.4493392;252;236.297;5;0
1888;19;5;0.1;0.5;88;101;0.5133929;250;238.3861;5;0
1889;19;5;0.1;0.5;89;101;0.4876033;224;236.6535;5;0
1890;19;5;0.1;0.5;90;111;0.4063927;248;238.027;5;10
1891;19;5;0.1;0.5;91;101;0.3786008;243;235.396;5;0
1892;19;5;0.1;0.5;92;101;0.472;237;236.9505;5;0
1893;19;5;0.1;0.5;93;101;0.580786;223;238.7129;5;0
1894;19;5;0.1;0.5;94;110;0.5347826;255;236.7273;5;9
1895;19;5;0.1;0.5;95;101;0.4401709;242;238.4356;5;0
1896;19;5;0.1;0.5;96;102;0.5196507;236;236.9118;5;1
1897;19;5;0.1;0.5;97;101;0.4637097;243;236.6634;5;0
1898;19;5;0.1;0.5;98;108;0.5891473;250;238.7037;5;7
1899;19;5;0.1;0.5;99;101;0.5198238;231;236.7228;5;0
1900;19;5;0.1;0.5;100;103;0.5823755;242;236.6699;5;2
1901;20;7;0.1;0.5;1;105;0.512;239;236.6667;7;4
1902;20;7;0.1;0.5;2;104;0.6244131;258;237.0962;7;3
1903;20;7;0.1;0.5;3;101;0.4853556;224;236.3168;7;0
1904;20;7;0.1;0.5;4;105;0.5638767;227;236.619;7;4
1905;20;7;0.1;0.5;5;107;0.5403226;237;237.7944;7;6
1906;20;7;0.1;0.5;6;102;0.4895397;255;238.2157;7;1
1907;20;7;0.1;0.5;7;105;0.5632184;261;236.9714;7;4
1908;20;7;0.1;0.5;8;101;0.5191489;219;235.5743;7;0
1909;20;7;0.1;0.5;9;101;0.4774436;221;236.4554;7;0
1910;20;7;0.1;0.5;10;101;0.5470852;223;235.1089;7;0
1911;20;7;0.1;0.5;11;105;0.539749;251;238.1619;7;4
1912;20;7;0.1;0.5;12;101;0.4042553;203;237.6931;7;0
1913;20;7;0.1;0.5;13;101;0.4444444;250;238.8119;7;0
1914;20;7;0.1;0.5;14;103;0.5546875;237;236.3204;7;2
1915;20;7;0.1;0.5;15;103;0.4132841;218;235.6019;7;2
1916;20;7;0.1;0.5;16;106;0.5504202;244;236.566;7;5
1917;20;7;0.1;0.5;17;105;0.54;255;237.1714;7;4
1918;20;7;0.1;0.5;18;103;0.5020921;242;235.9029;7;2
1919;20;7;0.1;0.5;19;101;0.4767932;247;235.6832;7;0
1920;20;7;0.1;0.5;20;102;0.5338983;214;237.7745;7;1
1921;20;7;0.1;0.5;21;103;0.5060241;232;237.2816;7;2
1922;20;7;0.1;0.5;22;101;0.506383;234;237.1683;7;0
1923;20;7;0.1;0.5;23;102;0.5209125;252;239.0294;7;1
1924;20;7;0.1;0.5;24;127;0.3843137;239;238.4882;7;26
1925;20;7;0.1;0.5;25;103;0.5531915;232;234.3301;7;2
1926;20;7;0.1;0.5;26;103;0.5303644;232;237.233;7;2
1927;20;7;0.1;0.5;27;103;0.4757709;230;237.8155;7;2
1928;20;7;0.1;0.5;28;106;0.5411255;228;235.5377;7;5
1929;20;7;0.1;0.5;29;101;0.5361217;265;238.3366;7;0
1930;20;7;0.1;0.5;30;108;0.6;242;238.5648;7;7
1931;20;7;0.1;0.5;31;102;0.5327869;238;235.6961;7;1
1932;20;7;0.1;0.5;32;102;0.4110169;244;236.1961;7;1
1933;20;7;0.1;0.5;33;101;0.5221239;259;238.4455;7;0
1934;20;7;0.1;0.5;34;104;0.443038;241;236.2212;7;3
1935;20;7;0.1;0.5;35;103;0.3922414;223;236.5922;7;2
1936;20;7;0.1;0.5;36;101;0.4859438;225;237.4059;7;0
1937;20;7;0.1;0.5;37;101;0.4805195;240;235.9802;7;0
1938;20;7;0.1;0.5;38;102;0.5123967;242;236.9412;7;1
1939;20;7;0.1;0.5;39;102;0.4150198;226;235.9608;7;1
1940;20;7;0.1;0.5;40;103;0.5703125;249;239.6214;7;2
1941;20;7;0.1;0.5;41;101;0.5347826;230;236.5743;7;0
1942;20;7;0.1;0.5;42;101;0.4606299;206;237.3069;7;0
1943;20;7;0.1;0.5;43;107;0.4016736;238;239.2617;7;6
1944;20;7;0.1;0.5;44;101;0.5619469;220;236.7327;7;0
1945;20;7;0.1;0.5;45;159;0.5854701;242;237.6604;7;58
1946;20;7;0.1;0.5;46;102;0.5318182;247;236.098;7;1
1947;20;7;0.1;0.5;47;110;0.4710425;219;237.9727;7;9
1948;20;7;0.1;0.5;48;101;0.5069767;245;237.8119;7;0
1949;20;7;0.1;0.5;49;102;0.4752066;236;237.5;7;1
1950;20;7;0.1;0.5;50;109;0.5694444;257;236.633;7;8
1951;20;7;0.1;0.5;51;101;0.5982143;235;234.7624;7;0
1952;20;7;0.1;0.5;52;101;0.4698795;242;237.9307;7;0
1953;20;7;0.1;0.5;53;106;0.4305556;257;234.6604;7;5
1954;20;7;0.1;0.5;54;104;0.501992;253;237.4904;7;3
1955;20;7;0.1;0.5;55;101;0.5142857;260;234.7327;7;0
1956;20;7;0.1;0.5;56;101;0.3924051;234;236.1188;7;0
1957;20;7;0.1;0.5;57;106;0.3151751;242;237.7547;7;5
1958;20;7;0.1;0.5;58;125;0.4840183;248;237.568;7;24
1959;20;7;0.1;0.5;59;101;0.3791667;238;236.703;7;0
1960;20;7;0.1;0.5;60;101;0.5684647;233;235.7228;7;0
1961;20;7;0.1;0.5;61;106;0.4177778;243;234.7358;7;5
1962;20;7;0.1;0.5;62;104;0.5260664;243;235.6731;7;3
1963;20;7;0.1;0.5;63;103;0.5420168;221;237.0291;7;2
1964;20;7;0.1;0.5;64;104;0.4347826;219;236.9231;7;3
1965;20;7;0.1;0.5;65;103;0.3811659;215;235.2039;7;2
1966;20;7;0.1;0.5;66;101;0.4514768;244;236.0396;7;0
1967;20;7;0.1;0.5;67;101;0.5339367;241;236.604;7;0
1968;20;7;0.1;0.5;68;101;0.5911111;243;237.604;7;0
1969;20;7;0.1;0.5;69;102;0.4795082;229;237.3039;7;1
1970;20;7;0.1;0.5;70;101;0.5213675;232;236.7129;7;0
1971;20;7;0.1;0.5;71;131;0.4759825;246;237.5038;7;30
1972;20;7;0.1;0.5;72;104;0.510917;262;235.9423;7;3
1973;20;7;0.1;0.5;73;102;0.5598291;218;236.9902;7;1
1974;20;7;0.1;0.5;74;120;0.3780488;241;238.1167;7;19
1975;20;7;0.1;0.5;75;105;0.4488889;258;237.1905;7;4
1976;20;7;0.1;0.5;76;106;0.4761905;223;235.5566;7;5
1977;20;7;0.1;0.5;77;101;0.4822134;226;235.703;7;0
1978;20;7;0.1;0.5;78;115;0.6168224;242;236.8087;7;14
1979;20;7;0.1;0.5;79;106;0.6106195;253;237.2358;7;5
1980;20;7;0.1;0.5;80;103;0.5502183;228;235.2039;7;2
1981;20;7;0.1;0.5;81;171;0.4303797;243;237.6784;7;70
1982;20;7;0.1;0.5;82;104;0.4849785;260;235.2788;7;3
1983;20;7;0.1;0.5;83;101;0.6194332;236;236.0198;7;0
1984;20;7;0.1;0.5;84;142;0.5387454;201;237.0282;7;41
1985;20;7;0.1;0.5;85;102;0.3966942;258;235.6373;7;1
1986;20;7;0.1;0.5;86;105;0.5473251;229;237.0381;7;4
1987;20;7;0.1;0.5;87;113;0.5635593;255;235.9823;7;12
1988;20;7;0.1;0.5;88;103;0.5760369;236;236.835;7;2
1989;20;7;0.1;0.5;89;103;0.4915966;231;235.7184;7;2
1990;20;7;0.1;0.5;90;102;0.5708661;217;236.3431;7;1
1991;20;7;0.1;0.5;91;123;0.55;252;235.9837;7;22
1992;20;7;0.1;0.5;92;111;0.4232558;236;236.8559;7;10
1993;20;7;0.1;0.5;93;110;0.4549356;241;238.1727;7;9
1994;20;7;0.1;0.5;94;106;0.4219409;236;235.5943;7;5
1995;20;7;0.1;0.5;95;101;0.5166667;233;235.198;7;0
1996;20;7;0.1;0.5;96;101;0.532;222;235.802;7;0
1997;20;7;0.1;0.5;97;101;0.4916667;245;235.8218;7;0
1998;20;7;0.1;0.5;98;101;0.452381;227;235.8911;7;0
1999;20;7;0.1;0.5;99;101;0.4567901;241;237.4554;7;0
2000;20;7;0.1;0.5;100;117;0.5761317;220;237.1197;7;16
2001;21;9;0.1;0.5;1;102;0.4208333;250;237.4412;9;1
2002;21;9;0.1;0.5;2;105;0.5185185;216;237.2571;9;4
2003;21;9;0.1;0.5;3;102;0.5409091;236;237.2451;9;1
2004;21;9;0.1;0.5;4;102;0.4509804;241;237.7157;9;1
2005;21;9;0.1;0.5;5;112;0.6113537;259;235.6964;9;11
2006;21;9;0.1;0.5;6;104;0.5664062;244;237.6731;9;3
2007;21;9;0.1;0.5;7;102;0.5555556;241;237.6569;9;1
2008;21;9;0.1;0.5;8;101;0.5652174;244;236.6733;9;0
2009;21;9;0.1;0.5;9;105;0.5375;243;234.3905;9;4
2010;21;9;0.1;0.5;10;101;0.4177778;238;236;9;0
2011;21;9;0.1;0.5;11;101;0.5479452;232;237.9406;9;0
2012;21;9;0.1;0.5;12;101;0.4979592;236;235.7723;9;0
2013;21;9;0.1;0.5;13;101;0.5;244;235.1386;9;0
2014;21;9;0.1;0.5;14;101;0.4333333;234;236.6832;9;0
2015;21;9;0.1;0.5;15;105;0.4631148;221;236.2;9;4
2016;21;9;0.1;0.5;16;102;0.6039216;250;236.1373;9;1
2017;21;9;0.1;0.5;17;104;0.4341085;233;235.3365;9;3
2018;21;9;0.1;0.5;18;103;0.4654378;232;235.6699;9;2
2019;21;9;0.1;0.5;19;101;0.4833333;244;238.6337;9;0
2020;21;9;0.1;0.5;20;102;0.4150198;245;236.8824;9;1
2021;21;9;0.1;0.5;21;102;0.5341365;220;235.2549;9;1
2022;21;9;0.1;0.5;22;101;0.5495495;214;236.505;9;0
2023;21;9;0.1;0.5;23;101;0.5048544;264;235.9406;9;0
2024;21;9;0.1;0.5;24;102;0.5720721;217;234.1961;9;1
2025;21;9;0.1;0.5;25;101;0.4851064;240;236.5347;9;0
2026;21;9;0.1;0.5;26;118;0.4285714;250;236.8305;9;17
2027;21;9;0.1;0.5;27;106;0.5893536;219;235.2264;9;5
2028;21;9;0.1;0.5;28;111;0.4356846;239;236.6306;9;10
2029;21;9;0.1;0.5;29;101;0.3697479;236;235.6733;9;0
2030;21;9;0.1;0.5;30;103;0.5204918;223;238.3398;9;2
2031;21;9;0.1;0.5;31;101;0.4628821;258;237.2376;9;0
2032;21;9;0.1;0.5;32;109;0.4133333;275;233.7523;9;8
2033;21;9;0.1;0.5;33;101;0.5246637;245;236.2673;9;0
2034;21;9;0.1;0.5;34;101;0.4625;228;237.198;9;0
2035;21;9;0.1;0.5;35;113;0.526749;234;236.5044;9;12
2036;21;9;0.1;0.5;36;102;0.5483871;236;237.0882;9;1
2037;21;9;0.1;0.5;37;106;0.555102;235;237.066;9;5
2038;21;9;0.1;0.5;38;104;0.5283843;234;237.9327;9;3
2039;21;9;0.1;0.5;39;101;0.5020747;236;236.6931;9;0
2040;21;9;0.1;0.5;40;113;0.4208333;229;237.0177;9;12
2041;21;9;0.1;0.5;41;101;0.5843621;228;235.7129;9;0
2042;21;9;0.1;0.5;42;101;0.5191489;235;236.7822;9;0
2043;21;9;0.1;0.5;43;101;0.5491803;227;236.8416;9;0
2044;21;9;0.1;0.5;44;101;0.5349794;238;236.7723;9;0
2045;21;9;0.1;0.5;45;108;0.4342105;239;236.6481;9;7
2046;21;9;0.1;0.5;46;103;0.5091743;246;236.0194;9;2
2047;21;9;0.1;0.5;47;109;0.6275304;267;238.367;9;8
2048;21;9;0.1;0.5;48;119;0.4932735;242;235.8319;9;18
2049;21;9;0.1;0.5;49;101;0.5504202;241;237.495;9;0
2050;21;9;0.1;0.5;50;101;0.4873096;259;236.3366;9;0
2051;21;9;0.1;0.5;51;101;0.5265306;225;236.7723;9;0
2052;21;9;0.1;0.5;52;104;0.5136187;231;236.7212;9;3
2053;21;9;0.1;0.5;53;104;0.3964758;232;236.8942;9;3
2054;21;9;0.1;0.5;54;101;0.4772727;238;237.1881;9;0
2055;21;9;0.1;0.5;55;104;0.4756098;239;235.5865;9;3
2056;21;9;0.1;0.5;56;101;0.5495868;217;237.9505;9;0
2057;21;9;0.1;0.5;57;104;0.5263158;225;237.0481;9;3
2058;21;9;0.1;0.5;58;106;0.5338983;238;235.9717;9;5
2059;21;9;0.1;0.5;59;101;0.6086957;239;235.9406;9;0
2060;21;9;0.1;0.5;60;101;0.4084507;237;235.604;9;0
2061;21;9;0.1;0.5;61;105;0.5390947;236;237.1333;9;4
2062;21;9;0.1;0.5;62;107;0.4736842;253;235.1869;9;6
2063;21;9;0.1;0.5;63;103;0.6026201;232;237.2913;9;2
2064;21;9;0.1;0.5;64;101;0.5271967;248;237.8218;9;0
2065;21;9;0.1;0.5;65;102;0.5256917;246;237.2549;9;1
2066;21;9;0.1;0.5;66;101;0.541502;246;238.604;9;0
2067;21;9;0.1;0.5;67;102;0.4978166;242;235.9118;9;1
2068;21;9;0.1;0.5;68;102;0.5162791;255;236.1275;9;1
2069;21;9;0.1;0.5;69;101;0.4026549;251;237.9901;9;0
2070;21;9;0.1;0.5;70;101;0.453271;245;237.901;9;0
2071;21;9;0.1;0.5;71;102;0.4325397;224;236.5784;9;1
2072;21;9;0.1;0.5;72;107;0.436214;237;233.8318;9;6
2073;21;9;0.1;0.5;73;104;0.4672489;225;233.9423;9;3
2074;21;9;0.1;0.5;74;139;0.4571429;222;236.0432;9;38
2075;21;9;0.1;0.5;75;102;0.5462555;260;234.7745;9;1
2076;21;9;0.1;0.5;76;119;0.4034335;218;236.7731;9;18
2077;21;9;0.1;0.5;77;103;0.6073059;220;237.9806;9;2
2078;21;9;0.1;0.5;78;101;0.4854772;239;235.9703;9;0
2079;21;9;0.1;0.5;79;102;0.5905172;260;235.8725;9;1
2080;21;9;0.1;0.5;80;101;0.5387931;230;237.4059;9;0
2081;21;9;0.1;0.5;81;101;0.5193798;237;236.2673;9;0
2082;21;9;0.1;0.5;82;101;0.4954545;267;237.0594;9;0
2083;21;9;0.1;0.5;83;102;0.6138211;251;235.598;9;1
2084;21;9;0.1;0.5;84;101;0.5616438;242;235.5347;9;0
2085;21;9;0.1;0.5;85;101;0.5446809;234;238.505;9;0
2086;21;9;0.1;0.5;86;106;0.4102564;231;236.4151;9;5
2087;21;9;0.1;0.5;87;112;0.5444015;247;237.7589;9;11
2088;21;9;0.1;0.5;88;114;0.5574468;243;237.8596;9;13
2089;21;9;0.1;0.5;89;101;0.4518828;222;236.5545;9;0
2090;21;9;0.1;0.5;90;103;0.4917355;241;235.4078;9;2
2091;21;9;0.1;0.5;91;101;0.575;243;235.8317;9;0
2092;21;9;0.1;0.5;92;102;0.483871;230;235.1569;9;1
2093;21;9;0.1;0.5;93;102;0.440367;257;236.0686;9;1
2094;21;9;0.1;0.5;94;101;0.4568966;249;236.3069;9;0
2095;21;9;0.1;0.5;95;103;0.5304348;230;236.6893;9;2
2096;21;9;0.1;0.5;96;107;0.4429825;240;237.5888;9;6
2097;21;9;0.1;0.5;97;102;0.4560669;232;236.1471;9;1
2098;21;9;0.1;0.5;98;104;0.5330739;222;236.4423;9;3
2099;21;9;0.1;0.5;99;103;0.4780876;255;236.4757;9;2
2100;21;9;0.1;0.5;100;110;0.56;221;236.7455;9;9
2101;22;11;0.1;0.5;1;107;0.512605;217;236.3271;11;6
2102;22;11;0.1;0.5;2;101;0.4299065;265;236.5248;11;0
2103;22;11;0.1;0.5;3;101;0.5438596;245;234.9505;11;0
2104;22;11;0.1;0.5;4;106;0.4937759;219;237.5;11;5
2105;22;11;0.1;0.5;5;101;0.5238095;234;236.6337;11;0
2106;22;11;0.1;0.5;6;104;0.5565611;230;236.7404;11;3
2107;22;11;0.1;0.5;7;101;0.5151515;213;235.7525;11;0
2108;22;11;0.1;0.5;8;101;0.5795455;231;238.3267;11;0
2109;22;11;0.1;0.5;9;101;0.600823;230;238.4455;11;0
2110;22;11;0.1;0.5;10;114;0.4518828;242;238.8596;11;13
2111;22;11;0.1;0.5;11;128;0.4655172;239;236.4219;11;27
2112;22;11;0.1;0.5;12;107;0.4478261;229;237.1215;11;6
2113;22;11;0.1;0.5;13;101;0.4958333;249;236.8317;11;0
2114;22;11;0.1;0.5;14;102;0.5130435;225;237.1863;11;1
2115;22;11;0.1;0.5;15;101;0.5491071;260;237.901;11;0
2116;22;11;0.1;0.5;16;101;0.4556962;241;235.0594;11;0
2117;22;11;0.1;0.5;17;102;0.5401786;260;236.8431;11;1
2118;22;11;0.1;0.5;18;107;0.5968379;232;235.7664;11;6
2119;22;11;0.1;0.5;19;103;0.4655172;221;235.9903;11;2
2120;22;11;0.1;0.5;20;102;0.5532787;242;235.8039;11;1
2121;22;11;0.1;0.5;21;101;0.5425101;241;236.5842;11;0
2122;22;11;0.1;0.5;22;101;0.4246032;238;236.2376;11;0
2123;22;11;0.1;0.5;23;105;0.4831933;222;237.8095;11;4
2124;22;11;0.1;0.5;24;101;0.4956897;248;237.0693;11;0
2125;22;11;0.1;0.5;25;101;0.5022624;222;235.3267;11;0
2126;22;11;0.1;0.5;26;103;0.6666667;235;237.1748;11;2
2127;22;11;0.1;0.5;27;101;0.5247934;204;236.396;11;0
2128;22;11;0.1;0.5;28;104;0.4827586;237;238.3558;11;3
2129;22;11;0.1;0.5;29;101;0.4773663;241;238.0693;11;0
2130;22;11;0.1;0.5;30;101;0.518018;239;235.3663;11;0
2131;22;11;0.1;0.5;31;102;0.5;243;236.0784;11;1
2132;22;11;0.1;0.5;32;111;0.5726496;233;234.982;11;10
2133;22;11;0.1;0.5;33;101;0.5657371;235;236.0198;11;0
2134;22;11;0.1;0.5;34;101;0.5524194;231;237.9703;11;0
2135;22;11;0.1;0.5;35;110;0.4521739;246;237.1273;11;9
2136;22;11;0.1;0.5;36;105;0.4489796;221;237.0476;11;4
2137;22;11;0.1;0.5;37;101;0.5294118;230;237.5248;11;0
2138;22;11;0.1;0.5;38;108;0.5607843;220;236.9167;11;7
2139;22;11;0.1;0.5;39;101;0.465812;226;237.0891;11;0
2140;22;11;0.1;0.5;40;101;0.488;226;236.9505;11;0
2141;22;11;0.1;0.5;41;102;0.4408163;233;236.4804;11;1
2142;22;11;0.1;0.5;42;102;0.4375;240;236.6373;11;1
2143;22;11;0.1;0.5;43;114;0.534188;243;235.3158;11;13
2144;22;11;0.1;0.5;44;102;0.5537849;221;235.9804;11;1
2145;22;11;0.1;0.5;45;101;0.4859438;259;237.3168;11;0
2146;22;11;0.1;0.5;46;102;0.5132743;238;236.7843;11;1
2147;22;11;0.1;0.5;47;101;0.5133929;252;236.1584;11;0
2148;22;11;0.1;0.5;48;101;0.5333333;243;236.9703;11;0
2149;22;11;0.1;0.5;49;101;0.5341365;243;233.7525;11;0
2150;22;11;0.1;0.5;50;102;0.6015625;223;237.5882;11;1
2151;22;11;0.1;0.5;51;101;0.5689655;264;235.5446;11;0
2152;22;11;0.1;0.5;52;101;0.5489362;237;237.0495;11;0
2153;22;11;0.1;0.5;53;103;0.6040816;232;236.0194;11;2
2154;22;11;0.1;0.5;54;101;0.5147679;236;235.6535;11;0
2155;22;11;0.1;0.5;55;103;0.3809524;228;238.9806;11;2
2156;22;11;0.1;0.5;56;101;0.4831933;237;236.7921;11;0
2157;22;11;0.1;0.5;57;129;0.4508929;214;237.093;11;28
2158;22;11;0.1;0.5;58;103;0.58159;228;236.2621;11;2
2159;22;11;0.1;0.5;59;101;0.5286344;242;236.099;11;0
2160;22;11;0.1;0.5;60;101;0.463964;257;237.604;11;0
2161;22;11;0.1;0.5;61;120;0.4115385;205;236.625;11;19
2162;22;11;0.1;0.5;62;102;0.4501992;231;237.5882;11;1
2163;22;11;0.1;0.5;63;108;0.4716157;236;236.1389;11;7
2164;22;11;0.1;0.5;64;113;0.4798387;230;236.2212;11;12
2165;22;11;0.1;0.5;65;101;0.4571429;231;236.5743;11;0
2166;22;11;0.1;0.5;66;104;0.5066667;231;234.9327;11;3
2167;22;11;0.1;0.5;67;104;0.5;252;237.0673;11;3
2168;22;11;0.1;0.5;68;101;0.5502183;246;235.9901;11;0
2169;22;11;0.1;0.5;69;108;0.5545455;244;236.963;11;7
2170;22;11;0.1;0.5;70;101;0.5481172;245;236.8812;11;0
2171;22;11;0.1;0.5;71;101;0.4919355;234;237.1584;11;0
2172;22;11;0.1;0.5;72;130;0.4502165;253;237.6;11;29
2173;22;11;0.1;0.5;73;102;0.5339806;255;237.4902;11;1
2174;22;11;0.1;0.5;74;101;0.6081081;222;236.3861;11;0
2175;22;11;0.1;0.5;75;101;0.5155556;243;236.1287;11;0
2176;22;11;0.1;0.5;76;104;0.3781513;240;237.0962;11;3
2177;22;11;0.1;0.5;77;101;0.5546218;226;237.4158;11;0
2178;22;11;0.1;0.5;78;101;0.5254237;242;234.8911;11;0
2179;22;11;0.1;0.5;79;102;0.4933921;265;237.1275;11;1
2180;22;11;0.1;0.5;80;106;0.4595745;226;237.7075;11;5
2181;22;11;0.1;0.5;81;104;0.3039648;257;235.1346;11;3
2182;22;11;0.1;0.5;82;106;0.5263158;221;235.3113;11;5
2183;22;11;0.1;0.5;83;102;0.5565217;238;238.6373;11;1
2184;22;11;0.1;0.5;84;101;0.4979253;252;237.4158;11;0
2185;22;11;0.1;0.5;85;103;0.4188679;220;237.3107;11;2
2186;22;11;0.1;0.5;86;101;0.6333333;237;237.3465;11;0
2187;22;11;0.1;0.5;87;101;0.4529915;251;238.1683;11;0
2188;22;11;0.1;0.5;88;104;0.5166667;227;237.3942;11;3
2189;22;11;0.1;0.5;89;105;0.5474138;228;236.2952;11;4
2190;22;11;0.1;0.5;90;103;0.3953488;230;236.9903;11;2
2191;22;11;0.1;0.5;91;101;0.5588235;223;235.5644;11;0
2192;22;11;0.1;0.5;92;101;0.467433;208;237.9505;11;0
2193;22;11;0.1;0.5;93;101;0.534188;235;237.9703;11;0
2194;22;11;0.1;0.5;94;111;0.3471074;255;236.9279;11;10
2195;22;11;0.1;0.5;95;115;0.4594595;255;237.5739;11;14
2196;22;11;0.1;0.5;96;101;0.5339367;244;236.5248;11;0
2197;22;11;0.1;0.5;97;106;0.5668016;235;236.6887;11;5
2198;22;11;0.1;0.5;98;101;0.4475806;226;236.2178;11;0
2199;22;11;0.1;0.5;99;109;0.3846154;222;236.2477;11;8
2200;22;11;0.1;0.5;100;102;0.5148936;234;237.1667;11;1
2201;23;13;0.1;0.5;1;109;0.5189394;245;237.8165;13;8
2202;23;13;0.1;0.5;2;103;0.5349794;229;235.699;13;2
2203;23;13;0.1;0.5;3;101;0.3442623;228;236.1584;13;0
2204;23;13;0.1;0.5;4;101;0.493617;229;234.4158;13;0
2205;23;13;0.1;0.5;5;101;0.510917;249;237.8218;13;0
2206;23;13;0.1;0.5;6;107;0.4755556;225;235.514;13;6
2207;23;13;0.1;0.5;7;101;0.5450644;215;236.5941;13;0
2208;23;13;0.1;0.5;8;130;0.3828829;239;235.1769;13;29
2209;23;13;0.1;0.5;9;101;0.5432099;224;238.2178;13;0
2210;23;13;0.1;0.5;10;106;0.4224138;253;237.5472;13;5
2211;23;13;0.1;0.5;11;101;0.5643564;226;234.8119;13;0
2212;23;13;0.1;0.5;12;101;0.4716157;251;236.3069;13;0
2213;23;13;0.1;0.5;13;112;0.504065;236;235.7411;13;11
2214;23;13;0.1;0.5;14;102;0.5465587;220;237.6078;13;1
2215;23;13;0.1;0.5;15;112;0.5892116;209;236.7232;13;11
2216;23;13;0.1;0.5;16;106;0.4713115;223;235.6887;13;5
2217;23;13;0.1;0.5;17;105;0.4568966;261;236.8762;13;4
2218;23;13;0.1;0.5;18;101;0.4798387;226;236.4653;13;0
2219;23;13;0.1;0.5;19;101;0.404;228;237.8218;13;0
2220;23;13;0.1;0.5;20;105;0.5875486;229;236.981;13;4
2221;23;13;0.1;0.5;21;103;0.3320158;242;235.9903;13;2
2222;23;13;0.1;0.5;22;101;0.531401;246;235.3267;13;0
2223;23;13;0.1;0.5;23;103;0.486166;235;233.3786;13;2
2224;23;13;0.1;0.5;24;110;0.4635193;213;236.5636;13;9
2225;23;13;0.1;0.5;25;109;0.4042553;229;238.3853;13;8
2226;23;13;0.1;0.5;26;101;0.5477178;233;237.2376;13;0
2227;23;13;0.1;0.5;27;102;0.3393665;233;236.7451;13;1
2228;23;13;0.1;0.5;28;104;0.3991228;233;236.7788;13;3
2229;23;13;0.1;0.5;29;101;0.5701754;225;236.7129;13;0
2230;23;13;0.1;0.5;30;101;0.412;221;235.8713;13;0
2231;23;13;0.1;0.5;31;102;0.5904762;251;236.6373;13;1
2232;23;13;0.1;0.5;32;102;0.545082;246;237.1765;13;1
2233;23;13;0.1;0.5;33;101;0.6202532;243;236.0792;13;0
2234;23;13;0.1;0.5;34;102;0.5529412;221;238.1275;13;1
2235;23;13;0.1;0.5;35;101;0.4078947;221;237.9604;13;0
2236;23;13;0.1;0.5;36;102;0.5666667;230;234.4608;13;1
2237;23;13;0.1;0.5;37;104;0.5327511;239;235.8462;13;3
2238;23;13;0.1;0.5;38;111;0.5958333;239;236.2793;13;10
2239;23;13;0.1;0.5;39;102;0.490566;244;236.7843;13;1
2240;23;13;0.1;0.5;40;101;0.3956522;232;237.5644;13;0
2241;23;13;0.1;0.5;41;110;0.4821429;239;235.9182;13;9
2242;23;13;0.1;0.5;42;101;0.520362;256;235.6634;13;0
2243;23;13;0.1;0.5;43;101;0.4147465;254;235.1683;13;0
2244;23;13;0.1;0.5;44;101;0.5390947;231;236.8515;13;0
2245;23;13;0.1;0.5;45;101;0.4557522;255;237.9307;13;0
2246;23;13;0.1;0.5;46;105;0.6042553;233;235.0381;13;4
2247;23;13;0.1;0.5;47;119;0.5580357;229;235.3697;13;18
2248;23;13;0.1;0.5;48;101;0.4574899;247;237.0099;13;0
2249;23;13;0.1;0.5;49;104;0.5747126;215;236.8173;13;3
2250;23;13;0.1;0.5;50;101;0.4487179;238;235.6634;13;0
2251;23;13;0.1;0.5;51;101;0.4570136;229;236.802;13;0
2252;23;13;0.1;0.5;52;101;0.4621849;236;236.2871;13;0
2253;23;13;0.1;0.5;53;105;0.4859438;228;237.4857;13;4
2254;23;13;0.1;0.5;54;101;0.4747899;233;236.9109;13;0
2255;23;13;0.1;0.5;55;111;0.4595745;239;236.0631;13;10
2256;23;13;0.1;0.5;56;103;0.4330709;227;236.7767;13;2
2257;23;13;0.1;0.5;57;111;0.5583333;251;238.0811;13;10
2258;23;13;0.1;0.5;58;102;0.508;236;236.2647;13;1
2259;23;13;0.1;0.5;59;104;0.5466102;255;237.7308;13;3
2260;23;13;0.1;0.5;60;114;0.6146789;227;236.8509;13;13
2261;23;13;0.1;0.5;61;101;0.452;234;236.5941;13;0
2262;23;13;0.1;0.5;62;104;0.504386;251;237.0288;13;3
2263;23;13;0.1;0.5;63;111;0.4411765;214;234.9459;13;10
2264;23;13;0.1;0.5;64;102;0.5732759;240;239.1765;13;1
2265;23;13;0.1;0.5;65;102;0.4309623;228;237.5196;13;1
2266;23;13;0.1;0.5;66;101;0.5148936;221;235.9604;13;0
2267;23;13;0.1;0.5;67;101;0.5;227;236.5149;13;0
2268;23;13;0.1;0.5;68;114;0.4779412;217;237.2018;13;13
2269;23;13;0.1;0.5;69;102;0.4763948;245;234.098;13;1
2270;23;13;0.1;0.5;70;104;0.3943089;253;236.2692;13;3
2271;23;13;0.1;0.5;71;103;0.5377358;251;234.9029;13;2
2272;23;13;0.1;0.5;72;104;0.6255144;235;236.6635;13;3
2273;23;13;0.1;0.5;73;102;0.5504202;257;237.1078;13;1
2274;23;13;0.1;0.5;74;101;0.5619469;243;237.9901;13;0
2275;23;13;0.1;0.5;75;101;0.478673;242;237;13;0
2276;23;13;0.1;0.5;76;101;0.5223881;250;236.1782;13;0
2277;23;13;0.1;0.5;77;101;0.5243902;227;235.1287;13;0
2278;23;13;0.1;0.5;78;101;0.5021459;239;236.5941;13;0
2279;23;13;0.1;0.5;79;108;0.6375546;232;236.9722;13;7
2280;23;13;0.1;0.5;80;103;0.5165289;232;234.9709;13;2
2281;23;13;0.1;0.5;81;103;0.5603448;241;234.8738;13;2
2282;23;13;0.1;0.5;82;101;0.5225225;236;236.5941;13;0
2283;23;13;0.1;0.5;83;102;0.4150943;236;237.6961;13;1
2284;23;13;0.1;0.5;84;102;0.5958333;239;235.2451;13;1
2285;23;13;0.1;0.5;85;107;0.4703557;235;238.0561;13;6
2286;23;13;0.1;0.5;86;101;0.367713;224;237.3069;13;0
2287;23;13;0.1;0.5;87;101;0.4015748;241;238.5941;13;0
2288;23;13;0.1;0.5;88;101;0.4514768;242;237.6238;13;0
2289;23;13;0.1;0.5;89;105;0.6355932;235;238.7714;13;4
2290;23;13;0.1;0.5;90;105;0.4453125;220;237.781;13;4
2291;23;13;0.1;0.5;91;103;0.398374;229;234.7573;13;2
2292;23;13;0.1;0.5;92;103;0.5042373;246;236.2136;13;2
2293;23;13;0.1;0.5;93;101;0.5061728;218;236.198;13;0
2294;23;13;0.1;0.5;94;105;0.4909091;254;236.5524;13;4
2295;23;13;0.1;0.5;95;108;0.4514768;240;236.0093;13;7
2296;23;13;0.1;0.5;96;130;0.473251;237;237.0462;13;29
2297;23;13;0.1;0.5;97;102;0.5652174;237;235.8725;13;1
2298;23;13;0.1;0.5;98;109;0.4145299;241;237.156;13;8
2299;23;13;0.1;0.5;99;107;0.4041667;238;238.4393;13;6
2300;23;13;0.1;0.5;100;125;0.6066176;211;236.552;13;24
2301;24;15;0.1;0.5;1;101;0.4854772;236;237.9604;15;0
2302;24;15;0.1;0.5;2;101;0.4361233;255;237.198;15;0
2303;24;15;0.1;0.5;3;103;0.5491803;233;235.8835;15;2
2304;24;15;0.1;0.5;4;101;0.4789916;230;236.7921;15;0
2305;24;15;0.1;0.5;5;117;0.5650224;234;237.7863;15;16
2306;24;15;0.1;0.5;6;103;0.4087302;214;238.3495;15;2
2307;24;15;0.1;0.5;7;101;0.5315315;248;235.0099;15;0
2308;24;15;0.1;0.5;8;101;0.4765957;225;236.0891;15;0
2309;24;15;0.1;0.5;9;101;0.4082569;236;236.8317;15;0
2310;24;15;0.1;0.5;10;101;0.5185185;228;235.396;15;0
2311;24;15;0.1;0.5;11;101;0.5527426;234;236.0297;15;0
2312;24;15;0.1;0.5;12;115;0.5289575;212;236.6435;15;14
2313;24;15;0.1;0.5;13;112;0.3100775;207;236.7589;15;11
2314;24;15;0.1;0.5;14;101;0.5313808;223;234.901;15;0
2315;24;15;0.1;0.5;15;107;0.5701754;238;236.1215;15;6
2316;24;15;0.1;0.5;16;104;0.4666667;263;236.2308;15;3
2317;24;15;0.1;0.5;17;101;0.4650206;255;235.495;15;0
2318;24;15;0.1;0.5;18;102;0.5041667;228;239.4314;15;1
2319;24;15;0.1;0.5;19;101;0.5328185;213;236.1386;15;0
2320;24;15;0.1;0.5;20;101;0.6291667;240;236.3762;15;0
2321;24;15;0.1;0.5;21;111;0.3680297;217;236.6577;15;10
2322;24;15;0.1;0.5;22;101;0.5304348;262;236.5446;15;0
2323;24;15;0.1;0.5;23;108;0.4173913;236;235.1204;15;7
2324;24;15;0.1;0.5;24;101;0.5495495;233;235.9802;15;0
2325;24;15;0.1;0.5;25;118;0.4144144;242;235.2627;15;17
2326;24;15;0.1;0.5;26;101;0.4393305;240;237.0495;15;0
2327;24;15;0.1;0.5;27;101;0.5196507;258;237.0099;15;0
2328;24;15;0.1;0.5;28;101;0.5362903;233;236.2772;15;0
2329;24;15;0.1;0.5;29;107;0.4683544;220;238.9346;15;6
2330;24;15;0.1;0.5;30;101;0.5193133;219;236.9208;15;0
2331;24;15;0.1;0.5;31;110;0.5263158;230;237.5455;15;9
2332;24;15;0.1;0.5;32;101;0.5;247;236.6535;15;0
2333;24;15;0.1;0.5;33;101;0.4410646;241;236.3663;15;0
2334;24;15;0.1;0.5;34;110;0.6455696;235;236.2909;15;9
2335;24;15;0.1;0.5;35;101;0.4851064;236;236.0297;15;0
2336;24;15;0.1;0.5;36;101;0.5422222;223;238.297;15;0
2337;24;15;0.1;0.5;37;101;0.4484305;223;236.2178;15;0
2338;24;15;0.1;0.5;38;113;0.580786;232;236.3717;15;12
2339;24;15;0.1;0.5;39;101;0.4688797;237;239.0396;15;0
2340;24;15;0.1;0.5;40;101;0.5617021;228;236.8614;15;0
2341;24;15;0.1;0.5;41;102;0.4330709;227;235.598;15;1
2342;24;15;0.1;0.5;42;107;0.5163934;238;237.5607;15;6
2343;24;15;0.1;0.5;43;108;0.4263566;241;236.1204;15;7
2344;24;15;0.1;0.5;44;102;0.474359;248;235.9118;15;1
2345;24;15;0.1;0.5;45;101;0.4848485;236;237.5644;15;0
2346;24;15;0.1;0.5;46;101;0.4416667;255;237.4059;15;0
2347;24;15;0.1;0.5;47;102;0.4356436;244;235.0686;15;1
2348;24;15;0.1;0.5;48;101;0.4115044;244;236.4257;15;0
2349;24;15;0.1;0.5;49;109;0.4474886;250;235.6514;15;8
2350;24;15;0.1;0.5;50;115;0.4497992;236;235.5565;15;14
2351;24;15;0.1;0.5;51;101;0.5059289;256;238.9703;15;0
2352;24;15;0.1;0.5;52;102;0.4314516;208;235.7059;15;1
2353;24;15;0.1;0.5;53;127;0.5491803;217;237.2913;15;26
2354;24;15;0.1;0.5;54;101;0.4464286;200;238.1584;15;0
2355;24;15;0.1;0.5;55;101;0.5746606;245;235.0594;15;0
2356;24;15;0.1;0.5;56;115;0.4563492;229;235.0783;15;14
2357;24;15;0.1;0.5;57;156;0.6090909;251;235.2051;15;55
2358;24;15;0.1;0.5;58;101;0.4394619;233;236.9307;15;0
2359;24;15;0.1;0.5;59;102;0.440367;250;236.8529;15;1
2360;24;15;0.1;0.5;60;103;0.5514403;259;236.4175;15;2
2361;24;15;0.1;0.5;61;106;0.3625;227;237.566;15;5
2362;24;15;0.1;0.5;62;103;0.4519231;259;236.2718;15;2
2363;24;15;0.1;0.5;63;101;0.4581673;237;236.9901;15;0
2364;24;15;0.1;0.5;64;119;0.4806867;220;237.0168;15;18
2365;24;15;0.1;0.5;65;123;0.4327731;247;237.3902;15;22
2366;24;15;0.1;0.5;66;105;0.4979592;242;236.5524;15;4
2367;24;15;0.1;0.5;67;103;0.4104803;232;234.8155;15;2
2368;24;15;0.1;0.5;68;101;0.4622642;250;236.2475;15;0
2369;24;15;0.1;0.5;69;101;0.5984848;206;236.6733;15;0
2370;24;15;0.1;0.5;70;101;0.4955752;211;235.5545;15;0
2371;24;15;0.1;0.5;71;101;0.6401674;241;236.6535;15;0
2372;24;15;0.1;0.5;72;101;0.5394737;241;237.5644;15;0
2373;24;15;0.1;0.5;73;101;0.3886463;221;236.1188;15;0
2374;24;15;0.1;0.5;74;108;0.4434783;239;235.1574;15;7
2375;24;15;0.1;0.5;75;101;0.3510204;212;235.6238;15;0
2376;24;15;0.1;0.5;76;108;0.5690377;241;236.8889;15;7
2377;24;15;0.1;0.5;77;101;0.5116279;225;236.2376;15;0
2378;24;15;0.1;0.5;78;101;0.3982301;215;234.7525;15;0
2379;24;15;0.1;0.5;79;105;0.4716157;238;236.9619;15;4
2380;24;15;0.1;0.5;80;101;0.552;230;237.3267;15;0
2381;24;15;0.1;0.5;81;102;0.4793388;245;237.2843;15;1
2382;24;15;0.1;0.5;82;102;0.4524887;235;236.5392;15;1
2383;24;15;0.1;0.5;83;106;0.394958;236;237.8774;15;5
2384;24;15;0.1;0.5;84;101;0.5066079;257;238.901;15;0
2385;24;15;0.1;0.5;85;101;0.4605263;230;236.6931;15;0
2386;24;15;0.1;0.5;86;101;0.4680851;257;236.6931;15;0
2387;24;15;0.1;0.5;87;101;0.5817308;244;236.0099;15;0
2388;24;15;0.1;0.5;88;101;0.5296443;234;236.8911;15;0
2389;24;15;0.1;0.5;89;110;0.3390558;233;235.7818;15;9
2390;24;15;0.1;0.5;90;103;0.6034483;242;238.1359;15;2
2391;24;15;0.1;0.5;91;101;0.5289256;246;236.7921;15;0
2392;24;15;0.1;0.5;92;117;0.5875;226;237.735;15;16
2393;24;15;0.1;0.5;93;101;0.412844;228;235.0099;15;0
2394;24;15;0.1;0.5;94;112;0.4887892;223;237.0982;15;11
2395;24;15;0.1;0.5;95;104;0.3955556;240;236.0577;15;3
2396;24;15;0.1;0.5;96;122;0.5151515;242;238.0738;15;21
2397;24;15;0.1;0.5;97;101;0.4677419;242;237.1287;15;0
2398;24;15;0.1;0.5;98;101;0.5296443;232;235.4851;15;0
2399;24;15;0.1;0.5;99;103;0.4621514;241;237.4369;15;2
2400;24;15;0.1;0.5;100;101;0.448;225;238.3762;15;0
2401;25;17;0.1;0.5;1;101;0.4581498;223;238.495;17;0
2402;25;17;0.1;0.5;2;101;0.5147059;245;237.6535;17;0
2403;25;17;0.1;0.5;3;110;0.4879032;230;238.9909;17;9
2404;25;17;0.1;0.5;4;109;0.6396396;246;236.0367;17;8
2405;25;17;0.1;0.5;5;101;0.4496124;217;234.8317;17;0
2406;25;17;0.1;0.5;6;104;0.4684685;230;234.9712;17;3
2407;25;17;0.1;0.5;7;101;0.4411765;230;238.2871;17;0
2408;25;17;0.1;0.5;8;103;0.5105485;255;237.6796;17;2
2409;25;17;0.1;0.5;9;124;0.5081967;241;234.8952;17;23
2410;25;17;0.1;0.5;10;101;0.4803922;227;235.7228;17;0
2411;25;17;0.1;0.5;11;101;0.4511628;229;236.7129;17;0
2412;25;17;0.1;0.5;12;102;0.5967742;240;237.8627;17;1
2413;25;17;0.1;0.5;13;101;0.5377778;217;237.5149;17;0
2414;25;17;0.1;0.5;14;103;0.6375546;247;238.7767;17;2
2415;25;17;0.1;0.5;15;101;0.4722222;256;236.6139;17;0
2416;25;17;0.1;0.5;16;101;0.4255319;266;236.1782;17;0
2417;25;17;0.1;0.5;17;101;0.5;222;236.2475;17;0
2418;25;17;0.1;0.5;18;102;0.508;235;236.3922;17;1
2419;25;17;0.1;0.5;19;110;0.5303644;238;237.2727;17;9
2420;25;17;0.1;0.5;20;101;0.432;219;235.8911;17;0
2421;25;17;0.1;0.5;21;103;0.5617021;239;237.7767;17;2
2422;25;17;0.1;0.5;22;101;0.5598456;209;235.1881;17;0
2423;25;17;0.1;0.5;23;101;0.4482759;232;235.5248;17;0
2424;25;17;0.1;0.5;24;108;0.592233;220;235.7963;17;7
2425;25;17;0.1;0.5;25;122;0.5588235;253;238;17;21
2426;25;17;0.1;0.5;26;102;0.4411765;246;235.0784;17;1
2427;25;17;0.1;0.5;27;104;0.5108225;247;237.0096;17;3
2428;25;17;0.1;0.5;28;102;0.4978903;226;237.5686;17;1
2429;25;17;0.1;0.5;29;101;0.4634146;218;237.8317;17;0
2430;25;17;0.1;0.5;30;106;0.4814815;228;237.4151;17;5
2431;25;17;0.1;0.5;31;106;0.4389313;231;237.4434;17;5
2432;25;17;0.1;0.5;32;108;0.3636364;236;236.8241;17;7
2433;25;17;0.1;0.5;33;101;0.6287879;223;237.2673;17;0
2434;25;17;0.1;0.5;34;122;0.4767932;246;237.0082;17;21
2435;25;17;0.1;0.5;35;101;0.5860656;226;238.5842;17;0
2436;25;17;0.1;0.5;36;102;0.5462185;246;237.9412;17;1
2437;25;17;0.1;0.5;37;102;0.3578431;250;237.5588;17;1
2438;25;17;0.1;0.5;38;103;0.5798319;251;236.0971;17;2
2439;25;17;0.1;0.5;39;107;0.5477178;212;237.9065;17;6
2440;25;17;0.1;0.5;40;111;0.3797468;236;235.7207;17;10
2441;25;17;0.1;0.5;41;103;0.6382979;247;235.7379;17;2
2442;25;17;0.1;0.5;42;101;0.4467213;238;237.7624;17;0
2443;25;17;0.1;0.5;43;102;0.5;222;238.3922;17;1
2444;25;17;0.1;0.5;44;147;0.4023438;239;236.7211;17;46
2445;25;17;0.1;0.5;45;101;0.5318182;238;238.901;17;0
2446;25;17;0.1;0.5;46;101;0.4892704;226;236.7525;17;0
2447;25;17;0.1;0.5;47;102;0.4765343;231;239.4412;17;1
2448;25;17;0.1;0.5;48;101;0.4512195;262;237.2376;17;0
2449;25;17;0.1;0.5;49;102;0.5349794;212;236.1863;17;1
2450;25;17;0.1;0.5;50;113;0.5813008;217;235.2035;17;12
2451;25;17;0.1;0.5;51;135;0.56621;232;236.7333;17;34
2452;25;17;0.1;0.5;52;101;0.4938776;236;234.4356;17;0
2453;25;17;0.1;0.5;53;101;0.5344828;242;237.5446;17;0
2454;25;17;0.1;0.5;54;101;0.470339;207;236.505;17;0
2455;25;17;0.1;0.5;55;104;0.3318966;246;236.9904;17;3
2456;25;17;0.1;0.5;56;101;0.4722222;239;236.4752;17;0
2457;25;17;0.1;0.5;57;101;0.5241935;244;237.3663;17;0
2458;25;17;0.1;0.5;58;104;0.4115226;249;237.7019;17;3
2459;25;17;0.1;0.5;59;101;0.5022624;230;237.3861;17;0
2460;25;17;0.1;0.5;60;102;0.6092437;250;237.1471;17;1
2461;25;17;0.1;0.5;61;107;0.532;247;236.1869;17;6
2462;25;17;0.1;0.5;62;119;0.4666667;243;237.1008;17;18
2463;25;17;0.1;0.5;63;102;0.4784483;237;236.0882;17;1
2464;25;17;0.1;0.5;64;111;0.4137931;246;238.964;17;10
2465;25;17;0.1;0.5;65;103;0.4125;225;236.6408;17;2
2466;25;17;0.1;0.5;66;101;0.5481172;234;238.3861;17;0
2467;25;17;0.1;0.5;67;101;0.5654008;253;239.2376;17;0
2468;25;17;0.1;0.5;68;102;0.4576271;244;236.7255;17;1
2469;25;17;0.1;0.5;69;101;0.4933921;246;236.6832;17;0
2470;25;17;0.1;0.5;70;107;0.5120968;224;236.5421;17;6
2471;25;17;0.1;0.5;71;126;0.5769231;247;236.6508;17;25
2472;25;17;0.1;0.5;72;108;0.4728682;233;238.1204;17;7
2473;25;17;0.1;0.5;73;135;0.6;227;235.9481;17;34
2474;25;17;0.1;0.5;74;104;0.4244898;246;236.6346;17;3
2475;25;17;0.1;0.5;75;123;0.4385246;242;236.0488;17;22
2476;25;17;0.1;0.5;76;117;0.4266055;239;238.7778;17;16
2477;25;17;0.1;0.5;77;102;0.5843137;226;237.3529;17;1
2478;25;17;0.1;0.5;78;103;0.5590909;241;235.5922;17;2
2479;25;17;0.1;0.5;79;101;0.5116279;241;235.703;17;0
2480;25;17;0.1;0.5;80;103;0.5256917;234;236.1845;17;2
2481;25;17;0.1;0.5;81;110;0.5579399;232;237.7636;17;9
2482;25;17;0.1;0.5;82;101;0.5411765;215;236.9109;17;0
2483;25;17;0.1;0.5;83;102;0.487395;250;237.3824;17;1
2484;25;17;0.1;0.5;84;105;0.3347826;231;236.581;17;4
2485;25;17;0.1;0.5;85;102;0.4622222;237;236.5392;17;1
2486;25;17;0.1;0.5;86;102;0.4514768;264;235.6176;17;1
2487;25;17;0.1;0.5;87;101;0.4811715;228;236.6931;17;0
2488;25;17;0.1;0.5;88;102;0.4537037;229;236.5294;17;1
2489;25;17;0.1;0.5;89;104;0.4396552;248;237.4231;17;3
2490;25;17;0.1;0.5;90;103;0.5511111;248;236.9709;17;2
2491;25;17;0.1;0.5;91;102;0.4316239;225;236.8725;17;1
2492;25;17;0.1;0.5;92;102;0.5550847;267;237.9608;17;1
2493;25;17;0.1;0.5;93;101;0.4315353;236;236.9703;17;0
2494;25;17;0.1;0.5;94;104;0.5371179;246;238.0962;17;3
2495;25;17;0.1;0.5;95;104;0.5283843;238;235.2308;17;3
2496;25;17;0.1;0.5;96;101;0.4429224;267;235.8119;17;0
2497;25;17;0.1;0.5;97;103;0.5536481;235;236.7961;17;2
2498;25;17;0.1;0.5;98;106;0.5095238;248;235.4528;17;5
2499;25;17;0.1;0.5;99;135;0.4513619;224;237.2;17;34
2500;25;17;0.1;0.5;100;104;0.3394495;246;237.8269;17;3
2501;26;19;0.1;0.5;1;101;0.6103896;235;234.297;19;0
2502;26;19;0.1;0.5;2;101;0.490566;269;237.2178;19;0
2503;26;19;0.1;0.5;3;102;0.4979253;217;235.9412;19;1
2504;26;19;0.1;0.5;4;104;0.4649123;235;235.3846;19;3
2505;26;19;0.1;0.5;5;109;0.4798206;260;237.2477;19;8
2506;26;19;0.1;0.5;6;102;0.4823009;240;236.1863;19;1
2507;26;19;0.1;0.5;7;102;0.5095057;229;237.6275;19;1
2508;26;19;0.1;0.5;8;101;0.5037879;219;236.5743;19;0
2509;26;19;0.1;0.5;9;110;0.4664032;230;235.9364;19;9
2510;26;19;0.1;0.5;10;103;0.4487805;273;238.0971;19;2
2511;26;19;0.1;0.5;11;104;0.5407725;247;236.8365;19;3
2512;26;19;0.1;0.5;12;109;0.3800905;252;238.3303;19;8
2513;26;19;0.1;0.5;13;101;0.5056604;202;235.4554;19;0
2514;26;19;0.1;0.5;14;101;0.4661017;236;238.7426;19;0
2515;26;19;0.1;0.5;15;102;0.55;241;236.6373;19;1
2516;26;19;0.1;0.5;16;103;0.5670996;235;237.1068;19;2
2517;26;19;0.1;0.5;17;109;0.4897119;230;237.055;19;8
2518;26;19;0.1;0.5;18;101;0.4047619;261;236.5842;19;0
2519;26;19;0.1;0.5;19;101;0.4898785;248;238.1683;19;0
2520;26;19;0.1;0.5;20;101;0.6216216;249;237.0594;19;0
2521;26;19;0.1;0.5;21;106;0.573913;230;237.7075;19;5
2522;26;19;0.1;0.5;22;101;0.496;230;238.3663;19;0
2523;26;19;0.1;0.5;23;112;0.6696035;241;238.4107;19;11
2524;26;19;0.1;0.5;24;106;0.4233871;232;236.6038;19;5
2525;26;19;0.1;0.5;25;101;0.473913;269;239.2475;19;0
2526;26;19;0.1;0.5;26;103;0.4623656;231;237.7379;19;2
2527;26;19;0.1;0.5;27;113;0.502008;225;236.5133;19;12
2528;26;19;0.1;0.5;28;101;0.4717742;236;238.0198;19;0
2529;26;19;0.1;0.5;29;102;0.5206612;231;235.951;19;1
2530;26;19;0.1;0.5;30;107;0.5564202;242;236.9439;19;6
2531;26;19;0.1;0.5;31;114;0.5169492;245;235.8947;19;13
2532;26;19;0.1;0.5;32;101;0.5078125;225;238.4752;19;0
2533;26;19;0.1;0.5;33;101;0.6324786;224;237.9703;19;0
2534;26;19;0.1;0.5;34;101;0.4880952;250;237.3663;19;0
2535;26;19;0.1;0.5;35;102;0.5164835;228;235.3333;19;1
2536;26;19;0.1;0.5;36;101;0.4886878;225;236.0594;19;0
2537;26;19;0.1;0.5;37;101;0.4879032;224;235.0099;19;0
2538;26;19;0.1;0.5;38;103;0.5907336;233;235.699;19;2
2539;26;19;0.1;0.5;39;101;0.5121951;233;234.8614;19;0
2540;26;19;0.1;0.5;40;102;0.5189873;273;237.3431;19;1
2541;26;19;0.1;0.5;41;104;0.4218009;253;237.6442;19;3
2542;26;19;0.1;0.5;42;105;0.4453441;248;235.3905;19;4
2543;26;19;0.1;0.5;43;103;0.5819672;249;237.2136;19;2
2544;26;19;0.1;0.5;44;101;0.4879227;218;235.3069;19;0
2545;26;19;0.1;0.5;45;118;0.3821138;221;235.2966;19;17
2546;26;19;0.1;0.5;46;103;0.4565217;219;235.2718;19;2
2547;26;19;0.1;0.5;47;101;0.4009217;247;236.1089;19;0
2548;26;19;0.1;0.5;48;103;0.6085106;227;237.9126;19;2
2549;26;19;0.1;0.5;49;101;0.5495868;221;236.1287;19;0
2550;26;19;0.1;0.5;50;105;0.5325203;212;236.581;19;4
2551;26;19;0.1;0.5;51;101;0.3617021;241;236.0495;19;0
2552;26;19;0.1;0.5;52;101;0.5517241;233;235.7921;19;0
2553;26;19;0.1;0.5;53;102;0.4204947;218;237.3529;19;1
2554;26;19;0.1;0.5;54;103;0.4813278;244;238.3107;19;2
2555;26;19;0.1;0.5;55;117;0.4093023;238;238.094;19;16
2556;26;19;0.1;0.5;56;110;0.5982533;224;237.1636;19;9
2557;26;19;0.1;0.5;57;101;0.3842975;251;238.3762;19;0
2558;26;19;0.1;0.5;58;106;0.5495495;232;236.7358;19;5
2559;26;19;0.1;0.5;59;107;0.5793991;233;237.3458;19;6
2560;26;19;0.1;0.5;60;101;0.4177215;231;236.8812;19;0
2561;26;19;0.1;0.5;61;107;0.5504202;215;236.3364;19;6
2562;26;19;0.1;0.5;62;101;0.5545852;239;236.3069;19;0
2563;26;19;0.1;0.5;63;102;0.437788;275;239.0392;19;1
2564;26;19;0.1;0.5;64;104;0.5256917;238;236;19;3
2565;26;19;0.1;0.5;65;101;0.4358974;217;235.8218;19;0
2566;26;19;0.1;0.5;66;127;0.5420561;243;238.2205;19;26
2567;26;19;0.1;0.5;67;108;0.5186722;224;236.8981;19;7
2568;26;19;0.1;0.5;68;106;0.5414847;217;237.3019;19;5
2569;26;19;0.1;0.5;69;134;0.5090909;240;235.9925;19;33
2570;26;19;0.1;0.5;70;101;0.5758929;238;235.8218;19;0
2571;26;19;0.1;0.5;71;103;0.5194805;244;235.4078;19;2
2572;26;19;0.1;0.5;72;101;0.4537445;235;236.1485;19;0
2573;26;19;0.1;0.5;73;108;0.4899598;227;235.25;19;7
2574;26;19;0.1;0.5;74;107;0.5;236;237.3738;19;6
2575;26;19;0.1;0.5;75;102;0.5418502;231;237.6667;19;1
2576;26;19;0.1;0.5;76;104;0.4502165;250;237.6635;19;3
2577;26;19;0.1;0.5;77;101;0.5145228;253;237.9802;19;0
2578;26;19;0.1;0.5;78;121;0.6331878;251;234.6446;19;20
2579;26;19;0.1;0.5;79;101;0.5400844;245;236.802;19;0
2580;26;19;0.1;0.5;80;101;0.5435685;229;236.5941;19;0
2581;26;19;0.1;0.5;81;104;0.5767635;235;237.6058;19;3
2582;26;19;0.1;0.5;82;106;0.454918;203;235.4528;19;5
2583;26;19;0.1;0.5;83;101;0.4484127;242;237.9307;19;0
2584;26;19;0.1;0.5;84;111;0.4049587;219;239.0541;19;10
2585;26;19;0.1;0.5;85;101;0.4851064;235;236.8317;19;0
2586;26;19;0.1;0.5;86;104;0.5605381;203;235.0192;19;3
2587;26;19;0.1;0.5;87;103;0.5701754;256;236.6214;19;2
2588;26;19;0.1;0.5;88;104;0.5;232;237.5;19;3
2589;26;19;0.1;0.5;89;108;0.5726872;243;238.2315;19;7
2590;26;19;0.1;0.5;90;104;0.5953488;238;238.3558;19;3
2591;26;19;0.1;0.5;91;104;0.5560345;241;235.6346;19;3
2592;26;19;0.1;0.5;92;101;0.5213675;271;235.2871;19;0
2593;26;19;0.1;0.5;93;101;0.6077586;220;236.4158;19;0
2594;26;19;0.1;0.5;94;104;0.5454545;227;236.1346;19;3
2595;26;19;0.1;0.5;95;102;0.4593496;223;235.9706;19;1
2596;26;19;0.1;0.5;96;101;0.4678899;225;234.4653;19;0
2597;26;19;0.1;0.5;97;107;0.4891775;241;238.1121;19;6
2598;26;19;0.1;0.5;98;107;0.6037736;237;235.4766;19;6
2599;26;19;0.1;0.5;99;108;0.58159;240;236.8333;19;7
2600;26;19;0.1;0.5;100;101;0.6034483;246;237.8713;19;0
2601;27;21;0.1;0.5;1;101;0.4594595;261;236.3762;21;0
2602;27;21;0.1;0.5;2;103;0.5;245;237.4369;21;2
2603;27;21;0.1;0.5;3;102;0.5265306;244;236.3235;21;1
2604;27;21;0.1;0.5;4;105;0.4151786;252;236.419;21;4
2605;27;21;0.1;0.5;5;101;0.4537815;236;237.0693;21;0
2606;27;21;0.1;0.5;6;101;0.4782609;225;237.1287;21;0
2607;27;21;0.1;0.5;7;101;0.4867257;233;237.8713;21;0
2608;27;21;0.1;0.5;8;105;0.4037559;258;233.4952;21;4
2609;27;21;0.1;0.5;9;106;0.51417;223;237.4434;21;5
2610;27;21;0.1;0.5;10;101;0.5564854;226;238.3168;21;0
2611;27;21;0.1;0.5;11;101;0.5;246;236.5149;21;0
2612;27;21;0.1;0.5;12;101;0.6143498;237;238.198;21;0
2613;27;21;0.1;0.5;13;102;0.5064935;237;236.7843;21;1
2614;27;21;0.1;0.5;14;101;0.5021834;235;236.7624;21;0
2615;27;21;0.1;0.5;15;102;0.6097561;218;239.1667;21;1
2616;27;21;0.1;0.5;16;102;0.4678899;241;236.8824;21;1
2617;27;21;0.1;0.5;17;101;0.4806867;240;237.5842;21;0
2618;27;21;0.1;0.5;18;115;0.469697;217;237.3043;21;14
2619;27;21;0.1;0.5;19;101;0.5299539;235;237.8713;21;0
2620;27;21;0.1;0.5;20;101;0.5173745;232;235.9604;21;0
2621;27;21;0.1;0.5;21;101;0.5454545;250;235.6337;21;0
2622;27;21;0.1;0.5;22;105;0.5182186;217;236.8857;21;4
2623;27;21;0.1;0.5;23;101;0.4439024;227;236.5545;21;0
2624;27;21;0.1;0.5;24;104;0.4345992;225;235.3269;21;3
2625;27;21;0.1;0.5;25;101;0.4909091;228;235.1485;21;0
2626;27;21;0.1;0.5;26;103;0.5461847;215;234.9709;21;2
2627;27;21;0.1;0.5;27;101;0.4886364;236;238;21;0
2628;27;21;0.1;0.5;28;107;0.4051724;236;237.2617;21;6
2629;27;21;0.1;0.5;29;107;0.5604839;250;237.5421;21;6
2630;27;21;0.1;0.5;30;106;0.6205357;230;237.217;21;5
2631;27;21;0.1;0.5;31;101;0.4678899;261;237.3465;21;0
2632;27;21;0.1;0.5;32;105;0.5045455;239;234.1048;21;4
2633;27;21;0.1;0.5;33;101;0.4717742;239;236.505;21;0
2634;27;21;0.1;0.5;34;107;0.4897959;205;235.0841;21;6
2635;27;21;0.1;0.5;35;101;0.5507246;244;239.6832;21;0
2636;27;21;0.1;0.5;36;103;0.5021277;232;235.6214;21;2
2637;27;21;0.1;0.5;37;113;0.5964126;246;236.0531;21;12
2638;27;21;0.1;0.5;38;104;0.5469388;231;238.5;21;3
2639;27;21;0.1;0.5;39;105;0.5929204;237;237.8286;21;4
2640;27;21;0.1;0.5;40;114;0.5708955;237;235.9211;21;13
2641;27;21;0.1;0.5;41;104;0.5606695;236;236.4135;21;3
2642;27;21;0.1;0.5;42;101;0.4422311;238;237.0594;21;0
2643;27;21;0.1;0.5;43;101;0.463964;250;237.9406;21;0
2644;27;21;0.1;0.5;44;101;0.5152542;214;235.2277;21;0
2645;27;21;0.1;0.5;45;101;0.5489362;225;233.3861;21;0
2646;27;21;0.1;0.5;46;101;0.5502183;246;236.9901;21;0
2647;27;21;0.1;0.5;47;106;0.4349776;219;235.283;21;5
2648;27;21;0.1;0.5;48;106;0.4285714;216;237.6604;21;5
2649;27;21;0.1;0.5;49;101;0.6724138;237;236.4158;21;0
2650;27;21;0.1;0.5;50;101;0.4887892;211;236.8911;21;0
2651;27;21;0.1;0.5;51;103;0.6177778;244;237.0097;21;2
2652;27;21;0.1;0.5;52;102;0.4285714;241;238;21;1
2653;27;21;0.1;0.5;53;102;0.5227273;250;237.1667;21;1
2654;27;21;0.1;0.5;54;103;0.4691943;263;236.5825;21;2
2655;27;21;0.1;0.5;55;104;0.508547;247;237.125;21;3
2656;27;21;0.1;0.5;56;101;0.5526316;223;236.1782;21;0
2657;27;21;0.1;0.5;57;101;0.5365854;255;236.5941;21;0
2658;27;21;0.1;0.5;58;101;0.4769874;224;240.1188;21;0
2659;27;21;0.1;0.5;59;149;0.40625;233;235.2819;21;48
2660;27;21;0.1;0.5;60;101;0.42;230;237.4455;21;0
2661;27;21;0.1;0.5;61;101;0.487069;233;235.3663;21;0
2662;27;21;0.1;0.5;62;101;0.5919283;226;237.5149;21;0
2663;27;21;0.1;0.5;63;101;0.5847458;257;236.2574;21;0
2664;27;21;0.1;0.5;64;101;0.3601533;213;238.4356;21;0
2665;27;21;0.1;0.5;65;105;0.5744681;246;236.7238;21;4
2666;27;21;0.1;0.5;66;101;0.4937238;219;235.5347;21;0
2667;27;21;0.1;0.5;67;101;0.4089069;225;236.2871;21;0
2668;27;21;0.1;0.5;68;101;0.4297521;232;236.9109;21;0
2669;27;21;0.1;0.5;69;101;0.504065;235;237.6535;21;0
2670;27;21;0.1;0.5;70;147;0.6260163;229;234.5238;21;46
2671;27;21;0.1;0.5;71;104;0.52;265;236.7692;21;3
2672;27;21;0.1;0.5;72;115;0.5393258;225;236.4261;21;14
2673;27;21;0.1;0.5;73;102;0.5228216;224;237.098;21;1
2674;27;21;0.1;0.5;74;106;0.4513619;224;237.5;21;5
2675;27;21;0.1;0.5;75;101;0.4936709;239;237.2376;21;0
2676;27;21;0.1;0.5;76;106;0.406639;228;235.217;21;5
2677;27;21;0.1;0.5;77;102;0.5726496;229;236.5196;21;1
2678;27;21;0.1;0.5;78;104;0.4135021;221;237;21;3
2679;27;21;0.1;0.5;79;115;0.5;226;237.6;21;14
2680;27;21;0.1;0.5;80;101;0.5275229;259;235.6733;21;0
2681;27;21;0.1;0.5;81;101;0.477551;245;237.6139;21;0
2682;27;21;0.1;0.5;82;101;0.562753;227;235.5842;21;0
2683;27;21;0.1;0.5;83;102;0.4638298;248;236.1863;21;1
2684;27;21;0.1;0.5;84;103;0.6094421;260;238.0097;21;2
2685;27;21;0.1;0.5;85;104;0.4637097;213;235.5;21;3
2686;27;21;0.1;0.5;86;105;0.4324324;261;237.8095;21;4
2687;27;21;0.1;0.5;87;104;0.4705882;245;237.9135;21;3
2688;27;21;0.1;0.5;88;101;0.4151786;222;235.7624;21;0
2689;27;21;0.1;0.5;89;123;0.387931;229;234.9431;21;22
2690;27;21;0.1;0.5;90;101;0.4979592;225;237.8218;21;0
2691;27;21;0.1;0.5;91;101;0.5;212;238;21;0
2692;27;21;0.1;0.5;92;102;0.4377682;230;237.4216;21;1
2693;27;21;0.1;0.5;93;108;0.4340426;241;237.3981;21;7
2694;27;21;0.1;0.5;94;101;0.5107296;226;236.6337;21;0
2695;27;21;0.1;0.5;95;112;0.5;244;236.4643;21;11
2696;27;21;0.1;0.5;96;105;0.504065;217;235.781;21;4
2697;27;21;0.1;0.5;97;118;0.4505929;230;238.4831;21;17
2698;27;21;0.1;0.5;98;137;0.4234234;237;237.4015;21;36
2699;27;21;0.1;0.5;99;101;0.4262295;235;237.1881;21;0
2700;27;21;0.1;0.5;100;101;0.5531915;229;238.0396;21;0
2701;28;23;0.1;0.5;1;102;0.4386792;243;237.0882;23;1
2702;28;23;0.1;0.5;2;102;0.5275229;238;234.098;23;1
2703;28;23;0.1;0.5;3;106;0.3991597;237;237.5566;23;5
2704;28;23;0.1;0.5;4;106;0.3907563;236;238.5283;23;5
2705;28;23;0.1;0.5;5;101;0.4936709;242;236.9208;23;0
2706;28;23;0.1;0.5;6;106;0.3504274;239;236.1698;23;5
2707;28;23;0.1;0.5;7;102;0.4304348;227;236.2745;23;1
2708;28;23;0.1;0.5;8;101;0.5381166;250;235.8614;23;0
2709;28;23;0.1;0.5;9;101;0.4464286;229;236.9307;23;0
2710;28;23;0.1;0.5;10;126;0.4208333;225;239.1429;23;25
2711;28;23;0.1;0.5;11;101;0.6090535;215;236.495;23;0
2712;28;23;0.1;0.5;12;101;0.4646018;252;236.4752;23;0
2713;28;23;0.1;0.5;13;103;0.5964912;225;235.7767;23;2
2714;28;23;0.1;0.5;14;105;0.5696721;224;236.5524;23;4
2715;28;23;0.1;0.5;15;102;0.5458167;234;238.6863;23;1
2716;28;23;0.1;0.5;16;112;0.5643154;234;237.0357;23;11
2717;28;23;0.1;0.5;17;101;0.4578313;229;236.2574;23;0
2718;28;23;0.1;0.5;18;108;0.6015936;203;236.4074;23;7
2719;28;23;0.1;0.5;19;103;0.4324324;250;236;23;2
2720;28;23;0.1;0.5;20;101;0.56917;249;238.1089;23;0
2721;28;23;0.1;0.5;21;101;0.5412844;238;236.6436;23;0
2722;28;23;0.1;0.5;22;101;0.4881517;255;233.9307;23;0
2723;28;23;0.1;0.5;23;101;0.4541667;232;238.4653;23;0
2724;28;23;0.1;0.5;24;119;0.526749;235;237.2269;23;18
2725;28;23;0.1;0.5;25;101;0.4484305;231;235.505;23;0
2726;28;23;0.1;0.5;26;101;0.4893617;219;236.4554;23;0
2727;28;23;0.1;0.5;27;101;0.4713115;267;236.3564;23;0
2728;28;23;0.1;0.5;28;101;0.614786;227;236.8812;23;0
2729;28;23;0.1;0.5;29;102;0.4567901;253;235.7157;23;1
2730;28;23;0.1;0.5;30;102;0.3766816;259;235.0294;23;1
2731;28;23;0.1;0.5;31;101;0.5787234;235;236.7228;23;0
2732;28;23;0.1;0.5;32;101;0.5486381;211;236.9505;23;0
2733;28;23;0.1;0.5;33;108;0.3852459;235;236.1019;23;7
2734;28;23;0.1;0.5;34;101;0.5238095;238;235.5743;23;0
2735;28;23;0.1;0.5;35;102;0.529661;237;238.4804;23;1
2736;28;23;0.1;0.5;36;105;0.5211864;221;238.581;23;4
2737;28;23;0.1;0.5;37;101;0.4353448;241;235.2871;23;0
2738;28;23;0.1;0.5;38;101;0.4296875;246;237.1386;23;0
2739;28;23;0.1;0.5;39;102;0.512605;226;235.9706;23;1
2740;28;23;0.1;0.5;40;102;0.4958678;246;235.6471;23;1
2741;28;23;0.1;0.5;41;101;0.6051502;250;237.6634;23;0
2742;28;23;0.1;0.5;42;101;0.563786;240;236.9406;23;0
2743;28;23;0.1;0.5;43;103;0.560166;216;237.3107;23;2
2744;28;23;0.1;0.5;44;107;0.4327731;232;236.4486;23;6
2745;28;23;0.1;0.5;45;109;0.532;235;233.6972;23;8
2746;28;23;0.1;0.5;46;101;0.5238095;230;235.5545;23;0
2747;28;23;0.1;0.5;47;102;0.4726562;239;238.5;23;1
2748;28;23;0.1;0.5;48;109;0.4317181;229;236.4587;23;8
2749;28;23;0.1;0.5;49;102;0.454955;251;237.4412;23;1
2750;28;23;0.1;0.5;50;111;0.4758065;255;234.9189;23;10
2751;28;23;0.1;0.5;51;103;0.3833992;234;235.3592;23;2
2752;28;23;0.1;0.5;52;106;0.4852321;247;235.8868;23;5
2753;28;23;0.1;0.5;53;101;0.5146444;231;238.1089;23;0
2754;28;23;0.1;0.5;54;101;0.4631148;243;237.4356;23;0
2755;28;23;0.1;0.5;55;136;0.4922481;223;235.0074;23;35
2756;28;23;0.1;0.5;56;102;0.4728682;232;236;23;1
2757;28;23;0.1;0.5;57;103;0.4595745;259;236.4078;23;2
2758;28;23;0.1;0.5;58;103;0.5776892;238;235.2718;23;2
2759;28;23;0.1;0.5;59;102;0.5574468;229;238.0882;23;1
2760;28;23;0.1;0.5;60;101;0.4868421;263;235.4653;23;0
2761;28;23;0.1;0.5;61;105;0.4759825;267;236.6667;23;4
2762;28;23;0.1;0.5;62;130;0.4077253;241;237.9769;23;29
2763;28;23;0.1;0.5;63;101;0.4230769;236;235.802;23;0
2764;28;23;0.1;0.5;64;101;0.5065502;237;235.6535;23;0
2765;28;23;0.1;0.5;65;113;0.4327731;255;237.8761;23;12
2766;28;23;0.1;0.5;66;101;0.5349794;246;237.1881;23;0
2767;28;23;0.1;0.5;67;102;0.5;226;236.6471;23;1
2768;28;23;0.1;0.5;68;102;0.548;238;235.8235;23;1
2769;28;23;0.1;0.5;69;101;0.521327;240;236.7723;23;0
2770;28;23;0.1;0.5;70;101;0.4820717;227;235.4158;23;0
2771;28;23;0.1;0.5;71;119;0.3553719;226;236.3109;23;18
2772;28;23;0.1;0.5;72;109;0.4754902;267;237.7523;23;8
2773;28;23;0.1;0.5;73;101;0.5172414;244;237.5941;23;0
2774;28;23;0.1;0.5;74;132;0.539749;243;235.4773;23;31
2775;28;23;0.1;0.5;75;102;0.4767932;247;239.7059;23;1
2776;28;23;0.1;0.5;76;105;0.5330739;227;233.7524;23;4
2777;28;23;0.1;0.5;77;109;0.5313808;241;236.6514;23;8
2778;28;23;0.1;0.5;78;110;0.3863636;258;238.2727;23;9
2779;28;23;0.1;0.5;79;101;0.5019157;218;236.4158;23;0
2780;28;23;0.1;0.5;80;102;0.4937238;224;236.7745;23;1
2781;28;23;0.1;0.5;81;102;0.495935;246;239.5196;23;1
2782;28;23;0.1;0.5;82;101;0.3943089;238;236.198;23;0
2783;28;23;0.1;0.5;83;102;0.5265306;243;237.049;23;1
2784;28;23;0.1;0.5;84;101;0.5263158;242;235.901;23;0
2785;28;23;0.1;0.5;85;116;0.4692982;226;236.2069;23;15
2786;28;23;0.1;0.5;86;104;0.5039683;235;236.3365;23;3
2787;28;23;0.1;0.5;87;116;0.4297872;219;236.8534;23;15
2788;28;23;0.1;0.5;88;101;0.4713115;213;236.2475;23;0
2789;28;23;0.1;0.5;89;121;0.4504505;252;236.7355;23;20
2790;28;23;0.1;0.5;90;104;0.5381166;229;237.875;23;3
2791;28;23;0.1;0.5;91;101;0.4878049;256;236.7723;23;0
2792;28;23;0.1;0.5;92;105;0.6016949;232;236.4381;23;4
2793;28;23;0.1;0.5;93;101;0.4886878;250;235.3267;23;0
2794;28;23;0.1;0.5;94;102;0.6061947;224;236.2157;23;1
2795;28;23;0.1;0.5;95;104;0.4693878;235;234.8654;23;3
2796;28;23;0.1;0.5;96;101;0.5113636;215;236.6634;23;0
2797;28;23;0.1;0.5;97;104;0.5207373;246;237.1154;23;3
2798;28;23;0.1;0.5;98;102;0.6010101;259;237.8529;23;1
2799;28;23;0.1;0.5;99;102;0.3417722;263;235.598;23;1
2800;28;23;0.1;0.5;100;101;0.4585153;241;236.9802;23;0
2801;29;25;0.1;0.5;1;103;0.4774775;226;235.8544;25;2
2802;29;25;0.1;0.5;2;101;0.5226337;229;239.1683;25;0
2803;29;25;0.1;0.5;3;101;0.5104167;269;235.4455;25;0
2804;29;25;0.1;0.5;4;101;0.5;263;236.5842;25;0
2805;29;25;0.1;0.5;5;101;0.491453;223;235.2574;25;0
2806;29;25;0.1;0.5;6;109;0.3474576;261;235.2202;25;8
2807;29;25;0.1;0.5;7;101;0.5146444;255;236.0297;25;0
2808;29;25;0.1;0.5;8;102;0.6121495;249;238.1176;25;1
2809;29;25;0.1;0.5;9;101;0.4716157;249;236.5743;25;0
2810;29;25;0.1;0.5;10;109;0.4217391;257;234.8991;25;8
2811;29;25;0.1;0.5;11;106;0.6465517;221;235.6792;25;5
2812;29;25;0.1;0.5;12;120;0.4580153;231;235.3583;25;19
2813;29;25;0.1;0.5;13;101;0.5733945;234;235.4554;25;0
2814;29;25;0.1;0.5;14;109;0.4285714;236;236.3028;25;8
2815;29;25;0.1;0.5;15;134;0.4581498;252;237.3955;25;33
2816;29;25;0.1;0.5;16;101;0.4738956;203;236.0198;25;0
2817;29;25;0.1;0.5;17;101;0.4553191;212;238.297;25;0
2818;29;25;0.1;0.5;18;107;0.4390244;231;236.1776;25;6
2819;29;25;0.1;0.5;19;105;0.4609375;221;237.8286;25;4
2820;29;25;0.1;0.5;20;105;0.4396887;216;236.2381;25;4
2821;29;25;0.1;0.5;21;101;0.5234043;255;236.1881;25;0
2822;29;25;0.1;0.5;22;101;0.444898;200;236.1782;25;0
2823;29;25;0.1;0.5;23;105;0.3796296;246;236.9429;25;4
2824;29;25;0.1;0.5;24;101;0.5137255;220;237.0792;25;0
2825;29;25;0.1;0.5;25;101;0.4056225;243;236.8614;25;0
2826;29;25;0.1;0.5;26;106;0.5625;244;236.066;25;5
2827;29;25;0.1;0.5;27;102;0.5105485;229;236.8725;25;1
2828;29;25;0.1;0.5;28;104;0.5809524;237;237.3269;25;3
2829;29;25;0.1;0.5;29;131;0.5244444;216;235.6565;25;30
2830;29;25;0.1;0.5;30;101;0.4285714;218;235.703;25;0
2831;29;25;0.1;0.5;31;101;0.4686192;235;238.0594;25;0
2832;29;25;0.1;0.5;32;101;0.631068;252;237.7426;25;0
2833;29;25;0.1;0.5;33;101;0.53125;215;237.4554;25;0
2834;29;25;0.1;0.5;34;103;0.4878049;211;237.0485;25;2
2835;29;25;0.1;0.5;35;101;0.4556962;255;237.1683;25;0
2836;29;25;0.1;0.5;36;109;0.4962121;213;237.2018;25;8
2837;29;25;0.1;0.5;37;101;0.5541126;236;237.396;25;0
2838;29;25;0.1;0.5;38;102;0.5291667;229;237.2255;25;1
2839;29;25;0.1;0.5;39;152;0.4672131;229;238.0395;25;51
2840;29;25;0.1;0.5;40;106;0.5064935;238;236.5094;25;5
2841;29;25;0.1;0.5;41;108;0.5777778;244;236.9444;25;7
2842;29;25;0.1;0.5;42;101;0.4684685;247;236.6634;25;0
2843;29;25;0.1;0.5;43;101;0.5194805;220;234.8812;25;0
2844;29;25;0.1;0.5;44;125;0.559322;230;236.528;25;24
2845;29;25;0.1;0.5;45;101;0.4122449;232;236.4257;25;0
2846;29;25;0.1;0.5;46;101;0.5702128;209;234.9703;25;0
2847;29;25;0.1;0.5;47;101;0.4336283;246;236.4752;25;0
2848;29;25;0.1;0.5;48;106;0.3791469;267;236.0094;25;5
2849;29;25;0.1;0.5;49;101;0.5315315;236;236.9406;25;0
2850;29;25;0.1;0.5;50;101;0.4816327;231;237.0495;25;0
2851;29;25;0.1;0.5;51;101;0.4824561;243;235.0792;25;0
2852;29;25;0.1;0.5;52;102;0.4618321;271;237.0294;25;1
2853;29;25;0.1;0.5;53;101;0.4939759;207;238.5149;25;0
2854;29;25;0.1;0.5;54;107;0.5714286;227;234.7477;25;6
2855;29;25;0.1;0.5;55;116;0.593361;243;238.4224;25;15
2856;29;25;0.1;0.5;56;103;0.5;236;237.3204;25;2
2857;29;25;0.1;0.5;57;106;0.3964758;231;235.0566;25;5
2858;29;25;0.1;0.5;58;141;0.6205357;236;236.5957;25;40
2859;29;25;0.1;0.5;59;111;0.5695652;252;234.4324;25;10
2860;29;25;0.1;0.5;60;101;0.4586777;232;236.3762;25;0
2861;29;25;0.1;0.5;61;101;0.5042373;226;237.0396;25;0
2862;29;25;0.1;0.5;62;101;0.4552846;256;238.3366;25;0
2863;29;25;0.1;0.5;63;101;0.5245902;219;234.9109;25;0
2864;29;25;0.1;0.5;64;137;0.4017094;228;236.9781;25;36
2865;29;25;0.1;0.5;65;101;0.4675325;269;236.7129;25;0
2866;29;25;0.1;0.5;66;143;0.5132743;232;237.4266;25;42
2867;29;25;0.1;0.5;67;101;0.4978355;254;237.703;25;0
2868;29;25;0.1;0.5;68;101;0.4608696;252;236.2178;25;0
2869;29;25;0.1;0.5;69;127;0.5493562;262;236.748;25;26
2870;29;25;0.1;0.5;70;107;0.5108225;253;236.9065;25;6
2871;29;25;0.1;0.5;71;101;0.5;233;235.3267;25;0
2872;29;25;0.1;0.5;72;101;0.5531915;242;238.7921;25;0
2873;29;25;0.1;0.5;73;102;0.4867257;232;238.2549;25;1
2874;29;25;0.1;0.5;74;101;0.5155039;226;234.7228;25;0
2875;29;25;0.1;0.5;75;101;0.515873;241;235.0693;25;0
2876;29;25;0.1;0.5;76;101;0.4871795;251;236.3168;25;0
2877;29;25;0.1;0.5;77;101;0.5063291;243;236.2772;25;0
2878;29;25;0.1;0.5;78;106;0.5413223;223;235.0849;25;5
2879;29;25;0.1;0.5;79;103;0.588785;204;237.2039;25;2
2880;29;25;0.1;0.5;80;103;0.4848485;215;237.0388;25;2
2881;29;25;0.1;0.5;81;103;0.5;237;235.1748;25;2
2882;29;25;0.1;0.5;82;103;0.4611872;253;236.9806;25;2
2883;29;25;0.1;0.5;83;101;0.4676259;220;234.6733;25;0
2884;29;25;0.1;0.5;84;101;0.60181;262;235.9901;25;0
2885;29;25;0.1;0.5;85;101;0.4897119;241;238.5446;25;0
2886;29;25;0.1;0.5;86;106;0.5959184;230;236.5189;25;5
2887;29;25;0.1;0.5;87;104;0.3422222;251;236.0385;25;3
2888;29;25;0.1;0.5;88;101;0.3616236;216;235.4356;25;0
2889;29;25;0.1;0.5;89;101;0.5103734;266;236.3168;25;0
2890;29;25;0.1;0.5;90;104;0.5608696;242;236.875;25;3
2891;29;25;0.1;0.5;91;101;0.4837398;242;237.396;25;0
2892;29;25;0.1;0.5;92;101;0.419214;247;236.4356;25;0
2893;29;25;0.1;0.5;93;101;0.5288889;214;233.198;25;0
2894;29;25;0.1;0.5;94;103;0.439834;237;237.3495;25;2
2895;29;25;0.1;0.5;95;101;0.4912281;254;238.7624;25;0
2896;29;25;0.1;0.5;96;101;0.4581498;246;236.8317;25;0
2897;29;25;0.1;0.5;97;110;0.6156716;242;239.2455;25;9
2898;29;25;0.1;0.5;98;104;0.5060729;213;238.6154;25;3
2899;29;25;0.1;0.5;99;101;0.457265;256;237.297;25;0
2900;29;25;0.1;0.5;100;108;0.5938697;226;235.4537;25;7
2901;30;27;0.1;0.5;1;121;0.5333333;236;237.1736;27;20
2902;30;27;0.1;0.5;2;102;0.462963;245;238.1765;27;1
2903;30;27;0.1;0.5;3;102;0.5454545;236;235.3725;27;1
2904;30;27;0.1;0.5;4;102;0.5949367;248;237.1863;27;1
2905;30;27;0.1;0.5;5;115;0.5198238;246;237.1391;27;14
2906;30;27;0.1;0.5;6;101;0.4750958;244;235.495;27;0
2907;30;27;0.1;0.5;7;108;0.6311475;228;237.1667;27;7
2908;30;27;0.1;0.5;8;101;0.4596774;225;236.6139;27;0
2909;30;27;0.1;0.5;9;101;0.4823009;261;234.6634;27;0
2910;30;27;0.1;0.5;10;104;0.458498;230;237.5;27;3
2911;30;27;0.1;0.5;11;101;0.5254902;223;237.7228;27;0
2912;30;27;0.1;0.5;12;102;0.5550847;239;236.1471;27;1
2913;30;27;0.1;0.5;13;103;0.5726872;257;236.9709;27;2
2914;30;27;0.1;0.5;14;110;0.5091743;252;235.2818;27;9
2915;30;27;0.1;0.5;15;103;0.3861789;217;236.5243;27;2
2916;30;27;0.1;0.5;16;113;0.5305164;256;238.531;27;12
2917;30;27;0.1;0.5;17;102;0.5630631;243;236.1275;27;1
2918;30;27;0.1;0.5;18;101;0.4487179;255;236.3366;27;0
2919;30;27;0.1;0.5;19;105;0.4050633;243;236.5048;27;4
2920;30;27;0.1;0.5;20;103;0.5130435;261;236.4078;27;2
2921;30;27;0.1;0.5;21;102;0.4837209;252;236.1471;27;1
2922;30;27;0.1;0.5;22;104;0.4200913;251;235.9038;27;3
2923;30;27;0.1;0.5;23;101;0.5041322;246;238.8515;27;0
2924;30;27;0.1;0.5;24;102;0.5674419;213;235.9314;27;1
2925;30;27;0.1;0.5;25;111;0.5902439;256;236.2162;27;10
2926;30;27;0.1;0.5;26;102;0.4925373;220;236.5294;27;1
2927;30;27;0.1;0.5;27;101;0.5434783;246;235.8515;27;0
2928;30;27;0.1;0.5;28;101;0.4464286;246;237.5347;27;0
2929;30;27;0.1;0.5;29;105;0.4883721;267;236.4;27;4
2930;30;27;0.1;0.5;30;101;0.4473684;257;235.7426;27;0
2931;30;27;0.1;0.5;31;104;0.4618834;239;236.7212;27;3
2932;30;27;0.1;0.5;32;101;0.5162602;221;234.4455;27;0
2933;30;27;0.1;0.5;33;118;0.4212766;242;237.4068;27;17
2934;30;27;0.1;0.5;34;104;0.5421245;212;234.7115;27;3
2935;30;27;0.1;0.5;35;105;0.5731225;225;236.0667;27;4
2936;30;27;0.1;0.5;36;101;0.4120172;221;237.2475;27;0
2937;30;27;0.1;0.5;37;101;0.4932127;215;234.6733;27;0
2938;30;27;0.1;0.5;38;101;0.5196507;253;236.4059;27;0
2939;30;27;0.1;0.5;39;107;0.51417;227;235.4486;27;6
2940;30;27;0.1;0.5;40;101;0.5847458;242;235.4554;27;0
2941;30;27;0.1;0.5;41;101;0.4765625;215;236.3465;27;0
2942;30;27;0.1;0.5;42;103;0.4745763;232;233.9709;27;2
2943;30;27;0.1;0.5;43;101;0.4122449;226;237.1683;27;0
2944;30;27;0.1;0.5;44;101;0.5454545;256;236.297;27;0
2945;30;27;0.1;0.5;45;109;0.4291667;237;235.9083;27;8
2946;30;27;0.1;0.5;46;101;0.4125;238;237.8515;27;0
2947;30;27;0.1;0.5;47;101;0.5162602;231;237.1485;27;0
2948;30;27;0.1;0.5;48;105;0.4796748;208;236.0952;27;4
2949;30;27;0.1;0.5;49;101;0.5288889;228;236.3465;27;0
2950;30;27;0.1;0.5;50;101;0.4298246;229;235.3861;27;0
2951;30;27;0.1;0.5;51;103;0.5112108;232;237.0097;27;2
2952;30;27;0.1;0.5;52;101;0.4155844;243;236.1188;27;0
2953;30;27;0.1;0.5;53;115;0.3614458;229;236.9739;27;14
2954;30;27;0.1;0.5;54;102;0.5673469;208;238.8824;27;1
2955;30;27;0.1;0.5;55;101;0.5336134;251;236.4455;27;0
2956;30;27;0.1;0.5;56;102;0.5665236;241;236.0686;27;1
2957;30;27;0.1;0.5;57;102;0.4579832;242;237.4412;27;1
2958;30;27;0.1;0.5;58;103;0.4453441;235;238.8447;27;2
2959;30;27;0.1;0.5;59;111;0.4311927;232;238.5495;27;10
2960;30;27;0.1;0.5;60;101;0.4414414;231;236.9109;27;0
2961;30;27;0.1;0.5;61;135;0.397541;245;236.1037;27;34
2962;30;27;0.1;0.5;62;101;0.4801762;236;235.505;27;0
2963;30;27;0.1;0.5;63;108;0.5185185;247;235.4444;27;7
2964;30;27;0.1;0.5;64;103;0.4457831;245;234.7864;27;2
2965;30;27;0.1;0.5;65;101;0.4631148;260;237.4356;27;0
2966;30;27;0.1;0.5;66;110;0.6153846;250;238.3364;27;9
2967;30;27;0.1;0.5;67;114;0.3539095;251;237;27;13
2968;30;27;0.1;0.5;68;102;0.4661017;226;235.5588;27;1
2969;30;27;0.1;0.5;69;119;0.4429224;250;235.0168;27;18
2970;30;27;0.1;0.5;70;101;0.5198413;236;237.4653;27;0
2971;30;27;0.1;0.5;71;101;0.4143426;224;235.0495;27;0
2972;30;27;0.1;0.5;72;101;0.4454545;245;236.7723;27;0
2973;30;27;0.1;0.5;73;101;0.472103;215;235.8614;27;0
2974;30;27;0.1;0.5;74;119;0.4009434;226;236.1933;27;18
2975;30;27;0.1;0.5;75;107;0.5064378;249;236.8411;27;6
2976;30;27;0.1;0.5;76;168;0.4860558;219;237.0655;27;67
2977;30;27;0.1;0.5;77;103;0.4977778;253;237.7087;27;2
2978;30;27;0.1;0.5;78;103;0.487069;255;237.767;27;2
2979;30;27;0.1;0.5;79;103;0.5021277;215;235.3981;27;2
2980;30;27;0.1;0.5;80;101;0.4404762;238;238.1683;27;0
2981;30;27;0.1;0.5;81;103;0.5102881;224;236.0777;27;2
2982;30;27;0.1;0.5;82;101;0.5291667;256;238.5248;27;0
2983;30;27;0.1;0.5;83;101;0.5159817;252;235.4554;27;0
2984;30;27;0.1;0.5;84;102;0.510917;258;238.1373;27;1
2985;30;27;0.1;0.5;85;101;0.4309623;225;237.0495;27;0
2986;30;27;0.1;0.5;86;110;0.5866667;239;235.6818;27;9
2987;30;27;0.1;0.5;87;101;0.5585938;226;236.3465;27;0
2988;30;27;0.1;0.5;88;102;0.5672269;242;238.3627;27;1
2989;30;27;0.1;0.5;89;114;0.5232068;266;236.4386;27;13
2990;30;27;0.1;0.5;90;102;0.6053812;244;236.0686;27;1
2991;30;27;0.1;0.5;91;103;0.4677419;252;234.9515;27;2
2992;30;27;0.1;0.5;92;101;0.4439834;230;237.5347;27;0
2993;30;27;0.1;0.5;93;101;0.5428571;226;235.9901;27;0
2994;30;27;0.1;0.5;94;101;0.5523013;236;237.2178;27;0
2995;30;27;0.1;0.5;95;101;0.4757709;283;237.2673;27;0
2996;30;27;0.1;0.5;96;102;0.4866071;250;237.0098;27;1
2997;30;27;0.1;0.5;97;101;0.5910781;212;235.5545;27;0
2998;30;27;0.1;0.5;98;102;0.5625;241;235.8431;27;1
2999;30;27;0.1;0.5;99;101;0.510917;243;236.1287;27;0
3000;30;27;0.1;0.5;100;112;0.4435484;237;234.9821;27;11
3001;31;29;0.1;0.5;1;102;0.5401786;231;235.7647;29;1
3002;31;29;0.1;0.5;2;101;0.5045455;229;235.2673;29;0
3003;31;29;0.1;0.5;3;102;0.526087;244;235.6667;29;1
3004;31;29;0.1;0.5;4;103;0.4098361;244;236.0874;29;2
3005;31;29;0.1;0.5;5;101;0.5304348;225;235.1386;29;0
3006;31;29;0.1;0.5;6;102;0.5309735;259;236.5196;29;1
3007;31;29;0.1;0.5;7;106;0.6588235;244;237.4434;29;5
3008;31;29;0.1;0.5;8;103;0.4466403;232;238.6505;29;2
3009;31;29;0.1;0.5;9;124;0.5384615;274;237.6129;29;23
3010;31;29;0.1;0.5;10;101;0.4411765;208;235.5446;29;0
3011;31;29;0.1;0.5;11;101;0.4518828;242;237.604;29;0
3012;31;29;0.1;0.5;12;101;0.4628821;244;236.9307;29;0
3013;31;29;0.1;0.5;13;103;0.4609375;213;235.8155;29;2
3014;31;29;0.1;0.5;14;101;0.4883721;252;235.3663;29;0
3015;31;29;0.1;0.5;15;101;0.5738397;230;238.5149;29;0
3016;31;29;0.1;0.5;16;104;0.516;231;235.0481;29;3
3017;31;29;0.1;0.5;17;101;0.4765957;237;236.8713;29;0
3018;31;29;0.1;0.5;18;102;0.4820717;231;236.8431;29;1
3019;31;29;0.1;0.5;19;103;0.3866667;230;236.2233;29;2
3020;31;29;0.1;0.5;20;106;0.4461538;236;236.3774;29;5
3021;31;29;0.1;0.5;21;101;0.4298643;232;238.6139;29;0
3022;31;29;0.1;0.5;22;105;0.458498;251;238.4571;29;4
3023;31;29;0.1;0.5;23;103;0.5481172;238;235.0194;29;2
3024;31;29;0.1;0.5;24;101;0.4867925;225;237.0297;29;0
3025;31;29;0.1;0.5;25;105;0.5127119;236;237.8286;29;4
3026;31;29;0.1;0.5;26;103;0.4641509;230;237.1359;29;2
3027;31;29;0.1;0.5;27;104;0.3896714;256;236.5769;29;3
3028;31;29;0.1;0.5;28;109;0.4413146;257;235.0917;29;8
3029;31;29;0.1;0.5;29;106;0.5318182;243;236.9434;29;5
3030;31;29;0.1;0.5;30;102;0.5847458;252;236.2745;29;1
3031;31;29;0.1;0.5;31;101;0.4826087;257;236.1683;29;0
3032;31;29;0.1;0.5;32;101;0.4347826;244;237.9109;29;0
3033;31;29;0.1;0.5;33;101;0.5330189;234;235.5149;29;0
3034;31;29;0.1;0.5;34;101;0.4636364;246;235.7426;29;0
3035;31;29;0.1;0.5;35;101;0.5458515;253;237.6535;29;0
3036;31;29;0.1;0.5;36;101;0.5117188;246;234.6436;29;0
3037;31;29;0.1;0.5;37;102;0.4976526;251;234.2157;29;1
3038;31;29;0.1;0.5;38;101;0.5204918;235;235.8812;29;0
3039;31;29;0.1;0.5;39;104;0.4517544;260;236.5096;29;3
3040;31;29;0.1;0.5;40;160;0.4108527;216;236.3375;29;59
3041;31;29;0.1;0.5;41;101;0.5019455;227;235.9109;29;0
3042;31;29;0.1;0.5;42;101;0.5541667;246;237.5347;29;0
3043;31;29;0.1;0.5;43;101;0.5646552;237;238.8812;29;0
3044;31;29;0.1;0.5;44;109;0.5469388;249;237.6422;29;8
3045;31;29;0.1;0.5;45;101;0.5687204;244;237.4158;29;0
3046;31;29;0.1;0.5;46;101;0.5822222;219;234.9703;29;0
3047;31;29;0.1;0.5;47;102;0.4806867;231;237.5882;29;1
3048;31;29;0.1;0.5;48;101;0.5097276;244;236.7921;29;0
3049;31;29;0.1;0.5;49;108;0.5874439;268;237.7963;29;7
3050;31;29;0.1;0.5;50;101;0.5475113;238;237.297;29;0
3051;31;29;0.1;0.5;51;102;0.444898;227;235.2647;29;1
3052;31;29;0.1;0.5;52;101;0.5043103;245;238.1485;29;0
3053;31;29;0.1;0.5;53;118;0.4085106;247;237.2288;29;17
3054;31;29;0.1;0.5;54;101;0.4200913;227;234.4455;29;0
3055;31;29;0.1;0.5;55;101;0.4958678;241;236.6535;29;0
3056;31;29;0.1;0.5;56;101;0.4793388;245;235.5842;29;0
3057;31;29;0.1;0.5;57;102;0.463035;225;235.7157;29;1
3058;31;29;0.1;0.5;58;102;0.4508929;250;235.9706;29;1
3059;31;29;0.1;0.5;59;101;0.5972851;261;236.198;29;0
3060;31;29;0.1;0.5;60;104;0.524;236;235.3077;29;3
3061;31;29;0.1;0.5;61;101;0.5414847;239;235.1881;29;0
3062;31;29;0.1;0.5;62;104;0.4308943;215;235.7596;29;3
3063;31;29;0.1;0.5;63;105;0.4851064;247;237.219;29;4
3064;31;29;0.1;0.5;64;101;0.5247934;237;237.1683;29;0
3065;31;29;0.1;0.5;65;101;0.4741379;228;235.6634;29;0
3066;31;29;0.1;0.5;66;103;0.4514768;229;237.2913;29;2
3067;31;29;0.1;0.5;67;102;0.4753363;255;238.8922;29;1
3068;31;29;0.1;0.5;68;104;0.4957627;247;236.7404;29;3
3069;31;29;0.1;0.5;69;106;0.5917431;238;236.8396;29;5
3070;31;29;0.1;0.5;70;105;0.6147541;241;236.9429;29;4
3071;31;29;0.1;0.5;71;103;0.5261044;247;235.767;29;2
3072;31;29;0.1;0.5;72;109;0.3789954;244;236.9266;29;8
3073;31;29;0.1;0.5;73;105;0.5454545;230;237.1429;29;4
3074;31;29;0.1;0.5;74;101;0.5061224;236;237.5941;29;0
3075;31;29;0.1;0.5;75;107;0.5104603;225;237.4206;29;6
3076;31;29;0.1;0.5;76;103;0.4377682;226;235.3981;29;2
3077;31;29;0.1;0.5;77;101;0.4694656;241;238.7525;29;0
3078;31;29;0.1;0.5;78;109;0.4222222;221;234.7339;29;8
3079;31;29;0.1;0.5;79;122;0.6233184;239;237.2951;29;21
3080;31;29;0.1;0.5;80;101;0.5478927;241;237.2574;29;0
3081;31;29;0.1;0.5;81;108;0.3729508;230;237.9907;29;7
3082;31;29;0.1;0.5;82;102;0.4637681;236;236.4902;29;1
3083;31;29;0.1;0.5;83;103;0.4754098;249;237.4563;29;2
3084;31;29;0.1;0.5;84;145;0.4493927;222;236.1034;29;44
3085;31;29;0.1;0.5;85;110;0.4684685;243;236.9727;29;9
3086;31;29;0.1;0.5;86;101;0.460396;244;235.4455;29;0
3087;31;29;0.1;0.5;87;101;0.4017857;242;235.4851;29;0
3088;31;29;0.1;0.5;88;101;0.5021097;221;237.7624;29;0
3089;31;29;0.1;0.5;89;101;0.5502183;208;236.7129;29;0
3090;31;29;0.1;0.5;90;106;0.4471545;259;236.4245;29;5
3091;31;29;0.1;0.5;91;104;0.4727273;273;238.2404;29;3
3092;31;29;0.1;0.5;92;102;0.5288889;254;235.5294;29;1
3093;31;29;0.1;0.5;93;103;0.5211268;247;236.1068;29;2
3094;31;29;0.1;0.5;94;103;0.5246637;223;235.301;29;2
3095;31;29;0.1;0.5;95;101;0.5106383;243;236.5842;29;0
3096;31;29;0.1;0.5;96;101;0.5479452;264;235.9208;29;0
3097;31;29;0.1;0.5;97;101;0.5155556;234;237.3366;29;0
3098;31;29;0.1;0.5;98;108;0.6042553;240;237.5741;29;7
3099;31;29;0.1;0.5;99;101;0.4581498;235;234.901;29;0
3100;31;29;0.1;0.5;100;102;0.5903614;223;235.6078;29;1
3101;32;224;0.1;0.5;1;101;0.5443548;217;235.0396;222.5941;0
3102;32;224;0.1;0.5;2;111;0.5517241;236;237.4144;222.7748;10
3103;32;224;0.1;0.5;3;101;0.5318182;213;235.8911;222.6139;0
3104;32;224;0.1;0.5;4;102;0.3891403;242;237.902;223.1667;1
3105;32;224;0.1;0.5;5;102;0.527897;237;237.1275;222.7353;1
3106;32;224;0.1;0.5;6;101;0.4237288;248;237.8119;222.8812;0
3107;32;224;0.1;0.5;7;104;0.6224066;216;235.2115;222.9423;3
3108;32;224;0.1;0.5;8;106;0.6170213;246;237.0943;222.3868;5
3109;32;224;0.1;0.5;9;117;0.6502058;244;236.5726;222.5726;16
3110;32;224;0.1;0.5;10;101;0.4878049;233;237.4059;222.5545;0
3111;32;224;0.1;0.5;11;109;0.5536481;250;238.1835;223.2018;8
3112;32;224;0.1;0.5;12;103;0.5238095;225;235.2524;222.7961;2
3113;32;224;0.1;0.5;13;112;0.4485597;235;236.5446;222.9821;11
3114;32;224;0.1;0.5;14;101;0.559322;237;237.7624;223.0495;0
3115;32;224;0.1;0.5;15;103;0.5168067;185;235.7573;222.2816;2
3116;32;224;0.1;0.5;16;101;0.4351464;225;236.1386;222.0396;0
3117;32;224;0.1;0.5;17;101;0.5489362;210;238.0198;222.8812;0
3118;32;224;0.1;0.5;18;101;0.4778761;242;237.7921;223.2079;0
3119;32;224;0.1;0.5;19;101;0.5020921;246;236.9802;222.8713;0
3120;32;224;0.1;0.5;20;105;0.5296804;239;236.7048;222.5429;4
3121;32;224;0.1;0.5;21;102;0.4920635;249;236.4216;222.8627;1
3122;32;224;0.1;0.5;22;101;0.4843049;243;237.0693;222.8812;0
3123;32;224;0.1;0.5;23;104;0.3776824;242;237.8654;222.9808;3
3124;32;224;0.1;0.5;24;101;0.3875;225;236.6832;223.1089;0
3125;32;224;0.1;0.5;25;119;0.5407725;224;235.8319;222.6807;18
3126;32;224;0.1;0.5;26;101;0.5608696;241;237.3663;223.1584;0
3127;32;224;0.1;0.5;27;102;0.4204082;225;235.8922;222.8333;1
3128;32;224;0.1;0.5;28;104;0.5903084;244;238.7212;223.3558;3
3129;32;224;0.1;0.5;29;104;0.5291667;234;237.3558;222.875;3
3130;32;224;0.1;0.5;30;101;0.4773663;231;236.8515;223.0495;0
3131;32;224;0.1;0.5;31;101;0.5606695;216;237.099;223.1089;0
3132;32;224;0.1;0.5;32;111;0.3811659;245;238.2703;223.7387;10
3133;32;224;0.1;0.5;33;102;0.4672131;221;236.8627;223.1863;1
3134;32;224;0.1;0.5;34;107;0.4343891;238;237.0374;222.757;6
3135;32;224;0.1;0.5;35;105;0.4098361;215;235.9905;222.9143;4
3136;32;224;0.1;0.5;36;106;0.4977974;236;236.2453;223.1887;5
3137;32;224;0.1;0.5;37;102;0.4827586;253;235.2353;222.5196;1
3138;32;224;0.1;0.5;38;101;0.501992;212;236.3465;222.703;0
3139;32;224;0.1;0.5;39;132;0.4581673;222;237.2879;222.8258;31
3140;32;224;0.1;0.5;40;102;0.5405405;242;237.8529;223.4902;1
3141;32;224;0.1;0.5;41;101;0.5502183;248;236.6238;222.4059;0
3142;32;224;0.1;0.5;42;102;0.5020921;257;235.9804;222.5;1
3143;32;224;0.1;0.5;43;127;0.5361702;237;236.7874;222.8819;26
3144;32;224;0.1;0.5;44;101;0.5238095;215;236.6733;222.6634;0
3145;32;224;0.1;0.5;45;101;0.4027778;238;236.8713;222.9208;0
3146;32;224;0.1;0.5;46;101;0.4497608;220;237.8812;222.7723;0
3147;32;224;0.1;0.5;47;101;0.45;255;236.1485;222.505;0
3148;32;224;0.1;0.5;48;101;0.6300813;235;236.8416;222.1782;0
3149;32;224;0.1;0.5;49;101;0.4934498;230;235.396;222.0891;0
3150;32;224;0.1;0.5;50;101;0.4791667;239;238.7822;223.3366;0
3151;32;224;0.1;0.5;51;107;0.4296875;222;236.729;222.785;6
3152;32;224;0.1;0.5;52;101;0.4734513;243;238.5743;223.3069;0
3153;32;224;0.1;0.5;53;112;0.5098039;240;237.4554;223.0268;11
3154;32;224;0.1;0.5;54;103;0.3965517;227;236.3981;222.8252;2
3155;32;224;0.1;0.5;55;101;0.525;253;236.9109;222.8614;0
3156;32;224;0.1;0.5;56;105;0.6341463;232;238.6;222.981;4
3157;32;224;0.1;0.5;57;106;0.4497817;236;236.6698;223.3113;5
3158;32;224;0.1;0.5;58;114;0.5344828;227;235.1667;222.5351;13
3159;32;224;0.1;0.5;59;104;0.4009217;234;236.5673;223.1346;3
3160;32;224;0.1;0.5;60;101;0.4826087;228;236.4455;222.7228;0
3161;32;224;0.1;0.5;61;101;0.4827586;250;236.5941;222.8119;0
3162;32;224;0.1;0.5;62;102;0.5511111;212;236.5686;222.7941;1
3163;32;224;0.1;0.5;63;101;0.5330882;228;237.3564;223.0792;0
3164;32;224;0.1;0.5;64;101;0.5732218;239;236.0594;223.2772;0
3165;32;224;0.1;0.5;65;101;0.4621212;220;236.1287;222.7723;0
3166;32;224;0.1;0.5;66;101;0.5609756;207;235.0693;222.5248;0
3167;32;224;0.1;0.5;67;101;0.4734694;231;236.9505;223.2475;0
3168;32;224;0.1;0.5;68;103;0.3928571;270;236.9223;222.8447;2
3169;32;224;0.1;0.5;69;103;0.4741379;229;237.4854;223.0874;2
3170;32;224;0.1;0.5;70;101;0.4330357;258;236.4752;223.3168;0
3171;32;224;0.1;0.5;71;113;0.4849785;235;237.9027;222.9912;12
3172;32;224;0.1;0.5;72;103;0.4748858;244;236.6019;222.3981;2
3173;32;224;0.1;0.5;73;103;0.5523013;229;237.1942;222.7961;2
3174;32;224;0.1;0.5;74;101;0.4367347;217;236.2574;222.4653;0
3175;32;224;0.1;0.5;75;102;0.4194915;242;236.9804;222.8431;1
3176;32;224;0.1;0.5;76;107;0.5286344;255;237.0654;222.6729;6
3177;32;224;0.1;0.5;77;103;0.5816733;210;236.6117;222.699;2
3178;32;224;0.1;0.5;78;104;0.5090909;261;236.6154;222.7212;3
3179;32;224;0.1;0.5;79;103;0.3914729;241;235.3107;222.7864;2
3180;32;224;0.1;0.5;80;101;0.5437262;222;235.7525;222.3564;0
3181;32;224;0.1;0.5;81;105;0.4024896;231;236.4381;223.0667;4
3182;32;224;0.1;0.5;82;102;0.5769231;230;237.5098;223.1569;1
3183;32;224;0.1;0.5;83;102;0.5;222;235.0784;222.9314;1
3184;32;224;0.1;0.5;84;104;0.4280443;239;236.4231;222.9423;3
3185;32;224;0.1;0.5;85;102;0.5144033;242;237.098;223.2353;1
3186;32;224;0.1;0.5;86;101;0.527897;233;235.3861;222.2574;0
3187;32;224;0.1;0.5;87;101;0.545082;229;238.1485;223.2277;0
3188;32;224;0.1;0.5;88;113;0.4196429;233;236.3009;222.3451;12
3189;32;224;0.1;0.5;89;105;0.5333333;220;235.2952;222.5238;4
3190;32;224;0.1;0.5;90;111;0.4848485;258;236.6577;222.036;10
3191;32;224;0.1;0.5;91;108;0.4801587;237;237.7593;223.5093;7
3192;32;224;0.1;0.5;92;102;0.5068493;233;236.5588;222.7353;1
3193;32;224;0.1;0.5;93;101;0.4769874;230;237.8614;222.4554;0
3194;32;224;0.1;0.5;94;101;0.5896414;212;238.0891;222.7723;0
3195;32;224;0.1;0.5;95;107;0.4199134;240;237.0654;222.5794;6
3196;32;224;0.1;0.5;96;109;0.5045455;252;236.0183;222.7798;8
3197;32;224;0.1;0.5;97;104;0.4681818;268;235.375;222.7404;3
3198;32;224;0.1;0.5;98;101;0.48583;206;234.6436;222.802;0
3199;32;224;0.1;0.5;99;102;0.4173228;236;237.0196;222.7647;1
3200;32;224;0.1;0.5;100;101;0.5422222;239;238.4356;222.7723;0
3201;33;1;0.2;0.5;1;103;0.4573991;244;236.1553;1;2
3202;33;1;0.2;0.5;2;101;0.5023474;240;237.0297;1;0
3203;33;1;0.2;0.5;3;101;0.5635593;238;236.1287;1;0
3204;33;1;0.2;0.5;4;102;0.4871795;240;237.8235;1;1
3205;33;1;0.2;0.5;5;102;0.5328185;230;238.0686;1;1
3206;33;1;0.2;0.5;6;101;0.43379;270;235.0099;1;0
3207;33;1;0.2;0.5;7;101;0.4833333;255;238.1881;1;0
3208;33;1;0.2;0.5;8;101;0.4566929;224;235.6337;1;0
3209;33;1;0.2;0.5;9;102;0.4862745;240;236.2353;1;1
3210;33;1;0.2;0.5;10;101;0.5378151;228;238.9901;1;0
3211;33;1;0.2;0.5;11;101;0.5178571;240;237.7723;1;0
3212;33;1;0.2;0.5;12;102;0.5650407;233;237.6863;1;1
3213;33;1;0.2;0.5;13;101;0.5289256;246;237.5149;1;0
3214;33;1;0.2;0.5;14;101;0.456621;284;237.5941;1;0
3215;33;1;0.2;0.5;15;102;0.4338843;239;236.2843;1;1
3216;33;1;0.2;0.5;16;101;0.5673469;232;235.7525;1;0
3217;33;1;0.2;0.5;17;101;0.4774775;216;237.7426;1;0
3218;33;1;0.2;0.5;18;101;0.4549763;251;238;1;0
3219;33;1;0.2;0.5;19;101;0.4141414;242;235.703;1;0
3220;33;1;0.2;0.5;20;101;0.4913043;250;238.2277;1;0
3221;33;1;0.2;0.5;21;101;0.5265487;247;235.5545;1;0
3222;33;1;0.2;0.5;22;101;0.4956522;228;235.8713;1;0
3223;33;1;0.2;0.5;23;106;0.5107296;237;235.283;1;5
3224;33;1;0.2;0.5;24;103;0.4431373;231;234.932;1;2
3225;33;1;0.2;0.5;25;101;0.5375;248;238.1683;1;0
3226;33;1;0.2;0.5;26;101;0.5137615;236;235.5644;1;0
3227;33;1;0.2;0.5;27;104;0.4703557;238;238.3558;1;3
3228;33;1;0.2;0.5;28;101;0.4736842;258;236.8218;1;0
3229;33;1;0.2;0.5;29;101;0.5581395;262;236.4257;1;0
3230;33;1;0.2;0.5;30;101;0.5435685;247;236.0198;1;0
3231;33;1;0.2;0.5;31;101;0.5595238;220;236.9505;1;0
3232;33;1;0.2;0.5;32;101;0.5223214;234;234.7723;1;0
3233;33;1;0.2;0.5;33;102;0.5622318;260;236.2255;1;1
3234;33;1;0.2;0.5;34;102;0.4923077;226;235.9216;1;1
3235;33;1;0.2;0.5;35;104;0.4417671;223;236.6731;1;3
3236;33;1;0.2;0.5;36;101;0.5352697;245;237.7327;1;0
3237;33;1;0.2;0.5;37;101;0.6334842;244;237;1;0
3238;33;1;0.2;0.5;38;101;0.526971;237;235.3465;1;0
3239;33;1;0.2;0.5;39;101;0.4089069;243;237.2871;1;0
3240;33;1;0.2;0.5;40;101;0.4698795;238;238.0693;1;0
3241;33;1;0.2;0.5;41;101;0.5;242;237.6634;1;0
3242;33;1;0.2;0.5;42;101;0.5387931;259;237.3861;1;0
3243;33;1;0.2;0.5;43;101;0.4326531;254;237.0792;1;0
3244;33;1;0.2;0.5;44;106;0.4266055;229;237.1887;1;5
3245;33;1;0.2;0.5;45;103;0.5350877;255;237.4078;1;2
3246;33;1;0.2;0.5;46;114;0.4930876;247;238.5702;1;13
3247;33;1;0.2;0.5;47;102;0.5582524;240;236.1569;1;1
3248;33;1;0.2;0.5;48;104;0.4817814;229;238.4038;1;3
3249;33;1;0.2;0.5;49;102;0.5504202;237;236.9412;1;1
3250;33;1;0.2;0.5;50;102;0.5535714;240;235.6078;1;1
3251;33;1;0.2;0.5;51;110;0.6084906;242;236.3455;1;9
3252;33;1;0.2;0.5;52;106;0.5420168;209;237.0472;1;5
3253;33;1;0.2;0.5;53;105;0.3660714;236;235.9143;1;4
3254;33;1;0.2;0.5;54;101;0.5819672;256;237.2772;1;0
3255;33;1;0.2;0.5;55;103;0.4724409;225;238.233;1;2
3256;33;1;0.2;0.5;56;101;0.5483871;246;236.0198;1;0
3257;33;1;0.2;0.5;57;101;0.4225941;241;237.1188;1;0
3258;33;1;0.2;0.5;58;101;0.4569288;249;235.5743;1;0
3259;33;1;0.2;0.5;59;101;0.529661;240;238.396;1;0
3260;33;1;0.2;0.5;60;102;0.4453441;237;237.1471;1;1
3261;33;1;0.2;0.5;61;101;0.4849785;235;235.7822;1;0
3262;33;1;0.2;0.5;62;103;0.5306122;223;235.0485;1;2
3263;33;1;0.2;0.5;63;101;0.5244444;241;237.6337;1;0
3264;33;1;0.2;0.5;64;102;0.5325203;233;234.7549;1;1
3265;33;1;0.2;0.5;65;106;0.6219512;221;236.9151;1;5
3266;33;1;0.2;0.5;66;101;0.4190476;232;235.9604;1;0
3267;33;1;0.2;0.5;67;101;0.4734513;227;235.9703;1;0
3268;33;1;0.2;0.5;68;103;0.5752212;223;238.068;1;2
3269;33;1;0.2;0.5;69;105;0.5335968;205;235.1714;1;4
3270;33;1;0.2;0.5;70;112;0.5458333;234;237.2411;1;11
3271;33;1;0.2;0.5;71;105;0.4304348;247;237.2571;1;4
3272;33;1;0.2;0.5;72;104;0.5542636;228;235.6058;1;3
3273;33;1;0.2;0.5;73;101;0.465812;237;235.2277;1;0
3274;33;1;0.2;0.5;74;107;0.4793388;250;237.6449;1;6
3275;33;1;0.2;0.5;75;101;0.4900398;226;235.1089;1;0
3276;33;1;0.2;0.5;76;102;0.5267857;238;235.2059;1;1
3277;33;1;0.2;0.5;77;102;0.5225225;239;235.5784;1;1
3278;33;1;0.2;0.5;78;103;0.5214008;225;237.4757;1;2
3279;33;1;0.2;0.5;79;105;0.4736842;235;235.7429;1;4
3280;33;1;0.2;0.5;80;106;0.4238683;223;236.6887;1;5
3281;33;1;0.2;0.5;81;101;0.479638;256;238.8713;1;0
3282;33;1;0.2;0.5;82;101;0.539749;233;236.7228;1;0
3283;33;1;0.2;0.5;83;103;0.4669604;223;236.6796;1;2
3284;33;1;0.2;0.5;84;101;0.4885845;214;236.8416;1;0
3285;33;1;0.2;0.5;85;101;0.465812;230;236.5644;1;0
3286;33;1;0.2;0.5;86;101;0.5132075;224;236.1782;1;0
3287;33;1;0.2;0.5;87;111;0.4224806;255;235.8018;1;10
3288;33;1;0.2;0.5;88;102;0.4212766;240;236.1373;1;1
3289;33;1;0.2;0.5;89;104;0.4857143;251;238.3654;1;3
3290;33;1;0.2;0.5;90;102;0.5;242;236.8922;1;1
3291;33;1;0.2;0.5;91;102;0.5905172;248;236.6569;1;1
3292;33;1;0.2;0.5;92;101;0.5550847;237;235.2871;1;0
3293;33;1;0.2;0.5;93;101;0.4814815;265;237.3762;1;0
3294;33;1;0.2;0.5;94;101;0.4978723;236;236.5743;1;0
3295;33;1;0.2;0.5;95;104;0.4396552;237;236.2596;1;3
3296;33;1;0.2;0.5;96;101;0.4955357;239;236.7624;1;0
3297;33;1;0.2;0.5;97;104;0.4933921;244;238.5769;1;3
3298;33;1;0.2;0.5;98;101;0.4453441;236;235.3861;1;0
3299;33;1;0.2;0.5;99;102;0.4977778;230;236.598;1;1
3300;33;1;0.2;0.5;100;102;0.5737705;264;235.0098;1;1
3301;34;3;0.2;0.5;1;101;0.5982906;241;235.8416;3;0
3302;34;3;0.2;0.5;2;102;0.5101215;229;236.8039;3;1
3303;34;3;0.2;0.5;3;101;0.4980545;222;238.901;3;0
3304;34;3;0.2;0.5;4;103;0.4824561;255;237.5049;3;2
3305;34;3;0.2;0.5;5;101;0.5203252;248;237.6238;3;0
3306;34;3;0.2;0.5;6;103;0.5802469;254;236.7961;3;2
3307;34;3;0.2;0.5;7;103;0.4636015;225;236.6117;3;2
3308;34;3;0.2;0.5;8;107;0.3862661;246;238.2336;3;6
3309;34;3;0.2;0.5;9;114;0.4745763;244;238.5789;3;13
3310;34;3;0.2;0.5;10;101;0.5252918;231;238.1287;3;0
3311;34;3;0.2;0.5;11;102;0.4678112;228;236.6765;3;1
3312;34;3;0.2;0.5;12;102;0.4935065;233;236.0588;3;1
3313;34;3;0.2;0.5;13;101;0.4372294;212;236.5446;3;0
3314;34;3;0.2;0.5;14;102;0.4491525;218;237.9608;3;1
3315;34;3;0.2;0.5;15;113;0.5062762;240;237.0088;3;12
3316;34;3;0.2;0.5;16;101;0.4979592;223;234.1584;3;0
3317;34;3;0.2;0.5;17;101;0.5271318;228;235.0693;3;0
3318;34;3;0.2;0.5;18;103;0.5435685;226;237.767;3;2
3319;34;3;0.2;0.5;19;102;0.4960317;218;237.2745;3;1
3320;34;3;0.2;0.5;20;102;0.4823529;215;236.5294;3;1
3321;34;3;0.2;0.5;21;101;0.5848214;249;236.7426;3;0
3322;34;3;0.2;0.5;22;102;0.5042373;242;237.0882;3;1
3323;34;3;0.2;0.5;23;101;0.4533898;239;237.198;3;0
3324;34;3;0.2;0.5;24;102;0.4601449;229;237.4216;3;1
3325;34;3;0.2;0.5;25;101;0.5491071;245;238.9109;3;0
3326;34;3;0.2;0.5;26;113;0.4510638;233;235.2389;3;12
3327;34;3;0.2;0.5;27;102;0.4723404;230;237.0588;3;1
3328;34;3;0.2;0.5;28;101;0.5779817;229;234.6337;3;0
3329;34;3;0.2;0.5;29;101;0.473251;208;235.2277;3;0
3330;34;3;0.2;0.5;30;101;0.45;251;237.297;3;0
3331;34;3;0.2;0.5;31;103;0.4631148;249;235.7184;3;2
3332;34;3;0.2;0.5;32;101;0.5158371;241;237.4455;3;0
3333;34;3;0.2;0.5;33;104;0.5081301;246;236.0673;3;3
3334;34;3;0.2;0.5;34;101;0.6138211;211;237.2574;3;0
3335;34;3;0.2;0.5;35;101;0.4978166;240;238.0099;3;0
3336;34;3;0.2;0.5;36;101;0.4431373;241;237.1188;3;0
3337;34;3;0.2;0.5;37;106;0.4752066;236;236.0849;3;5
3338;34;3;0.2;0.5;38;101;0.4549356;221;237.2574;3;0
3339;34;3;0.2;0.5;39;101;0.4553571;240;236.9109;3;0
3340;34;3;0.2;0.5;40;106;0.5630252;262;236.0943;3;5
3341;34;3;0.2;0.5;41;101;0.5186722;243;237.0792;3;0
3342;34;3;0.2;0.5;42;102;0.4482759;234;237.1667;3;1
3343;34;3;0.2;0.5;43;101;0.4537815;245;236.1287;3;0
3344;34;3;0.2;0.5;44;101;0.5384615;246;236.3564;3;0
3345;34;3;0.2;0.5;45;101;0.5338983;232;238.2079;3;0
3346;34;3;0.2;0.5;46;102;0.4230769;224;235.3529;3;1
3347;34;3;0.2;0.5;47;104;0.5458333;234;237.3173;3;3
3348;34;3;0.2;0.5;48;103;0.4788136;218;238.5728;3;2
3349;34;3;0.2;0.5;49;102;0.4824561;235;236.2843;3;1
3350;34;3;0.2;0.5;50;103;0.5271967;227;236.5825;3;2
3351;34;3;0.2;0.5;51;101;0.5022422;224;236.2376;3;0
3352;34;3;0.2;0.5;52;102;0.4690265;248;237.402;3;1
3353;34;3;0.2;0.5;53;101;0.3686275;198;237.2871;3;0
3354;34;3;0.2;0.5;54;101;0.4804688;223;237.604;3;0
3355;34;3;0.2;0.5;55;109;0.527897;246;235.4954;3;8
3356;34;3;0.2;0.5;56;105;0.5131579;240;237.1333;3;4
3357;34;3;0.2;0.5;57;101;0.5248869;241;235;3;0
3358;34;3;0.2;0.5;58;106;0.4732143;237;238.3302;3;5
3359;34;3;0.2;0.5;59;106;0.4008097;239;235.2453;3;5
3360;34;3;0.2;0.5;60;107;0.3651452;240;236.8131;3;6
3361;34;3;0.2;0.5;61;103;0.5208333;249;236.4757;3;2
3362;34;3;0.2;0.5;62;105;0.4596774;249;236.7238;3;4
3363;34;3;0.2;0.5;63;101;0.4458874;257;238.1485;3;0
3364;34;3;0.2;0.5;64;101;0.4810606;221;234.7822;3;0
3365;34;3;0.2;0.5;65;101;0.5785441;209;237.9505;3;0
3366;34;3;0.2;0.5;66;101;0.5137255;212;235.8614;3;0
3367;34;3;0.2;0.5;67;101;0.5104603;231;236.9802;3;0
3368;34;3;0.2;0.5;68;101;0.5194805;241;237.0198;3;0
3369;34;3;0.2;0.5;69;101;0.4280156;241;236.5644;3;0
3370;34;3;0.2;0.5;70;106;0.5418502;260;237.3396;3;5
3371;34;3;0.2;0.5;71;101;0.5475113;234;235.3465;3;0
3372;34;3;0.2;0.5;72;101;0.4241071;242;236.1584;3;0
3373;34;3;0.2;0.5;73;101;0.4784483;216;234.9802;3;0
3374;34;3;0.2;0.5;74;101;0.5493562;237;236.7228;3;0
3375;34;3;0.2;0.5;75;104;0.3843137;225;236.6346;3;3
3376;34;3;0.2;0.5;76;104;0.5454545;236;237.2596;3;3
3377;34;3;0.2;0.5;77;102;0.5110132;242;235.4314;3;1
3378;34;3;0.2;0.5;78;111;0.3922414;264;237.9369;3;10
3379;34;3;0.2;0.5;79;101;0.5166667;208;235.7525;3;0
3380;34;3;0.2;0.5;80;101;0.4891775;228;236.2673;3;0
3381;34;3;0.2;0.5;81;102;0.467433;225;234.049;3;1
3382;34;3;0.2;0.5;82;101;0.5355649;222;236.2277;3;0
3383;34;3;0.2;0.5;83;101;0.4954545;242;236.5545;3;0
3384;34;3;0.2;0.5;84;101;0.527897;228;236.4059;3;0
3385;34;3;0.2;0.5;85;101;0.5695652;228;235.4653;3;0
3386;34;3;0.2;0.5;86;101;0.4841629;244;237.703;3;0
3387;34;3;0.2;0.5;87;101;0.6382979;242;237.6238;3;0
3388;34;3;0.2;0.5;88;105;0.5145228;231;236.7524;3;4
3389;34;3;0.2;0.5;89;102;0.4650206;227;236.1961;3;1
3390;34;3;0.2;0.5;90;105;0.5;246;238.5524;3;4
3391;34;3;0.2;0.5;91;101;0.5248869;242;236.7129;3;0
3392;34;3;0.2;0.5;92;102;0.5676856;237;237.0098;3;1
3393;34;3;0.2;0.5;93;102;0.5491071;225;236.6373;3;1
3394;34;3;0.2;0.5;94;102;0.4774775;246;235.1765;3;1
3395;34;3;0.2;0.5;95;107;0.4725738;250;238.3551;3;6
3396;34;3;0.2;0.5;96;101;0.4495798;227;236.4257;3;0
3397;34;3;0.2;0.5;97;101;0.3797468;250;235.6436;3;0
3398;34;3;0.2;0.5;98;101;0.6086957;245;237.0099;3;0
3399;34;3;0.2;0.5;99;101;0.5478927;240;240.5545;3;0
3400;34;3;0.2;0.5;100;108;0.5887097;214;237.2315;3;7
3401;35;5;0.2;0.5;1;103;0.4863636;249;235.2039;5;2
3402;35;5;0.2;0.5;2;102;0.4884793;230;238.098;5;1
3403;35;5;0.2;0.5;3;101;0.484375;236;237.4653;5;0
3404;35;5;0.2;0.5;4;101;0.4166667;245;236.2475;5;0
3405;35;5;0.2;0.5;5;101;0.5042735;243;238.4554;5;0
3406;35;5;0.2;0.5;6;107;0.48;235;235.7383;5;6
3407;35;5;0.2;0.5;7;101;0.4375;226;237.9208;5;0
3408;35;5;0.2;0.5;8;101;0.4375;244;235.6139;5;0
3409;35;5;0.2;0.5;9;104;0.4257028;248;235.3654;5;3
3410;35;5;0.2;0.5;10;101;0.4892704;242;237.5248;5;0
3411;35;5;0.2;0.5;11;102;0.5119048;255;235.8922;5;1
3412;35;5;0.2;0.5;12;103;0.4795539;211;236.5437;5;2
3413;35;5;0.2;0.5;13;101;0.4261603;257;236.7426;5;0
3414;35;5;0.2;0.5;14;101;0.4845815;223;238.0099;5;0
3415;35;5;0.2;0.5;15;102;0.4310345;222;234.6863;5;1
3416;35;5;0.2;0.5;16;101;0.4745763;248;236.0297;5;0
3417;35;5;0.2;0.5;17;109;0.5400844;222;239.6606;5;8
3418;35;5;0.2;0.5;18;101;0.4449541;247;235.9406;5;0
3419;35;5;0.2;0.5;19;101;0.4246032;248;237.8119;5;0
3420;35;5;0.2;0.5;20;102;0.4834711;256;237.0588;5;1
3421;35;5;0.2;0.5;21;101;0.5559701;232;237.3861;5;0
3422;35;5;0.2;0.5;22;107;0.4482759;226;237.1495;5;6
3423;35;5;0.2;0.5;23;101;0.5211864;228;235.7525;5;0
3424;35;5;0.2;0.5;24;101;0.4479638;235;235.8812;5;0
3425;35;5;0.2;0.5;25;101;0.5182186;224;239.0198;5;0
3426;35;5;0.2;0.5;26;103;0.3911111;260;236.9806;5;2
3427;35;5;0.2;0.5;27;109;0.4962121;233;236.7706;5;8
3428;35;5;0.2;0.5;28;103;0.4771784;231;236.7864;5;2
3429;35;5;0.2;0.5;29;102;0.5058366;230;237.7745;5;1
3430;35;5;0.2;0.5;30;101;0.6160338;223;235.3366;5;0
3431;35;5;0.2;0.5;31;103;0.5527426;250;237.3495;5;2
3432;35;5;0.2;0.5;32;102;0.5603448;246;236.1373;5;1
3433;35;5;0.2;0.5;33;101;0.4891775;245;235.5842;5;0
3434;35;5;0.2;0.5;34;115;0.5991189;231;235.6609;5;14
3435;35;5;0.2;0.5;35;103;0.5020921;219;235.6602;5;2
3436;35;5;0.2;0.5;36;103;0.4631148;226;238.4078;5;2
3437;35;5;0.2;0.5;37;102;0.53125;239;236.8431;5;1
3438;35;5;0.2;0.5;38;101;0.5822222;253;237.4257;5;0
3439;35;5;0.2;0.5;39;101;0.4567901;221;235.6238;5;0
3440;35;5;0.2;0.5;40;101;0.5642202;239;236.3168;5;0
3441;35;5;0.2;0.5;41;101;0.6032389;240;236.3366;5;0
3442;35;5;0.2;0.5;42;103;0.5673077;254;237.0777;5;2
3443;35;5;0.2;0.5;43;101;0.5145228;231;233.9208;5;0
3444;35;5;0.2;0.5;44;102;0.5165877;236;234.9412;5;1
3445;35;5;0.2;0.5;45;101;0.5490196;230;237.099;5;0
3446;35;5;0.2;0.5;46;101;0.5377778;235;234.9406;5;0
3447;35;5;0.2;0.5;47;101;0.5429688;225;236.4356;5;0
3448;35;5;0.2;0.5;48;110;0.446281;238;237.8273;5;9
3449;35;5;0.2;0.5;49;101;0.4843049;242;235.5545;5;0
3450;35;5;0.2;0.5;50;105;0.522449;212;236.3905;5;4
3451;35;5;0.2;0.5;51;103;0.5779817;219;235.7184;5;2
3452;35;5;0.2;0.5;52;101;0.491453;239;237.8515;5;0
3453;35;5;0.2;0.5;53;104;0.424;250;235.4231;5;3
3454;35;5;0.2;0.5;54;101;0.5056604;211;236.7228;5;0
3455;35;5;0.2;0.5;55;104;0.527027;228;235.5385;5;3
3456;35;5;0.2;0.5;56;105;0.4315353;253;237.4571;5;4
3457;35;5;0.2;0.5;57;105;0.5330739;230;238.8476;5;4
3458;35;5;0.2;0.5;58;102;0.4229075;242;238.2745;5;1
3459;35;5;0.2;0.5;59;101;0.5066667;241;234.6535;5;0
3460;35;5;0.2;0.5;60;117;0.4957627;241;235.7521;5;16
3461;35;5;0.2;0.5;61;110;0.473029;248;236.1455;5;9
3462;35;5;0.2;0.5;62;107;0.6071429;259;238.5794;5;6
3463;35;5;0.2;0.5;63;113;0.4317181;246;239.2832;5;12
3464;35;5;0.2;0.5;64;103;0.6096491;245;237.5631;5;2
3465;35;5;0.2;0.5;65;103;0.5490196;239;236.5534;5;2
3466;35;5;0.2;0.5;66;107;0.4718615;241;237.3178;5;6
3467;35;5;0.2;0.5;67;101;0.5064935;224;235.2871;5;0
3468;35;5;0.2;0.5;68;101;0.5458015;231;237.5149;5;0
3469;35;5;0.2;0.5;69;101;0.5974026;238;234.4356;5;0
3470;35;5;0.2;0.5;70;101;0.5222672;217;237.2376;5;0
3471;35;5;0.2;0.5;71;101;0.4693878;226;236.4356;5;0
3472;35;5;0.2;0.5;72;109;0.4756098;225;234.9817;5;8
3473;35;5;0.2;0.5;73;101;0.5063291;235;236.2079;5;0
3474;35;5;0.2;0.5;74;101;0.5381526;255;236.1584;5;0
3475;35;5;0.2;0.5;75;101;0.4830508;223;236.4257;5;0
3476;35;5;0.2;0.5;76;104;0.4304348;235;235.7308;5;3
3477;35;5;0.2;0.5;77;102;0.4618644;218;238.1275;5;1
3478;35;5;0.2;0.5;78;102;0.5286344;264;236.7549;5;1
3479;35;5;0.2;0.5;79;101;0.5756098;259;237.9901;5;0
3480;35;5;0.2;0.5;80;106;0.4895397;228;235.1321;5;5
3481;35;5;0.2;0.5;81;101;0.4876033;245;236.505;5;0
3482;35;5;0.2;0.5;82;108;0.4493927;223;237.3519;5;7
3483;35;5;0.2;0.5;83;101;0.4429224;216;235.2772;5;0
3484;35;5;0.2;0.5;84;101;0.5443038;243;237.4554;5;0
3485;35;5;0.2;0.5;85;103;0.454902;225;238.0097;5;2
3486;35;5;0.2;0.5;86;101;0.5864979;228;235.7228;5;0
3487;35;5;0.2;0.5;87;101;0.4763948;224;237.1782;5;0
3488;35;5;0.2;0.5;88;103;0.4052863;246;235.3301;5;2
3489;35;5;0.2;0.5;89;101;0.4530612;231;239.1683;5;0
3490;35;5;0.2;0.5;90;106;0.4510638;231;236.0566;5;5
3491;35;5;0.2;0.5;91;107;0.5362903;242;234.9065;5;6
3492;35;5;0.2;0.5;92;110;0.428;225;236.8455;5;9
3493;35;5;0.2;0.5;93;101;0.5176471;240;236.396;5;0
3494;35;5;0.2;0.5;94;101;0.5596708;243;237.1782;5;0
3495;35;5;0.2;0.5;95;102;0.5645161;240;238.7353;5;1
3496;35;5;0.2;0.5;96;103;0.4904762;246;237.3495;5;2
3497;35;5;0.2;0.5;97;101;0.525641;245;236.396;5;0
3498;35;5;0.2;0.5;98;102;0.4843049;254;236.3922;5;1
3499;35;5;0.2;0.5;99;101;0.5409836;219;236.1881;5;0
3500;35;5;0.2;0.5;100;101;0.5112108;251;234.8713;5;0
3501;36;7;0.2;0.5;1;102;0.5662651;246;236.3627;7;1
3502;36;7;0.2;0.5;2;105;0.542735;234;236.4762;7;4
3503;36;7;0.2;0.5;3;103;0.4135338;252;238.0097;7;2
3504;36;7;0.2;0.5;4;103;0.526749;231;237.3398;7;2
3505;36;7;0.2;0.5;5;101;0.5343511;236;235.7624;7;0
3506;36;7;0.2;0.5;6;101;0.4351464;249;234.7327;7;0
3507;36;7;0.2;0.5;7;101;0.4065041;211;234.6139;7;0
3508;36;7;0.2;0.5;8;101;0.517094;226;234.9703;7;0
3509;36;7;0.2;0.5;9;104;0.5432099;209;235.2212;7;3
3510;36;7;0.2;0.5;10;101;0.5774059;258;234.7723;7;0
3511;36;7;0.2;0.5;11;105;0.5238095;220;236.6952;7;4
3512;36;7;0.2;0.5;12;102;0.54;237;237.5392;7;1
3513;36;7;0.2;0.5;13;101;0.4419643;219;236.8416;7;0
3514;36;7;0.2;0.5;14;101;0.4297189;216;237.1386;7;0
3515;36;7;0.2;0.5;15;101;0.4525862;225;236.5347;7;0
3516;36;7;0.2;0.5;16;103;0.4246032;242;238.4757;7;2
3517;36;7;0.2;0.5;17;101;0.5414847;251;236.2475;7;0
3518;36;7;0.2;0.5;18;101;0.5877193;242;235.6931;7;0
3519;36;7;0.2;0.5;19;101;0.4690265;239;238.4059;7;0
3520;36;7;0.2;0.5;20;101;0.5351562;242;234.4158;7;0
3521;36;7;0.2;0.5;21;101;0.5378151;230;235.8614;7;0
3522;36;7;0.2;0.5;22;101;0.4322034;251;239.5842;7;0
3523;36;7;0.2;0.5;23;102;0.4513274;247;238.9118;7;1
3524;36;7;0.2;0.5;24;104;0.4590909;268;235.3942;7;3
3525;36;7;0.2;0.5;25;127;0.6170213;252;236.5984;7;26
3526;36;7;0.2;0.5;26;101;0.5327869;222;237.4059;7;0
3527;36;7;0.2;0.5;27;101;0.5809129;225;237.1881;7;0
3528;36;7;0.2;0.5;28;101;0.4844444;256;234.7921;7;0
3529;36;7;0.2;0.5;29;101;0.4954128;235;236.7525;7;0
3530;36;7;0.2;0.5;30;103;0.4254386;217;236.5243;7;2
3531;36;7;0.2;0.5;31;104;0.4814815;236;235.8173;7;3
3532;36;7;0.2;0.5;32;101;0.5875;237;235.8317;7;0
3533;36;7;0.2;0.5;33;102;0.556962;232;237.0098;7;1
3534;36;7;0.2;0.5;34;106;0.3972603;241;237.5283;7;5
3535;36;7;0.2;0.5;35;101;0.4911504;244;236.5347;7;0
3536;36;7;0.2;0.5;36;103;0.4661017;253;236.4951;7;2
3537;36;7;0.2;0.5;37;101;0.5226337;231;238.5545;7;0
3538;36;7;0.2;0.5;38;102;0.5466102;232;235.4902;7;1
3539;36;7;0.2;0.5;39;101;0.6235741;241;237.3366;7;0
3540;36;7;0.2;0.5;40;101;0.4487179;243;236.3465;7;0
3541;36;7;0.2;0.5;41;105;0.5064378;248;233.5905;7;4
3542;36;7;0.2;0.5;42;101;0.5;235;236.8713;7;0
3543;36;7;0.2;0.5;43;102;0.4752852;238;236.9118;7;1
3544;36;7;0.2;0.5;44;102;0.479638;269;236.5196;7;1
3545;36;7;0.2;0.5;45;101;0.5211864;252;237.0099;7;0
3546;36;7;0.2;0.5;46;101;0.5099602;232;238.5149;7;0
3547;36;7;0.2;0.5;47;102;0.4935065;248;237.5098;7;1
3548;36;7;0.2;0.5;48;105;0.5396825;222;236.9524;7;4
3549;36;7;0.2;0.5;49;101;0.4955752;246;237.8812;7;0
3550;36;7;0.2;0.5;50;102;0.5928854;236;236.1667;7;1
3551;36;7;0.2;0.5;51;101;0.4663462;233;236.2475;7;0
3552;36;7;0.2;0.5;52;102;0.4816514;253;237.2549;7;1
3553;36;7;0.2;0.5;53;102;0.529661;227;235.8137;7;1
3554;36;7;0.2;0.5;54;101;0.4957627;237;234.6337;7;0
3555;36;7;0.2;0.5;55;106;0.5682819;251;237.283;7;5
3556;36;7;0.2;0.5;56;101;0.4814815;246;237.9604;7;0
3557;36;7;0.2;0.5;57;101;0.4741379;250;235.3861;7;0
3558;36;7;0.2;0.5;58;101;0.4933333;237;237.4356;7;0
3559;36;7;0.2;0.5;59;102;0.4765625;235;238.2941;7;1
3560;36;7;0.2;0.5;60;101;0.5684647;248;237;7;0
3561;36;7;0.2;0.5;61;103;0.4193548;241;237.1359;7;2
3562;36;7;0.2;0.5;62;109;0.4657534;233;237.6239;7;8
3563;36;7;0.2;0.5;63;105;0.4847328;226;237.7333;7;4
3564;36;7;0.2;0.5;64;101;0.4703196;233;236.5842;7;0
3565;36;7;0.2;0.5;65;101;0.488;236;236.3564;7;0
3566;36;7;0.2;0.5;66;103;0.4292035;216;234.9126;7;2
3567;36;7;0.2;0.5;67;102;0.4549356;227;238.1961;7;1
3568;36;7;0.2;0.5;68;102;0.5238095;267;236.4314;7;1
3569;36;7;0.2;0.5;69;102;0.4904762;242;237.4706;7;1
3570;36;7;0.2;0.5;70;107;0.4132231;241;237.7383;7;6
3571;36;7;0.2;0.5;71;101;0.4672489;248;236.1683;7;0
3572;36;7;0.2;0.5;72;101;0.5418502;232;236.604;7;0
3573;36;7;0.2;0.5;73;102;0.4649123;223;236.0098;7;1
3574;36;7;0.2;0.5;74;112;0.4955752;240;236.7232;7;11
3575;36;7;0.2;0.5;75;102;0.5411255;239;236.951;7;1
3576;36;7;0.2;0.5;76;117;0.5040323;241;237.4188;7;16
3577;36;7;0.2;0.5;77;101;0.5042373;241;236.9109;7;0
3578;36;7;0.2;0.5;78;105;0.4237288;241;235.6571;7;4
3579;36;7;0.2;0.5;79;101;0.5075758;219;235.6337;7;0
3580;36;7;0.2;0.5;80;101;0.4666667;235;238.2475;7;0
3581;36;7;0.2;0.5;81;105;0.4414062;245;238.8952;7;4
3582;36;7;0.2;0.5;82;101;0.5133929;233;236.9604;7;0
3583;36;7;0.2;0.5;83;106;0.5060241;222;235.4057;7;5
3584;36;7;0.2;0.5;84;103;0.526087;230;234.0583;7;2
3585;36;7;0.2;0.5;85;104;0.5887097;241;237.4615;7;3
3586;36;7;0.2;0.5;86;101;0.4435484;218;236.6832;7;0
3587;36;7;0.2;0.5;87;101;0.506383;217;237.9208;7;0
3588;36;7;0.2;0.5;88;101;0.4672489;235;235.5743;7;0
3589;36;7;0.2;0.5;89;101;0.457265;241;235.9109;7;0
3590;36;7;0.2;0.5;90;110;0.4089069;233;239.3091;7;9
3591;36;7;0.2;0.5;91;102;0.517094;246;237.7451;7;1
3592;36;7;0.2;0.5;92;103;0.479638;230;237.6893;7;2
3593;36;7;0.2;0.5;93;101;0.548;231;238.5842;7;0
3594;36;7;0.2;0.5;94;101;0.4655172;242;239.099;7;0
3595;36;7;0.2;0.5;95;104;0.4125561;271;236.9135;7;3
3596;36;7;0.2;0.5;96;103;0.5318182;239;237.1068;7;2
3597;36;7;0.2;0.5;97;101;0.5144033;243;236.901;7;0
3598;36;7;0.2;0.5;98;101;0.602459;245;235.6139;7;0
3599;36;7;0.2;0.5;99;101;0.4862745;237;235.1485;7;0
3600;36;7;0.2;0.5;100;101;0.4642857;218;236.9208;7;0
3601;37;9;0.2;0.5;1;104;0.4148472;237;236.5673;9;3
3602;37;9;0.2;0.5;2;102;0.5195312;224;237.8824;9;1
3603;37;9;0.2;0.5;3;101;0.5632184;224;237.1485;9;0
3604;37;9;0.2;0.5;4;101;0.5756098;238;234.2178;9;0
3605;37;9;0.2;0.5;5;101;0.5458167;231;237.703;9;0
3606;37;9;0.2;0.5;6;101;0.5021277;225;236.2673;9;0
3607;37;9;0.2;0.5;7;102;0.4878049;230;237.4804;9;1
3608;37;9;0.2;0.5;8;101;0.547619;233;237.297;9;0
3609;37;9;0.2;0.5;9;101;0.5504587;259;234.1386;9;0
3610;37;9;0.2;0.5;10;109;0.6160714;240;236.1193;9;8
3611;37;9;0.2;0.5;11;106;0.4541485;220;235.9434;9;5
3612;37;9;0.2;0.5;12;102;0.5843137;234;237.8333;9;1
3613;37;9;0.2;0.5;13;106;0.4148472;219;235.7264;9;5
3614;37;9;0.2;0.5;14;101;0.517094;267;236.8119;9;0
3615;37;9;0.2;0.5;15;101;0.587963;219;236.3564;9;0
3616;37;9;0.2;0.5;16;101;0.5636364;241;236.198;9;0
3617;37;9;0.2;0.5;17;106;0.6099585;232;235.3774;9;5
3618;37;9;0.2;0.5;18;104;0.484127;246;237.8173;9;3
3619;37;9;0.2;0.5;19;101;0.5387931;244;238;9;0
3620;37;9;0.2;0.5;20;101;0.5043478;263;237.1881;9;0
3621;37;9;0.2;0.5;21;101;0.5737052;254;238.4752;9;0
3622;37;9;0.2;0.5;22;101;0.4789916;258;236.4455;9;0
3623;37;9;0.2;0.5;23;104;0.5564854;228;238.1442;9;3
3624;37;9;0.2;0.5;24;101;0.4754098;244;237.5347;9;0
3625;37;9;0.2;0.5;25;101;0.5046296;236;237.7426;9;0
3626;37;9;0.2;0.5;26;103;0.5115207;242;236.1359;9;2
3627;37;9;0.2;0.5;27;105;0.5;250;235.019;9;4
3628;37;9;0.2;0.5;28;101;0.4853556;236;237.5941;9;0
3629;37;9;0.2;0.5;29;105;0.4891775;233;235.7238;9;4
3630;37;9;0.2;0.5;30;101;0.5307018;225;237.4455;9;0
3631;37;9;0.2;0.5;31;101;0.4508197;224;235.8911;9;0
3632;37;9;0.2;0.5;32;105;0.4375;217;236.5619;9;4
3633;37;9;0.2;0.5;33;103;0.424;233;237.7087;9;2
3634;37;9;0.2;0.5;34;102;0.4166667;253;238.0686;9;1
3635;37;9;0.2;0.5;35;104;0.4765957;232;235.2596;9;3
3636;37;9;0.2;0.5;36;104;0.5046296;226;236.4519;9;3
3637;37;9;0.2;0.5;37;113;0.488;223;236.0531;9;12
3638;37;9;0.2;0.5;38;101;0.4181034;247;234.7822;9;0
3639;37;9;0.2;0.5;39;101;0.5263158;232;237.7426;9;0
3640;37;9;0.2;0.5;40;101;0.5141509;237;237.0792;9;0
3641;37;9;0.2;0.5;41;103;0.5617021;242;235.7087;9;2
3642;37;9;0.2;0.5;42;111;0.4170404;232;236.8198;9;10
3643;37;9;0.2;0.5;43;101;0.5394191;232;237.3861;9;0
3644;37;9;0.2;0.5;44;102;0.5145228;222;237.7353;9;1
3645;37;9;0.2;0.5;45;102;0.584;222;234.3039;9;1
3646;37;9;0.2;0.5;46;106;0.5882353;226;236.4623;9;5
3647;37;9;0.2;0.5;47;102;0.5045455;214;236.1373;9;1
3648;37;9;0.2;0.5;48;104;0.5313808;227;234.9327;9;3
3649;37;9;0.2;0.5;49;103;0.4703196;222;237.0388;9;2
3650;37;9;0.2;0.5;50;102;0.4652174;241;237.3137;9;1
3651;37;9;0.2;0.5;51;102;0.5188285;241;236.1667;9;1
3652;37;9;0.2;0.5;52;101;0.516;216;237.3069;9;0
3653;37;9;0.2;0.5;53;102;0.5813008;229;237.5294;9;1
3654;37;9;0.2;0.5;54;103;0.46875;255;237.0583;9;2
3655;37;9;0.2;0.5;55;107;0.4537815;238;236.7664;9;6
3656;37;9;0.2;0.5;56;101;0.5418327;243;236.9208;9;0
3657;37;9;0.2;0.5;57;104;0.4978166;219;236.7404;9;3
3658;37;9;0.2;0.5;58;104;0.5065502;250;237.2596;9;3
3659;37;9;0.2;0.5;59;103;0.4612069;215;236.7961;9;2
3660;37;9;0.2;0.5;60;102;0.4875;213;235.5784;9;1
3661;37;9;0.2;0.5;61;102;0.5296804;238;237.1667;9;1
3662;37;9;0.2;0.5;62;112;0.5296443;221;236.5;9;11
3663;37;9;0.2;0.5;63;102;0.4814815;252;236.8725;9;1
3664;37;9;0.2;0.5;64;101;0.4285714;229;235.2475;9;0
3665;37;9;0.2;0.5;65;104;0.5350554;218;237.1346;9;3
3666;37;9;0.2;0.5;66;102;0.5115207;252;237.2451;9;1
3667;37;9;0.2;0.5;67;101;0.5178571;264;237.4653;9;0
3668;37;9;0.2;0.5;68;117;0.4541485;229;236.2051;9;16
3669;37;9;0.2;0.5;69;101;0.4583333;243;237.7129;9;0
3670;37;9;0.2;0.5;70;106;0.40625;241;237.7264;9;5
3671;37;9;0.2;0.5;71;101;0.446281;252;237.5347;9;0
3672;37;9;0.2;0.5;72;102;0.5550847;243;236.5196;9;1
3673;37;9;0.2;0.5;73;101;0.4033613;239;238.6436;9;0
3674;37;9;0.2;0.5;74;101;0.5330189;232;235.3564;9;0
3675;37;9;0.2;0.5;75;101;0.4734694;255;235;9;0
3676;37;9;0.2;0.5;76;110;0.5619835;201;236.1909;9;9
3677;37;9;0.2;0.5;77;101;0.4210526;227;238.1683;9;0
3678;37;9;0.2;0.5;78;101;0.5021277;215;236.396;9;0
3679;37;9;0.2;0.5;79;101;0.4424779;248;236.1683;9;0
3680;37;9;0.2;0.5;80;110;0.4380165;226;236.3;9;9
3681;37;9;0.2;0.5;81;102;0.5405405;249;236.2255;9;1
3682;37;9;0.2;0.5;82;102;0.4652174;238;235.8627;9;1
3683;37;9;0.2;0.5;83;101;0.4979253;226;235.3267;9;0
3684;37;9;0.2;0.5;84;111;0.5960784;240;237.045;9;10
3685;37;9;0.2;0.5;85;105;0.560166;242;235.5429;9;4
3686;37;9;0.2;0.5;86;103;0.4866071;227;238.4175;9;2
3687;37;9;0.2;0.5;87;103;0.3829787;229;236.9126;9;2
3688;37;9;0.2;0.5;88;102;0.5400844;241;236.3333;9;1
3689;37;9;0.2;0.5;89;101;0.5043103;246;235.2475;9;0
3690;37;9;0.2;0.5;90;104;0.559387;226;237.3942;9;3
3691;37;9;0.2;0.5;91;102;0.5708812;243;238.1765;9;1
3692;37;9;0.2;0.5;92;101;0.4872881;235;234.6931;9;0
3693;37;9;0.2;0.5;93;107;0.5826087;241;237.7196;9;6
3694;37;9;0.2;0.5;94;103;0.432;233;236.3786;9;2
3695;37;9;0.2;0.5;95;101;0.4919355;236;236.802;9;0
3696;37;9;0.2;0.5;96;104;0.4439252;267;238.9808;9;3
3697;37;9;0.2;0.5;97;101;0.4285714;219;237.6436;9;0
3698;37;9;0.2;0.5;98;101;0.4588745;233;236.7921;9;0
3699;37;9;0.2;0.5;99;102;0.5507812;232;236.7745;9;1
3700;37;9;0.2;0.5;100;101;0.4891775;260;236.0198;9;0
3701;38;11;0.2;0.5;1;102;0.4040816;229;235.6275;11;1
3702;38;11;0.2;0.5;2;101;0.5316456;233;235.495;11;0
3703;38;11;0.2;0.5;3;102;0.4698276;236;236.4412;11;1
3704;38;11;0.2;0.5;4;103;0.4583333;227;237;11;2
3705;38;11;0.2;0.5;5;101;0.4369748;244;235.6931;11;0
3706;38;11;0.2;0.5;6;101;0.5176471;250;235.9505;11;0
3707;38;11;0.2;0.5;7;101;0.5099602;237;234.5743;11;0
3708;38;11;0.2;0.5;8;103;0.4139344;213;236.3689;11;2
3709;38;11;0.2;0.5;9;102;0.5875;238;238.3039;11;1
3710;38;11;0.2;0.5;10;101;0.4310954;221;237.9208;11;0
3711;38;11;0.2;0.5;11;103;0.5040984;240;236.3204;11;2
3712;38;11;0.2;0.5;12;114;0.6133333;233;235.114;11;13
3713;38;11;0.2;0.5;13;105;0.5435685;231;236.819;11;4
3714;38;11;0.2;0.5;14;102;0.5494071;211;237.6569;11;1
3715;38;11;0.2;0.5;15;101;0.5514403;243;234.8713;11;0
3716;38;11;0.2;0.5;16;102;0.4318182;246;235.8824;11;1
3717;38;11;0.2;0.5;17;104;0.5418502;237;237.9904;11;3
3718;38;11;0.2;0.5;18;105;0.5482456;234;235.8667;11;4
3719;38;11;0.2;0.5;19;102;0.6324786;247;235.9608;11;1
3720;38;11;0.2;0.5;20;101;0.5405405;263;236.6436;11;0
3721;38;11;0.2;0.5;21;101;0.4351145;203;237.2178;11;0
3722;38;11;0.2;0.5;22;115;0.4979757;245;237.3826;11;14
3723;38;11;0.2;0.5;23;102;0.5378151;216;236.598;11;1
3724;38;11;0.2;0.5;24;107;0.4497608;231;237.5607;11;6
3725;38;11;0.2;0.5;25;102;0.4861111;251;237.049;11;1
3726;38;11;0.2;0.5;26;101;0.6551724;221;235.4554;11;0
3727;38;11;0.2;0.5;27;101;0.6150442;240;236.4059;11;0
3728;38;11;0.2;0.5;28;103;0.4241245;232;235.1553;11;2
3729;38;11;0.2;0.5;29;103;0.4937759;222;237.8544;11;2
3730;38;11;0.2;0.5;30;101;0.4304348;235;236.8812;11;0
3731;38;11;0.2;0.5;31;111;0.4458874;248;237.2613;11;10
3732;38;11;0.2;0.5;32;105;0.5689655;239;236.9333;11;4
3733;38;11;0.2;0.5;33;101;0.4040816;233;235.0594;11;0
3734;38;11;0.2;0.5;34;103;0.4810127;234;235.6505;11;2
3735;38;11;0.2;0.5;35;104;0.5560345;242;235.9904;11;3
3736;38;11;0.2;0.5;36;101;0.4647303;238;237.8614;11;0
3737;38;11;0.2;0.5;37;101;0.5066079;251;234.901;11;0
3738;38;11;0.2;0.5;38;101;0.5186722;218;236.8119;11;0
3739;38;11;0.2;0.5;39;101;0.4693878;221;237.1881;11;0
3740;38;11;0.2;0.5;40;101;0.4349776;240;236.1386;11;0
3741;38;11;0.2;0.5;41;116;0.4913043;243;237.3362;11;15
3742;38;11;0.2;0.5;42;101;0.4319249;227;236.7228;11;0
3743;38;11;0.2;0.5;43;102;0.512605;223;235.3725;11;1
3744;38;11;0.2;0.5;44;101;0.4936709;216;237.7525;11;0
3745;38;11;0.2;0.5;45;105;0.4932735;228;235.8286;11;4
3746;38;11;0.2;0.5;46;102;0.4810127;260;237.6765;11;1
3747;38;11;0.2;0.5;47;108;0.4297521;265;236.5185;11;7
3748;38;11;0.2;0.5;48;101;0.5378788;239;235;11;0
3749;38;11;0.2;0.5;49;101;0.4599156;224;237.7921;11;0
3750;38;11;0.2;0.5;50;109;0.5022026;245;236.5688;11;8
3751;38;11;0.2;0.5;51;101;0.5507246;263;236.2277;11;0
3752;38;11;0.2;0.5;52;103;0.6184211;252;236.3495;11;2
3753;38;11;0.2;0.5;53;101;0.4752852;233;235.8614;11;0
3754;38;11;0.2;0.5;54;103;0.5350877;233;237;11;2
3755;38;11;0.2;0.5;55;102;0.5;223;236.5098;11;1
3756;38;11;0.2;0.5;56;102;0.5219298;232;235.8627;11;1
3757;38;11;0.2;0.5;57;101;0.5042017;248;237.6238;11;0
3758;38;11;0.2;0.5;58;101;0.4137931;248;237.6733;11;0
3759;38;11;0.2;0.5;59;103;0.5204918;248;237.466;11;2
3760;38;11;0.2;0.5;60;101;0.4675325;247;236.6634;11;0
3761;38;11;0.2;0.5;61;101;0.5169492;239;236.2376;11;0
3762;38;11;0.2;0.5;62;101;0.4412955;237;238.9109;11;0
3763;38;11;0.2;0.5;63;102;0.4979424;230;234.6275;11;1
3764;38;11;0.2;0.5;64;107;0.458498;229;234.785;11;6
3765;38;11;0.2;0.5;65;107;0.5905172;229;236.0935;11;6
3766;38;11;0.2;0.5;66;101;0.4788136;235;236.1089;11;0
3767;38;11;0.2;0.5;67;101;0.4734513;233;235.9109;11;0
3768;38;11;0.2;0.5;68;106;0.5046296;244;235.6792;11;5
3769;38;11;0.2;0.5;69;101;0.460177;234;237.7228;11;0
3770;38;11;0.2;0.5;70;102;0.4819277;236;235.6667;11;1
3771;38;11;0.2;0.5;71;103;0.5450644;227;235.2136;11;2
3772;38;11;0.2;0.5;72;101;0.4504132;232;237.1485;11;0
3773;38;11;0.2;0.5;73;102;0.5493562;236;236.9118;11;1
3774;38;11;0.2;0.5;74;111;0.4497992;232;239.2703;11;10
3775;38;11;0.2;0.5;75;104;0.4690265;224;236.9135;11;3
3776;38;11;0.2;0.5;76;101;0.4806202;225;238.1584;11;0
3777;38;11;0.2;0.5;77;101;0.5283019;244;239.3267;11;0
3778;38;11;0.2;0.5;78;101;0.5282258;218;236.8515;11;0
3779;38;11;0.2;0.5;79;104;0.548;218;236.7885;11;3
3780;38;11;0.2;0.5;80;108;0.5676856;223;235.8426;11;7
3781;38;11;0.2;0.5;81;102;0.5112108;257;236.549;11;1
3782;38;11;0.2;0.5;82;107;0.5479452;223;237.7383;11;6
3783;38;11;0.2;0.5;83;105;0.5481481;221;235.3048;11;4
3784;38;11;0.2;0.5;84;101;0.5545852;210;235.1683;11;0
3785;38;11;0.2;0.5;85;101;0.5022422;211;237;11;0
3786;38;11;0.2;0.5;86;101;0.5040323;258;235.8416;11;0
3787;38;11;0.2;0.5;87;104;0.5764192;240;235.4904;11;3
3788;38;11;0.2;0.5;88;103;0.4181818;249;236.0388;11;2
3789;38;11;0.2;0.5;89;101;0.5299539;257;235.8119;11;0
3790;38;11;0.2;0.5;90;103;0.5131579;244;236.7282;11;2
3791;38;11;0.2;0.5;91;106;0.4738956;238;236.5094;11;5
3792;38;11;0.2;0.5;92;101;0.4362934;232;238.495;11;0
3793;38;11;0.2;0.5;93;102;0.3868613;220;236.0392;11;1
3794;38;11;0.2;0.5;94;106;0.4434389;217;235.5094;11;5
3795;38;11;0.2;0.5;95;101;0.5213675;251;238.0891;11;0
3796;38;11;0.2;0.5;96;101;0.5446429;223;237.2475;11;0
3797;38;11;0.2;0.5;97;105;0.4212766;248;236.8571;11;4
3798;38;11;0.2;0.5;98;101;0.5102041;216;237.3861;11;0
3799;38;11;0.2;0.5;99;101;0.4508197;234;239.3564;11;0
3800;38;11;0.2;0.5;100;101;0.5477178;219;235.2772;11;0
3801;39;13;0.2;0.5;1;101;0.412766;224;237.8317;13;0
3802;39;13;0.2;0.5;2;101;0.5418502;234;236.5347;13;0
3803;39;13;0.2;0.5;3;103;0.5528455;232;237.8641;13;2
3804;39;13;0.2;0.5;4;102;0.4957983;219;236.6765;13;1
3805;39;13;0.2;0.5;5;103;0.5737705;199;236.5922;13;2
3806;39;13;0.2;0.5;6;104;0.5121951;226;237.2019;13;3
3807;39;13;0.2;0.5;7;101;0.5378486;224;236.6733;13;0
3808;39;13;0.2;0.5;8;102;0.536;224;235.6176;13;1
3809;39;13;0.2;0.5;9;105;0.4502165;240;236.9905;13;4
3810;39;13;0.2;0.5;10;106;0.4674797;250;235.8774;13;5
3811;39;13;0.2;0.5;11;101;0.4767932;238;236.198;13;0
3812;39;13;0.2;0.5;12;101;0.4586777;232;235.9604;13;0
3813;39;13;0.2;0.5;13;103;0.535865;241;238.7087;13;2
3814;39;13;0.2;0.5;14;101;0.5245902;215;238.0297;13;0
3815;39;13;0.2;0.5;15;104;0.5579399;260;236.6923;13;3
3816;39;13;0.2;0.5;16;101;0.4307692;214;236.8119;13;0
3817;39;13;0.2;0.5;17;112;0.5023041;261;237.2232;13;11
3818;39;13;0.2;0.5;18;101;0.454955;262;235.703;13;0
3819;39;13;0.2;0.5;19;101;0.4910714;229;237.7921;13;0
3820;39;13;0.2;0.5;20;108;0.4416667;231;235.3981;13;7
3821;39;13;0.2;0.5;21;102;0.4841629;238;236.6863;13;1
3822;39;13;0.2;0.5;22;109;0.465812;229;236.9817;13;8
3823;39;13;0.2;0.5;23;101;0.4517544;235;238.7228;13;0
3824;39;13;0.2;0.5;24;106;0.5466667;248;237.3396;13;5
3825;39;13;0.2;0.5;25;107;0.4504132;241;237.3271;13;6
3826;39;13;0.2;0.5;26;101;0.4752066;216;235.7327;13;0
3827;39;13;0.2;0.5;27;101;0.5117188;227;236.7426;13;0
3828;39;13;0.2;0.5;28;102;0.5782609;236;235.7255;13;1
3829;39;13;0.2;0.5;29;102;0.4598214;229;236.5686;13;1
3830;39;13;0.2;0.5;30;105;0.5062762;223;235.6762;13;4
3831;39;13;0.2;0.5;31;103;0.5110294;222;237.1262;13;2
3832;39;13;0.2;0.5;32;103;0.4482759;248;234.6699;13;2
3833;39;13;0.2;0.5;33;102;0.4957627;241;237.4118;13;1
3834;39;13;0.2;0.5;34;101;0.5617021;253;237.297;13;0
3835;39;13;0.2;0.5;35;101;0.4859438;252;235.0792;13;0
3836;39;13;0.2;0.5;36;102;0.4253394;244;236.3333;13;1
3837;39;13;0.2;0.5;37;101;0.5106383;215;234.0495;13;0
3838;39;13;0.2;0.5;38;101;0.5725806;227;235.396;13;0
3839;39;13;0.2;0.5;39;105;0.4393305;248;237.4286;13;4
3840;39;13;0.2;0.5;40;102;0.4649123;226;236.5294;13;1
3841;39;13;0.2;0.5;41;101;0.4703196;221;237.7525;13;0
3842;39;13;0.2;0.5;42;102;0.4304348;256;234.5686;13;1
3843;39;13;0.2;0.5;43;105;0.5352113;262;235.1714;13;4
3844;39;13;0.2;0.5;44;105;0.6231884;244;236.3429;13;4
3845;39;13;0.2;0.5;45;101;0.4773663;247;235.6139;13;0
3846;39;13;0.2;0.5;46;108;0.5219298;213;235.2685;13;7
3847;39;13;0.2;0.5;47;103;0.4606299;236;237.0485;13;2
3848;39;13;0.2;0.5;48;101;0.5219298;240;235.198;13;0
3849;39;13;0.2;0.5;49;103;0.4526749;239;238.1553;13;2
3850;39;13;0.2;0.5;50;101;0.5391304;222;235.5842;13;0
3851;39;13;0.2;0.5;51;101;0.3706897;208;236.396;13;0
3852;39;13;0.2;0.5;52;102;0.483871;223;236.2059;13;1
3853;39;13;0.2;0.5;53;102;0.5273438;223;238.0882;13;1
3854;39;13;0.2;0.5;54;102;0.4957983;237;234.7451;13;1
3855;39;13;0.2;0.5;55;101;0.5944882;217;234.901;13;0
3856;39;13;0.2;0.5;56;105;0.4942085;187;235.3238;13;4
3857;39;13;0.2;0.5;57;101;0.4611872;255;235.6634;13;0
3858;39;13;0.2;0.5;58;103;0.5675676;243;236.4757;13;2
3859;39;13;0.2;0.5;59;101;0.4738956;222;235.7228;13;0
3860;39;13;0.2;0.5;60;102;0.5405405;252;234.9412;13;1
3861;39;13;0.2;0.5;61;101;0.4382979;231;236.8218;13;0
3862;39;13;0.2;0.5;62;104;0.487395;226;237.0288;13;3
3863;39;13;0.2;0.5;63;101;0.5517241;231;238.6238;13;0
3864;39;13;0.2;0.5;64;101;0.4978541;235;237.1188;13;0
3865;39;13;0.2;0.5;65;101;0.4518828;234;236.6832;13;0
3866;39;13;0.2;0.5;66;107;0.6100386;232;234.7664;13;6
3867;39;13;0.2;0.5;67;101;0.5211864;228;234.7129;13;0
3868;39;13;0.2;0.5;68;101;0.5634921;229;237.0198;13;0
3869;39;13;0.2;0.5;69;104;0.4562212;237;234.875;13;3
3870;39;13;0.2;0.5;70;102;0.510917;260;238.0686;13;1
3871;39;13;0.2;0.5;71;102;0.5114155;276;236.2059;13;1
3872;39;13;0.2;0.5;72;117;0.5045872;251;237.1624;13;16
3873;39;13;0.2;0.5;73;103;0.404;251;237.3398;13;2
3874;39;13;0.2;0.5;74;102;0.4579832;236;237.3627;13;1
3875;39;13;0.2;0.5;75;103;0.536;242;238.466;13;2
3876;39;13;0.2;0.5;76;104;0.488;225;235.75;13;3
3877;39;13;0.2;0.5;77;101;0.4322034;247;237.3168;13;0
3878;39;13;0.2;0.5;78;103;0.4553191;223;235.2524;13;2
3879;39;13;0.2;0.5;79;101;0.4425532;232;237.6535;13;0
3880;39;13;0.2;0.5;80;101;0.4453782;231;237.2376;13;0
3881;39;13;0.2;0.5;81;107;0.454918;248;235.8411;13;6
3882;39;13;0.2;0.5;82;101;0.6413502;236;236.4455;13;0
3883;39;13;0.2;0.5;83;105;0.4454976;269;236.9905;13;4
3884;39;13;0.2;0.5;84;102;0.5478261;221;237.7157;13;1
3885;39;13;0.2;0.5;85;105;0.4178404;238;236.3429;13;4
3886;39;13;0.2;0.5;86;109;0.3695652;229;235.8991;13;8
3887;39;13;0.2;0.5;87;101;0.6177606;202;236.0891;13;0
3888;39;13;0.2;0.5;88;108;0.46875;233;236.8889;13;7
3889;39;13;0.2;0.5;89;102;0.4385965;260;237.2353;13;1
3890;39;13;0.2;0.5;90;101;0.4541667;242;236.0099;13;0
3891;39;13;0.2;0.5;91;104;0.557377;233;236.6731;13;3
3892;39;13;0.2;0.5;92;103;0.5895197;248;236.2913;13;2
3893;39;13;0.2;0.5;93;101;0.5043103;238;237.0594;13;0
3894;39;13;0.2;0.5;94;102;0.5298805;236;236.7843;13;1
3895;39;13;0.2;0.5;95;101;0.4864865;222;236.901;13;0
3896;39;13;0.2;0.5;96;101;0.4524887;242;235.2673;13;0
3897;39;13;0.2;0.5;97;103;0.5263158;255;235.2913;13;2
3898;39;13;0.2;0.5;98;107;0.4380531;245;235.5421;13;6
3899;39;13;0.2;0.5;99;101;0.5753425;258;236.9505;13;0
3900;39;13;0.2;0.5;100;101;0.5319149;236;235.7525;13;0
3901;40;15;0.2;0.5;1;101;0.3744856;222;235.2079;15;0
3902;40;15;0.2;0.5;2;105;0.4826087;225;235.5714;15;4
3903;40;15;0.2;0.5;3;102;0.4470046;227;236.0098;15;1
3904;40;15;0.2;0.5;4;101;0.5228216;232;237.8713;15;0
3905;40;15;0.2;0.5;5;101;0.4486692;231;236.9604;15;0
3906;40;15;0.2;0.5;6;102;0.5551181;234;236.7941;15;1
3907;40;15;0.2;0.5;7;108;0.4790698;215;237.7593;15;7
3908;40;15;0.2;0.5;8;102;0.4390244;235;237.951;15;1
3909;40;15;0.2;0.5;9;101;0.4564315;229;237.0099;15;0
3910;40;15;0.2;0.5;10;103;0.5044643;233;234.2136;15;2
3911;40;15;0.2;0.5;11;106;0.5974576;236;234.7264;15;5
3912;40;15;0.2;0.5;12;101;0.4913793;242;236.9307;15;0
3913;40;15;0.2;0.5;13;101;0.5277778;233;236.1089;15;0
3914;40;15;0.2;0.5;14;101;0.4199134;225;236.6139;15;0
3915;40;15;0.2;0.5;15;105;0.5366795;225;238.6952;15;4
3916;40;15;0.2;0.5;16;102;0.4956897;235;236.0784;15;1
3917;40;15;0.2;0.5;17;102;0.4808511;232;235.7549;15;1
3918;40;15;0.2;0.5;18;108;0.3677686;209;236.8241;15;7
3919;40;15;0.2;0.5;19;102;0.458498;221;238.5784;15;1
3920;40;15;0.2;0.5;20;106;0.5093633;226;237.4245;15;5
3921;40;15;0.2;0.5;21;101;0.5809524;238;235.9901;15;0
3922;40;15;0.2;0.5;22;108;0.4525862;247;236.8519;15;7
3923;40;15;0.2;0.5;23;101;0.4314516;212;237.1188;15;0
3924;40;15;0.2;0.5;24;101;0.4316239;247;235.4851;15;0
3925;40;15;0.2;0.5;25;109;0.4669604;249;236.2844;15;8
3926;40;15;0.2;0.5;26;102;0.4793388;231;237.2157;15;1
3927;40;15;0.2;0.5;27;117;0.5;249;235.6752;15;16
3928;40;15;0.2;0.5;28;101;0.5545455;230;236.505;15;0
3929;40;15;0.2;0.5;29;102;0.5897436;222;235.0686;15;1
3930;40;15;0.2;0.5;30;104;0.5233645;244;236.0962;15;3
3931;40;15;0.2;0.5;31;102;0.4449153;236;237.4314;15;1
3932;40;15;0.2;0.5;32;101;0.5666667;238;237.1881;15;0
3933;40;15;0.2;0.5;33;102;0.5603448;231;236.8431;15;1
3934;40;15;0.2;0.5;34;101;0.5330579;243;237.5743;15;0
3935;40;15;0.2;0.5;35;101;0.4642857;232;235.5347;15;0
3936;40;15;0.2;0.5;36;101;0.5884956;235;236.5644;15;0
3937;40;15;0.2;0.5;37;102;0.4585153;250;237.0392;15;1
3938;40;15;0.2;0.5;38;101;0.4375;241;236.3762;15;0
3939;40;15;0.2;0.5;39;101;0.4952381;233;237.9604;15;0
3940;40;15;0.2;0.5;40;125;0.5879828;229;234.576;15;24
3941;40;15;0.2;0.5;41;103;0.4605263;228;235.699;15;2
3942;40;15;0.2;0.5;42;101;0.3795918;226;235.1485;15;0
3943;40;15;0.2;0.5;43;102;0.4933333;224;236.5392;15;1
3944;40;15;0.2;0.5;44;102;0.5714286;220;236.8431;15;1
3945;40;15;0.2;0.5;45;104;0.5800866;249;236.2885;15;3
3946;40;15;0.2;0.5;46;101;0.4069264;234;236;15;0
3947;40;15;0.2;0.5;47;115;0.436;229;236.2609;15;14
3948;40;15;0.2;0.5;48;101;0.5387755;249;235.1287;15;0
3949;40;15;0.2;0.5;49;103;0.5020576;245;237.4369;15;2
3950;40;15;0.2;0.5;50;106;0.5438596;260;235.8585;15;5
3951;40;15;0.2;0.5;51;110;0.559322;227;234.8909;15;9
3952;40;15;0.2;0.5;52;101;0.5521236;232;237.3069;15;0
3953;40;15;0.2;0.5;53;105;0.4690265;223;235.1905;15;4
3954;40;15;0.2;0.5;54;101;0.5570175;223;235.6832;15;0
3955;40;15;0.2;0.5;55;101;0.4899598;233;234.9406;15;0
3956;40;15;0.2;0.5;56;101;0.51417;214;235.1584;15;0
3957;40;15;0.2;0.5;57;102;0.4355556;224;237.9314;15;1
3958;40;15;0.2;0.5;58;101;0.525641;231;236.8614;15;0
3959;40;15;0.2;0.5;59;110;0.5364807;240;237.0091;15;9
3960;40;15;0.2;0.5;60;101;0.473913;220;238.2475;15;0
3961;40;15;0.2;0.5;61;101;0.4680851;253;237.8515;15;0
3962;40;15;0.2;0.5;62;105;0.4574468;265;235.981;15;4
3963;40;15;0.2;0.5;63;101;0.5472637;264;236.4455;15;0
3964;40;15;0.2;0.5;64;104;0.5111111;249;235.25;15;3
3965;40;15;0.2;0.5;65;102;0.4855967;244;236.4412;15;1
3966;40;15;0.2;0.5;66;104;0.5;259;237.9135;15;3
3967;40;15;0.2;0.5;67;101;0.4813278;247;236.6535;15;0
3968;40;15;0.2;0.5;68;101;0.4578313;235;235.6535;15;0
3969;40;15;0.2;0.5;69;101;0.5186722;236;236.3564;15;0
3970;40;15;0.2;0.5;70;106;0.5566038;246;235.9528;15;5
3971;40;15;0.2;0.5;71;105;0.4956897;238;235.581;15;4
3972;40;15;0.2;0.5;72;101;0.5243902;242;236.8416;15;0
3973;40;15;0.2;0.5;73;101;0.6294643;262;236.8812;15;0
3974;40;15;0.2;0.5;74;103;0.5172414;222;235.3883;15;2
3975;40;15;0.2;0.5;75;106;0.5818966;241;237.283;15;5
3976;40;15;0.2;0.5;76;102;0.6437247;216;236.8725;15;1
3977;40;15;0.2;0.5;77;103;0.4585153;234;238.2913;15;2
3978;40;15;0.2;0.5;78;112;0.484252;231;236.5446;15;11
3979;40;15;0.2;0.5;79;102;0.4700855;225;235.549;15;1
3980;40;15;0.2;0.5;80;102;0.4637097;212;236.3431;15;1
3981;40;15;0.2;0.5;81;101;0.4357798;239;235.7129;15;0
3982;40;15;0.2;0.5;82;105;0.4695652;228;234.7619;15;4
3983;40;15;0.2;0.5;83;101;0.5879828;224;236.3366;15;0
3984;40;15;0.2;0.5;84;105;0.561753;231;236.2762;15;4
3985;40;15;0.2;0.5;85;101;0.4696356;224;235.7723;15;0
3986;40;15;0.2;0.5;86;101;0.5494071;224;236.4752;15;0
3987;40;15;0.2;0.5;87;112;0.5213675;240;237.2411;15;11
3988;40;15;0.2;0.5;88;102;0.508547;252;237.4804;15;1
3989;40;15;0.2;0.5;89;101;0.4583333;217;236.1782;15;0
3990;40;15;0.2;0.5;90;106;0.5530973;233;238.434;15;5
3991;40;15;0.2;0.5;91;104;0.4913043;246;237.6827;15;3
3992;40;15;0.2;0.5;92;103;0.519685;233;236.1553;15;2
3993;40;15;0.2;0.5;93;102;0.4159292;269;235.7549;15;1
3994;40;15;0.2;0.5;94;102;0.446281;239;236.6569;15;1
3995;40;15;0.2;0.5;95;101;0.4177215;245;236.8515;15;0
3996;40;15;0.2;0.5;96;102;0.6363636;233;237.2353;15;1
3997;40;15;0.2;0.5;97;102;0.5088496;228;236.1863;15;1
3998;40;15;0.2;0.5;98;109;0.4248927;222;237.1651;15;8
3999;40;15;0.2;0.5;99;103;0.5150376;228;236.932;15;2
4000;40;15;0.2;0.5;100;101;0.3991416;233;236.0792;15;0
4001;41;17;0.2;0.5;1;101;0.5478261;223;236.0792;17;0
4002;41;17;0.2;0.5;2;101;0.4736842;216;237.3465;17;0
4003;41;17;0.2;0.5;3;101;0.4816327;256;236.1089;17;0
4004;41;17;0.2;0.5;4;102;0.5614754;236;236.9412;17;1
4005;41;17;0.2;0.5;5;102;0.5714286;240;236.5294;17;1
4006;41;17;0.2;0.5;6;101;0.4827586;230;236.505;17;0
4007;41;17;0.2;0.5;7;104;0.4439462;242;235.3846;17;3
4008;41;17;0.2;0.5;8;114;0.4976744;239;238.307;17;13
4009;41;17;0.2;0.5;9;101;0.4473684;245;236.8416;17;0
4010;41;17;0.2;0.5;10;101;0.5335968;244;236.8416;17;0
4011;41;17;0.2;0.5;11;101;0.4980392;233;237.7723;17;0
4012;41;17;0.2;0.5;12;102;0.4728033;240;236.2157;17;1
4013;41;17;0.2;0.5;13;101;0.5020747;265;236.2673;17;0
4014;41;17;0.2;0.5;14;101;0.5276596;242;237.7723;17;0
4015;41;17;0.2;0.5;15;101;0.5128205;229;236.9109;17;0
4016;41;17;0.2;0.5;16;105;0.5328185;234;235.6762;17;4
4017;41;17;0.2;0.5;17;101;0.5518672;233;237.7129;17;0
4018;41;17;0.2;0.5;18;104;0.5555556;224;236.5865;17;3
4019;41;17;0.2;0.5;19;101;0.5061224;235;235.8119;17;0
4020;41;17;0.2;0.5;20;105;0.5580357;235;236.8571;17;4
4021;41;17;0.2;0.5;21;102;0.5655738;255;237.2255;17;1
4022;41;17;0.2;0.5;22;101;0.48;245;238.1683;17;0
4023;41;17;0.2;0.5;23;101;0.6211454;222;235.1287;17;0
4024;41;17;0.2;0.5;24;101;0.5105485;252;235.6733;17;0
4025;41;17;0.2;0.5;25;104;0.5875;252;240.5192;17;3
4026;41;17;0.2;0.5;26;101;0.625;245;237.8317;17;0
4027;41;17;0.2;0.5;27;109;0.5850622;236;238;17;8
4028;41;17;0.2;0.5;28;101;0.5203252;235;236.9703;17;0
4029;41;17;0.2;0.5;29;105;0.5330579;244;236.9143;17;4
4030;41;17;0.2;0.5;30;101;0.4759825;228;236.6337;17;0
4031;41;17;0.2;0.5;31;105;0.4521739;240;236.2762;17;4
4032;41;17;0.2;0.5;32;101;0.4954128;257;235.5644;17;0
4033;41;17;0.2;0.5;33;101;0.5148936;253;234.3663;17;0
4034;41;17;0.2;0.5;34;101;0.5100402;236;236.7822;17;0
4035;41;17;0.2;0.5;35;109;0.4669604;231;237.4312;17;8
4036;41;17;0.2;0.5;36;106;0.5102881;241;235.7925;17;5
4037;41;17;0.2;0.5;37;102;0.5191489;233;237.451;17;1
4038;41;17;0.2;0.5;38;104;0.4435146;236;235.4135;17;3
4039;41;17;0.2;0.5;39;101;0.515748;228;235.6139;17;0
4040;41;17;0.2;0.5;40;102;0.4977974;231;235.3922;17;1
4041;41;17;0.2;0.5;41;102;0.5443548;226;236.2157;17;1
4042;41;17;0.2;0.5;42;102;0.5594714;240;237.3333;17;1
4043;41;17;0.2;0.5;43;107;0.5462185;238;235.1028;17;6
4044;41;17;0.2;0.5;44;105;0.3803419;232;236.9143;17;4
4045;41;17;0.2;0.5;45;101;0.4674797;239;238.5941;17;0
4046;41;17;0.2;0.5;46;103;0.448;226;236.699;17;2
4047;41;17;0.2;0.5;47;101;0.5368852;230;236.4257;17;0
4048;41;17;0.2;0.5;48;101;0.4160305;239;237.099;17;0
4049;41;17;0.2;0.5;49;110;0.5813953;264;236.4;17;9
4050;41;17;0.2;0.5;50;101;0.52;236;236.2376;17;0
4051;41;17;0.2;0.5;51;101;0.4444444;226;236.6535;17;0
4052;41;17;0.2;0.5;52;101;0.5687204;222;235.0198;17;0
4053;41;17;0.2;0.5;53;113;0.4691358;238;237.8053;17;12
4054;41;17;0.2;0.5;54;101;0.5081967;237;236.2475;17;0
4055;41;17;0.2;0.5;55;101;0.4634146;235;236.0594;17;0
4056;41;17;0.2;0.5;56;103;0.6204082;221;237.1748;17;2
4057;41;17;0.2;0.5;57;105;0.491453;252;236.581;17;4
4058;41;17;0.2;0.5;58;112;0.4705882;234;236.4375;17;11
4059;41;17;0.2;0.5;59;101;0.4212598;235;237.1881;17;0
4060;41;17;0.2;0.5;60;103;0.4915254;238;236.2427;17;2
4061;41;17;0.2;0.5;61;101;0.573913;251;238.3762;17;0
4062;41;17;0.2;0.5;62;104;0.524;239;237.9808;17;3
4063;41;17;0.2;0.5;63;101;0.509009;230;235.2673;17;0
4064;41;17;0.2;0.5;64;102;0.4645669;244;238.0392;17;1
4065;41;17;0.2;0.5;65;104;0.578125;246;235.4423;17;3
4066;41;17;0.2;0.5;66;103;0.4026549;234;235.4466;17;2
4067;41;17;0.2;0.5;67;101;0.5151515;245;233.901;17;0
4068;41;17;0.2;0.5;68;104;0.4695652;253;236.4327;17;3
4069;41;17;0.2;0.5;69;101;0.5191489;225;236.3366;17;0
4070;41;17;0.2;0.5;70;103;0.5247934;236;236.9029;17;2
4071;41;17;0.2;0.5;71;101;0.4769231;219;239.1287;17;0
4072;41;17;0.2;0.5;72;104;0.4886878;253;236.1923;17;3
4073;41;17;0.2;0.5;73;101;0.4506438;239;237.5545;17;0
4074;41;17;0.2;0.5;74;101;0.4065041;209;236.0297;17;0
4075;41;17;0.2;0.5;75;108;0.6066946;230;235.0741;17;7
4076;41;17;0.2;0.5;76;107;0.4557522;246;237.8037;17;6
4077;41;17;0.2;0.5;77;101;0.4860558;238;236.2574;17;0
4078;41;17;0.2;0.5;78;102;0.5077519;227;238.3529;17;1
4079;41;17;0.2;0.5;79;104;0.4700855;230;237.1635;17;3
4080;41;17;0.2;0.5;80;103;0.5614754;250;236.6796;17;2
4081;41;17;0.2;0.5;81;101;0.454902;239;236.604;17;0
4082;41;17;0.2;0.5;82;101;0.4541284;241;237.1386;17;0
4083;41;17;0.2;0.5;83;101;0.520362;248;236.7129;17;0
4084;41;17;0.2;0.5;84;107;0.4808511;215;236.4673;17;6
4085;41;17;0.2;0.5;85;114;0.4685039;234;236.6404;17;13
4086;41;17;0.2;0.5;86;107;0.5406504;232;235.2056;17;6
4087;41;17;0.2;0.5;87;102;0.5913043;206;236.3431;17;1
4088;41;17;0.2;0.5;88;101;0.5378151;229;237.5545;17;0
4089;41;17;0.2;0.5;89;101;0.4420601;261;236.9901;17;0
4090;41;17;0.2;0.5;90;103;0.5;224;236.2524;17;2
4091;41;17;0.2;0.5;91;115;0.4553571;249;236.1565;17;14
4092;41;17;0.2;0.5;92;101;0.5550661;243;238.8515;17;0
4093;41;17;0.2;0.5;93;101;0.5178571;254;236.6832;17;0
4094;41;17;0.2;0.5;94;101;0.4666667;216;236.6634;17;0
4095;41;17;0.2;0.5;95;101;0.4444444;253;236.604;17;0
4096;41;17;0.2;0.5;96;101;0.4761905;234;236.4554;17;0
4097;41;17;0.2;0.5;97;103;0.4980392;217;236.8738;17;2
4098;41;17;0.2;0.5;98;101;0.4646018;241;233.5347;17;0
4099;41;17;0.2;0.5;99;104;0.489083;248;237.2308;17;3
4100;41;17;0.2;0.5;100;101;0.4444444;228;236.5545;17;0
4101;42;19;0.2;0.5;1;103;0.5512821;231;238.767;19;2
4102;42;19;0.2;0.5;2;101;0.5162602;237;237.5644;19;0
4103;42;19;0.2;0.5;3;101;0.4618834;201;235.4752;19;0
4104;42;19;0.2;0.5;4;104;0.4393305;253;236.7115;19;3
4105;42;19;0.2;0.5;5;101;0.5172414;251;237.5842;19;0
4106;42;19;0.2;0.5;6;101;0.5587045;231;238.1782;19;0
4107;42;19;0.2;0.5;7;101;0.5112108;251;237.0792;19;0
4108;42;19;0.2;0.5;8;101;0.5541667;225;236.6535;19;0
4109;42;19;0.2;0.5;9;101;0.5313808;227;238.198;19;0
4110;42;19;0.2;0.5;10;103;0.4204082;231;237.932;19;2
4111;42;19;0.2;0.5;11;101;0.5102881;253;236.4356;19;0
4112;42;19;0.2;0.5;12;105;0.476;221;237.4952;19;4
4113;42;19;0.2;0.5;13;102;0.3951613;233;234.8333;19;1
4114;42;19;0.2;0.5;14;103;0.5791667;223;236.6893;19;2
4115;42;19;0.2;0.5;15;102;0.3891051;216;236.2255;19;1
4116;42;19;0.2;0.5;16;101;0.5381526;231;237.1485;19;0
4117;42;19;0.2;0.5;17;101;0.6042553;245;235.8416;19;0
4118;42;19;0.2;0.5;18;102;0.4608696;236;238.3824;19;1
4119;42;19;0.2;0.5;19;101;0.4978166;217;236.9406;19;0
4120;42;19;0.2;0.5;20;108;0.4811715;225;236.4074;19;7
4121;42;19;0.2;0.5;21;103;0.4756554;246;235.2233;19;2
4122;42;19;0.2;0.5;22;101;0.5882353;244;235.7129;19;0
4123;42;19;0.2;0.5;23;109;0.4367816;228;235.8807;19;8
4124;42;19;0.2;0.5;24;102;0.5489362;238;236.2745;19;1
4125;42;19;0.2;0.5;25;102;0.524;227;236.7843;19;1
4126;42;19;0.2;0.5;26;108;0.5495495;237;237.3333;19;7
4127;42;19;0.2;0.5;27;101;0.5479452;260;238.198;19;0
4128;42;19;0.2;0.5;28;103;0.5252101;251;237.1068;19;2
4129;42;19;0.2;0.5;29;101;0.5703125;232;238.4257;19;0
4130;42;19;0.2;0.5;30;101;0.4852321;226;235.9307;19;0
4131;42;19;0.2;0.5;31;107;0.4840183;260;235.514;19;6
4132;42;19;0.2;0.5;32;101;0.6008772;250;236.9901;19;0
4133;42;19;0.2;0.5;33;109;0.4458333;236;236.6514;19;8
4134;42;19;0.2;0.5;34;103;0.6186047;256;235.0874;19;2
4135;42;19;0.2;0.5;35;109;0.446281;238;237.2844;19;8
4136;42;19;0.2;0.5;36;101;0.512931;220;236.0594;19;0
4137;42;19;0.2;0.5;37;105;0.4186992;265;235.6381;19;4
4138;42;19;0.2;0.5;38;103;0.4708333;227;236.0777;19;2
4139;42;19;0.2;0.5;39;103;0.5217391;249;236.5049;19;2
4140;42;19;0.2;0.5;40;101;0.5720524;218;237.8812;19;0
4141;42;19;0.2;0.5;41;103;0.4979424;250;236.1748;19;2
4142;42;19;0.2;0.5;42;101;0.4869565;243;235.2277;19;0
4143;42;19;0.2;0.5;43;101;0.5040323;220;235.1584;19;0
4144;42;19;0.2;0.5;44;101;0.5412844;252;236.2475;19;0
4145;42;19;0.2;0.5;45;101;0.5779817;234;238.6535;19;0
4146;42;19;0.2;0.5;46;110;0.5696721;253;238.9364;19;9
4147;42;19;0.2;0.5;47;102;0.5574468;240;237.8333;19;1
4148;42;19;0.2;0.5;48;101;0.4292035;237;237.6238;19;0
4149;42;19;0.2;0.5;49;101;0.5176471;234;236.1683;19;0
4150;42;19;0.2;0.5;50;101;0.5058824;211;235.6238;19;0
4151;42;19;0.2;0.5;51;101;0.4541667;221;238.5941;19;0
4152;42;19;0.2;0.5;52;103;0.4615385;248;237.6796;19;2
4153;42;19;0.2;0.5;53;103;0.4977778;275;236.3592;19;2
4154;42;19;0.2;0.5;54;101;0.5022831;254;237.1386;19;0
4155;42;19;0.2;0.5;55;103;0.5062762;220;236.6893;19;2
4156;42;19;0.2;0.5;56;102;0.4821429;245;236.7745;19;1
4157;42;19;0.2;0.5;57;102;0.5583333;240;237.0196;19;1
4158;42;19;0.2;0.5;58;102;0.5037313;228;238.2353;19;1
4159;42;19;0.2;0.5;59;106;0.529661;225;234.2547;19;5
4160;42;19;0.2;0.5;60;101;0.4541667;223;235.703;19;0
4161;42;19;0.2;0.5;61;102;0.529661;229;235.5588;19;1
4162;42;19;0.2;0.5;62;106;0.4978355;230;234.8208;19;5
4163;42;19;0.2;0.5;63;101;0.4669604;241;235.495;19;0
4164;42;19;0.2;0.5;64;101;0.4896266;230;236.4653;19;0
4165;42;19;0.2;0.5;65;101;0.5043103;215;236.3564;19;0
4166;42;19;0.2;0.5;66;101;0.4488189;237;237.5248;19;0
4167;42;19;0.2;0.5;67;111;0.4568966;229;235.5225;19;10
4168;42;19;0.2;0.5;68;101;0.5732218;239;235.3069;19;0
4169;42;19;0.2;0.5;69;101;0.5291667;235;237.5842;19;0
4170;42;19;0.2;0.5;70;106;0.5307018;243;235.4245;19;5
4171;42;19;0.2;0.5;71;103;0.501992;229;237.4078;19;2
4172;42;19;0.2;0.5;72;101;0.5041667;216;238.6832;19;0
4173;42;19;0.2;0.5;73;101;0.5211864;222;235.1485;19;0
4174;42;19;0.2;0.5;74;102;0.4765957;248;236.6471;19;1
4175;42;19;0.2;0.5;75;104;0.4701195;241;238.2692;19;3
4176;42;19;0.2;0.5;76;101;0.4877049;227;236.9109;19;0
4177;42;19;0.2;0.5;77;105;0.5685484;221;236.0571;19;4
4178;42;19;0.2;0.5;78;101;0.4472574;217;237.4158;19;0
4179;42;19;0.2;0.5;79;102;0.4618321;228;234.8529;19;1
4180;42;19;0.2;0.5;80;101;0.4588745;248;237.3069;19;0
4181;42;19;0.2;0.5;81;101;0.5173913;224;235.2574;19;0
4182;42;19;0.2;0.5;82;101;0.4632035;251;237.1287;19;0
4183;42;19;0.2;0.5;83;110;0.3886463;216;235.2545;19;9
4184;42;19;0.2;0.5;84;101;0.5166667;243;237.6931;19;0
4185;42;19;0.2;0.5;85;109;0.5336323;250;236.3028;19;8
4186;42;19;0.2;0.5;86;101;0.4496124;221;235.7228;19;0
4187;42;19;0.2;0.5;87;105;0.5742972;239;238.2286;19;4
4188;42;19;0.2;0.5;88;105;0.4417671;238;236.8571;19;4
4189;42;19;0.2;0.5;89;101;0.52;263;236.5743;19;0
4190;42;19;0.2;0.5;90;101;0.4593496;228;236.703;19;0
4191;42;19;0.2;0.5;91;101;0.527897;258;237.5446;19;0
4192;42;19;0.2;0.5;92;105;0.4545455;230;236.6;19;4
4193;42;19;0.2;0.5;93;104;0.3967611;225;237.0577;19;3
4194;42;19;0.2;0.5;94;101;0.512605;232;236.3168;19;0
4195;42;19;0.2;0.5;95;101;0.3830645;223;236.0396;19;0
4196;42;19;0.2;0.5;96;101;0.4869565;240;235.1782;19;0
4197;42;19;0.2;0.5;97;101;0.4638783;236;237.9901;19;0
4198;42;19;0.2;0.5;98;101;0.4912281;227;236.3564;19;0
4199;42;19;0.2;0.5;99;101;0.4958333;208;238.4257;19;0
4200;42;19;0.2;0.5;100;101;0.4635193;242;236.1287;19;0
4201;43;21;0.2;0.5;1;101;0.4444444;269;236.2772;21;0
4202;43;21;0.2;0.5;2;113;0.6182573;233;235.9204;21;12
4203;43;21;0.2;0.5;3;103;0.468254;216;233.0971;21;2
4204;43;21;0.2;0.5;4;102;0.4666667;222;235.4608;21;1
4205;43;21;0.2;0.5;5;104;0.5121951;247;235.6058;21;3
4206;43;21;0.2;0.5;6;101;0.4173554;218;235.7525;21;0
4207;43;21;0.2;0.5;7;101;0.5833333;232;235.2673;21;0
4208;43;21;0.2;0.5;8;102;0.5780591;245;237.5588;21;1
4209;43;21;0.2;0.5;9;101;0.5272727;249;236.4455;21;0
4210;43;21;0.2;0.5;10;102;0.5595238;253;234.2843;21;1
4211;43;21;0.2;0.5;11;102;0.4444444;242;236.5294;21;1
4212;43;21;0.2;0.5;12;106;0.4311927;245;235.6981;21;5
4213;43;21;0.2;0.5;13;111;0.473029;233;238.7928;21;10
4214;43;21;0.2;0.5;14;102;0.4646018;249;236.9706;21;1
4215;43;21;0.2;0.5;15;101;0.5596708;248;237.1089;21;0
4216;43;21;0.2;0.5;16;105;0.4666667;233;237.6571;21;4
4217;43;21;0.2;0.5;17;107;0.529148;249;237.271;21;6
4218;43;21;0.2;0.5;18;104;0.5464684;249;238.3942;21;3
4219;43;21;0.2;0.5;19;102;0.5021834;222;236.0882;21;1
4220;43;21;0.2;0.5;20;101;0.4940239;233;235.3366;21;0
4221;43;21;0.2;0.5;21;105;0.4495798;231;235.6952;21;4
4222;43;21;0.2;0.5;22;101;0.5719697;223;236.2574;21;0
4223;43;21;0.2;0.5;23;101;0.5142857;220;235.4356;21;0
4224;43;21;0.2;0.5;24;101;0.4356846;248;235.8812;21;0
4225;43;21;0.2;0.5;25;101;0.5084034;234;235.7327;21;0
4226;43;21;0.2;0.5;26;101;0.5172414;232;236.4653;21;0
4227;43;21;0.2;0.5;27;102;0.5021459;227;238.3333;21;1
4228;43;21;0.2;0.5;28;118;0.5532787;234;236.8983;21;17
4229;43;21;0.2;0.5;29;103;0.5347826;231;236.0583;21;2
4230;43;21;0.2;0.5;30;102;0.4625;245;237.7353;21;1
4231;43;21;0.2;0.5;31;101;0.4581498;247;236.6139;21;0
4232;43;21;0.2;0.5;32;111;0.535865;243;236.8378;21;10
4233;43;21;0.2;0.5;33;101;0.4672131;260;238.7822;21;0
4234;43;21;0.2;0.5;34;110;0.5469388;241;236.4273;21;9
4235;43;21;0.2;0.5;35;102;0.5936255;247;237.9608;21;1
4236;43;21;0.2;0.5;36;101;0.4834711;238;237.6634;21;0
4237;43;21;0.2;0.5;37;102;0.4412955;234;235.8431;21;1
4238;43;21;0.2;0.5;38;105;0.406639;237;236.619;21;4
4239;43;21;0.2;0.5;39;102;0.5307018;235;235.902;21;1
4240;43;21;0.2;0.5;40;105;0.5283843;247;236.5905;21;4
4241;43;21;0.2;0.5;41;104;0.4177778;246;235.5288;21;3
4242;43;21;0.2;0.5;42;101;0.4274194;222;236.8515;21;0
4243;43;21;0.2;0.5;43;102;0.5753968;233;236.0882;21;1
4244;43;21;0.2;0.5;44;103;0.53125;245;235.7184;21;2
4245;43;21;0.2;0.5;45;101;0.5282258;236;238.5149;21;0
4246;43;21;0.2;0.5;46;112;0.6033755;254;236.4732;21;11
4247;43;21;0.2;0.5;47;103;0.4661017;242;237.466;21;2
4248;43;21;0.2;0.5;48;106;0.484;249;235.8679;21;5
4249;43;21;0.2;0.5;49;101;0.5697211;227;235.7624;21;0
4250;43;21;0.2;0.5;50;105;0.4732824;233;236.5429;21;4
4251;43;21;0.2;0.5;51;110;0.4193548;219;237.5727;21;9
4252;43;21;0.2;0.5;52;106;0.4748858;263;237.9811;21;5
4253;43;21;0.2;0.5;53;105;0.5726496;238;234.6952;21;4
4254;43;21;0.2;0.5;54;101;0.5473251;222;236.802;21;0
4255;43;21;0.2;0.5;55;101;0.464135;238;236.7723;21;0
4256;43;21;0.2;0.5;56;102;0.4980695;234;236.5588;21;1
4257;43;21;0.2;0.5;57;105;0.5976562;209;235.8571;21;4
4258;43;21;0.2;0.5;58;102;0.5344828;242;236.7255;21;1
4259;43;21;0.2;0.5;59;101;0.5082645;239;236.6139;21;0
4260;43;21;0.2;0.5;60;103;0.4849785;237;239.2816;21;2
4261;43;21;0.2;0.5;61;101;0.5211268;216;235.5149;21;0
4262;43;21;0.2;0.5;62;101;0.5974576;241;238.7723;21;0
4263;43;21;0.2;0.5;63;101;0.5328185;229;236.9604;21;0
4264;43;21;0.2;0.5;64;109;0.46875;249;236.5321;21;8
4265;43;21;0.2;0.5;65;102;0.55;231;236.8725;21;1
4266;43;21;0.2;0.5;66;102;0.5135135;239;235.2941;21;1
4267;43;21;0.2;0.5;67;102;0.4196078;227;237.7549;21;1
4268;43;21;0.2;0.5;68;101;0.4337349;220;236.8515;21;0
4269;43;21;0.2;0.5;69;111;0.4457364;223;237.8378;21;10
4270;43;21;0.2;0.5;70;103;0.412766;271;236.8544;21;2
4271;43;21;0.2;0.5;71;111;0.4302789;227;236.9009;21;10
4272;43;21;0.2;0.5;72;108;0.477551;251;236.9722;21;7
4273;43;21;0.2;0.5;73;102;0.5420561;238;237.3333;21;1
4274;43;21;0.2;0.5;74;104;0.5321888;237;234.5;21;3
4275;43;21;0.2;0.5;75;101;0.4978166;264;235.7525;21;0
4276;43;21;0.2;0.5;76;101;0.4470588;233;237.1386;21;0
4277;43;21;0.2;0.5;77;101;0.4938272;227;235.4158;21;0
4278;43;21;0.2;0.5;78;101;0.460251;265;238;21;0
4279;43;21;0.2;0.5;79;101;0.44;224;237.7525;21;0
4280;43;21;0.2;0.5;80;101;0.5084746;228;236.8614;21;0
4281;43;21;0.2;0.5;81;101;0.4866071;243;237.1881;21;0
4282;43;21;0.2;0.5;82;103;0.4302789;257;237.1456;21;2
4283;43;21;0.2;0.5;83;101;0.5720165;254;234.7624;21;0
4284;43;21;0.2;0.5;84;101;0.4396552;247;236.6832;21;0
4285;43;21;0.2;0.5;85;102;0.5523013;246;237.098;21;1
4286;43;21;0.2;0.5;86;101;0.4245283;258;239.396;21;0
4287;43;21;0.2;0.5;87;101;0.6092437;228;236.8218;21;0
4288;43;21;0.2;0.5;88;109;0.474359;233;235.2385;21;8
4289;43;21;0.2;0.5;89;101;0.4622222;218;236.4752;21;0
4290;43;21;0.2;0.5;90;101;0.5062241;248;236.6139;21;0
4291;43;21;0.2;0.5;91;101;0.5286344;255;236.4257;21;0
4292;43;21;0.2;0.5;92;102;0.4873646;216;238.2059;21;1
4293;43;21;0.2;0.5;93;102;0.5916667;247;237.0098;21;1
4294;43;21;0.2;0.5;94;105;0.4751131;257;236.6762;21;4
4295;43;21;0.2;0.5;95;102;0.5932203;235;236.3725;21;1
4296;43;21;0.2;0.5;96;101;0.4156379;228;235.5347;21;0
4297;43;21;0.2;0.5;97;101;0.4810127;252;237.495;21;0
4298;43;21;0.2;0.5;98;102;0.4074074;241;236.4902;21;1
4299;43;21;0.2;0.5;99;101;0.5442478;260;236.4752;21;0
4300;43;21;0.2;0.5;100;102;0.6434783;242;237.4216;21;1
4301;44;23;0.2;0.5;1;101;0.438914;252;237.6436;23;0
4302;44;23;0.2;0.5;2;101;0.4819277;232;236.8416;23;0
4303;44;23;0.2;0.5;3;106;0.561086;220;235.6604;23;5
4304;44;23;0.2;0.5;4;101;0.5897436;253;237.0495;23;0
4305;44;23;0.2;0.5;5;101;0.5446429;248;237.3663;23;0
4306;44;23;0.2;0.5;6;104;0.5652174;225;238.6635;23;3
4307;44;23;0.2;0.5;7;101;0.4834711;250;235.8317;23;0
4308;44;23;0.2;0.5;8;112;0.4061303;243;236.2321;23;11
4309;44;23;0.2;0.5;9;101;0.4978903;200;236.8218;23;0
4310;44;23;0.2;0.5;10;101;0.4848485;256;235.7624;23;0
4311;44;23;0.2;0.5;11;101;0.5564516;249;237.1782;23;0
4312;44;23;0.2;0.5;12;102;0.4790698;238;237.1471;23;1
4313;44;23;0.2;0.5;13;104;0.572;239;235.6442;23;3
4314;44;23;0.2;0.5;14;101;0.4789916;252;238.0099;23;0
4315;44;23;0.2;0.5;15;104;0.464135;246;234.9327;23;3
4316;44;23;0.2;0.5;16;101;0.48;229;236.8317;23;0
4317;44;23;0.2;0.5;17;103;0.6053812;231;235.6505;23;2
4318;44;23;0.2;0.5;18;101;0.5289256;254;237.2871;23;0
4319;44;23;0.2;0.5;19;101;0.5855856;234;237.4455;23;0
4320;44;23;0.2;0.5;20;101;0.51;266;235.4158;23;0
4321;44;23;0.2;0.5;21;101;0.5730769;230;236.0396;23;0
4322;44;23;0.2;0.5;22;103;0.5165289;231;236.0874;23;2
4323;44;23;0.2;0.5;23;101;0.4166667;237;235.505;23;0
4324;44;23;0.2;0.5;24;101;0.4854772;230;235.8911;23;0
4325;44;23;0.2;0.5;25;101;0.484127;231;238.6535;23;0
4326;44;23;0.2;0.5;26;101;0.5856574;223;237.3366;23;0
4327;44;23;0.2;0.5;27;101;0.483871;233;237.396;23;0
4328;44;23;0.2;0.5;28;101;0.4522822;215;236.099;23;0
4329;44;23;0.2;0.5;29;107;0.5657895;241;235.6822;23;6
4330;44;23;0.2;0.5;30;101;0.4380165;231;234.7327;23;0
4331;44;23;0.2;0.5;31;101;0.5375;248;238.8911;23;0
4332;44;23;0.2;0.5;32;101;0.5654008;215;236.3861;23;0
4333;44;23;0.2;0.5;33;102;0.4274194;232;235.7745;23;1
4334;44;23;0.2;0.5;34;103;0.5435685;249;237.3107;23;2
4335;44;23;0.2;0.5;35;101;0.4734694;216;236.0594;23;0
4336;44;23;0.2;0.5;36;101;0.502008;256;238.4158;23;0
4337;44;23;0.2;0.5;37;101;0.6068376;222;236.5149;23;0
4338;44;23;0.2;0.5;38;101;0.481982;252;235.6733;23;0
4339;44;23;0.2;0.5;39;101;0.5040984;258;236.2475;23;0
4340;44;23;0.2;0.5;40;101;0.5225225;232;236.505;23;0
4341;44;23;0.2;0.5;41;102;0.5;255;235.6863;23;1
4342;44;23;0.2;0.5;42;103;0.5502008;235;236.9903;23;2
4343;44;23;0.2;0.5;43;103;0.5371901;234;235.6214;23;2
4344;44;23;0.2;0.5;44;101;0.5932203;244;236.9505;23;0
4345;44;23;0.2;0.5;45;101;0.4596774;237;235.1584;23;0
4346;44;23;0.2;0.5;46;104;0.5179283;242;236.7404;23;3
4347;44;23;0.2;0.5;47;102;0.4405286;237;238.3529;23;1
4348;44;23;0.2;0.5;48;101;0.5272727;242;236.5347;23;0
4349;44;23;0.2;0.5;49;101;0.4732143;233;237.8713;23;0
4350;44;23;0.2;0.5;50;101;0.5147679;257;236.3366;23;0
4351;44;23;0.2;0.5;51;102;0.4541063;253;234.2353;23;1
4352;44;23;0.2;0.5;52;102;0.4285714;233;236.3333;23;1
4353;44;23;0.2;0.5;53;107;0.4958678;223;235.8318;23;6
4354;44;23;0.2;0.5;54;101;0.4186047;235;238.8416;23;0
4355;44;23;0.2;0.5;55;101;0.4979757;241;235.0297;23;0
4356;44;23;0.2;0.5;56;101;0.5;254;237.901;23;0
4357;44;23;0.2;0.5;57;101;0.4508929;240;237.0891;23;0
4358;44;23;0.2;0.5;58;120;0.4280156;231;237.9083;23;19
4359;44;23;0.2;0.5;59;102;0.5443548;246;237.9902;23;1
4360;44;23;0.2;0.5;60;102;0.497992;242;236.5784;23;1
4361;44;23;0.2;0.5;61;101;0.412;213;238.3861;23;0
4362;44;23;0.2;0.5;62;101;0.5019011;241;236.5842;23;0
4363;44;23;0.2;0.5;63;101;0.5045872;241;236.9208;23;0
4364;44;23;0.2;0.5;64;101;0.4291188;245;237.5545;23;0
4365;44;23;0.2;0.5;65;101;0.5413223;231;236.1188;23;0
4366;44;23;0.2;0.5;66;101;0.5355649;239;238.1287;23;0
4367;44;23;0.2;0.5;67;105;0.4714829;238;238.1333;23;4
4368;44;23;0.2;0.5;68;103;0.4769874;225;235.0388;23;2
4369;44;23;0.2;0.5;69;106;0.4962121;229;238.2453;23;5
4370;44;23;0.2;0.5;70;101;0.4453125;238;237.0594;23;0
4371;44;23;0.2;0.5;71;103;0.5078125;259;236.835;23;2
4372;44;23;0.2;0.5;72;108;0.4834123;231;236.6852;23;7
4373;44;23;0.2;0.5;73;101;0.5338645;224;236.7525;23;0
4374;44;23;0.2;0.5;74;102;0.4506438;243;236.4902;23;1
4375;44;23;0.2;0.5;75;123;0.5976562;212;238.4309;23;22
4376;44;23;0.2;0.5;76;106;0.4766355;252;235.7547;23;5
4377;44;23;0.2;0.5;77;101;0.4570136;243;235.5347;23;0
4378;44;23;0.2;0.5;78;110;0.562249;238;236.2182;23;9
4379;44;23;0.2;0.5;79;101;0.4485597;242;235.5743;23;0
4380;44;23;0.2;0.5;80;101;0.4230769;263;237.2475;23;0
4381;44;23;0.2;0.5;81;103;0.4526749;197;236.4563;23;2
4382;44;23;0.2;0.5;82;102;0.5492958;257;236.3725;23;1
4383;44;23;0.2;0.5;83;101;0.419214;228;236.9406;23;0
4384;44;23;0.2;0.5;84;105;0.4334764;218;236.9619;23;4
4385;44;23;0.2;0.5;85;102;0.544;231;239.6569;23;1
4386;44;23;0.2;0.5;86;101;0.5438596;227;235.9109;23;0
4387;44;23;0.2;0.5;87;101;0.4552846;225;236.5842;23;0
4388;44;23;0.2;0.5;88;101;0.484375;222;236.9208;23;0
4389;44;23;0.2;0.5;89;101;0.5666667;217;237.9208;23;0
4390;44;23;0.2;0.5;90;106;0.5188285;252;238.5377;23;5
4391;44;23;0.2;0.5;91;103;0.5175097;228;237.9029;23;2
4392;44;23;0.2;0.5;92;101;0.5482456;241;235.6733;23;0
4393;44;23;0.2;0.5;93;106;0.4586777;227;237.4623;23;5
4394;44;23;0.2;0.5;94;101;0.5132743;236;236.8119;23;0
4395;44;23;0.2;0.5;95;105;0.5428571;247;237.6476;23;4
4396;44;23;0.2;0.5;96;101;0.5318182;237;234.9406;23;0
4397;44;23;0.2;0.5;97;103;0.4880952;236;237.0097;23;2
4398;44;23;0.2;0.5;98;101;0.5313808;233;235.0495;23;0
4399;44;23;0.2;0.5;99;103;0.5840336;240;235.932;23;2
4400;44;23;0.2;0.5;100;102;0.5081301;268;236.7255;23;1
4401;45;25;0.2;0.5;1;105;0.5479452;246;237.9429;25;4
4402;45;25;0.2;0.5;2;101;0.5472441;256;238.495;25;0
4403;45;25;0.2;0.5;3;101;0.6130435;235;237.7129;25;0
4404;45;25;0.2;0.5;4;101;0.4180328;253;238.6436;25;0
4405;45;25;0.2;0.5;5;114;0.4375;240;236.2105;25;13
4406;45;25;0.2;0.5;6;101;0.5968992;229;237.4554;25;0
4407;45;25;0.2;0.5;7;105;0.5514403;235;237;25;4
4408;45;25;0.2;0.5;8;111;0.4938272;222;236.5045;25;10
4409;45;25;0.2;0.5;9;103;0.5614035;265;238.1262;25;2
4410;45;25;0.2;0.5;10;103;0.4869565;226;235.5534;25;2
4411;45;25;0.2;0.5;11;106;0.5630631;246;238.066;25;5
4412;45;25;0.2;0.5;12;102;0.492;256;236.1961;25;1
4413;45;25;0.2;0.5;13;102;0.482906;228;238.8137;25;1
4414;45;25;0.2;0.5;14;101;0.5714286;254;237.1782;25;0
4415;45;25;0.2;0.5;15;101;0.553719;266;237.1386;25;0
4416;45;25;0.2;0.5;16;105;0.4739336;265;236.6667;25;4
4417;45;25;0.2;0.5;17;103;0.5120968;243;235.6602;25;2
4418;45;25;0.2;0.5;18;108;0.4756098;218;237.6667;25;7
4419;45;25;0.2;0.5;19;104;0.5142857;233;238.0192;25;3
4420;45;25;0.2;0.5;20;101;0.5102041;233;235.4653;25;0
4421;45;25;0.2;0.5;21;107;0.3775934;234;237.7196;25;6
4422;45;25;0.2;0.5;22;103;0.4644351;227;234.699;25;2
4423;45;25;0.2;0.5;23;101;0.541502;228;236.3168;25;0
4424;45;25;0.2;0.5;24;103;0.470852;250;236.5631;25;2
4425;45;25;0.2;0.5;25;104;0.5462185;233;236.7212;25;3
4426;45;25;0.2;0.5;26;103;0.4573643;219;236.767;25;2
4427;45;25;0.2;0.5;27;101;0.5384615;229;236.802;25;0
4428;45;25;0.2;0.5;28;102;0.5115385;254;235.7451;25;1
4429;45;25;0.2;0.5;29;105;0.5258216;226;234.9714;25;4
4430;45;25;0.2;0.5;30;107;0.4741379;207;235.8785;25;6
4431;45;25;0.2;0.5;31;107;0.5195312;234;236.6542;25;6
4432;45;25;0.2;0.5;32;101;0.4104803;246;236.1584;25;0
4433;45;25;0.2;0.5;33;102;0.4917355;233;235.2745;25;1
4434;45;25;0.2;0.5;34;102;0.5267176;220;235.1961;25;1
4435;45;25;0.2;0.5;35;101;0.5;236;237.7921;25;0
4436;45;25;0.2;0.5;36;101;0.5022831;222;237.2079;25;0
4437;45;25;0.2;0.5;37;101;0.4899598;243;236.7426;25;0
4438;45;25;0.2;0.5;38;104;0.5777778;234;238.1731;25;3
4439;45;25;0.2;0.5;39;101;0.4576271;240;236.0891;25;0
4440;45;25;0.2;0.5;40;103;0.4316239;236;236.932;25;2
4441;45;25;0.2;0.5;41;102;0.5787234;225;238.3529;25;1
4442;45;25;0.2;0.5;42;101;0.5;213;235.6634;25;0
4443;45;25;0.2;0.5;43;101;0.4526749;225;237.6139;25;0
4444;45;25;0.2;0.5;44;101;0.5060241;226;236.2574;25;0
4445;45;25;0.2;0.5;45;101;0.5432099;226;235.1881;25;0
4446;45;25;0.2;0.5;46;101;0.482906;243;236.8416;25;0
4447;45;25;0.2;0.5;47;102;0.4435146;251;237.7843;25;1
4448;45;25;0.2;0.5;48;109;0.4353448;232;235.6422;25;8
4449;45;25;0.2;0.5;49;101;0.46;253;237.6337;25;0
4450;45;25;0.2;0.5;50;101;0.4516129;216;237.5446;25;0
4451;45;25;0.2;0.5;51;105;0.611336;264;236.5524;25;4
4452;45;25;0.2;0.5;52;101;0.4403292;236;237.8218;25;0
4453;45;25;0.2;0.5;53;101;0.507874;229;236.4554;25;0
4454;45;25;0.2;0.5;54;101;0.4487179;223;235.901;25;0
4455;45;25;0.2;0.5;55;102;0.4;228;236.4216;25;1
4456;45;25;0.2;0.5;56;104;0.3744681;209;236.0385;25;3
4457;45;25;0.2;0.5;57;102;0.4658635;231;235.7157;25;1
4458;45;25;0.2;0.5;58;104;0.5525114;248;234.8654;25;3
4459;45;25;0.2;0.5;59;101;0.4789272;217;235.9208;25;0
4460;45;25;0.2;0.5;60;102;0.5470085;238;236.8627;25;1
4461;45;25;0.2;0.5;61;102;0.4622642;250;236.902;25;1
4462;45;25;0.2;0.5;62;101;0.4505929;238;237.7525;25;0
4463;45;25;0.2;0.5;63;102;0.4889868;224;236.5392;25;1
4464;45;25;0.2;0.5;64;101;0.6;246;238.5248;25;0
4465;45;25;0.2;0.5;65;101;0.4849785;221;237.5545;25;0
4466;45;25;0.2;0.5;66;106;0.5537849;215;236.283;25;5
4467;45;25;0.2;0.5;67;106;0.4777328;246;236.0283;25;5
4468;45;25;0.2;0.5;68;104;0.4279835;246;237.0481;25;3
4469;45;25;0.2;0.5;69;108;0.5119048;235;235.0185;25;7
4470;45;25;0.2;0.5;70;101;0.5514403;207;235.6535;25;0
4471;45;25;0.2;0.5;71;101;0.481982;236;236.3861;25;0
4472;45;25;0.2;0.5;72;105;0.6363636;229;237.2667;25;4
4473;45;25;0.2;0.5;73;101;0.5039062;243;238.8614;25;0
4474;45;25;0.2;0.5;74;103;0.4463519;234;236.2621;25;2
4475;45;25;0.2;0.5;75;104;0.5404255;257;235.8846;25;3
4476;45;25;0.2;0.5;76;102;0.4650206;231;237.7647;25;1
4477;45;25;0.2;0.5;77;105;0.5645161;245;237.3048;25;4
4478;45;25;0.2;0.5;78;103;0.5550239;249;236.7961;25;2
4479;45;25;0.2;0.5;79;104;0.5409836;224;236.8365;25;3
4480;45;25;0.2;0.5;80;102;0.48;258;237.4314;25;1
4481;45;25;0.2;0.5;81;101;0.5285714;237;236.3564;25;0
4482;45;25;0.2;0.5;82;101;0.5333333;231;236.8416;25;0
4483;45;25;0.2;0.5;83;101;0.540856;228;235.9208;25;0
4484;45;25;0.2;0.5;84;111;0.5726496;262;237.5495;25;10
4485;45;25;0.2;0.5;85;101;0.4680851;230;236.7525;25;0
4486;45;25;0.2;0.5;86;102;0.5215517;236;236.7843;25;1
4487;45;25;0.2;0.5;87;102;0.5286344;236;236.1176;25;1
4488;45;25;0.2;0.5;88;101;0.523622;236;236.1584;25;0
4489;45;25;0.2;0.5;89;101;0.5208333;224;237.9406;25;0
4490;45;25;0.2;0.5;90;101;0.5381679;232;236.7426;25;0
4491;45;25;0.2;0.5;91;113;0.4960938;219;237.5575;25;12
4492;45;25;0.2;0.5;92;103;0.5529954;239;236.2524;25;2
4493;45;25;0.2;0.5;93;103;0.4782609;240;236.932;25;2
4494;45;25;0.2;0.5;94;101;0.4454148;237;235.0198;25;0
4495;45;25;0.2;0.5;95;103;0.4672489;255;236.3592;25;2
4496;45;25;0.2;0.5;96;104;0.4810606;232;237.3558;25;3
4497;45;25;0.2;0.5;97;110;0.4655172;239;235.7273;25;9
4498;45;25;0.2;0.5;98;106;0.5079365;221;237.1132;25;5
4499;45;25;0.2;0.5;99;101;0.4411765;234;236.2277;25;0
4500;45;25;0.2;0.5;100;104;0.4054054;219;236.3942;25;3
4501;46;27;0.2;0.5;1;101;0.535865;235;235.0099;27;0
4502;46;27;0.2;0.5;2;103;0.5524194;215;237.4854;27;2
4503;46;27;0.2;0.5;3;108;0.4669604;234;235.2593;27;7
4504;46;27;0.2;0.5;4;101;0.4340426;233;236.3069;27;0
4505;46;27;0.2;0.5;5;101;0.5092593;244;238.2772;27;0
4506;46;27;0.2;0.5;6;102;0.5627376;249;235.7941;27;1
4507;46;27;0.2;0.5;7;101;0.525;257;237.8614;27;0
4508;46;27;0.2;0.5;8;101;0.535865;250;235.7426;27;0
4509;46;27;0.2;0.5;9;101;0.4916667;236;234.7327;27;0
4510;46;27;0.2;0.5;10;101;0.5625;233;237.6337;27;0
4511;46;27;0.2;0.5;11;103;0.4741379;228;235.6019;27;2
4512;46;27;0.2;0.5;12;106;0.529661;254;237.3302;27;5
4513;46;27;0.2;0.5;13;108;0.4136546;224;235.0093;27;7
4514;46;27;0.2;0.5;14;101;0.562212;238;236.604;27;0
4515;46;27;0.2;0.5;15;102;0.5209302;251;235.4216;27;1
4516;46;27;0.2;0.5;16;101;0.4251208;233;236.6139;27;0
4517;46;27;0.2;0.5;17;101;0.5145228;240;237.0198;27;0
4518;46;27;0.2;0.5;18;101;0.4750958;198;233.7822;27;0
4519;46;27;0.2;0.5;19;101;0.4806867;242;235.8911;27;0
4520;46;27;0.2;0.5;20;101;0.5418502;268;236.8812;27;0
4521;46;27;0.2;0.5;21;102;0.576;244;237.6765;27;1
4522;46;27;0.2;0.5;22;102;0.4907407;226;236.3235;27;1
4523;46;27;0.2;0.5;23;105;0.4115226;242;236.0286;27;4
4524;46;27;0.2;0.5;24;102;0.5604839;222;235.5882;27;1
4525;46;27;0.2;0.5;25;101;0.512;250;237.7228;27;0
4526;46;27;0.2;0.5;26;101;0.5339367;265;235.9505;27;0
4527;46;27;0.2;0.5;27;101;0.4409449;215;234.9406;27;0
4528;46;27;0.2;0.5;28;102;0.5084746;237;235.6569;27;1
4529;46;27;0.2;0.5;29;102;0.4553571;239;236.4118;27;1
4530;46;27;0.2;0.5;30;101;0.504065;243;236.4554;27;0
4531;46;27;0.2;0.5;31;101;0.4458333;229;236.099;27;0
4532;46;27;0.2;0.5;32;101;0.4878049;246;236.3465;27;0
4533;46;27;0.2;0.5;33;109;0.5527426;240;237.5229;27;8
4534;46;27;0.2;0.5;34;102;0.5156951;251;237.3922;27;1
4535;46;27;0.2;0.5;35;109;0.6;217;235.1835;27;8
4536;46;27;0.2;0.5;36;103;0.5411255;255;236.7864;27;2
4537;46;27;0.2;0.5;37;103;0.4444444;244;234.5049;27;2
4538;46;27;0.2;0.5;38;102;0.352;221;236.5588;27;1
4539;46;27;0.2;0.5;39;102;0.5945946;215;236.8529;27;1
4540;46;27;0.2;0.5;40;102;0.5572139;238;237.1863;27;1
4541;46;27;0.2;0.5;41;101;0.5022422;232;237.2376;27;0
4542;46;27;0.2;0.5;42;103;0.4415584;257;238.0485;27;2
4543;46;27;0.2;0.5;43;101;0.5183673;213;235.6337;27;0
4544;46;27;0.2;0.5;44;103;0.55;234;235.9223;27;2
4545;46;27;0.2;0.5;45;102;0.5798319;238;236.1765;27;1
4546;46;27;0.2;0.5;46;106;0.4166667;250;238.2358;27;5
4547;46;27;0.2;0.5;47;103;0.539749;237;236.3883;27;2
4548;46;27;0.2;0.5;48;103;0.4364407;247;237.534;27;2
4549;46;27;0.2;0.5;49;101;0.4845815;232;237.5842;27;0
4550;46;27;0.2;0.5;50;107;0.437247;218;236.4953;27;6
4551;46;27;0.2;0.5;51;110;0.5;234;237.4364;27;9
4552;46;27;0.2;0.5;52;103;0.5836735;231;235.1942;27;2
4553;46;27;0.2;0.5;53;109;0.482906;222;235.9358;27;8
4554;46;27;0.2;0.5;54;101;0.5494071;240;236.3663;27;0
4555;46;27;0.2;0.5;55;101;0.4752066;237;236.6139;27;0
4556;46;27;0.2;0.5;56;102;0.5086957;230;236.451;27;1
4557;46;27;0.2;0.5;57;102;0.5263158;267;238.2843;27;1
4558;46;27;0.2;0.5;58;101;0.4334764;251;235.5743;27;0
4559;46;27;0.2;0.5;59;101;0.5714286;233;237.0396;27;0
4560;46;27;0.2;0.5;60;106;0.4759825;247;237.6415;27;5
4561;46;27;0.2;0.5;61;107;0.5308057;252;235.3925;27;6
4562;46;27;0.2;0.5;62;101;0.5226337;226;237.4356;27;0
4563;46;27;0.2;0.5;63;104;0.4508197;217;238.0192;27;3
4564;46;27;0.2;0.5;64;102;0.3640351;241;236.2059;27;1
4565;46;27;0.2;0.5;65;101;0.5084746;221;236.5743;27;0
4566;46;27;0.2;0.5;66;102;0.4541667;223;236.1471;27;1
4567;46;27;0.2;0.5;67;102;0.5267176;247;238.1078;27;1
4568;46;27;0.2;0.5;68;101;0.56;219;236.9208;27;0
4569;46;27;0.2;0.5;69;102;0.5;230;235.3627;27;1
4570;46;27;0.2;0.5;70;103;0.4938776;229;237.7573;27;2
4571;46;27;0.2;0.5;71;101;0.5451128;222;239.2574;27;0
4572;46;27;0.2;0.5;72;102;0.5;231;236.7647;27;1
4573;46;27;0.2;0.5;73;101;0.4910714;228;237.6535;27;0
4574;46;27;0.2;0.5;74;101;0.4107884;233;236.3267;27;0
4575;46;27;0.2;0.5;75;101;0.519685;220;234.6733;27;0
4576;46;27;0.2;0.5;76;106;0.5514019;241;237.4528;27;5
4577;46;27;0.2;0.5;77;101;0.6502242;258;237.1881;27;0
4578;46;27;0.2;0.5;78;101;0.4916667;241;237.6535;27;0
4579;46;27;0.2;0.5;79;106;0.6;207;238.1981;27;5
4580;46;27;0.2;0.5;80;101;0.6;213;238.7723;27;0
4581;46;27;0.2;0.5;81;106;0.5217391;249;236.7547;27;5
4582;46;27;0.2;0.5;82;102;0.4824561;222;234.9902;27;1
4583;46;27;0.2;0.5;83;102;0.5303644;238;236.402;27;1
4584;46;27;0.2;0.5;84;101;0.5040323;248;237.3762;27;0
4585;46;27;0.2;0.5;85;105;0.488189;224;236.9905;27;4
4586;46;27;0.2;0.5;86;102;0.5122951;222;235.6961;27;1
4587;46;27;0.2;0.5;87;106;0.4872881;239;235.8396;27;5
4588;46;27;0.2;0.5;88;102;0.5333333;233;237.2255;27;1
4589;46;27;0.2;0.5;89;102;0.52;230;236.6667;27;1
4590;46;27;0.2;0.5;90;104;0.4476987;262;236.1154;27;3
4591;46;27;0.2;0.5;91;101;0.4631148;232;234.9901;27;0
4592;46;27;0.2;0.5;92;101;0.5371179;257;234.802;27;0
4593;46;27;0.2;0.5;93;101;0.5470085;236;237.4257;27;0
4594;46;27;0.2;0.5;94;103;0.5083333;250;235.8835;27;2
4595;46;27;0.2;0.5;95;102;0.5338645;204;235.5882;27;1
4596;46;27;0.2;0.5;96;102;0.373913;247;236.5196;27;1
4597;46;27;0.2;0.5;97;101;0.5409836;258;237.2079;27;0
4598;46;27;0.2;0.5;98;106;0.4927536;252;236.6415;27;5
4599;46;27;0.2;0.5;99;102;0.3913043;261;235.4902;27;1
4600;46;27;0.2;0.5;100;104;0.4752066;233;235.7308;27;3
4601;47;29;0.2;0.5;1;101;0.4420601;237;236.0693;29;0
4602;47;29;0.2;0.5;2;103;0.4045455;242;235.835;29;2
4603;47;29;0.2;0.5;3;101;0.4881517;237;235.3564;29;0
4604;47;29;0.2;0.5;4;105;0.5371901;243;237.1619;29;4
4605;47;29;0.2;0.5;5;101;0.4672131;259;235.2871;29;0
4606;47;29;0.2;0.5;6;101;0.5138889;252;235.2871;29;0
4607;47;29;0.2;0.5;7;104;0.4772727;251;238;29;3
4608;47;29;0.2;0.5;8;103;0.5215686;216;237.4466;29;2
4609;47;29;0.2;0.5;9;101;0.543379;254;236.1881;29;0
4610;47;29;0.2;0.5;10;103;0.5745614;238;236.0388;29;2
4611;47;29;0.2;0.5;11;101;0.4977974;241;234.9208;29;0
4612;47;29;0.2;0.5;12;104;0.6040816;238;237.0673;29;3
4613;47;29;0.2;0.5;13;101;0.5193133;216;236;29;0
4614;47;29;0.2;0.5;14;101;0.5124378;248;235.7921;29;0
4615;47;29;0.2;0.5;15;104;0.5321888;207;236.2885;29;3
4616;47;29;0.2;0.5;16;101;0.4911504;247;238.9307;29;0
4617;47;29;0.2;0.5;17;105;0.4627451;229;235.4857;29;4
4618;47;29;0.2;0.5;18;108;0.5311203;231;236.963;29;7
4619;47;29;0.2;0.5;19;107;0.4411765;239;235.4953;29;6
4620;47;29;0.2;0.5;20;103;0.392;217;237.9029;29;2
4621;47;29;0.2;0.5;21;101;0.443038;247;237.2376;29;0
4622;47;29;0.2;0.5;22;103;0.5186722;226;235.8641;29;2
4623;47;29;0.2;0.5;23;101;0.5434783;243;236.1782;29;0
4624;47;29;0.2;0.5;24;101;0.5176471;225;237.9505;29;0
4625;47;29;0.2;0.5;25;101;0.6245059;246;238.099;29;0
4626;47;29;0.2;0.5;26;102;0.5100402;248;236.5686;29;1
4627;47;29;0.2;0.5;27;101;0.458498;228;235.9307;29;0
4628;47;29;0.2;0.5;28;101;0.4931507;252;237.1782;29;0
4629;47;29;0.2;0.5;29;101;0.4453782;242;237.4059;29;0
4630;47;29;0.2;0.5;30;101;0.4285714;235;236.8119;29;0
4631;47;29;0.2;0.5;31;102;0.5701357;249;236.2255;29;1
4632;47;29;0.2;0.5;32;102;0.4389313;244;235.5686;29;1
4633;47;29;0.2;0.5;33;101;0.4467213;234;235.703;29;0
4634;47;29;0.2;0.5;34;101;0.5019763;242;237.297;29;0
4635;47;29;0.2;0.5;35;101;0.5183673;221;238.1683;29;0
4636;47;29;0.2;0.5;36;104;0.584;221;236.2885;29;3
4637;47;29;0.2;0.5;37;104;0.5617021;232;234.7404;29;3
4638;47;29;0.2;0.5;38;101;0.3958333;237;236.2079;29;0
4639;47;29;0.2;0.5;39;101;0.4877049;222;234.3564;29;0
4640;47;29;0.2;0.5;40;106;0.4855769;243;235.5943;29;5
4641;47;29;0.2;0.5;41;101;0.5245902;216;234.9901;29;0
4642;47;29;0.2;0.5;42;103;0.5851528;248;237.2039;29;2
4643;47;29;0.2;0.5;43;102;0.5111111;222;234.1078;29;1
4644;47;29;0.2;0.5;44;102;0.5131579;233;235.1176;29;1
4645;47;29;0.2;0.5;45;105;0.5104603;228;237.1048;29;4
4646;47;29;0.2;0.5;46;101;0.5679012;219;236.901;29;0
4647;47;29;0.2;0.5;47;105;0.5972222;232;235.9714;29;4
4648;47;29;0.2;0.5;48;103;0.5726496;214;238.4854;29;2
4649;47;29;0.2;0.5;49;101;0.4818182;242;236.0396;29;0
4650;47;29;0.2;0.5;50;101;0.4888889;250;234.4851;29;0
4651;47;29;0.2;0.5;51;102;0.5117188;226;236.402;29;1
4652;47;29;0.2;0.5;52;101;0.4352941;224;237.2079;29;0
4653;47;29;0.2;0.5;53;102;0.5625;234;237.4706;29;1
4654;47;29;0.2;0.5;54;101;0.5020243;241;237.0792;29;0
4655;47;29;0.2;0.5;55;106;0.4185022;263;234.0472;29;5
4656;47;29;0.2;0.5;56;102;0.4468085;238;237.3529;29;1
4657;47;29;0.2;0.5;57;101;0.4675325;233;236.3564;29;0
4658;47;29;0.2;0.5;58;101;0.4699248;228;236.3762;29;0
4659;47;29;0.2;0.5;59;103;0.4767932;248;238.1553;29;2
4660;47;29;0.2;0.5;60;101;0.4782609;249;236.5941;29;0
4661;47;29;0.2;0.5;61;101;0.4566038;223;235.9901;29;0
4662;47;29;0.2;0.5;62;102;0.4754098;224;236.5392;29;1
4663;47;29;0.2;0.5;63;103;0.5720339;240;237.3495;29;2
4664;47;29;0.2;0.5;64;101;0.5142857;228;235.7624;29;0
4665;47;29;0.2;0.5;65;101;0.520362;238;235.3168;29;0
4666;47;29;0.2;0.5;66;101;0.5330579;247;237.0495;29;0
4667;47;29;0.2;0.5;67;106;0.5437788;260;235.0283;29;5
4668;47;29;0.2;0.5;68;101;0.5019305;234;237.4059;29;0
4669;47;29;0.2;0.5;69;102;0.3811321;237;236.2059;29;1
4670;47;29;0.2;0.5;70;102;0.4541667;228;236.3725;29;1
4671;47;29;0.2;0.5;71;101;0.460251;223;235.2376;29;0
4672;47;29;0.2;0.5;72;104;0.4977778;235;234.6154;29;3
4673;47;29;0.2;0.5;73;106;0.4125;237;236.8491;29;5
4674;47;29;0.2;0.5;74;101;0.4863636;245;236.1881;29;0
4675;47;29;0.2;0.5;75;106;0.4708333;216;237.0189;29;5
4676;47;29;0.2;0.5;76;101;0.4753363;256;236.8911;29;0
4677;47;29;0.2;0.5;77;102;0.4026549;238;237.6667;29;1
4678;47;29;0.2;0.5;78;101;0.5414634;240;235.3465;29;0
4679;47;29;0.2;0.5;79;101;0.5242291;261;237.3663;29;0
4680;47;29;0.2;0.5;80;101;0.4664179;232;237.2475;29;0
4681;47;29;0.2;0.5;81;102;0.4915254;233;235.6667;29;1
4682;47;29;0.2;0.5;82;104;0.5058824;232;237.9135;29;3
4683;47;29;0.2;0.5;83;112;0.4491525;227;237.4911;29;11
4684;47;29;0.2;0.5;84;107;0.4885496;224;236.9626;29;6
4685;47;29;0.2;0.5;85;101;0.4237288;233;235.6139;29;0
4686;47;29;0.2;0.5;86;101;0.5921053;236;236.0891;29;0
4687;47;29;0.2;0.5;87;103;0.4385965;233;237.0291;29;2
4688;47;29;0.2;0.5;88;105;0.4510638;235;236.8095;29;4
4689;47;29;0.2;0.5;89;101;0.4715447;259;237.1287;29;0
4690;47;29;0.2;0.5;90;101;0.4769874;244;237.1287;29;0
4691;47;29;0.2;0.5;91;101;0.5086207;227;236.6733;29;0
4692;47;29;0.2;0.5;92;104;0.4974874;241;235.25;29;3
4693;47;29;0.2;0.5;93;101;0.5541126;233;235.7921;29;0
4694;47;29;0.2;0.5;94;101;0.4664179;216;238.0099;29;0
4695;47;29;0.2;0.5;95;101;0.5903084;246;238.0891;29;0
4696;47;29;0.2;0.5;96;104;0.5285714;255;237.1346;29;3
4697;47;29;0.2;0.5;97;101;0.4978541;244;236.4158;29;0
4698;47;29;0.2;0.5;98;101;0.4334764;253;234.9802;29;0
4699;47;29;0.2;0.5;99;101;0.4786325;252;235.7624;29;0
4700;47;29;0.2;0.5;100;101;0.5335968;231;238.4653;29;0
4701;48;224;0.2;0.5;1;104;0.4657534;254;236.5769;222.8365;3
4702;48;224;0.2;0.5;2;101;0.5336134;240;235.7129;222.3267;0
4703;48;224;0.2;0.5;3;116;0.4853556;226;236.9655;223.1897;15
4704;48;224;0.2;0.5;4;105;0.508547;242;237.4762;223.4857;4
4705;48;224;0.2;0.5;5;102;0.4763948;262;237.5392;222.402;1
4706;48;224;0.2;0.5;6;101;0.5903614;224;235.8911;222.1782;0
4707;48;224;0.2;0.5;7;101;0.3836207;250;234.4752;222.7129;0
4708;48;224;0.2;0.5;8;104;0.5362903;253;235.2981;221.7692;3
4709;48;224;0.2;0.5;9;101;0.4796748;238;236.2772;222.4257;0
4710;48;224;0.2;0.5;10;102;0.4139535;235;237.8725;223.1961;1
4711;48;224;0.2;0.5;11;101;0.5205993;228;236.198;223.6634;0
4712;48;224;0.2;0.5;12;101;0.4761905;245;236.3168;222.5842;0
4713;48;224;0.2;0.5;13;101;0.5;230;234.6436;221.7228;0
4714;48;224;0.2;0.5;14;107;0.4526749;256;236.1402;222.7664;6
4715;48;224;0.2;0.5;15;109;0.4025974;219;235.7798;222.8532;8
4716;48;224;0.2;0.5;16;101;0.4867257;263;236.505;222.4455;0
4717;48;224;0.2;0.5;17;117;0.5864979;243;236.3761;222.7521;16
4718;48;224;0.2;0.5;18;101;0.5258621;246;237.2178;222.7426;0
4719;48;224;0.2;0.5;19;101;0.56;221;237.5347;223.1089;0
4720;48;224;0.2;0.5;20;105;0.5564854;233;235.3619;223.5905;4
4721;48;224;0.2;0.5;21;102;0.5638767;245;237.7059;222.2255;1
4722;48;224;0.2;0.5;22;101;0.5133929;251;236.6832;222.901;0
4723;48;224;0.2;0.5;23;101;0.5325203;240;236.2178;222.6337;0
4724;48;224;0.2;0.5;24;101;0.5154185;241;235.9901;221.8515;0
4725;48;224;0.2;0.5;25;102;0.5390947;233;238.1667;222.4608;1
4726;48;224;0.2;0.5;26;101;0.4419643;227;237.5248;222.7921;0
4727;48;224;0.2;0.5;27;103;0.4826087;243;234.2524;223.0485;2
4728;48;224;0.2;0.5;28;101;0.5263158;234;235.7426;222.7426;0
4729;48;224;0.2;0.5;29;101;0.5913043;250;235.0792;222.7525;0
4730;48;224;0.2;0.5;30;101;0.477551;265;236.7624;222.3564;0
4731;48;224;0.2;0.5;31;103;0.5666667;234;236;222.3981;2
4732;48;224;0.2;0.5;32;102;0.5901639;241;237.6275;223.1275;1
4733;48;224;0.2;0.5;33;101;0.4576271;242;235.198;222.0792;0
4734;48;224;0.2;0.5;34;101;0.5152838;239;235.703;222.3465;0
4735;48;224;0.2;0.5;35;108;0.497992;237;236.4537;223.0833;7
4736;48;224;0.2;0.5;36;106;0.5384615;217;235.6981;222.6981;5
4737;48;224;0.2;0.5;37;110;0.4279835;237;237.0545;222.8;9
4738;48;224;0.2;0.5;38;101;0.516129;221;234.7723;222.8317;0
4739;48;224;0.2;0.5;39;101;0.4367347;225;236.7327;222.7822;0
4740;48;224;0.2;0.5;40;101;0.5324675;229;236.1089;222.7426;0
4741;48;224;0.2;0.5;41;103;0.4185022;244;237.0485;222.9903;2
4742;48;224;0.2;0.5;42;101;0.6;246;234.6337;222.3366;0
4743;48;224;0.2;0.5;43;101;0.5205479;226;238.4554;222.9109;0
4744;48;224;0.2;0.5;44;107;0.48583;222;236.5234;221.7757;6
4745;48;224;0.2;0.5;45;105;0.3922414;244;234.581;222.8;4
4746;48;224;0.2;0.5;46;101;0.5521739;230;236.8119;222.8119;0
4747;48;224;0.2;0.5;47;105;0.4518828;231;236.2571;222.8762;4
4748;48;224;0.2;0.5;48;101;0.5100402;231;234.2178;222.3366;0
4749;48;224;0.2;0.5;49;101;0.4497817;216;236.7921;222.9406;0
4750;48;224;0.2;0.5;50;101;0.4804688;212;237.8713;222.2376;0
4751;48;224;0.2;0.5;51;101;0.5864979;229;237.2178;223.4356;0
4752;48;224;0.2;0.5;52;101;0.4853556;240;237.9703;222.3564;0
4753;48;224;0.2;0.5;53;102;0.4698276;242;237.1667;222.2843;1
4754;48;224;0.2;0.5;54;101;0.4552846;222;237.7129;222.9802;0
4755;48;224;0.2;0.5;55;114;0.4372294;262;238.5175;223.1754;13
4756;48;224;0.2;0.5;56;101;0.529148;230;234.0891;222.505;0
4757;48;224;0.2;0.5;57;101;0.5066667;241;235.4158;222.4554;0
4758;48;224;0.2;0.5;58;114;0.5286344;222;235.6228;222.4386;13
4759;48;224;0.2;0.5;59;104;0.5254237;225;235.7212;222.7885;3
4760;48;224;0.2;0.5;60;101;0.4692982;227;238.2376;223.0198;0
4761;48;224;0.2;0.5;61;105;0.4163424;226;237.6667;223.3714;4
4762;48;224;0.2;0.5;62;105;0.4564315;228;236.3714;222.3429;4
4763;48;224;0.2;0.5;63;102;0.4618834;237;234.2451;222.4118;1
4764;48;224;0.2;0.5;64;103;0.484;247;237.7379;222.5049;2
4765;48;224;0.2;0.5;65;101;0.4122449;229;237.5149;223.1386;0
4766;48;224;0.2;0.5;66;102;0.5291667;235;237.7059;223.2255;1
4767;48;224;0.2;0.5;67;116;0.4725738;246;235.9483;222.4828;15
4768;48;224;0.2;0.5;68;102;0.4481328;230;238.5294;223.5098;1
4769;48;224;0.2;0.5;69;101;0.5387931;237;236.6436;223.1485;0
4770;48;224;0.2;0.5;70;103;0.5708333;241;236.3689;222.2621;2
4771;48;224;0.2;0.5;71;102;0.5123967;202;236.5;223.0294;1
4772;48;224;0.2;0.5;72;101;0.53125;240;236.099;222.8218;0
4773;48;224;0.2;0.5;73;102;0.5857741;227;237.3137;222.6176;1
4774;48;224;0.2;0.5;74;101;0.5837104;247;236.802;222.7228;0
4775;48;224;0.2;0.5;75;103;0.406639;225;235.6505;222.5631;2
4776;48;224;0.2;0.5;76;108;0.4230769;246;236.6852;222.7963;7
4777;48;224;0.2;0.5;77;102;0.438247;227;238.2451;223.5784;1
4778;48;224;0.2;0.5;78;101;0.4979253;230;237.1584;222.5545;0
4779;48;224;0.2;0.5;79;101;0.5239852;223;237.9406;223.5347;0
4780;48;224;0.2;0.5;80;101;0.5291971;231;238.7723;222.703;0
4781;48;224;0.2;0.5;81;101;0.525;220;237.3663;223.099;0
4782;48;224;0.2;0.5;82;101;0.5454545;227;236.2079;223.0099;0
4783;48;224;0.2;0.5;83;101;0.3715415;253;237.0099;222.4554;0
4784;48;224;0.2;0.5;84;105;0.440678;252;235.4667;222.7048;4
4785;48;224;0.2;0.5;85;108;0.4533898;225;237.8241;222.8148;7
4786;48;224;0.2;0.5;86;101;0.497992;216;236.604;222.6634;0
4787;48;224;0.2;0.5;87;101;0.5217391;237;234.2772;222.2277;0
4788;48;224;0.2;0.5;88;103;0.5119617;257;236.3689;222.5922;2
4789;48;224;0.2;0.5;89;101;0.5446809;231;238.0792;222.0693;0
4790;48;224;0.2;0.5;90;101;0.4863636;272;237.0297;223.1287;0
4791;48;224;0.2;0.5;91;108;0.4146341;222;236.4259;223.0093;7
4792;48;224;0.2;0.5;92;104;0.5874439;221;237.8462;222.7115;3
4793;48;224;0.2;0.5;93;102;0.4257028;229;236.6961;222.8333;1
4794;48;224;0.2;0.5;94;102;0.4684685;256;235.2059;221.4608;1
4795;48;224;0.2;0.5;95;101;0.4605809;215;236.4257;222.6139;0
4796;48;224;0.2;0.5;96;102;0.5401786;233;235.8235;222.4412;1
4797;48;224;0.2;0.5;97;104;0.4396552;226;234.4231;222.4904;3
4798;48;224;0.2;0.5;98;102;0.513834;248;237.4706;222.902;1
4799;48;224;0.2;0.5;99;101;0.5813953;234;235.8416;222.4851;0
4800;48;224;0.2;0.5;100;103;0.470852;238;236.3981;222.9903;2
4801;49;1;0.3;0.5;1;101;0.4887892;256;237.4455;1;0
4802;49;1;0.3;0.5;2;101;0.4959016;232;235.4059;1;0
4803;49;1;0.3;0.5;3;102;0.495935;211;237.6078;1;1
4804;49;1;0.3;0.5;4;102;0.5229358;225;236.7843;1;1
4805;49;1;0.3;0.5;5;101;0.5336538;257;239.0495;1;0
4806;49;1;0.3;0.5;6;106;0.5508475;235;235.0943;1;5
4807;49;1;0.3;0.5;7;102;0.5936073;244;236.4412;1;1
4808;49;1;0.3;0.5;8;117;0.493617;233;235.1966;1;16
4809;49;1;0.3;0.5;9;104;0.6035242;232;234.4135;1;3
4810;49;1;0.3;0.5;10;101;0.5112782;228;238.7426;1;0
4811;49;1;0.3;0.5;11;101;0.5288462;262;236.9604;1;0
4812;49;1;0.3;0.5;12;104;0.5707547;239;236.1923;1;3
4813;49;1;0.3;0.5;13;101;0.4449153;250;236.7723;1;0
4814;49;1;0.3;0.5;14;103;0.516129;231;235.7184;1;2
4815;49;1;0.3;0.5;15;101;0.4178404;252;235.3465;1;0
4816;49;1;0.3;0.5;16;103;0.4900398;236;237.8932;1;2
4817;49;1;0.3;0.5;17;102;0.4528302;234;238.2647;1;1
4818;49;1;0.3;0.5;18;101;0.6259843;226;236.6931;1;0
4819;49;1;0.3;0.5;19;101;0.4660194;245;238.2277;1;0
4820;49;1;0.3;0.5;20;107;0.5630631;251;236.2617;1;6
4821;49;1;0.3;0.5;21;109;0.4901961;227;237.6147;1;8
4822;49;1;0.3;0.5;22;101;0.4311927;225;239.099;1;0
4823;49;1;0.3;0.5;23;101;0.5061728;222;235.6535;1;0
4824;49;1;0.3;0.5;24;101;0.4956897;254;236.4455;1;0
4825;49;1;0.3;0.5;25;101;0.4789916;246;238.0792;1;0
4826;49;1;0.3;0.5;26;101;0.381323;233;235.2079;1;0
4827;49;1;0.3;0.5;27;103;0.531746;234;237.3204;1;2
4828;49;1;0.3;0.5;28;103;0.4847162;224;235.4757;1;2
4829;49;1;0.3;0.5;29;101;0.559322;224;235.6535;1;0
4830;49;1;0.3;0.5;30;103;0.5251142;249;236.3495;1;2
4831;49;1;0.3;0.5;31;106;0.3931624;239;236.1415;1;5
4832;49;1;0.3;0.5;32;101;0.537037;248;238.1287;1;0
4833;49;1;0.3;0.5;33;102;0.469697;208;237.4216;1;1
4834;49;1;0.3;0.5;34;102;0.4454148;234;237.451;1;1
4835;49;1;0.3;0.5;35;101;0.4848485;252;237.8218;1;0
4836;49;1;0.3;0.5;36;101;0.5697211;231;237.5545;1;0
4837;49;1;0.3;0.5;37;101;0.4612069;249;237.802;1;0
4838;49;1;0.3;0.5;38;101;0.4425532;230;235.802;1;0
4839;49;1;0.3;0.5;39;109;0.537037;251;237.4312;1;8
4840;49;1;0.3;0.5;40;101;0.5;220;236.1287;1;0
4841;49;1;0.3;0.5;41;102;0.4571429;232;237.6961;1;1
4842;49;1;0.3;0.5;42;102;0.4897959;249;235.9412;1;1
4843;49;1;0.3;0.5;43;101;0.5234375;236;237.5545;1;0
4844;49;1;0.3;0.5;44;102;0.4937238;232;235.3922;1;1
4845;49;1;0.3;0.5;45;101;0.5185185;251;237.5347;1;0
4846;49;1;0.3;0.5;46;102;0.5175439;232;237.1275;1;1
4847;49;1;0.3;0.5;47;102;0.5366795;228;236.7647;1;1
4848;49;1;0.3;0.5;48;101;0.563981;249;236.5941;1;0
4849;49;1;0.3;0.5;49;108;0.5390947;233;237.4815;1;7
4850;49;1;0.3;0.5;50;101;0.4836066;256;238.6139;1;0
4851;49;1;0.3;0.5;51;101;0.4467213;230;236.8614;1;0
4852;49;1;0.3;0.5;52;103;0.4956522;254;237.6311;1;2
4853;49;1;0.3;0.5;53;107;0.3944954;231;236.3271;1;6
4854;49;1;0.3;0.5;54;101;0.4933921;240;237.8614;1;0
4855;49;1;0.3;0.5;55;101;0.4304933;232;233.8713;1;0
4856;49;1;0.3;0.5;56;101;0.5635593;245;238.2376;1;0
4857;49;1;0.3;0.5;57;104;0.5560748;259;236.75;1;3
4858;49;1;0.3;0.5;58;101;0.4935065;257;236.5347;1;0
4859;49;1;0.3;0.5;59;106;0.4934498;241;236.7736;1;5
4860;49;1;0.3;0.5;60;102;0.5504202;235;238.451;1;1
4861;49;1;0.3;0.5;61;101;0.5065502;248;236.5347;1;0
4862;49;1;0.3;0.5;62;109;0.5660377;240;233.8991;1;8
4863;49;1;0.3;0.5;63;101;0.4821429;239;236.8515;1;0
4864;49;1;0.3;0.5;64;101;0.3927126;217;235.5149;1;0
4865;49;1;0.3;0.5;65;101;0.457265;260;235.2376;1;0
4866;49;1;0.3;0.5;66;103;0.5;237;234.767;1;2
4867;49;1;0.3;0.5;67;101;0.4980237;231;236.9703;1;0
4868;49;1;0.3;0.5;68;101;0.6033755;255;237.5644;1;0
4869;49;1;0.3;0.5;69;101;0.4747082;220;236.6436;1;0
4870;49;1;0.3;0.5;70;101;0.489083;238;239;1;0
4871;49;1;0.3;0.5;71;106;0.4459459;245;236.066;1;5
4872;49;1;0.3;0.5;72;101;0.5680751;256;235.8812;1;0
4873;49;1;0.3;0.5;73;102;0.5840336;237;236.6765;1;1
4874;49;1;0.3;0.5;74;102;0.5063291;226;236.7647;1;1
4875;49;1;0.3;0.5;75;104;0.4612069;243;236.4519;1;3
4876;49;1;0.3;0.5;76;102;0.4913043;247;237.1078;1;1
4877;49;1;0.3;0.5;77;101;0.4506438;238;236.5941;1;0
4878;49;1;0.3;0.5;78;101;0.497992;244;237.2079;1;0
4879;49;1;0.3;0.5;79;102;0.6077586;223;235.1863;1;1
4880;49;1;0.3;0.5;80;107;0.4861111;239;235.7757;1;6
4881;49;1;0.3;0.5;81;104;0.5307692;227;236.0481;1;3
4882;49;1;0.3;0.5;82;101;0.5843137;230;236.4059;1;0
4883;49;1;0.3;0.5;83;105;0.4156863;234;235.1619;1;4
4884;49;1;0.3;0.5;84;101;0.4774775;239;236.802;1;0
4885;49;1;0.3;0.5;85;101;0.5708502;230;235.9307;1;0
4886;49;1;0.3;0.5;86;101;0.5657895;236;236.3564;1;0
4887;49;1;0.3;0.5;87;102;0.4327731;258;237.2647;1;1
4888;49;1;0.3;0.5;88;101;0.4647303;231;235.2871;1;0
4889;49;1;0.3;0.5;89;103;0.5458015;225;239.5049;1;2
4890;49;1;0.3;0.5;90;101;0.6102362;237;237.4059;1;0
4891;49;1;0.3;0.5;91;102;0.5168067;235;235.0294;1;1
4892;49;1;0.3;0.5;92;103;0.4479638;243;235.8641;1;2
4893;49;1;0.3;0.5;93;101;0.4869565;255;237.2673;1;0
4894;49;1;0.3;0.5;94;103;0.6016598;242;239;1;2
4895;49;1;0.3;0.5;95;101;0.4718615;252;235.8515;1;0
4896;49;1;0.3;0.5;96;102;0.4958678;231;234.8725;1;1
4897;49;1;0.3;0.5;97;102;0.5265487;251;237.5392;1;1
4898;49;1;0.3;0.5;98;106;0.4918699;241;236.0849;1;5
4899;49;1;0.3;0.5;99;104;0.4404762;218;235.5096;1;3
4900;49;1;0.3;0.5;100;107;0.4385246;236;238.3364;1;6
4901;50;3;0.3;0.5;1;102;0.5657371;245;236.5392;3;1
4902;50;3;0.3;0.5;2;102;0.4979079;251;237.1471;3;1
4903;50;3;0.3;0.5;3;106;0.6153846;238;234.934;3;5
4904;50;3;0.3;0.5;4;101;0.4715447;242;238.9208;3;0
4905;50;3;0.3;0.5;5;101;0.5947137;227;236.3465;3;0
4906;50;3;0.3;0.5;6;106;0.4776119;244;236.1792;3;5
4907;50;3;0.3;0.5;7;101;0.531401;259;236.099;3;0
4908;50;3;0.3;0.5;8;101;0.4520548;246;237.5644;3;0
4909;50;3;0.3;0.5;9;101;0.4669261;214;236.6337;3;0
4910;50;3;0.3;0.5;10;105;0.4197531;209;236.3048;3;4
4911;50;3;0.3;0.5;11;102;0.4435146;227;236.7059;3;1
4912;50;3;0.3;0.5;12;102;0.5258621;252;236.6078;3;1
4913;50;3;0.3;0.5;13;102;0.4915966;242;235.902;3;1
4914;50;3;0.3;0.5;14;101;0.5294118;227;238.9208;3;0
4915;50;3;0.3;0.5;15;101;0.4918033;238;237.7525;3;0
4916;50;3;0.3;0.5;16;104;0.4529915;227;234.2308;3;3
4917;50;3;0.3;0.5;17;106;0.5458333;250;234.3868;3;5
4918;50;3;0.3;0.5;18;101;0.5242291;250;238.3762;3;0
4919;50;3;0.3;0.5;19;102;0.5131579;237;237.4804;3;1
4920;50;3;0.3;0.5;20;102;0.5234043;235;238.049;3;1
4921;50;3;0.3;0.5;21;101;0.5304348;233;236.0891;3;0
4922;50;3;0.3;0.5;22;101;0.5411255;268;236.2376;3;0
4923;50;3;0.3;0.5;23;102;0.512931;236;238.2255;3;1
4924;50;3;0.3;0.5;24;101;0.5532787;234;235.6931;3;0
4925;50;3;0.3;0.5;25;101;0.4977376;235;236.4554;3;0
4926;50;3;0.3;0.5;26;101;0.5633188;236;236.9406;3;0
4927;50;3;0.3;0.5;27;103;0.540404;242;236.165;3;2
4928;50;3;0.3;0.5;28;101;0.5145228;261;238.9604;3;0
4929;50;3;0.3;0.5;29;102;0.3922414;224;236.1373;3;1
4930;50;3;0.3;0.5;30;101;0.5772727;235;237.2772;3;0
4931;50;3;0.3;0.5;31;101;0.6048387;258;238.4059;3;0
4932;50;3;0.3;0.5;32;101;0.3675214;253;236.0693;3;0
4933;50;3;0.3;0.5;33;101;0.5313653;214;238;3;0
4934;50;3;0.3;0.5;34;103;0.62249;232;236.7282;3;2
4935;50;3;0.3;0.5;35;101;0.5435685;239;236.5149;3;0
4936;50;3;0.3;0.5;36;103;0.4939759;233;235.3689;3;2
4937;50;3;0.3;0.5;37;101;0.5116279;229;236.7822;3;0
4938;50;3;0.3;0.5;38;101;0.526749;248;237.6337;3;0
4939;50;3;0.3;0.5;39;104;0.5859031;217;237.0385;3;3
4940;50;3;0.3;0.5;40;101;0.473913;242;234.9802;3;0
4941;50;3;0.3;0.5;41;101;0.5470085;252;238.7723;3;0
4942;50;3;0.3;0.5;42;101;0.4;248;234.8812;3;0
4943;50;3;0.3;0.5;43;101;0.4834711;254;238.1485;3;0
4944;50;3;0.3;0.5;44;101;0.5201794;238;237.3663;3;0
4945;50;3;0.3;0.5;45;101;0.4475806;239;237.604;3;0
4946;50;3;0.3;0.5;46;102;0.515748;226;235.7157;3;1
4947;50;3;0.3;0.5;47;102;0.5168067;257;236.9412;3;1
4948;50;3;0.3;0.5;48;101;0.5086957;248;236.0099;3;0
4949;50;3;0.3;0.5;49;104;0.4628821;238;237.1635;3;3
4950;50;3;0.3;0.5;50;102;0.5102881;228;239.4608;3;1
4951;50;3;0.3;0.5;51;101;0.5309735;226;236.3366;3;0
4952;50;3;0.3;0.5;52;101;0.4925373;227;237.1089;3;0
4953;50;3;0.3;0.5;53;103;0.5169492;237;235.8155;3;2
4954;50;3;0.3;0.5;54;102;0.491453;246;236.7451;3;1
4955;50;3;0.3;0.5;55;105;0.4618321;219;236.2952;3;4
4956;50;3;0.3;0.5;56;101;0.5021834;252;232.5842;3;0
4957;50;3;0.3;0.5;57;102;0.5560345;249;236.7745;3;1
4958;50;3;0.3;0.5;58;105;0.5168539;247;236.0952;3;4
4959;50;3;0.3;0.5;59;115;0.4789916;240;236.1739;3;14
4960;50;3;0.3;0.5;60;105;0.4878049;228;238.1048;3;4
4961;50;3;0.3;0.5;61;102;0.5302326;238;235.8627;3;1
4962;50;3;0.3;0.5;62;101;0.468254;243;238.1881;3;0
4963;50;3;0.3;0.5;63;101;0.5425101;251;237.1287;3;0
4964;50;3;0.3;0.5;64;101;0.5446809;206;237.5347;3;0
4965;50;3;0.3;0.5;65;101;0.5258964;221;236.2475;3;0
4966;50;3;0.3;0.5;66;101;0.47;227;236.0594;3;0
4967;50;3;0.3;0.5;67;101;0.5641026;243;235.7228;3;0
4968;50;3;0.3;0.5;68;101;0.5714286;271;236.5644;3;0
4969;50;3;0.3;0.5;69;102;0.4826087;225;237.1373;3;1
4970;50;3;0.3;0.5;70;101;0.5137615;246;237.2475;3;0
4971;50;3;0.3;0.5;71;108;0.5327869;220;237.0093;3;7
4972;50;3;0.3;0.5;72;106;0.5381679;215;235.0472;3;5
4973;50;3;0.3;0.5;73;101;0.5169492;244;235.604;3;0
4974;50;3;0.3;0.5;74;103;0.5654008;242;235.5534;3;2
4975;50;3;0.3;0.5;75;101;0.4625;219;236.1287;3;0
4976;50;3;0.3;0.5;76;101;0.5633188;238;236.3267;3;0
4977;50;3;0.3;0.5;77;102;0.5829787;233;235.3529;3;1
4978;50;3;0.3;0.5;78;103;0.607438;256;237.3883;3;2
4979;50;3;0.3;0.5;79;101;0.4782609;225;237.099;3;0
4980;50;3;0.3;0.5;80;101;0.612069;240;236;3;0
4981;50;3;0.3;0.5;81;103;0.5371179;251;237.0388;3;2
4982;50;3;0.3;0.5;82;103;0.5254902;224;238.5825;3;2
4983;50;3;0.3;0.5;83;103;0.5661157;265;237.4175;3;2
4984;50;3;0.3;0.5;84;101;0.5265306;229;234.7624;3;0
4985;50;3;0.3;0.5;85;101;0.4863636;224;236.0792;3;0
4986;50;3;0.3;0.5;86;101;0.5909091;219;237.3069;3;0
4987;50;3;0.3;0.5;87;101;0.3782609;249;236.396;3;0
4988;50;3;0.3;0.5;88;101;0.5818182;241;235.8218;3;0
4989;50;3;0.3;0.5;89;102;0.536;247;238.3039;3;1
4990;50;3;0.3;0.5;90;101;0.4705882;237;235.1881;3;0
4991;50;3;0.3;0.5;91;105;0.4978723;232;237.6381;3;4
4992;50;3;0.3;0.5;92;101;0.5413223;216;235.901;3;0
4993;50;3;0.3;0.5;93;106;0.5419847;234;237.217;3;5
4994;50;3;0.3;0.5;94;101;0.5605381;228;237.5347;3;0
4995;50;3;0.3;0.5;95;101;0.4919355;238;239.396;3;0
4996;50;3;0.3;0.5;96;101;0.4959677;233;235.8614;3;0
4997;50;3;0.3;0.5;97;101;0.55;249;236.8911;3;0
4998;50;3;0.3;0.5;98;102;0.5083333;243;235;3;1
4999;50;3;0.3;0.5;99;102;0.4747899;247;237.8431;3;1
5000;50;3;0.3;0.5;100;102;0.4549356;223;236.0098;3;1
5001;51;5;0.3;0.5;1;101;0.5281385;232;236.6931;5;0
5002;51;5;0.3;0.5;2;101;0.4573643;240;237.9901;5;0
5003;51;5;0.3;0.5;3;101;0.5546218;240;236.4752;5;0
5004;51;5;0.3;0.5;4;102;0.5117188;252;237.3725;5;1
5005;51;5;0.3;0.5;5;101;0.5136364;250;236.099;5;0
5006;51;5;0.3;0.5;6;101;0.4932127;233;235.5149;5;0
5007;51;5;0.3;0.5;7;101;0.4960317;205;238.1485;5;0
5008;51;5;0.3;0.5;8;104;0.5112108;247;236.8942;5;3
5009;51;5;0.3;0.5;9;104;0.5151515;254;238.4038;5;3
5010;51;5;0.3;0.5;10;101;0.4435146;246;238.3069;5;0
5011;51;5;0.3;0.5;11;101;0.5151515;235;235.5644;5;0
5012;51;5;0.3;0.5;12;102;0.5112108;229;237.3039;5;1
5013;51;5;0.3;0.5;13;102;0.564;227;234.6569;5;1
5014;51;5;0.3;0.5;14;102;0.6115702;257;237.451;5;1
5015;51;5;0.3;0.5;15;104;0.4913043;228;239.0769;5;3
5016;51;5;0.3;0.5;16;101;0.5112108;248;236.7822;5;0
5017;51;5;0.3;0.5;17;105;0.4595745;255;235.7714;5;4
5018;51;5;0.3;0.5;18;105;0.4316239;203;236.1333;5;4
5019;51;5;0.3;0.5;19;101;0.4674797;224;235.8614;5;0
5020;51;5;0.3;0.5;20;104;0.4741379;239;236.0962;5;3
5021;51;5;0.3;0.5;21;102;0.4747899;230;237.6471;5;1
5022;51;5;0.3;0.5;22;101;0.6;245;236.4653;5;0
5023;51;5;0.3;0.5;23;103;0.489083;256;236.3107;5;2
5024;51;5;0.3;0.5;24;101;0.4609053;261;236.6139;5;0
5025;51;5;0.3;0.5;25;101;0.4788136;229;237.5842;5;0
5026;51;5;0.3;0.5;26;103;0.4176707;224;236.165;5;2
5027;51;5;0.3;0.5;27;102;0.484;230;235.6765;5;1
5028;51;5;0.3;0.5;28;101;0.5506608;239;237.5545;5;0
5029;51;5;0.3;0.5;29;101;0.5189873;241;237.3366;5;0
5030;51;5;0.3;0.5;30;103;0.482906;224;236.9806;5;2
5031;51;5;0.3;0.5;31;104;0.5173913;236;234.0577;5;3
5032;51;5;0.3;0.5;32;101;0.524;237;236.2673;5;0
5033;51;5;0.3;0.5;33;101;0.5756303;231;239.4554;5;0
5034;51;5;0.3;0.5;34;102;0.4698276;249;238.4804;5;1
5035;51;5;0.3;0.5;35;101;0.492;234;237.0891;5;0
5036;51;5;0.3;0.5;36;105;0.4595745;237;237.0476;5;4
5037;51;5;0.3;0.5;37;101;0.4366812;252;234.396;5;0
5038;51;5;0.3;0.5;38;102;0.4493392;254;237.3627;5;1
5039;51;5;0.3;0.5;39;102;0.4922481;215;235.1765;5;1
5040;51;5;0.3;0.5;40;103;0.4811715;233;237.0388;5;2
5041;51;5;0.3;0.5;41;103;0.4977376;245;238.0777;5;2
5042;51;5;0.3;0.5;42;103;0.502008;232;237.5631;5;2
5043;51;5;0.3;0.5;43;104;0.460251;217;236.3558;5;3
5044;51;5;0.3;0.5;44;102;0.4143426;236;237.7157;5;1
5045;51;5;0.3;0.5;45;105;0.4170213;237;237.0476;5;4
5046;51;5;0.3;0.5;46;116;0.5450644;236;236.0948;5;15
5047;51;5;0.3;0.5;47;101;0.4906542;251;236.3366;5;0
5048;51;5;0.3;0.5;48;101;0.45;209;237.3861;5;0
5049;51;5;0.3;0.5;49;101;0.5128205;245;237.4851;5;0
5050;51;5;0.3;0.5;50;102;0.5101215;220;235.7451;5;1
5051;51;5;0.3;0.5;51;101;0.4748858;245;235;5;0
5052;51;5;0.3;0.5;52;101;0.5064935;237;236.901;5;0
5053;51;5;0.3;0.5;53;101;0.5042735;240;236.8812;5;0
5054;51;5;0.3;0.5;54;103;0.5243902;232;237.1748;5;2
5055;51;5;0.3;0.5;55;101;0.4661355;232;236.3267;5;0
5056;51;5;0.3;0.5;56;106;0.512605;228;237.4245;5;5
5057;51;5;0.3;0.5;57;102;0.5060729;231;235.3529;5;1
5058;51;5;0.3;0.5;58;115;0.4675325;228;235.7739;5;14
5059;51;5;0.3;0.5;59;104;0.5849057;240;238.1442;5;3
5060;51;5;0.3;0.5;60;102;0.5252101;231;235.9216;5;1
5061;51;5;0.3;0.5;61;102;0.4962121;228;236.5;5;1
5062;51;5;0.3;0.5;62;105;0.417004;229;236.1048;5;4
5063;51;5;0.3;0.5;63;104;0.5119048;217;234.9231;5;3
5064;51;5;0.3;0.5;64;101;0.504065;226;237;5;0
5065;51;5;0.3;0.5;65;108;0.5818182;245;236.8241;5;7
5066;51;5;0.3;0.5;66;104;0.4933333;223;238.3077;5;3
5067;51;5;0.3;0.5;67;104;0.517094;226;237.5481;5;3
5068;51;5;0.3;0.5;68;101;0.5230126;228;235.9307;5;0
5069;51;5;0.3;0.5;69;115;0.4959677;213;238.9565;5;14
5070;51;5;0.3;0.5;70;105;0.5256917;225;237.3333;5;4
5071;51;5;0.3;0.5;71;104;0.539823;244;235.2115;5;3
5072;51;5;0.3;0.5;72;109;0.4474886;221;234.6789;5;8
5073;51;5;0.3;0.5;73;101;0.4695652;261;237.7327;5;0
5074;51;5;0.3;0.5;74;103;0.5333333;245;237.0583;5;2
5075;51;5;0.3;0.5;75;101;0.4857143;236;234.8515;5;0
5076;51;5;0.3;0.5;76;103;0.4979253;232;236.7476;5;2
5077;51;5;0.3;0.5;77;103;0.4859813;243;237.3107;5;2
5078;51;5;0.3;0.5;78;102;0.5243446;214;237.1373;5;1
5079;51;5;0.3;0.5;79;104;0.5081967;211;235.1923;5;3
5080;51;5;0.3;0.5;80;101;0.5128205;258;237.0891;5;0
5081;51;5;0.3;0.5;81;102;0.517094;230;237.3333;5;1
5082;51;5;0.3;0.5;82;101;0.4847162;224;235.5149;5;0
5083;51;5;0.3;0.5;83;102;0.5023256;255;236.902;5;1
5084;51;5;0.3;0.5;84;111;0.44;266;235.5045;5;10
5085;51;5;0.3;0.5;85;101;0.5793991;234;233.9802;5;0
5086;51;5;0.3;0.5;86;103;0.5508475;241;236.2621;5;2
5087;51;5;0.3;0.5;87;103;0.6285714;242;238.3981;5;2
5088;51;5;0.3;0.5;88;102;0.4645669;205;237.4412;5;1
5089;51;5;0.3;0.5;89;102;0.6077586;240;236.3922;5;1
5090;51;5;0.3;0.5;90;101;0.439834;244;236.4158;5;0
5091;51;5;0.3;0.5;91;102;0.406639;238;236.2843;5;1
5092;51;5;0.3;0.5;92;102;0.5357143;229;236.1863;5;1
5093;51;5;0.3;0.5;93;101;0.470339;258;236.2574;5;0
5094;51;5;0.3;0.5;94;101;0.5228216;221;236.5941;5;0
5095;51;5;0.3;0.5;95;102;0.5375;245;236.5;5;1
5096;51;5;0.3;0.5;96;101;0.5039683;231;237.1386;5;0
5097;51;5;0.3;0.5;97;101;0.5221675;250;236.3564;5;0
5098;51;5;0.3;0.5;98;101;0.5882353;228;234.6832;5;0
5099;51;5;0.3;0.5;99;104;0.5684647;231;233.375;5;3
5100;51;5;0.3;0.5;100;104;0.619469;238;234.6731;5;3
5101;52;7;0.3;0.5;1;104;0.5555556;219;234.6923;7;3
5102;52;7;0.3;0.5;2;102;0.5112108;237;237.3333;7;1
5103;52;7;0.3;0.5;3;102;0.4688797;239;236.5882;7;1
5104;52;7;0.3;0.5;4;101;0.4444444;215;235.8218;7;0
5105;52;7;0.3;0.5;5;101;0.4488189;230;237.495;7;0
5106;52;7;0.3;0.5;6;101;0.5271967;260;235.6931;7;0
5107;52;7;0.3;0.5;7;101;0.5172414;225;237.1782;7;0
5108;52;7;0.3;0.5;8;101;0.4840183;230;236.5545;7;0
5109;52;7;0.3;0.5;9;101;0.4918699;246;238.396;7;0
5110;52;7;0.3;0.5;10;104;0.4338843;239;236.6538;7;3
5111;52;7;0.3;0.5;11;101;0.490991;232;234.8614;7;0
5112;52;7;0.3;0.5;12;101;0.4913043;241;236.5446;7;0
5113;52;7;0.3;0.5;13;101;0.4458874;237;236.9901;7;0
5114;52;7;0.3;0.5;14;101;0.5930233;236;237.3465;7;0
5115;52;7;0.3;0.5;15;101;0.5073529;197;237.8317;7;0
5116;52;7;0.3;0.5;16;101;0.4482759;233;235.7228;7;0
5117;52;7;0.3;0.5;17;102;0.4979757;247;236.0392;7;1
5118;52;7;0.3;0.5;18;102;0.4898785;223;237.1275;7;1
5119;52;7;0.3;0.5;19;101;0.5214008;214;238.9505;7;0
5120;52;7;0.3;0.5;20;104;0.5513308;226;235.7981;7;3
5121;52;7;0.3;0.5;21;101;0.4622222;255;236.6733;7;0
5122;52;7;0.3;0.5;22;102;0.5082645;226;234.1667;7;1
5123;52;7;0.3;0.5;23;101;0.496;242;236.3069;7;0
5124;52;7;0.3;0.5;24;104;0.5127119;244;237.125;7;3
5125;52;7;0.3;0.5;25;101;0.5250965;223;236.4257;7;0
5126;52;7;0.3;0.5;26;101;0.5294118;231;235.9703;7;0
5127;52;7;0.3;0.5;27;103;0.4033613;251;235.4854;7;2
5128;52;7;0.3;0.5;28;102;0.5420168;234;237.3824;7;1
5129;52;7;0.3;0.5;29;101;0.528;212;235.9604;7;0
5130;52;7;0.3;0.5;30;103;0.4810127;214;236.6408;7;2
5131;52;7;0.3;0.5;31;102;0.534188;234;237.2059;7;1
5132;52;7;0.3;0.5;32;101;0.5068493;249;235.4851;7;0
5133;52;7;0.3;0.5;33;102;0.5119048;241;237.9216;7;1
5134;52;7;0.3;0.5;34;102;0.4717742;225;236.8039;7;1
5135;52;7;0.3;0.5;35;102;0.5458515;230;236.6078;7;1
5136;52;7;0.3;0.5;36;101;0.4449339;262;238.8515;7;0
5137;52;7;0.3;0.5;37;102;0.4163265;254;237.3627;7;1
5138;52;7;0.3;0.5;38;108;0.3807531;239;237.2315;7;7
5139;52;7;0.3;0.5;39;111;0.4415584;238;236.7387;7;10
5140;52;7;0.3;0.5;40;102;0.4470046;253;235.7941;7;1
5141;52;7;0.3;0.5;41;103;0.4430894;247;234.3107;7;2
5142;52;7;0.3;0.5;42;103;0.4902724;229;237.6893;7;2
5143;52;7;0.3;0.5;43;103;0.5318182;222;236.3689;7;2
5144;52;7;0.3;0.5;44;101;0.46;230;236;7;0
5145;52;7;0.3;0.5;45;101;0.4377682;237;238.703;7;0
5146;52;7;0.3;0.5;46;103;0.4472574;249;237.068;7;2
5147;52;7;0.3;0.5;47;106;0.4908257;249;235.217;7;5
5148;52;7;0.3;0.5;48;101;0.5037879;240;234.8317;7;0
5149;52;7;0.3;0.5;49;101;0.4795082;239;236.8119;7;0
5150;52;7;0.3;0.5;50;102;0.4513619;243;238.7647;7;1
5151;52;7;0.3;0.5;51;102;0.4855967;246;236.1275;7;1
5152;52;7;0.3;0.5;52;102;0.5684647;248;235.9608;7;1
5153;52;7;0.3;0.5;53;101;0.5339367;252;235.0396;7;0
5154;52;7;0.3;0.5;54;101;0.5102881;240;238.505;7;0
5155;52;7;0.3;0.5;55;103;0.6425532;265;236.8641;7;2
5156;52;7;0.3;0.5;56;107;0.4940239;218;235.2056;7;6
5157;52;7;0.3;0.5;57;101;0.5244444;243;238.5842;7;0
5158;52;7;0.3;0.5;58;109;0.4311927;252;236.7523;7;8
5159;52;7;0.3;0.5;59;105;0.5342466;219;238.381;7;4
5160;52;7;0.3;0.5;60;104;0.5115207;242;236.6538;7;3
5161;52;7;0.3;0.5;61;104;0.5564854;247;237.4615;7;3
5162;52;7;0.3;0.5;62;101;0.587234;254;239.9109;7;0
5163;52;7;0.3;0.5;63;101;0.5648536;230;238.0297;7;0
5164;52;7;0.3;0.5;64;102;0.4449339;226;237.8039;7;1
5165;52;7;0.3;0.5;65;102;0.5254237;276;237.3431;7;1
5166;52;7;0.3;0.5;66;102;0.5042017;233;236.5588;7;1
5167;52;7;0.3;0.5;67;102;0.6336207;232;239.098;7;1
5168;52;7;0.3;0.5;68;105;0.465812;246;235.4571;7;4
5169;52;7;0.3;0.5;69;101;0.468254;239;238.3069;7;0
5170;52;7;0.3;0.5;70;102;0.372093;265;235.7647;7;1
5171;52;7;0.3;0.5;71;106;0.5020408;242;237.5849;7;5
5172;52;7;0.3;0.5;72;101;0.5102041;258;237.2871;7;0
5173;52;7;0.3;0.5;73;104;0.4377682;244;237.375;7;3
5174;52;7;0.3;0.5;74;103;0.4717742;234;236.466;7;2
5175;52;7;0.3;0.5;75;101;0.4630542;241;236.1881;7;0
5176;52;7;0.3;0.5;76;103;0.5696721;250;236.5146;7;2
5177;52;7;0.3;0.5;77;101;0.5102041;222;234.7129;7;0
5178;52;7;0.3;0.5;78;105;0.4718615;241;236.8476;7;4
5179;52;7;0.3;0.5;79;103;0.5394737;237;235.7961;7;2
5180;52;7;0.3;0.5;80;101;0.5;236;236.3366;7;0
5181;52;7;0.3;0.5;81;101;0.42;240;237.2376;7;0
5182;52;7;0.3;0.5;82;101;0.4333333;238;238.4455;7;0
5183;52;7;0.3;0.5;83;101;0.4504132;237;235.5149;7;0
5184;52;7;0.3;0.5;84;101;0.4017467;225;235.9406;7;0
5185;52;7;0.3;0.5;85;102;0.600939;253;236.8333;7;1
5186;52;7;0.3;0.5;86;106;0.4444444;230;237.283;7;5
5187;52;7;0.3;0.5;87;103;0.4784483;228;235.3204;7;2
5188;52;7;0.3;0.5;88;101;0.506383;254;236.7228;7;0
5189;52;7;0.3;0.5;89;102;0.4877049;230;237.3725;7;1
5190;52;7;0.3;0.5;90;102;0.547619;223;236.0686;7;1
5191;52;7;0.3;0.5;91;102;0.525;241;237.402;7;1
5192;52;7;0.3;0.5;92;103;0.4125561;254;236.1359;7;2
5193;52;7;0.3;0.5;93;103;0.4479638;237;235.6117;7;2
5194;52;7;0.3;0.5;94;111;0.4017094;245;236.4955;7;10
5195;52;7;0.3;0.5;95;101;0.5306122;231;235.9703;7;0
5196;52;7;0.3;0.5;96;101;0.5764192;217;236;7;0
5197;52;7;0.3;0.5;97;103;0.4556452;240;237.7864;7;2
5198;52;7;0.3;0.5;98;101;0.4212766;229;235.5644;7;0
5199;52;7;0.3;0.5;99;105;0.4678112;231;236.7048;7;4
5200;52;7;0.3;0.5;100;102;0.5040323;239;236.1765;7;1
5201;53;9;0.3;0.5;1;101;0.5506073;215;234.9109;9;0
5202;53;9;0.3;0.5;2;104;0.5172414;263;235.5385;9;3
5203;53;9;0.3;0.5;3;106;0.4493392;251;237.9906;9;5
5204;53;9;0.3;0.5;4;105;0.5545024;242;238.7238;9;4
5205;53;9;0.3;0.5;5;101;0.4860558;238;236.1782;9;0
5206;53;9;0.3;0.5;6;102;0.5514403;232;237.1275;9;1
5207;53;9;0.3;0.5;7;101;0.4930233;240;235.2277;9;0
5208;53;9;0.3;0.5;8;103;0.4824561;247;237.1942;9;2
5209;53;9;0.3;0.5;9;102;0.4421488;231;235.9314;9;1
5210;53;9;0.3;0.5;10;101;0.5643154;202;234.6238;9;0
5211;53;9;0.3;0.5;11;110;0.4303797;236;237.7364;9;9
5212;53;9;0.3;0.5;12;101;0.5520362;228;237.0891;9;0
5213;53;9;0.3;0.5;13;101;0.5166667;230;235.3663;9;0
5214;53;9;0.3;0.5;14;102;0.5555556;227;237.3529;9;1
5215;53;9;0.3;0.5;15;101;0.4628821;264;234.8218;9;0
5216;53;9;0.3;0.5;16;101;0.5043103;223;236.5248;9;0
5217;53;9;0.3;0.5;17;101;0.5159817;246;236.0594;9;0
5218;53;9;0.3;0.5;18;105;0.5849802;244;238.6667;9;4
5219;53;9;0.3;0.5;19;101;0.4576271;234;237.9406;9;0
5220;53;9;0.3;0.5;20;103;0.518018;238;237.0291;9;2
5221;53;9;0.3;0.5;21;103;0.5136187;248;237.1165;9;2
5222;53;9;0.3;0.5;22;101;0.5193133;248;236.5842;9;0
5223;53;9;0.3;0.5;23;114;0.6024096;245;235.6754;9;13
5224;53;9;0.3;0.5;24;106;0.4979253;245;236.0849;9;5
5225;53;9;0.3;0.5;25;109;0.5676856;246;236.6422;9;8
5226;53;9;0.3;0.5;26;101;0.5719697;231;237.5842;9;0
5227;53;9;0.3;0.5;27;103;0.5271967;229;235.7184;9;2
5228;53;9;0.3;0.5;28;108;0.5277778;236;235.1574;9;7
5229;53;9;0.3;0.5;29;101;0.4285714;241;236.6238;9;0
5230;53;9;0.3;0.5;30;101;0.46;221;236.297;9;0
5231;53;9;0.3;0.5;31;101;0.4115226;238;234.4752;9;0
5232;53;9;0.3;0.5;32;102;0.5847458;238;236.8922;9;1
5233;53;9;0.3;0.5;33;101;0.4208333;211;239.0792;9;0
5234;53;9;0.3;0.5;34;106;0.5245902;255;236.5189;9;5
5235;53;9;0.3;0.5;35;101;0.5429864;249;238.4752;9;0
5236;53;9;0.3;0.5;36;101;0.5099602;236;238.0099;9;0
5237;53;9;0.3;0.5;37;101;0.5151515;253;235.3366;9;0
5238;53;9;0.3;0.5;38;102;0.5387755;236;236.9804;9;1
5239;53;9;0.3;0.5;39;101;0.4681818;258;237.1881;9;0
5240;53;9;0.3;0.5;40;101;0.4833333;258;235.3168;9;0
5241;53;9;0.3;0.5;41;101;0.5564854;255;235.9406;9;0
5242;53;9;0.3;0.5;42;112;0.5394737;241;236.2768;9;11
5243;53;9;0.3;0.5;43;103;0.4700461;270;235.6602;9;2
5244;53;9;0.3;0.5;44;101;0.4779116;247;236.3564;9;0
5245;53;9;0.3;0.5;45;101;0.5088496;216;235.6832;9;0
5246;53;9;0.3;0.5;46;101;0.5506608;240;237.198;9;0
5247;53;9;0.3;0.5;47;103;0.456;232;236.9709;9;2
5248;53;9;0.3;0.5;48;102;0.424;239;236.4804;9;1
5249;53;9;0.3;0.5;49;101;0.5236052;235;236.8614;9;0
5250;53;9;0.3;0.5;50;101;0.4748858;250;236.5644;9;0
5251;53;9;0.3;0.5;51;108;0.4803493;247;236.25;9;7
5252;53;9;0.3;0.5;52;108;0.5;230;234.6574;9;7
5253;53;9;0.3;0.5;53;109;0.4789916;242;236.7339;9;8
5254;53;9;0.3;0.5;54;101;0.4718615;243;235.7426;9;0
5255;53;9;0.3;0.5;55;105;0.6390041;217;237.5143;9;4
5256;53;9;0.3;0.5;56;104;0.5092937;236;237.4135;9;3
5257;53;9;0.3;0.5;57;101;0.5708155;239;239.7624;9;0
5258;53;9;0.3;0.5;58;104;0.4;249;236.4327;9;3
5259;53;9;0.3;0.5;59;107;0.5095238;219;238.5794;9;6
5260;53;9;0.3;0.5;60;101;0.5846774;263;237.4059;9;0
5261;53;9;0.3;0.5;61;104;0.5721154;218;236.4519;9;3
5262;53;9;0.3;0.5;62;102;0.5603448;242;235.2941;9;1
5263;53;9;0.3;0.5;63;101;0.5960784;255;237.8317;9;0
5264;53;9;0.3;0.5;64;101;0.4081633;252;236.3564;9;0
5265;53;9;0.3;0.5;65;101;0.559633;225;235.8119;9;0
5266;53;9;0.3;0.5;66;121;0.4661017;222;236.1983;9;20
5267;53;9;0.3;0.5;67;103;0.5974026;257;235.2039;9;2
5268;53;9;0.3;0.5;68;101;0.5702128;221;236.8812;9;0
5269;53;9;0.3;0.5;69;103;0.5470852;241;236.6214;9;2
5270;53;9;0.3;0.5;70;102;0.4603774;250;235.1275;9;1
5271;53;9;0.3;0.5;71;101;0.4833333;226;238.2376;9;0
5272;53;9;0.3;0.5;72;101;0.4609053;228;235.9505;9;0
5273;53;9;0.3;0.5;73;102;0.5521236;271;238.9216;9;1
5274;53;9;0.3;0.5;74;102;0.4243697;261;237.6176;9;1
5275;53;9;0.3;0.5;75;114;0.4094828;235;239.2632;9;13
5276;53;9;0.3;0.5;76;101;0.5048077;255;239.2772;9;0
5277;53;9;0.3;0.5;77;101;0.5061224;239;234.6634;9;0
5278;53;9;0.3;0.5;78;101;0.53125;247;236.9505;9;0
5279;53;9;0.3;0.5;79;101;0.4671815;209;235.7624;9;0
5280;53;9;0.3;0.5;80;101;0.4678112;236;237.3267;9;0
5281;53;9;0.3;0.5;81;101;0.5375;231;235.1782;9;0
5282;53;9;0.3;0.5;82;101;0.5163934;219;236.0396;9;0
5283;53;9;0.3;0.5;83;101;0.498008;256;236.0099;9;0
5284;53;9;0.3;0.5;84;103;0.5303644;228;236.1359;9;2
5285;53;9;0.3;0.5;85;103;0.4958333;235;235.835;9;2
5286;53;9;0.3;0.5;86;103;0.5633188;244;237.0874;9;2
5287;53;9;0.3;0.5;87;101;0.5106383;248;236.099;9;0
5288;53;9;0.3;0.5;88;101;0.4695652;247;235.3465;9;0
5289;53;9;0.3;0.5;89;105;0.482906;230;236.6;9;4
5290;53;9;0.3;0.5;90;101;0.5097087;238;236.1782;9;0
5291;53;9;0.3;0.5;91;102;0.5245902;217;236.8137;9;1
5292;53;9;0.3;0.5;92;101;0.4661017;227;237.297;9;0
5293;53;9;0.3;0.5;93;101;0.4895397;237;237.0594;9;0
5294;53;9;0.3;0.5;94;104;0.509009;219;236.1731;9;3
5295;53;9;0.3;0.5;95;101;0.4549356;222;235.3168;9;0
5296;53;9;0.3;0.5;96;101;0.4956897;249;237.1287;9;0
5297;53;9;0.3;0.5;97;106;0.4754098;221;235.4151;9;5
5298;53;9;0.3;0.5;98;109;0.4897119;226;237.2018;9;8
5299;53;9;0.3;0.5;99;109;0.3875;221;237.9083;9;8
5300;53;9;0.3;0.5;100;104;0.5321101;222;235.9231;9;3
5301;54;11;0.3;0.5;1;102;0.4691358;235;233.5588;11;1
5302;54;11;0.3;0.5;2;113;0.5635593;224;235.3805;11;12
5303;54;11;0.3;0.5;3;102;0.48583;248;236.7843;11;1
5304;54;11;0.3;0.5;4;101;0.4976077;241;235.2277;11;0
5305;54;11;0.3;0.5;5;101;0.5822785;227;235.1188;11;0
5306;54;11;0.3;0.5;6;105;0.5708333;250;237.6;11;4
5307;54;11;0.3;0.5;7;101;0.5125;243;236.396;11;0
5308;54;11;0.3;0.5;8;101;0.5203252;221;237.4455;11;0
5309;54;11;0.3;0.5;9;103;0.5319149;219;235.5922;11;2
5310;54;11;0.3;0.5;10;101;0.5458167;233;235.3861;11;0
5311;54;11;0.3;0.5;11;105;0.5;231;237.8762;11;4
5312;54;11;0.3;0.5;12;101;0.4868421;239;237.6139;11;0
5313;54;11;0.3;0.5;13;102;0.5775862;203;233.8725;11;1
5314;54;11;0.3;0.5;14;101;0.4553991;244;236.6931;11;0
5315;54;11;0.3;0.5;15;111;0.539823;246;236.6396;11;10
5316;54;11;0.3;0.5;16;101;0.4698276;241;237.3069;11;0
5317;54;11;0.3;0.5;17;101;0.4583333;211;236.7624;11;0
5318;54;11;0.3;0.5;18;102;0.5412844;254;236.451;11;1
5319;54;11;0.3;0.5;19;102;0.4686192;264;237.2843;11;1
5320;54;11;0.3;0.5;20;102;0.473913;237;236.8431;11;1
5321;54;11;0.3;0.5;21;103;0.472103;228;235.301;11;2
5322;54;11;0.3;0.5;22;101;0.4439462;255;237.6238;11;0
5323;54;11;0.3;0.5;23;104;0.4297872;237;236.9231;11;3
5324;54;11;0.3;0.5;24;101;0.5163934;242;236.8713;11;0
5325;54;11;0.3;0.5;25;101;0.4958333;234;234.6436;11;0
5326;54;11;0.3;0.5;26;106;0.5284553;236;234.9717;11;5
5327;54;11;0.3;0.5;27;103;0.5620155;231;235.6505;11;2
5328;54;11;0.3;0.5;28;101;0.4553571;253;235.1881;11;0
5329;54;11;0.3;0.5;29;102;0.4391304;252;237.0392;11;1
5330;54;11;0.3;0.5;30;103;0.5;246;236.9806;11;2
5331;54;11;0.3;0.5;31;102;0.4481328;228;238.3824;11;1
5332;54;11;0.3;0.5;32;101;0.4916667;230;237.0495;11;0
5333;54;11;0.3;0.5;33;101;0.487395;231;235.5149;11;0
5334;54;11;0.3;0.5;34;101;0.4938776;229;236.9406;11;0
5335;54;11;0.3;0.5;35;105;0.4871795;231;237.6286;11;4
5336;54;11;0.3;0.5;36;101;0.5349794;233;236.2376;11;0
5337;54;11;0.3;0.5;37;101;0.5565217;211;234.9703;11;0
5338;54;11;0.3;0.5;38;103;0.5130435;251;235.835;11;2
5339;54;11;0.3;0.5;39;108;0.4578313;238;236.2037;11;7
5340;54;11;0.3;0.5;40;101;0.56917;226;236.9406;11;0
5341;54;11;0.3;0.5;41;101;0.5701357;232;237.9109;11;0
5342;54;11;0.3;0.5;42;101;0.4883721;246;236.6139;11;0
5343;54;11;0.3;0.5;43;101;0.5333333;209;235.0693;11;0
5344;54;11;0.3;0.5;44;106;0.5365854;249;237.4151;11;5
5345;54;11;0.3;0.5;45;101;0.5;234;234.8911;11;0
5346;54;11;0.3;0.5;46;107;0.4423963;235;236.785;11;6
5347;54;11;0.3;0.5;47;102;0.4353448;221;236.9216;11;1
5348;54;11;0.3;0.5;48;103;0.5215686;224;236.2913;11;2
5349;54;11;0.3;0.5;49;103;0.5527426;239;237.3981;11;2
5350;54;11;0.3;0.5;50;103;0.4663866;225;235.6214;11;2
5351;54;11;0.3;0.5;51;103;0.4556962;226;236.0485;11;2
5352;54;11;0.3;0.5;52;114;0.5465587;232;236.2456;11;13
5353;54;11;0.3;0.5;53;102;0.5176991;255;236.0392;11;1
5354;54;11;0.3;0.5;54;101;0.4618644;239;236.5941;11;0
5355;54;11;0.3;0.5;55;101;0.3826087;252;237.1881;11;0
5356;54;11;0.3;0.5;56;101;0.4534413;236;236.802;11;0
5357;54;11;0.3;0.5;57;106;0.5220884;217;236.2736;11;5
5358;54;11;0.3;0.5;58;104;0.5221239;250;239.0577;11;3
5359;54;11;0.3;0.5;59;103;0.4414414;221;234.165;11;2
5360;54;11;0.3;0.5;60;101;0.5526316;245;237.8911;11;0
5361;54;11;0.3;0.5;61;101;0.4502165;254;236.4158;11;0
5362;54;11;0.3;0.5;62;101;0.3608696;230;236.7327;11;0
5363;54;11;0.3;0.5;63;103;0.5276596;229;237.6019;11;2
5364;54;11;0.3;0.5;64;101;0.5391304;246;237.3465;11;0
5365;54;11;0.3;0.5;65;101;0.4385246;266;237.0099;11;0
5366;54;11;0.3;0.5;66;102;0.4618644;248;238.3824;11;1
5367;54;11;0.3;0.5;67;102;0.4790698;253;237.0784;11;1
5368;54;11;0.3;0.5;68;101;0.4267241;234;235.7327;11;0
5369;54;11;0.3;0.5;69;101;0.516129;256;237.6436;11;0
5370;54;11;0.3;0.5;70;101;0.5100402;223;237.8911;11;0
5371;54;11;0.3;0.5;71;101;0.5131579;269;237.1089;11;0
5372;54;11;0.3;0.5;72;102;0.512931;211;237.0392;11;1
5373;54;11;0.3;0.5;73;101;0.4977376;230;238.2673;11;0
5374;54;11;0.3;0.5;74;103;0.4779116;225;237.3398;11;2
5375;54;11;0.3;0.5;75;109;0.5663717;247;237.3211;11;8
5376;54;11;0.3;0.5;76;106;0.5438596;257;236.6509;11;5
5377;54;11;0.3;0.5;77;102;0.4912281;240;236.8529;11;1
5378;54;11;0.3;0.5;78;101;0.5069124;255;236.5446;11;0
5379;54;11;0.3;0.5;79;102;0.5090909;243;236.2255;11;1
5380;54;11;0.3;0.5;80;105;0.4311111;244;236.8;11;4
5381;54;11;0.3;0.5;81;103;0.4541985;223;236.6699;11;2
5382;54;11;0.3;0.5;82;102;0.4912281;245;235.8627;11;1
5383;54;11;0.3;0.5;83;108;0.52;261;237.3333;11;7
5384;54;11;0.3;0.5;84;101;0.6083333;217;237.099;11;0
5385;54;11;0.3;0.5;85;102;0.5127119;232;236.9216;11;1
5386;54;11;0.3;0.5;86;105;0.5188285;213;238.3333;11;4
5387;54;11;0.3;0.5;87;102;0.4666667;219;236.9216;11;1
5388;54;11;0.3;0.5;88;101;0.4409091;246;236.7129;11;0
5389;54;11;0.3;0.5;89;103;0.4415584;228;236.4951;11;2
5390;54;11;0.3;0.5;90;101;0.496;233;238.0297;11;0
5391;54;11;0.3;0.5;91;101;0.48583;218;235.5545;11;0
5392;54;11;0.3;0.5;92;104;0.5551181;233;235.125;11;3
5393;54;11;0.3;0.5;93;103;0.4048583;207;235.767;11;2
5394;54;11;0.3;0.5;94;101;0.460177;233;237.0297;11;0
5395;54;11;0.3;0.5;95;101;0.5144033;228;236.0198;11;0
5396;54;11;0.3;0.5;96;101;0.5892857;238;237.3069;11;0
5397;54;11;0.3;0.5;97;101;0.5330579;213;235.6139;11;0
5398;54;11;0.3;0.5;98;101;0.5470852;238;236.1584;11;0
5399;54;11;0.3;0.5;99;102;0.5;231;236.1176;11;1
5400;54;11;0.3;0.5;100;103;0.4862745;244;237.7379;11;2
5401;55;13;0.3;0.5;1;101;0.4957627;255;236.4455;13;0
5402;55;13;0.3;0.5;2;103;0.5409836;206;236.6214;13;2
5403;55;13;0.3;0.5;3;105;0.4854772;215;234.1905;13;4
5404;55;13;0.3;0.5;4;101;0.5116279;234;237.1287;13;0
5405;55;13;0.3;0.5;5;107;0.5703125;224;236.4766;13;6
5406;55;13;0.3;0.5;6;106;0.4782609;219;235.8962;13;5
5407;55;13;0.3;0.5;7;102;0.4541667;244;236.1667;13;1
5408;55;13;0.3;0.5;8;102;0.458498;236;236.049;13;1
5409;55;13;0.3;0.5;9;101;0.48659;217;238.5545;13;0
5410;55;13;0.3;0.5;10;101;0.5894309;232;235.6832;13;0
5411;55;13;0.3;0.5;11;101;0.5;235;235.604;13;0
5412;55;13;0.3;0.5;12;102;0.4710744;253;235.8922;13;1
5413;55;13;0.3;0.5;13;109;0.4285714;235;237.1743;13;8
5414;55;13;0.3;0.5;14;108;0.4980237;231;236.0833;13;7
5415;55;13;0.3;0.5;15;101;0.5144033;226;237.3465;13;0
5416;55;13;0.3;0.5;16;101;0.5381356;222;236;13;0
5417;55;13;0.3;0.5;17;101;0.4533898;227;235.1881;13;0
5418;55;13;0.3;0.5;18;101;0.5432099;247;236.8515;13;0
5419;55;13;0.3;0.5;19;101;0.5491071;255;236.6931;13;0
5420;55;13;0.3;0.5;20;101;0.5495495;246;236.3366;13;0
5421;55;13;0.3;0.5;21;102;0.48659;247;237.1471;13;1
5422;55;13;0.3;0.5;22;108;0.474359;230;237.6759;13;7
5423;55;13;0.3;0.5;23;102;0.5210084;224;235.6275;13;1
5424;55;13;0.3;0.5;24;101;0.4895397;254;237.3861;13;0
5425;55;13;0.3;0.5;25;101;0.5475113;233;237.3762;13;0
5426;55;13;0.3;0.5;26;103;0.4474886;250;237.2913;13;2
5427;55;13;0.3;0.5;27;106;0.5569106;215;238.4528;13;5
5428;55;13;0.3;0.5;28;101;0.5475113;236;236.9901;13;0
5429;55;13;0.3;0.5;29;102;0.5829787;223;235.049;13;1
5430;55;13;0.3;0.5;30;101;0.4837398;238;236.8515;13;0
5431;55;13;0.3;0.5;31;101;0.5119048;239;236.7525;13;0
5432;55;13;0.3;0.5;32;102;0.4728033;256;236.4804;13;1
5433;55;13;0.3;0.5;33;101;0.5708661;214;235.1188;13;0
5434;55;13;0.3;0.5;34;101;0.37751;229;234.4554;13;0
5435;55;13;0.3;0.5;35;101;0.4690265;263;237.5842;13;0
5436;55;13;0.3;0.5;36;103;0.4979757;215;238.6214;13;2
5437;55;13;0.3;0.5;37;101;0.5041667;227;237.8515;13;0
5438;55;13;0.3;0.5;38;103;0.4465649;211;236.3398;13;2
5439;55;13;0.3;0.5;39;101;0.4196429;250;234.8515;13;0
5440;55;13;0.3;0.5;40;101;0.4832536;225;236.9901;13;0
5441;55;13;0.3;0.5;41;104;0.472;236;236.5385;13;3
5442;55;13;0.3;0.5;42;112;0.4645669;236;236.9911;13;11
5443;55;13;0.3;0.5;43;101;0.5661157;238;237.9505;13;0
5444;55;13;0.3;0.5;44;101;0.4680851;223;236.5644;13;0
5445;55;13;0.3;0.5;45;101;0.4939271;229;237.297;13;0
5446;55;13;0.3;0.5;46;101;0.5793651;211;236;13;0
5447;55;13;0.3;0.5;47;101;0.5762712;247;235.6238;13;0
5448;55;13;0.3;0.5;48;103;0.5588235;232;236.9903;13;2
5449;55;13;0.3;0.5;49;104;0.4181034;240;235.3365;13;3
5450;55;13;0.3;0.5;50;103;0.512605;222;236.2718;13;2
5451;55;13;0.3;0.5;51;109;0.4683544;236;237.211;13;8
5452;55;13;0.3;0.5;52;107;0.604;232;236.8972;13;6
5453;55;13;0.3;0.5;53;102;0.5;239;237.4118;13;1
5454;55;13;0.3;0.5;54;102;0.5510204;206;235.8529;13;1
5455;55;13;0.3;0.5;55;101;0.5378151;234;237.802;13;0
5456;55;13;0.3;0.5;56;105;0.4336283;240;238.0381;13;4
5457;55;13;0.3;0.5;57;101;0.5502008;185;235.6634;13;0
5458;55;13;0.3;0.5;58;101;0.5225225;268;237.6535;13;0
5459;55;13;0.3;0.5;59;101;0.525641;245;237.9604;13;0
5460;55;13;0.3;0.5;60;101;0.4267782;232;237.5644;13;0
5461;55;13;0.3;0.5;61;102;0.4857143;251;237.9706;13;1
5462;55;13;0.3;0.5;62;101;0.5823293;226;237.6931;13;0
5463;55;13;0.3;0.5;63;101;0.5726141;230;235.7129;13;0
5464;55;13;0.3;0.5;64;106;0.5188285;230;237.7075;13;5
5465;55;13;0.3;0.5;65;101;0.5764192;255;236.396;13;0
5466;55;13;0.3;0.5;66;107;0.3772727;240;235.8785;13;6
5467;55;13;0.3;0.5;67;101;0.483871;257;236.8416;13;0
5468;55;13;0.3;0.5;68;105;0.4227273;243;236.3143;13;4
5469;55;13;0.3;0.5;69;107;0.5546218;251;236.3738;13;6
5470;55;13;0.3;0.5;70;104;0.5581395;239;237.3558;13;3
5471;55;13;0.3;0.5;71;104;0.497992;255;238.3462;13;3
5472;55;13;0.3;0.5;72;101;0.4801762;234;236.2079;13;0
5473;55;13;0.3;0.5;73;101;0.4684685;242;235.8911;13;0
5474;55;13;0.3;0.5;74;101;0.5;242;237.901;13;0
5475;55;13;0.3;0.5;75;101;0.4353448;241;235.1485;13;0
5476;55;13;0.3;0.5;76;103;0.4137931;240;236.534;13;2
5477;55;13;0.3;0.5;77;102;0.5308642;231;236.1176;13;1
5478;55;13;0.3;0.5;78;101;0.4960317;205;236.9109;13;0
5479;55;13;0.3;0.5;79;102;0.4526749;237;237.0294;13;1
5480;55;13;0.3;0.5;80;107;0.5232068;229;236.1215;13;6
5481;55;13;0.3;0.5;81;101;0.4329004;239;236.2475;13;0
5482;55;13;0.3;0.5;82;101;0.5748988;258;237.9109;13;0
5483;55;13;0.3;0.5;83;101;0.4957265;240;235.8713;13;0
5484;55;13;0.3;0.5;84;101;0.4599156;252;235.4653;13;0
5485;55;13;0.3;0.5;85;102;0.4449541;233;236.6765;13;1
5486;55;13;0.3;0.5;86;104;0.4615385;231;237.0192;13;3
5487;55;13;0.3;0.5;87;101;0.425;237;236.8218;13;0
5488;55;13;0.3;0.5;88;103;0.5084034;248;236.1359;13;2
5489;55;13;0.3;0.5;89;101;0.490566;233;237.6733;13;0
5490;55;13;0.3;0.5;90;101;0.4891775;229;237.2376;13;0
5491;55;13;0.3;0.5;91;101;0.5211864;241;236.7624;13;0
5492;55;13;0.3;0.5;92;101;0.5074074;246;234.8515;13;0
5493;55;13;0.3;0.5;93;104;0.4752066;235;234.9327;13;3
5494;55;13;0.3;0.5;94;109;0.4587156;219;235.6422;13;8
5495;55;13;0.3;0.5;95;102;0.5021459;251;237.2549;13;1
5496;55;13;0.3;0.5;96;101;0.501992;226;236.6535;13;0
5497;55;13;0.3;0.5;97;102;0.4868421;234;238.7157;13;1
5498;55;13;0.3;0.5;98;102;0.4917355;214;236.2157;13;1
5499;55;13;0.3;0.5;99;105;0.4506438;238;236.5429;13;4
5500;55;13;0.3;0.5;100;103;0.5477178;234;234.932;13;2
5501;56;15;0.3;0.5;1;102;0.4767932;240;236.5392;15;1
5502;56;15;0.3;0.5;2;101;0.5042373;246;237.505;15;0
5503;56;15;0.3;0.5;3;103;0.5;259;237.4272;15;2
5504;56;15;0.3;0.5;4;101;0.4454148;247;236.7822;15;0
5505;56;15;0.3;0.5;5;116;0.5299539;219;238.2069;15;15
5506;56;15;0.3;0.5;6;102;0.501992;233;234.5882;15;1
5507;56;15;0.3;0.5;7;101;0.4644351;240;237.9802;15;0
5508;56;15;0.3;0.5;8;102;0.515873;223;237.7353;15;1
5509;56;15;0.3;0.5;9;101;0.5289256;236;236.6436;15;0
5510;56;15;0.3;0.5;10;103;0.5170732;241;237.1845;15;2
5511;56;15;0.3;0.5;11;102;0.5951417;226;238.098;15;1
5512;56;15;0.3;0.5;12;101;0.4615385;244;235.5446;15;0
5513;56;15;0.3;0.5;13;101;0.5347826;270;235.1188;15;0
5514;56;15;0.3;0.5;14;103;0.5315315;227;234.8058;15;2
5515;56;15;0.3;0.5;15;101;0.4622222;239;234.4752;15;0
5516;56;15;0.3;0.5;16;102;0.4583333;250;236.9902;15;1
5517;56;15;0.3;0.5;17;101;0.5155556;250;237.7228;15;0
5518;56;15;0.3;0.5;18;101;0.5341365;233;235.5248;15;0
5519;56;15;0.3;0.5;19;103;0.6125;214;238.2718;15;2
5520;56;15;0.3;0.5;20;101;0.5952381;253;236.5842;15;0
5521;56;15;0.3;0.5;21;101;0.4666667;217;236.297;15;0
5522;56;15;0.3;0.5;22;101;0.5;211;238;15;0
5523;56;15;0.3;0.5;23;101;0.4453782;237;236.802;15;0
5524;56;15;0.3;0.5;24;101;0.492;222;237.6535;15;0
5525;56;15;0.3;0.5;25;101;0.4661017;216;236.5347;15;0
5526;56;15;0.3;0.5;26;101;0.4468085;245;238.8614;15;0
5527;56;15;0.3;0.5;27;104;0.4658635;237;237.4615;15;3
5528;56;15;0.3;0.5;28;101;0.5242291;223;236.3762;15;0
5529;56;15;0.3;0.5;29;101;0.4615385;247;235.5644;15;0
5530;56;15;0.3;0.5;30;102;0.4338843;237;236.0294;15;1
5531;56;15;0.3;0.5;31;102;0.4342105;233;235.9902;15;1
5532;56;15;0.3;0.5;32;101;0.5502183;242;236.9505;15;0
5533;56;15;0.3;0.5;33;101;0.5142857;246;237.8911;15;0
5534;56;15;0.3;0.5;34;105;0.4935622;226;235.8381;15;4
5535;56;15;0.3;0.5;35;104;0.459144;240;235.9038;15;3
5536;56;15;0.3;0.5;36;104;0.5185185;242;236.4327;15;3
5537;56;15;0.3;0.5;37;101;0.4384615;233;236.0594;15;0
5538;56;15;0.3;0.5;38;102;0.4705882;236;237.098;15;1
5539;56;15;0.3;0.5;39;105;0.4478261;244;236.5905;15;4
5540;56;15;0.3;0.5;40;101;0.4790875;223;237.9604;15;0
5541;56;15;0.3;0.5;41;101;0.4425532;237;237.4653;15;0
5542;56;15;0.3;0.5;42;101;0.4937759;238;236.4356;15;0
5543;56;15;0.3;0.5;43;101;0.4849785;228;238.4752;15;0
5544;56;15;0.3;0.5;44;101;0.5131579;248;236.198;15;0
5545;56;15;0.3;0.5;45;103;0.516129;247;236.4951;15;2
5546;56;15;0.3;0.5;46;101;0.5206612;227;238.9208;15;0
5547;56;15;0.3;0.5;47;105;0.5345622;270;237.4381;15;4
5548;56;15;0.3;0.5;48;101;0.5347826;237;235.4356;15;0
5549;56;15;0.3;0.5;49;101;0.5327511;249;238.3861;15;0
5550;56;15;0.3;0.5;50;104;0.4574899;216;236.9808;15;3
5551;56;15;0.3;0.5;51;101;0.5630252;239;236.6139;15;0
5552;56;15;0.3;0.5;52;109;0.4633205;214;235.1743;15;8
5553;56;15;0.3;0.5;53;104;0.5055351;209;234.6635;15;3
5554;56;15;0.3;0.5;54;118;0.4125;259;237.2712;15;17
5555;56;15;0.3;0.5;55;110;0.4896266;221;235.1818;15;9
5556;56;15;0.3;0.5;56;101;0.5546218;253;237.5149;15;0
5557;56;15;0.3;0.5;57;101;0.5140187;238;235.8713;15;0
5558;56;15;0.3;0.5;58;106;0.5922747;244;236.566;15;5
5559;56;15;0.3;0.5;59;101;0.4174312;248;237.2079;15;0
5560;56;15;0.3;0.5;60;101;0.4238683;239;236.9505;15;0
5561;56;15;0.3;0.5;61;101;0.5242718;260;238.6436;15;0
5562;56;15;0.3;0.5;62;101;0.4977578;254;237.9901;15;0
5563;56;15;0.3;0.5;63;101;0.5303644;232;237.8713;15;0
5564;56;15;0.3;0.5;64;103;0.5495868;251;236.4078;15;2
5565;56;15;0.3;0.5;65;105;0.4792627;242;237.6095;15;4
5566;56;15;0.3;0.5;66;104;0.5869565;214;234.5865;15;3
5567;56;15;0.3;0.5;67;103;0.4514768;229;235.301;15;2
5568;56;15;0.3;0.5;68;101;0.4859438;227;236.2277;15;0
5569;56;15;0.3;0.5;69;104;0.5084034;240;237.1731;15;3
5570;56;15;0.3;0.5;70;101;0.5856574;227;234.9505;15;0
5571;56;15;0.3;0.5;71;110;0.493617;217;235.0182;15;9
5572;56;15;0.3;0.5;72;104;0.5273438;225;236.5;15;3
5573;56;15;0.3;0.5;73;109;0.4431373;221;238.0734;15;8
5574;56;15;0.3;0.5;74;103;0.408;241;238.0583;15;2
5575;56;15;0.3;0.5;75;101;0.5462185;241;233.9307;15;0
5576;56;15;0.3;0.5;76;103;0.4050633;215;236.1068;15;2
5577;56;15;0.3;0.5;77;109;0.6096491;238;237.1835;15;8
5578;56;15;0.3;0.5;78;103;0.4560669;243;238.7087;15;2
5579;56;15;0.3;0.5;79;101;0.4788732;248;237.198;15;0
5580;56;15;0.3;0.5;80;102;0.544;217;237.9412;15;1
5581;56;15;0.3;0.5;81;101;0.5145631;220;238.4653;15;0
5582;56;15;0.3;0.5;82;101;0.545082;228;234.1485;15;0
5583;56;15;0.3;0.5;83;101;0.5238095;240;235.4653;15;0
5584;56;15;0.3;0.5;84;103;0.4197531;247;239.5631;15;2
5585;56;15;0.3;0.5;85;101;0.4153226;228;236.4653;15;0
5586;56;15;0.3;0.5;86;101;0.4877049;240;236.6931;15;0
5587;56;15;0.3;0.5;87;102;0.5540541;245;236.2157;15;1
5588;56;15;0.3;0.5;88;102;0.5020408;239;236.7451;15;1
5589;56;15;0.3;0.5;89;101;0.5450644;243;238.4059;15;0
5590;56;15;0.3;0.5;90;104;0.5148148;231;237.0192;15;3
5591;56;15;0.3;0.5;91;101;0.4955752;234;236.099;15;0
5592;56;15;0.3;0.5;92;104;0.4222222;240;237.0481;15;3
5593;56;15;0.3;0.5;93;109;0.4313725;215;236.6606;15;8
5594;56;15;0.3;0.5;94;101;0.5077519;243;236.6634;15;0
5595;56;15;0.3;0.5;95;101;0.4701493;235;238.4653;15;0
5596;56;15;0.3;0.5;96;101;0.4529915;253;235.8218;15;0
5597;56;15;0.3;0.5;97;101;0.5127119;229;235.3069;15;0
5598;56;15;0.3;0.5;98;101;0.4570136;222;235.7921;15;0
5599;56;15;0.3;0.5;99;101;0.4793388;260;236.8317;15;0
5600;56;15;0.3;0.5;100;102;0.4448669;222;235;15;1
5601;57;17;0.3;0.5;1;105;0.4848485;248;235.2381;17;4
5602;57;17;0.3;0.5;2;101;0.4439252;243;237.901;17;0
5603;57;17;0.3;0.5;3;103;0.588;227;237.0777;17;2
5604;57;17;0.3;0.5;4;101;0.5137615;277;236.901;17;0
5605;57;17;0.3;0.5;5;116;0.5391304;233;238.2241;17;15
5606;57;17;0.3;0.5;6;107;0.4353448;230;235.7757;17;6
5607;57;17;0.3;0.5;7;101;0.4803493;228;235.6238;17;0
5608;57;17;0.3;0.5;8;105;0.5243902;235;236.0095;17;4
5609;57;17;0.3;0.5;9;103;0.36;219;236.2233;17;2
5610;57;17;0.3;0.5;10;105;0.5188285;244;237.3429;17;4
5611;57;17;0.3;0.5;11;103;0.46875;234;237.3786;17;2
5612;57;17;0.3;0.5;12;104;0.4369369;230;236.375;17;3
5613;57;17;0.3;0.5;13;101;0.4347826;244;237.198;17;0
5614;57;17;0.3;0.5;14;101;0.5583333;242;238.3762;17;0
5615;57;17;0.3;0.5;15;101;0.5530973;247;236.9604;17;0
5616;57;17;0.3;0.5;16;102;0.5168067;204;237.1176;17;1
5617;57;17;0.3;0.5;17;101;0.4705882;271;237.1287;17;0
5618;57;17;0.3;0.5;18;102;0.4463519;231;236.4118;17;1
5619;57;17;0.3;0.5;19;105;0.5443038;231;234.8857;17;4
5620;57;17;0.3;0.5;20;107;0.4723404;239;237.5794;17;6
5621;57;17;0.3;0.5;21;101;0.5817308;222;236.4059;17;0
5622;57;17;0.3;0.5;22;102;0.4810127;245;236.9608;17;1
5623;57;17;0.3;0.5;23;101;0.5631068;246;236.1584;17;0
5624;57;17;0.3;0.5;24;102;0.5021834;237;238.1667;17;1
5625;57;17;0.3;0.5;25;103;0.5137615;252;237.5243;17;2
5626;57;17;0.3;0.5;26;101;0.45;229;236.1089;17;0
5627;57;17;0.3;0.5;27;101;0.493617;236;238.6832;17;0
5628;57;17;0.3;0.5;28;106;0.4298643;254;238.1604;17;5
5629;57;17;0.3;0.5;29;108;0.537037;207;235.75;17;7
5630;57;17;0.3;0.5;30;102;0.5083333;239;235.4804;17;1
5631;57;17;0.3;0.5;31;102;0.5336134;226;235.7059;17;1
5632;57;17;0.3;0.5;32;106;0.4279661;237;235.6415;17;5
5633;57;17;0.3;0.5;33;101;0.4955752;262;236.2574;17;0
5634;57;17;0.3;0.5;34;102;0.4761905;234;237.1961;17;1
5635;57;17;0.3;0.5;35;103;0.536;249;236.0777;17;2
5636;57;17;0.3;0.5;36;102;0.4253731;260;237.9902;17;1
5637;57;17;0.3;0.5;37;101;0.5084034;234;236.0396;17;0
5638;57;17;0.3;0.5;38;102;0.4439834;229;238.1765;17;1
5639;57;17;0.3;0.5;39;101;0.4792627;217;235.9208;17;0
5640;57;17;0.3;0.5;40;101;0.5458167;216;236.7723;17;0
5641;57;17;0.3;0.5;41;105;0.5062241;238;234.5714;17;4
5642;57;17;0.3;0.5;42;105;0.4526749;217;236.819;17;4
5643;57;17;0.3;0.5;43;101;0.53125;265;237.4554;17;0
5644;57;17;0.3;0.5;44;102;0.4652174;220;238.1176;17;1
5645;57;17;0.3;0.5;45;101;0.492126;219;236.0495;17;0
5646;57;17;0.3;0.5;46;104;0.5843137;227;236.6923;17;3
5647;57;17;0.3;0.5;47;101;0.4608295;252;236.7426;17;0
5648;57;17;0.3;0.5;48;101;0.5851528;249;235.7723;17;0
5649;57;17;0.3;0.5;49;103;0.5152838;249;237.6505;17;2
5650;57;17;0.3;0.5;50;101;0.4885496;239;236.6139;17;0
5651;57;17;0.3;0.5;51;101;0.5528455;213;234.1089;17;0
5652;57;17;0.3;0.5;52;105;0.5720165;260;237.0476;17;4
5653;57;17;0.3;0.5;53;101;0.4958678;245;237.2772;17;0
5654;57;17;0.3;0.5;54;101;0.504;237;235.9208;17;0
5655;57;17;0.3;0.5;55;101;0.472;247;236.8119;17;0
5656;57;17;0.3;0.5;56;101;0.4827586;235;236.2673;17;0
5657;57;17;0.3;0.5;57;101;0.5241935;225;236.8119;17;0
5658;57;17;0.3;0.5;58;101;0.5019763;219;235.5446;17;0
5659;57;17;0.3;0.5;59;102;0.4851064;237;236.7843;17;1
5660;57;17;0.3;0.5;60;108;0.468599;229;236.0093;17;7
5661;57;17;0.3;0.5;61;102;0.4529148;234;236.2059;17;1
5662;57;17;0.3;0.5;62;101;0.4795082;247;236.4257;17;0
5663;57;17;0.3;0.5;63;101;0.474359;249;236.7822;17;0
5664;57;17;0.3;0.5;64;102;0.458498;221;238.598;17;1
5665;57;17;0.3;0.5;65;101;0.5135135;232;236.3564;17;0
5666;57;17;0.3;0.5;66;103;0.487395;223;234.4369;17;2
5667;57;17;0.3;0.5;67;101;0.5296443;242;237.7228;17;0
5668;57;17;0.3;0.5;68;103;0.4698276;255;235.1553;17;2
5669;57;17;0.3;0.5;69;103;0.5570776;261;237.6699;17;2
5670;57;17;0.3;0.5;70;101;0.5346939;250;236.8515;17;0
5671;57;17;0.3;0.5;71;103;0.5241935;252;238.1165;17;2
5672;57;17;0.3;0.5;72;101;0.5777778;231;238.1386;17;0
5673;57;17;0.3;0.5;73;102;0.6095618;222;235.5196;17;1
5674;57;17;0.3;0.5;74;101;0.490566;212;238;17;0
5675;57;17;0.3;0.5;75;103;0.5361702;225;238.6408;17;2
5676;57;17;0.3;0.5;76;102;0.5982533;221;236.951;17;1
5677;57;17;0.3;0.5;77;103;0.6017699;267;237.068;17;2
5678;57;17;0.3;0.5;78;102;0.5267176;249;239.6373;17;1
5679;57;17;0.3;0.5;79;101;0.4935622;233;235.2376;17;0
5680;57;17;0.3;0.5;80;102;0.4154589;253;238.5392;17;1
5681;57;17;0.3;0.5;81;101;0.4298643;237;237.5545;17;0
5682;57;17;0.3;0.5;82;102;0.4956897;243;236.2059;17;1
5683;57;17;0.3;0.5;83;101;0.5100402;235;235.7723;17;0
5684;57;17;0.3;0.5;84;101;0.4913043;226;237.4851;17;0
5685;57;17;0.3;0.5;85;109;0.5663717;224;236.8532;17;8
5686;57;17;0.3;0.5;86;101;0.4579832;224;234.9703;17;0
5687;57;17;0.3;0.5;87;101;0.4444444;235;236.604;17;0
5688;57;17;0.3;0.5;88;103;0.5267176;228;235.6796;17;2
5689;57;17;0.3;0.5;89;103;0.4844444;243;235.8544;17;2
5690;57;17;0.3;0.5;90;101;0.5613208;280;237.0693;17;0
5691;57;17;0.3;0.5;91;104;0.4939759;250;237.3942;17;3
5692;57;17;0.3;0.5;92;104;0.517094;229;238.6827;17;3
5693;57;17;0.3;0.5;93;105;0.4224806;230;235.4762;17;4
5694;57;17;0.3;0.5;94;102;0.3907563;219;236.3431;17;1
5695;57;17;0.3;0.5;95;101;0.4205607;267;237.4158;17;0
5696;57;17;0.3;0.5;96;104;0.6489796;255;235.1058;17;3
5697;57;17;0.3;0.5;97;101;0.4849785;239;237.5149;17;0
5698;57;17;0.3;0.5;98;101;0.4705882;257;238.3465;17;0
5699;57;17;0.3;0.5;99;102;0.441048;232;237.549;17;1
5700;57;17;0.3;0.5;100;101;0.4545455;227;237.3267;17;0
5701;58;19;0.3;0.5;1;103;0.5400844;238;235.3981;19;2
5702;58;19;0.3;0.5;2;103;0.4297521;230;236.1359;19;2
5703;58;19;0.3;0.5;3;101;0.539749;242;236.9307;19;0
5704;58;19;0.3;0.5;4;101;0.4901961;235;236.901;19;0
5705;58;19;0.3;0.5;5;101;0.4788136;229;236.9406;19;0
5706;58;19;0.3;0.5;6;102;0.4833948;213;237.7647;19;1
5707;58;19;0.3;0.5;7;101;0.4188034;226;237.2079;19;0
5708;58;19;0.3;0.5;8;102;0.4545455;205;234.8922;19;1
5709;58;19;0.3;0.5;9;101;0.545082;224;234.4752;19;0
5710;58;19;0.3;0.5;10;102;0.5263158;239;236.8529;19;1
5711;58;19;0.3;0.5;11;101;0.41841;232;236.6238;19;0
5712;58;19;0.3;0.5;12;101;0.4153226;229;235.9505;19;0
5713;58;19;0.3;0.5;13;101;0.4916667;215;236.5248;19;0
5714;58;19;0.3;0.5;14;101;0.4899598;229;235.7723;19;0
5715;58;19;0.3;0.5;15;101;0.4896266;229;236.1485;19;0
5716;58;19;0.3;0.5;16;101;0.476378;228;235.7921;19;0
5717;58;19;0.3;0.5;17;104;0.4279835;233;235.9038;19;3
5718;58;19;0.3;0.5;18;106;0.5527426;228;236.3019;19;5
5719;58;19;0.3;0.5;19;101;0.4826087;244;238.802;19;0
5720;58;19;0.3;0.5;20;107;0.3932039;248;234.972;19;6
5721;58;19;0.3;0.5;21;102;0.4545455;229;235.8333;19;1
5722;58;19;0.3;0.5;22;107;0.4956897;252;236.6729;19;6
5723;58;19;0.3;0.5;23;101;0.5582329;223;237.9703;19;0
5724;58;19;0.3;0.5;24;102;0.4854772;258;238.0686;19;1
5725;58;19;0.3;0.5;25;108;0.4351464;239;235.537;19;7
5726;58;19;0.3;0.5;26;101;0.4204082;241;235.6238;19;0
5727;58;19;0.3;0.5;27;101;0.5620155;227;236.6337;19;0
5728;58;19;0.3;0.5;28;101;0.4577778;247;236.1782;19;0
5729;58;19;0.3;0.5;29;101;0.5526316;220;236.9703;19;0
5730;58;19;0.3;0.5;30;101;0.5665236;231;239.4059;19;0
5731;58;19;0.3;0.5;31;101;0.5301724;220;235.604;19;0
5732;58;19;0.3;0.5;32;102;0.4537445;262;237.8922;19;1
5733;58;19;0.3;0.5;33;101;0.5066079;235;234.9406;19;0
5734;58;19;0.3;0.5;34;101;0.6;266;239.0099;19;0
5735;58;19;0.3;0.5;35;105;0.5587045;212;235.5905;19;4
5736;58;19;0.3;0.5;36;101;0.5103734;226;237.3564;19;0
5737;58;19;0.3;0.5;37;101;0.5065502;243;236.0198;19;0
5738;58;19;0.3;0.5;38;101;0.5458333;209;234.3564;19;0
5739;58;19;0.3;0.5;39;101;0.4834711;221;238.5347;19;0
5740;58;19;0.3;0.5;40;103;0.4518828;194;235.7961;19;2
5741;58;19;0.3;0.5;41;101;0.5504202;242;237.6337;19;0
5742;58;19;0.3;0.5;42;101;0.4713656;236;236.4356;19;0
5743;58;19;0.3;0.5;43;106;0.4920635;209;234.3491;19;5
5744;58;19;0.3;0.5;44;109;0.5606695;234;236.1927;19;8
5745;58;19;0.3;0.5;45;101;0.4784483;241;235.7327;19;0
5746;58;19;0.3;0.5;46;101;0.4767932;236;236.7723;19;0
5747;58;19;0.3;0.5;47;107;0.495935;236;237.4953;19;6
5748;58;19;0.3;0.5;48;101;0.473251;233;238.7921;19;0
5749;58;19;0.3;0.5;49;104;0.5338983;244;236.2404;19;3
5750;58;19;0.3;0.5;50;102;0.526087;251;236.8529;19;1
5751;58;19;0.3;0.5;51;105;0.5169492;217;239.0286;19;4
5752;58;19;0.3;0.5;52;101;0.4646018;225;237.3861;19;0
5753;58;19;0.3;0.5;53;102;0.522449;248;235.9706;19;1
5754;58;19;0.3;0.5;54;106;0.4713115;204;237.8491;19;5
5755;58;19;0.3;0.5;55;101;0.4159664;237;235.4059;19;0
5756;58;19;0.3;0.5;56;103;0.4817814;239;237.4757;19;2
5757;58;19;0.3;0.5;57;104;0.4557522;230;236.0769;19;3
5758;58;19;0.3;0.5;58;101;0.4449153;255;235.8515;19;0
5759;58;19;0.3;0.5;59;101;0.5180723;218;235.2079;19;0
5760;58;19;0.3;0.5;60;101;0.5732218;233;237.5842;19;0
5761;58;19;0.3;0.5;61;102;0.5020747;233;235.9118;19;1
5762;58;19;0.3;0.5;62;101;0.4935622;236;234.5149;19;0
5763;58;19;0.3;0.5;63;107;0.448;222;235.7196;19;6
5764;58;19;0.3;0.5;64;101;0.5344828;250;234.4554;19;0
5765;58;19;0.3;0.5;65;103;0.5201613;257;237.4272;19;2
5766;58;19;0.3;0.5;66;101;0.5086957;232;235.9703;19;0
5767;58;19;0.3;0.5;67;101;0.5;257;236.3069;19;0
5768;58;19;0.3;0.5;68;110;0.5967078;248;235.1091;19;9
5769;58;19;0.3;0.5;69;102;0.4392157;230;235.3137;19;1
5770;58;19;0.3;0.5;70;101;0.4728682;221;236.0495;19;0
5771;58;19;0.3;0.5;71;101;0.453125;229;237.3366;19;0
5772;58;19;0.3;0.5;72;105;0.5619469;245;236.7714;19;4
5773;58;19;0.3;0.5;73;101;0.4978166;249;236.7723;19;0
5774;58;19;0.3;0.5;74;101;0.4521739;234;236.6535;19;0
5775;58;19;0.3;0.5;75;111;0.476378;226;235.009;19;10
5776;58;19;0.3;0.5;76;101;0.4444444;239;236.3861;19;0
5777;58;19;0.3;0.5;77;102;0.4808511;248;236.1961;19;1
5778;58;19;0.3;0.5;78;101;0.5;235;238.4653;19;0
5779;58;19;0.3;0.5;79;101;0.4285714;236;237.4554;19;0
5780;58;19;0.3;0.5;80;102;0.5603448;242;237.3431;19;1
5781;58;19;0.3;0.5;81;102;0.4895397;233;239.2353;19;1
5782;58;19;0.3;0.5;82;101;0.5287356;223;238.495;19;0
5783;58;19;0.3;0.5;83;102;0.5702128;240;237.6863;19;1
5784;58;19;0.3;0.5;84;102;0.4939271;251;235;19;1
5785;58;19;0.3;0.5;85;101;0.5265306;257;236.6238;19;0
5786;58;19;0.3;0.5;86;103;0.4911504;228;237.1262;19;2
5787;58;19;0.3;0.5;87;102;0.4978541;239;237.9706;19;1
5788;58;19;0.3;0.5;88;101;0.4918699;227;237.505;19;0
5789;58;19;0.3;0.5;89;106;0.4354839;235;234.5377;19;5
5790;58;19;0.3;0.5;90;101;0.4418605;218;236.8416;19;0
5791;58;19;0.3;0.5;91;101;0.4261603;235;236.802;19;0
5792;58;19;0.3;0.5;92;102;0.5019305;243;236.2157;19;1
5793;58;19;0.3;0.5;93;104;0.4788136;232;236.6058;19;3
5794;58;19;0.3;0.5;94;109;0.5103734;225;237.4771;19;8
5795;58;19;0.3;0.5;95;101;0.4851064;224;236.2475;19;0
5796;58;19;0.3;0.5;96;101;0.482906;236;236.9109;19;0
5797;58;19;0.3;0.5;97;103;0.4674797;248;238.4175;19;2
5798;58;19;0.3;0.5;98;107;0.5669643;239;236.1776;19;6
5799;58;19;0.3;0.5;99;101;0.470339;249;236.8317;19;0
5800;58;19;0.3;0.5;100;103;0.5458515;241;236.7864;19;2
5801;59;21;0.3;0.5;1;105;0.3991228;253;236.2857;21;4
5802;59;21;0.3;0.5;2;101;0.5098039;237;235.6733;21;0
5803;59;21;0.3;0.5;3;111;0.4888889;233;236.2973;21;10
5804;59;21;0.3;0.5;4;101;0.3891051;219;235.2871;21;0
5805;59;21;0.3;0.5;5;101;0.5040323;224;235.6238;21;0
5806;59;21;0.3;0.5;6;103;0.601626;229;235.4563;21;2
5807;59;21;0.3;0.5;7;102;0.4860558;233;235.6373;21;1
5808;59;21;0.3;0.5;8;101;0.4979079;239;238.2376;21;0
5809;59;21;0.3;0.5;9;103;0.5695067;240;237.165;21;2
5810;59;21;0.3;0.5;10;105;0.4801762;248;236.0476;21;4
5811;59;21;0.3;0.5;11;105;0.3956522;224;237.0095;21;4
5812;59;21;0.3;0.5;12;105;0.4439462;253;237.8476;21;4
5813;59;21;0.3;0.5;13;101;0.4510638;240;237.5446;21;0
5814;59;21;0.3;0.5;14;102;0.503876;233;235.8431;21;1
5815;59;21;0.3;0.5;15;101;0.4404762;209;234.5545;21;0
5816;59;21;0.3;0.5;16;101;0.4903475;244;235.6139;21;0
5817;59;21;0.3;0.5;17;101;0.446281;211;238.2178;21;0
5818;59;21;0.3;0.5;18;106;0.5289256;255;235.0094;21;5
5819;59;21;0.3;0.5;19;101;0.4649123;225;236.9406;21;0
5820;59;21;0.3;0.5;20;101;0.498008;241;238.0495;21;0
5821;59;21;0.3;0.5;21;101;0.4894515;233;235.3762;21;0
5822;59;21;0.3;0.5;22;101;0.4434389;263;237.2376;21;0
5823;59;21;0.3;0.5;23;101;0.4953704;263;237.7624;21;0
5824;59;21;0.3;0.5;24;102;0.4326531;245;236.3039;21;1
5825;59;21;0.3;0.5;25;113;0.4533333;252;238.3894;21;12
5826;59;21;0.3;0.5;26;105;0.4854772;215;235.1238;21;4
5827;59;21;0.3;0.5;27;101;0.6244541;226;236.4455;21;0
5828;59;21;0.3;0.5;28;103;0.4780876;241;236.767;21;2
5829;59;21;0.3;0.5;29;104;0.4407583;274;237.6827;21;3
5830;59;21;0.3;0.5;30;101;0.4525862;250;237.396;21;0
5831;59;21;0.3;0.5;31;101;0.4769874;225;236.4851;21;0
5832;59;21;0.3;0.5;32;106;0.5;262;236.3019;21;5
5833;59;21;0.3;0.5;33;101;0.5245902;225;236.7822;21;0
5834;59;21;0.3;0.5;34;101;0.5413223;236;239.703;21;0
5835;59;21;0.3;0.5;35;101;0.4210526;251;236.7327;21;0
5836;59;21;0.3;0.5;36;101;0.5475113;244;235.6931;21;0
5837;59;21;0.3;0.5;37;101;0.5086207;237;237.2079;21;0
5838;59;21;0.3;0.5;38;101;0.5249042;246;235.198;21;0
5839;59;21;0.3;0.5;39;101;0.4980695;230;234.0396;21;0
5840;59;21;0.3;0.5;40;102;0.5213675;235;235.9314;21;1
5841;59;21;0.3;0.5;41;101;0.490566;240;231.8119;21;0
5842;59;21;0.3;0.5;42;102;0.5247934;223;235.1078;21;1
5843;59;21;0.3;0.5;43;101;0.4853556;240;235.7525;21;0
5844;59;21;0.3;0.5;44;101;0.460251;249;237.099;21;0
5845;59;21;0.3;0.5;45;102;0.4611872;241;236.6176;21;1
5846;59;21;0.3;0.5;46;107;0.5228216;225;234.6449;21;6
5847;59;21;0.3;0.5;47;102;0.4977974;237;234.6569;21;1
5848;59;21;0.3;0.5;48;101;0.4385965;231;235.6634;21;0
5849;59;21;0.3;0.5;49;107;0.5189873;248;236.9813;21;6
5850;59;21;0.3;0.5;50;102;0.4549763;214;237.9804;21;1
5851;59;21;0.3;0.5;51;101;0.4955357;212;236.0099;21;0
5852;59;21;0.3;0.5;52;102;0.4621849;237;234.1176;21;1
5853;59;21;0.3;0.5;53;101;0.5535714;260;236.505;21;0
5854;59;21;0.3;0.5;54;107;0.5555556;215;238.7383;21;6
5855;59;21;0.3;0.5;55;101;0.4814815;224;236.2178;21;0
5856;59;21;0.3;0.5;56;101;0.5154185;244;237.1485;21;0
5857;59;21;0.3;0.5;57;104;0.4308943;218;237.9135;21;3
5858;59;21;0.3;0.5;58;101;0.535545;252;237.604;21;0
5859;59;21;0.3;0.5;59;102;0.5590909;225;235.4706;21;1
5860;59;21;0.3;0.5;60;119;0.4716981;230;235.7563;21;18
5861;59;21;0.3;0.5;61;102;0.5311005;257;236.5588;21;1
5862;59;21;0.3;0.5;62;101;0.4882812;234;236.5941;21;0
5863;59;21;0.3;0.5;63;101;0.4846939;238;234.0495;21;0
5864;59;21;0.3;0.5;64;109;0.5228216;256;236.8165;21;8
5865;59;21;0.3;0.5;65;101;0.5679612;238;235.3663;21;0
5866;59;21;0.3;0.5;66;101;0.4978541;247;235.9901;21;0
5867;59;21;0.3;0.5;67;101;0.5371901;229;234.0693;21;0
5868;59;21;0.3;0.5;68;102;0.4292035;260;236.4804;21;1
5869;59;21;0.3;0.5;69;101;0.4345992;240;237.3663;21;0
5870;59;21;0.3;0.5;70;102;0.5291829;199;235.5392;21;1
5871;59;21;0.3;0.5;71;102;0.5638767;233;235.7451;21;1
5872;59;21;0.3;0.5;72;101;0.5420168;202;236.5446;21;0
5873;59;21;0.3;0.5;73;102;0.5435685;210;236.2353;21;1
5874;59;21;0.3;0.5;74;101;0.4304933;241;234.3366;21;0
5875;59;21;0.3;0.5;75;101;0.5201613;231;236.3267;21;0
5876;59;21;0.3;0.5;76;101;0.5251142;238;236.7228;21;0
5877;59;21;0.3;0.5;77;105;0.516;245;237.2762;21;4
5878;59;21;0.3;0.5;78;105;0.4816327;214;236.5619;21;4
5879;59;21;0.3;0.5;79;101;0.470339;222;236.3465;21;0
5880;59;21;0.3;0.5;80;101;0.4423963;251;236.1089;21;0
5881;59;21;0.3;0.5;81;101;0.5;227;238.0693;21;0
5882;59;21;0.3;0.5;82;101;0.4625;235;235.4455;21;0
5883;59;21;0.3;0.5;83;102;0.4625;234;235.6176;21;1
5884;59;21;0.3;0.5;84;101;0.5363985;217;234.901;21;0
5885;59;21;0.3;0.5;85;103;0.5081967;210;236.699;21;2
5886;59;21;0.3;0.5;86;102;0.5272727;255;236.5588;21;1
5887;59;21;0.3;0.5;87;104;0.4922481;247;237.5865;21;3
5888;59;21;0.3;0.5;88;101;0.5196507;234;235.0594;21;0
5889;59;21;0.3;0.5;89;106;0.5646552;211;235.6226;21;5
5890;59;21;0.3;0.5;90;101;0.496124;242;236.9703;21;0
5891;59;21;0.3;0.5;91;107;0.4897119;234;236.6822;21;6
5892;59;21;0.3;0.5;92;101;0.496124;215;235.0396;21;0
5893;59;21;0.3;0.5;93;105;0.562753;235;235.2095;21;4
5894;59;21;0.3;0.5;94;101;0.4935622;232;234.3861;21;0
5895;59;21;0.3;0.5;95;101;0.5583333;230;236.6238;21;0
5896;59;21;0.3;0.5;96;101;0.4913043;249;236.2475;21;0
5897;59;21;0.3;0.5;97;101;0.4939271;231;239.7624;21;0
5898;59;21;0.3;0.5;98;107;0.4766355;252;236.4766;21;6
5899;59;21;0.3;0.5;99;103;0.4323144;239;235.9029;21;2
5900;59;21;0.3;0.5;100;102;0.4309623;266;238.3333;21;1
5901;60;23;0.3;0.5;1;101;0.5425101;241;235.9604;23;0
5902;60;23;0.3;0.5;2;105;0.4796748;254;237.4571;23;4
5903;60;23;0.3;0.5;3;103;0.4296875;225;236.5922;23;2
5904;60;23;0.3;0.5;4;102;0.4747899;239;234.6176;23;1
5905;60;23;0.3;0.5;5;101;0.5156951;248;238.505;23;0
5906;60;23;0.3;0.5;6;102;0.583691;234;235.3137;23;1
5907;60;23;0.3;0.5;7;120;0.4777328;239;237.1083;23;19
5908;60;23;0.3;0.5;8;101;0.5098039;227;238.7525;23;0
5909;60;23;0.3;0.5;9;108;0.5078125;234;236.5093;23;7
5910;60;23;0.3;0.5;10;101;0.5325203;230;237.5446;23;0
5911;60;23;0.3;0.5;11;102;0.5166667;221;236.5392;23;1
5912;60;23;0.3;0.5;12;103;0.5726872;242;234.5922;23;2
5913;60;23;0.3;0.5;13;101;0.4771784;219;236.1386;23;0
5914;60;23;0.3;0.5;14;106;0.4859438;224;235.6321;23;5
5915;60;23;0.3;0.5;15;101;0.4125874;240;237.2772;23;0
5916;60;23;0.3;0.5;16;102;0.4472574;244;236.5294;23;1
5917;60;23;0.3;0.5;17;104;0.4754098;217;236.9519;23;3
5918;60;23;0.3;0.5;18;102;0.5079365;232;236.8922;23;1
5919;60;23;0.3;0.5;19;101;0.512605;250;238.6436;23;0
5920;60;23;0.3;0.5;20;103;0.4786325;225;235.0194;23;2
5921;60;23;0.3;0.5;21;105;0.4956522;244;235.581;23;4
5922;60;23;0.3;0.5;22;102;0.5045045;254;237.7353;23;1
5923;60;23;0.3;0.5;23;101;0.5411255;217;237.2574;23;0
5924;60;23;0.3;0.5;24;103;0.4608295;248;238.699;23;2
5925;60;23;0.3;0.5;25;101;0.5407725;228;235.3762;23;0
5926;60;23;0.3;0.5;26;106;0.573913;229;235.5849;23;5
5927;60;23;0.3;0.5;27;101;0.5428571;259;236.1287;23;0
5928;60;23;0.3;0.5;28;102;0.4840183;229;237.2451;23;1
5929;60;23;0.3;0.5;29;102;0.3766234;268;237.1667;23;1
5930;60;23;0.3;0.5;30;101;0.5206612;228;236.6436;23;0
5931;60;23;0.3;0.5;31;102;0.4816514;253;235.7059;23;1
5932;60;23;0.3;0.5;32;101;0.4933333;259;235.1386;23;0
5933;60;23;0.3;0.5;33;104;0.5301724;222;237.0096;23;3
5934;60;23;0.3;0.5;34;103;0.5245902;218;235.1748;23;2
5935;60;23;0.3;0.5;35;103;0.4791667;248;235.7573;23;2
5936;60;23;0.3;0.5;36;101;0.4955357;240;235.3564;23;0
5937;60;23;0.3;0.5;37;101;0.547619;238;236.5248;23;0
5938;60;23;0.3;0.5;38;104;0.4864865;227;238.2019;23;3
5939;60;23;0.3;0.5;39;101;0.5420168;241;237.8416;23;0
5940;60;23;0.3;0.5;40;101;0.60181;244;236.9505;23;0
5941;60;23;0.3;0.5;41;109;0.4525862;228;237.1193;23;8
5942;60;23;0.3;0.5;42;108;0.5176471;229;237.2778;23;7
5943;60;23;0.3;0.5;43;106;0.5648536;261;235.7925;23;5
5944;60;23;0.3;0.5;44;116;0.3659574;237;235.8448;23;15
5945;60;23;0.3;0.5;45;101;0.5113122;235;236.0297;23;0
5946;60;23;0.3;0.5;46;102;0.38;215;236.549;23;1
5947;60;23;0.3;0.5;47;103;0.5381356;240;237.3398;23;2
5948;60;23;0.3;0.5;48;101;0.5021459;228;237.2475;23;0
5949;60;23;0.3;0.5;49;101;0.5;222;237.9604;23;0
5950;60;23;0.3;0.5;50;102;0.4508929;245;236.9216;23;1
5951;60;23;0.3;0.5;51;101;0.4675325;234;238.5743;23;0
5952;60;23;0.3;0.5;52;101;0.5137615;230;236.0198;23;0
5953;60;23;0.3;0.5;53;102;0.4736842;225;235.7059;23;1
5954;60;23;0.3;0.5;54;101;0.5223214;230;235.5842;23;0
5955;60;23;0.3;0.5;55;102;0.5355649;242;234.8725;23;1
5956;60;23;0.3;0.5;56;101;0.457265;249;236.8119;23;0
5957;60;23;0.3;0.5;57;101;0.473029;239;235.7822;23;0
5958;60;23;0.3;0.5;58;104;0.4609053;232;237.0769;23;3
5959;60;23;0.3;0.5;59;101;0.4683544;237;236.8614;23;0
5960;60;23;0.3;0.5;60;104;0.4843049;243;236.75;23;3
5961;60;23;0.3;0.5;61;101;0.5708661;254;235.9901;23;0
5962;60;23;0.3;0.5;62;101;0.4650206;239;237.8812;23;0
5963;60;23;0.3;0.5;63;102;0.4754098;234;235.3627;23;1
5964;60;23;0.3;0.5;64;102;0.4635193;241;237.5882;23;1
5965;60;23;0.3;0.5;65;104;0.4803493;245;236.8365;23;3
5966;60;23;0.3;0.5;66;103;0.4434783;227;237.2039;23;2
5967;60;23;0.3;0.5;67;101;0.4628099;251;236.9901;23;0
5968;60;23;0.3;0.5;68;103;0.4857143;221;237.233;23;2
5969;60;23;0.3;0.5;69;108;0.4421488;247;237.1944;23;7
5970;60;23;0.3;0.5;70;101;0.5375494;226;236.901;23;0
5971;60;23;0.3;0.5;71;102;0.4162896;262;237.1176;23;1
5972;60;23;0.3;0.5;72;110;0.4261603;231;236.3727;23;9
5973;60;23;0.3;0.5;73;105;0.3922414;228;238.1143;23;4
5974;60;23;0.3;0.5;74;101;0.4493927;232;237.0396;23;0
5975;60;23;0.3;0.5;75;101;0.4631148;195;236.4059;23;0
5976;60;23;0.3;0.5;76;111;0.5951417;243;236.0811;23;10
5977;60;23;0.3;0.5;77;104;0.5508475;250;236.3462;23;3
5978;60;23;0.3;0.5;78;103;0.5319149;235;237.767;23;2
5979;60;23;0.3;0.5;79;103;0.491453;257;238.6699;23;2
5980;60;23;0.3;0.5;80;104;0.437751;263;236.7885;23;3
5981;60;23;0.3;0.5;81;101;0.436214;256;235.8119;23;0
5982;60;23;0.3;0.5;82;101;0.5697211;242;236.7327;23;0
5983;60;23;0.3;0.5;83;101;0.4724771;251;235.901;23;0
5984;60;23;0.3;0.5;84;101;0.4678112;249;237.8713;23;0
5985;60;23;0.3;0.5;85;103;0.4722222;225;234.3689;23;2
5986;60;23;0.3;0.5;86;101;0.472;228;237.4356;23;0
5987;60;23;0.3;0.5;87;103;0.4193548;264;235.3301;23;2
5988;60;23;0.3;0.5;88;101;0.4663677;248;237.3069;23;0
5989;60;23;0.3;0.5;89;101;0.5173913;235;236.5842;23;0
5990;60;23;0.3;0.5;90;108;0.6342593;237;236.5;23;7
5991;60;23;0.3;0.5;91;102;0.4094488;231;237.2549;23;1
5992;60;23;0.3;0.5;92;101;0.510917;252;236.8911;23;0
5993;60;23;0.3;0.5;93;105;0.4593496;211;237.2;23;4
5994;60;23;0.3;0.5;94;101;0.4479638;242;234.5545;23;0
5995;60;23;0.3;0.5;95;101;0.4979253;220;236.6436;23;0
5996;60;23;0.3;0.5;96;108;0.5215517;241;237.0741;23;7
5997;60;23;0.3;0.5;97;101;0.5042373;237;235.6436;23;0
5998;60;23;0.3;0.5;98;101;0.5633188;240;235.5842;23;0
5999;60;23;0.3;0.5;99;101;0.5326633;247;236.7921;23;0
6000;60;23;0.3;0.5;100;101;0.5227273;227;236.9505;23;0
6001;61;25;0.3;0.5;1;101;0.4501992;218;237.1881;25;0
6002;61;25;0.3;0.5;2;102;0.5172414;258;234.2451;25;1
6003;61;25;0.3;0.5;3;101;0.5525114;242;236.495;25;0
6004;61;25;0.3;0.5;4;102;0.4345794;257;237.5882;25;1
6005;61;25;0.3;0.5;5;101;0.5062762;228;236.9901;25;0
6006;61;25;0.3;0.5;6;101;0.5687732;242;238.2772;25;0
6007;61;25;0.3;0.5;7;101;0.4806867;243;238.3861;25;0
6008;61;25;0.3;0.5;8;103;0.5098039;232;237.5728;25;2
6009;61;25;0.3;0.5;9;104;0.5666667;221;238.0096;25;3
6010;61;25;0.3;0.5;10;102;0.4344262;241;237.1569;25;1
6011;61;25;0.3;0.5;11;101;0.4875;211;236.0099;25;0
6012;61;25;0.3;0.5;12;104;0.5169811;210;237.7404;25;3
6013;61;25;0.3;0.5;13;106;0.5541667;250;237.8208;25;5
6014;61;25;0.3;0.5;14;105;0.5062762;235;235.8857;25;4
6015;61;25;0.3;0.5;15;105;0.569378;250;237.8762;25;4
6016;61;25;0.3;0.5;16;101;0.5179283;240;238.0099;25;0
6017;61;25;0.3;0.5;17;101;0.5829596;223;237.0099;25;0
6018;61;25;0.3;0.5;18;108;0.4464286;239;236.8148;25;7
6019;61;25;0.3;0.5;19;101;0.493617;232;237.3663;25;0
6020;61;25;0.3;0.5;20;104;0.5201613;240;235.7788;25;3
6021;61;25;0.3;0.5;21;102;0.5217391;241;236.8039;25;1
6022;61;25;0.3;0.5;22;101;0.4618644;236;235.8218;25;0
6023;61;25;0.3;0.5;23;101;0.4955357;216;237.7129;25;0
6024;61;25;0.3;0.5;24;101;0.4698795;212;235.2574;25;0
6025;61;25;0.3;0.5;25;102;0.5179283;248;237.2745;25;1
6026;61;25;0.3;0.5;26;101;0.5089286;256;236.0891;25;0
6027;61;25;0.3;0.5;27;102;0.4703557;229;238.0784;25;1
6028;61;25;0.3;0.5;28;101;0.5588235;237;235.9208;25;0
6029;61;25;0.3;0.5;29;101;0.5178571;244;238.8614;25;0
6030;61;25;0.3;0.5;30;103;0.638009;233;236.1553;25;2
6031;61;25;0.3;0.5;31;101;0.504386;244;237.7525;25;0
6032;61;25;0.3;0.5;32;105;0.4879032;244;238.0286;25;4
6033;61;25;0.3;0.5;33;106;0.5411765;223;238.0189;25;5
6034;61;25;0.3;0.5;34;102;0.4510638;238;236.4804;25;1
6035;61;25;0.3;0.5;35;112;0.6092437;216;235.1518;25;11
6036;61;25;0.3;0.5;36;102;0.5540541;242;238.4706;25;1
6037;61;25;0.3;0.5;37;101;0.5737705;256;236.0099;25;0
6038;61;25;0.3;0.5;38;105;0.4638298;206;234.9619;25;4
6039;61;25;0.3;0.5;39;101;0.5;221;235.9208;25;0
6040;61;25;0.3;0.5;40;102;0.458498;210;235.4608;25;1
6041;61;25;0.3;0.5;41;104;0.4435146;234;236.7692;25;3
6042;61;25;0.3;0.5;42;101;0.4864865;223;235.9307;25;0
6043;61;25;0.3;0.5;43;101;0.4449153;231;236.9406;25;0
6044;61;25;0.3;0.5;44;103;0.4650206;242;238.0777;25;2
6045;61;25;0.3;0.5;45;105;0.5193133;247;236.5238;25;4
6046;61;25;0.3;0.5;46;101;0.6008772;228;236.0792;25;0
6047;61;25;0.3;0.5;47;101;0.4843049;233;237.7822;25;0
6048;61;25;0.3;0.5;48;105;0.5846154;237;235.8286;25;4
6049;61;25;0.3;0.5;49;101;0.5185185;226;237.7624;25;0
6050;61;25;0.3;0.5;50;101;0.5176991;237;238.495;25;0
6051;61;25;0.3;0.5;51;109;0.4385246;228;235.4037;25;8
6052;61;25;0.3;0.5;52;101;0.4524887;251;238.3168;25;0
6053;61;25;0.3;0.5;53;103;0.6175115;224;235.9029;25;2
6054;61;25;0.3;0.5;54;101;0.4938272;236;237.3762;25;0
6055;61;25;0.3;0.5;55;101;0.4625551;235;237.2871;25;0
6056;61;25;0.3;0.5;56;102;0.4695652;231;237.5294;25;1
6057;61;25;0.3;0.5;57;103;0.5350877;244;235.9612;25;2
6058;61;25;0.3;0.5;58;107;0.5470852;253;236.1963;25;6
6059;61;25;0.3;0.5;59;101;0.4840183;245;238.5347;25;0
6060;61;25;0.3;0.5;60;105;0.4923664;226;237.8476;25;4
6061;61;25;0.3;0.5;61;105;0.4495798;219;238.1048;25;4
6062;61;25;0.3;0.5;62;101;0.4415584;258;237.297;25;0
6063;61;25;0.3;0.5;63;101;0.5;227;235.3069;25;0
6064;61;25;0.3;0.5;64;101;0.4792453;232;237.0792;25;0
6065;61;25;0.3;0.5;65;102;0.48;225;236.3137;25;1
6066;61;25;0.3;0.5;66;110;0.5708812;234;237.8636;25;9
6067;61;25;0.3;0.5;67;102;0.4904943;225;236.3235;25;1
6068;61;25;0.3;0.5;68;102;0.491453;250;236.3235;25;1
6069;61;25;0.3;0.5;69;103;0.4467213;249;235.1845;25;2
6070;61;25;0.3;0.5;70;101;0.4481328;238;236.3465;25;0
6071;61;25;0.3;0.5;71;101;0.5350554;237;236.1683;25;0
6072;61;25;0.3;0.5;72;102;0.5638767;251;237.5392;25;1
6073;61;25;0.3;0.5;73;102;0.4493392;248;236.6667;25;1
6074;61;25;0.3;0.5;74;102;0.476;251;236.8137;25;1
6075;61;25;0.3;0.5;75;102;0.4674797;225;235.6275;25;1
6076;61;25;0.3;0.5;76;103;0.5061728;233;237.4854;25;2
6077;61;25;0.3;0.5;77;104;0.4527559;240;236.5865;25;3
6078;61;25;0.3;0.5;78;110;0.4502165;226;235.3455;25;9
6079;61;25;0.3;0.5;79;103;0.5084746;248;235.5049;25;2
6080;61;25;0.3;0.5;80;106;0.5534351;239;236.8396;25;5
6081;61;25;0.3;0.5;81;102;0.442623;249;236.1765;25;1
6082;61;25;0.3;0.5;82;103;0.5494071;215;235.1068;25;2
6083;61;25;0.3;0.5;83;103;0.5156951;236;235.7767;25;2
6084;61;25;0.3;0.5;84;102;0.5162602;215;234.8333;25;1
6085;61;25;0.3;0.5;85;101;0.573913;249;236.7921;25;0
6086;61;25;0.3;0.5;86;102;0.5301205;248;236.2941;25;1
6087;61;25;0.3;0.5;87;104;0.547619;238;235.7308;25;3
6088;61;25;0.3;0.5;88;102;0.4244898;257;235.6373;25;1
6089;61;25;0.3;0.5;89;111;0.4884793;242;237.2523;25;10
6090;61;25;0.3;0.5;90;102;0.3849372;222;236.5784;25;1
6091;61;25;0.3;0.5;91;101;0.5324675;228;238.4158;25;0
6092;61;25;0.3;0.5;92;101;0.437751;221;237.4851;25;0
6093;61;25;0.3;0.5;93;101;0.4759825;222;236.9307;25;0
6094;61;25;0.3;0.5;94;101;0.5550661;249;236.4752;25;0
6095;61;25;0.3;0.5;95;101;0.6062992;234;237.0693;25;0
6096;61;25;0.3;0.5;96;101;0.4872881;232;237.0792;25;0
6097;61;25;0.3;0.5;97;103;0.4913793;219;237.9903;25;2
6098;61;25;0.3;0.5;98;104;0.5227273;231;236.5096;25;3
6099;61;25;0.3;0.5;99;104;0.5630252;235;235.875;25;3
6100;61;25;0.3;0.5;100;101;0.5840336;254;238.495;25;0
6101;62;27;0.3;0.5;1;101;0.5428571;240;235.9901;27;0
6102;62;27;0.3;0.5;2;102;0.5307018;239;235.6078;27;1
6103;62;27;0.3;0.5;3;101;0.5560345;221;233.9901;27;0
6104;62;27;0.3;0.5;4;101;0.452381;237;235.505;27;0
6105;62;27;0.3;0.5;5;102;0.5163934;244;236.8824;27;1
6106;62;27;0.3;0.5;6;102;0.4696356;258;235.7157;27;1
6107;62;27;0.3;0.5;7;102;0.59375;244;236.3824;27;1
6108;62;27;0.3;0.5;8;101;0.4951456;239;237.2277;27;0
6109;62;27;0.3;0.5;9;103;0.5086207;238;237.1942;27;2
6110;62;27;0.3;0.5;10;101;0.4107143;240;236.5347;27;0
6111;62;27;0.3;0.5;11;101;0.4769874;237;237.2178;27;0
6112;62;27;0.3;0.5;12;101;0.5940171;219;237.0297;27;0
6113;62;27;0.3;0.5;13;102;0.4872881;232;236.3137;27;1
6114;62;27;0.3;0.5;14;103;0.6238095;259;234.4854;27;2
6115;62;27;0.3;0.5;15;105;0.5294118;261;238.2476;27;4
6116;62;27;0.3;0.5;16;101;0.5212355;231;236.4554;27;0
6117;62;27;0.3;0.5;17;101;0.5099602;220;234.9208;27;0
6118;62;27;0.3;0.5;18;106;0.4826087;244;236.3585;27;5
6119;62;27;0.3;0.5;19;108;0.4331984;238;235.5463;27;7
6120;62;27;0.3;0.5;20;105;0.501992;235;237.2571;27;4
6121;62;27;0.3;0.5;21;102;0.4578313;241;238.6471;27;1
6122;62;27;0.3;0.5;22;102;0.5684647;193;237.2745;27;1
6123;62;27;0.3;0.5;23;103;0.4893617;234;237.2233;27;2
6124;62;27;0.3;0.5;24;102;0.5152838;256;238.1373;27;1
6125;62;27;0.3;0.5;25;102;0.4023438;220;236.5392;27;1
6126;62;27;0.3;0.5;26;102;0.5130435;242;235.4412;27;1
6127;62;27;0.3;0.5;27;104;0.5464684;221;234.2404;27;3
6128;62;27;0.3;0.5;28;110;0.4553571;243;237.2182;27;9
6129;62;27;0.3;0.5;29;106;0.4034335;250;236.1981;27;5
6130;62;27;0.3;0.5;30;101;0.5479452;260;237.9703;27;0
6131;62;27;0.3;0.5;31;101;0.5794393;221;235.3663;27;0
6132;62;27;0.3;0.5;32;101;0.4669421;224;236.8515;27;0
6133;62;27;0.3;0.5;33;101;0.535865;248;234.3663;27;0
6134;62;27;0.3;0.5;34;102;0.562753;231;236.2059;27;1
6135;62;27;0.3;0.5;35;101;0.4885496;220;238.2772;27;0
6136;62;27;0.3;0.5;36;102;0.4605263;232;235.4412;27;1
6137;62;27;0.3;0.5;37;101;0.5737705;217;237.5446;27;0
6138;62;27;0.3;0.5;38;106;0.4201681;239;236.5755;27;5
6139;62;27;0.3;0.5;39;101;0.464;219;235.4653;27;0
6140;62;27;0.3;0.5;40;101;0.5146444;239;236.8515;27;0
6141;62;27;0.3;0.5;41;101;0.5108225;230;235.0198;27;0
6142;62;27;0.3;0.5;42;101;0.4469027;267;235.9406;27;0
6143;62;27;0.3;0.5;43;101;0.4977578;209;235.7921;27;0
6144;62;27;0.3;0.5;44;101;0.4823009;251;237.9703;27;0
6145;62;27;0.3;0.5;45;101;0.4166667;224;236.6436;27;0
6146;62;27;0.3;0.5;46;102;0.4789916;241;235.9706;27;1
6147;62;27;0.3;0.5;47;113;0.5708155;253;237.2035;27;12
6148;62;27;0.3;0.5;48;101;0.5062241;229;235.099;27;0
6149;62;27;0.3;0.5;49;101;0.5019011;253;238.0099;27;0
6150;62;27;0.3;0.5;50;103;0.6083333;224;237.1553;27;2
6151;62;27;0.3;0.5;51;102;0.5204918;238;236.9608;27;1
6152;62;27;0.3;0.5;52;101;0.4902724;220;236.7525;27;0
6153;62;27;0.3;0.5;53;101;0.4210526;250;238.2079;27;0
6154;62;27;0.3;0.5;54;101;0.6266094;227;236.0594;27;0
6155;62;27;0.3;0.5;55;101;0.532;236;238.0495;27;0
6156;62;27;0.3;0.5;56;103;0.4649123;247;236.8544;27;2
6157;62;27;0.3;0.5;57;101;0.5;220;238.8317;27;0
6158;62;27;0.3;0.5;58;104;0.4225941;243;236.3654;27;3
6159;62;27;0.3;0.5;59;106;0.5588235;230;235.9906;27;5
6160;62;27;0.3;0.5;60;101;0.4701195;255;236.7525;27;0
6161;62;27;0.3;0.5;61;112;0.4338843;250;234.4018;27;11
6162;62;27;0.3;0.5;62;103;0.5564516;239;238.4757;27;2
6163;62;27;0.3;0.5;63;101;0.5361702;242;237.505;27;0
6164;62;27;0.3;0.5;64;106;0.4710744;219;235.0189;27;5
6165;62;27;0.3;0.5;65;101;0.4834711;232;235.3168;27;0
6166;62;27;0.3;0.5;66;101;0.4615385;230;237.297;27;0
6167;62;27;0.3;0.5;67;101;0.5182186;218;236.7921;27;0
6168;62;27;0.3;0.5;68;101;0.4181034;223;236.6436;27;0
6169;62;27;0.3;0.5;69;101;0.4588745;228;234.0792;27;0
6170;62;27;0.3;0.5;70;104;0.4674797;224;235.4519;27;3
6171;62;27;0.3;0.5;71;102;0.3896104;244;236.3431;27;1
6172;62;27;0.3;0.5;72;102;0.5490196;235;235.7549;27;1
6173;62;27;0.3;0.5;73;101;0.5909091;251;237.5743;27;0
6174;62;27;0.3;0.5;74;101;0.5330396;235;236.901;27;0
6175;62;27;0.3;0.5;75;104;0.5228426;259;234.9231;27;3
6176;62;27;0.3;0.5;76;102;0.5583333;231;237.3235;27;1
6177;62;27;0.3;0.5;77;102;0.4475806;221;235.1961;27;1
6178;62;27;0.3;0.5;78;101;0.4831933;261;238.1089;27;0
6179;62;27;0.3;0.5;79;102;0.4439655;230;237.9314;27;1
6180;62;27;0.3;0.5;80;102;0.5714286;226;237.5;27;1
6181;62;27;0.3;0.5;81;101;0.4960938;214;235.5743;27;0
6182;62;27;0.3;0.5;82;101;0.5230126;223;237.2574;27;0
6183;62;27;0.3;0.5;83;109;0.464135;230;237.8991;27;8
6184;62;27;0.3;0.5;84;101;0.4892704;223;237.5248;27;0
6185;62;27;0.3;0.5;85;111;0.5363636;239;234.1351;27;10
6186;62;27;0.3;0.5;86;103;0.4592275;228;238.0291;27;2
6187;62;27;0.3;0.5;87;104;0.3974895;254;236.1442;27;3
6188;62;27;0.3;0.5;88;101;0.539749;234;236.8416;27;0
6189;62;27;0.3;0.5;89;101;0.4728033;248;236.8119;27;0
6190;62;27;0.3;0.5;90;104;0.5087719;247;233.7212;27;3
6191;62;27;0.3;0.5;91;103;0.4388186;231;237.0194;27;2
6192;62;27;0.3;0.5;92;107;0.5555556;249;238.1495;27;6
6193;62;27;0.3;0.5;93;101;0.4414414;237;235.2277;27;0
6194;62;27;0.3;0.5;94;103;0.4449339;239;236.8155;27;2
6195;62;27;0.3;0.5;95;105;0.516129;247;236.7333;27;4
6196;62;27;0.3;0.5;96;101;0.5663717;225;236.6139;27;0
6197;62;27;0.3;0.5;97;101;0.5;248;237.2772;27;0
6198;62;27;0.3;0.5;98;101;0.5175097;224;234.8218;27;0
6199;62;27;0.3;0.5;99;101;0.5136187;250;235.2079;27;0
6200;62;27;0.3;0.5;100;101;0.5327511;236;236.2277;27;0
6201;63;29;0.3;0.5;1;104;0.4909091;258;238.2115;29;3
6202;63;29;0.3;0.5;2;103;0.5232068;237;237.8447;29;2
6203;63;29;0.3;0.5;3;101;0.4587156;255;237.6436;29;0
6204;63;29;0.3;0.5;4;101;0.4663866;227;237.6733;29;0
6205;63;29;0.3;0.5;5;101;0.4470588;251;235.9307;29;0
6206;63;29;0.3;0.5;6;103;0.5495868;253;239.2718;29;2
6207;63;29;0.3;0.5;7;101;0.504386;229;235.9505;29;0
6208;63;29;0.3;0.5;8;124;0.4188034;246;235.5403;29;23
6209;63;29;0.3;0.5;9;103;0.5450644;246;239.2621;29;2
6210;63;29;0.3;0.5;10;101;0.4311111;249;233.8416;29;0
6211;63;29;0.3;0.5;11;108;0.5541667;229;233.3426;29;7
6212;63;29;0.3;0.5;12;101;0.4940711;209;236.9307;29;0
6213;63;29;0.3;0.5;13;101;0.4859438;250;235.8218;29;0
6214;63;29;0.3;0.5;14;101;0.4137931;244;237.0297;29;0
6215;63;29;0.3;0.5;15;101;0.5079365;239;235.1485;29;0
6216;63;29;0.3;0.5;16;101;0.5333333;226;238.703;29;0
6217;63;29;0.3;0.5;17;105;0.515748;227;238.0762;29;4
6218;63;29;0.3;0.5;18;101;0.4934498;242;237.2673;29;0
6219;63;29;0.3;0.5;19;101;0.5673469;233;235.396;29;0
6220;63;29;0.3;0.5;20;103;0.4326531;244;234.835;29;2
6221;63;29;0.3;0.5;21;101;0.5327103;232;235.3069;29;0
6222;63;29;0.3;0.5;22;101;0.5041322;232;236.396;29;0
6223;63;29;0.3;0.5;23;102;0.55;234;236.1275;29;1
6224;63;29;0.3;0.5;24;102;0.4690265;249;236.3333;29;1
6225;63;29;0.3;0.5;25;104;0.5183486;236;236.4615;29;3
6226;63;29;0.3;0.5;26;101;0.4878049;235;237.8911;29;0
6227;63;29;0.3;0.5;27;101;0.5183673;238;237.1188;29;0
6228;63;29;0.3;0.5;28;101;0.5186722;227;237.5347;29;0
6229;63;29;0.3;0.5;29;102;0.5583333;230;235.3431;29;1
6230;63;29;0.3;0.5;30;114;0.3877551;225;237.5789;29;13
6231;63;29;0.3;0.5;31;101;0.4937238;254;237.0792;29;0
6232;63;29;0.3;0.5;32;101;0.5145228;240;236.8218;29;0
6233;63;29;0.3;0.5;33;102;0.5333333;249;237.7353;29;1
6234;63;29;0.3;0.5;34;106;0.46;219;235.6415;29;5
6235;63;29;0.3;0.5;35;101;0.4618474;223;237.8515;29;0
6236;63;29;0.3;0.5;36;101;0.4754098;240;237.2574;29;0
6237;63;29;0.3;0.5;37;105;0.4453782;220;236.2476;29;4
6238;63;29;0.3;0.5;38;103;0.5697211;226;236.0971;29;2
6239;63;29;0.3;0.5;39;102;0.4388186;267;237.1863;29;1
6240;63;29;0.3;0.5;40;101;0.5020921;243;236.9802;29;0
6241;63;29;0.3;0.5;41;105;0.5620155;236;235.8857;29;4
6242;63;29;0.3;0.5;42;110;0.4718615;238;237.8727;29;9
6243;63;29;0.3;0.5;43;101;0.4714286;272;236.802;29;0
6244;63;29;0.3;0.5;44;104;0.4980392;215;235.5769;29;3
6245;63;29;0.3;0.5;45;103;0.4473684;234;236.1262;29;2
6246;63;29;0.3;0.5;46;101;0.5696203;228;235.802;29;0
6247;63;29;0.3;0.5;47;101;0.3839286;243;238.3861;29;0
6248;63;29;0.3;0.5;48;104;0.4871795;221;235.1827;29;3
6249;63;29;0.3;0.5;49;101;0.4556962;250;236.505;29;0
6250;63;29;0.3;0.5;50;105;0.5774059;227;236.5714;29;4
6251;63;29;0.3;0.5;51;102;0.5603448;232;237.3137;29;1
6252;63;29;0.3;0.5;52;101;0.520362;220;236.2277;29;0
6253;63;29;0.3;0.5;53;102;0.4879032;242;237.1765;29;1
6254;63;29;0.3;0.5;54;101;0.484252;237;236.1782;29;0
6255;63;29;0.3;0.5;55;101;0.4556962;225;236.3861;29;0
6256;63;29;0.3;0.5;56;101;0.4139344;243;237.3861;29;0
6257;63;29;0.3;0.5;57;101;0.5608696;235;238.3069;29;0
6258;63;29;0.3;0.5;58;101;0.5114504;237;235.6535;29;0
6259;63;29;0.3;0.5;59;109;0.5394191;237;236.4587;29;8
6260;63;29;0.3;0.5;60;104;0.5208333;224;236.75;29;3
6261;63;29;0.3;0.5;61;101;0.4761905;229;238.1881;29;0
6262;63;29;0.3;0.5;62;101;0.473913;246;236.5743;29;0
6263;63;29;0.3;0.5;63;101;0.539823;242;236.4851;29;0
6264;63;29;0.3;0.5;64;101;0.5336134;216;238.0297;29;0
6265;63;29;0.3;0.5;65;102;0.5213675;231;235.8137;29;1
6266;63;29;0.3;0.5;66;102;0.4957627;234;236.9118;29;1
6267;63;29;0.3;0.5;67;102;0.5;250;237.4412;29;1
6268;63;29;0.3;0.5;68;102;0.5018868;214;234.2157;29;1
6269;63;29;0.3;0.5;69;101;0.5371179;246;236.1584;29;0
6270;63;29;0.3;0.5;70;101;0.5413223;229;235.5743;29;0
6271;63;29;0.3;0.5;71;101;0.5454545;235;236.3069;29;0
6272;63;29;0.3;0.5;72;102;0.5136364;215;237.4706;29;1
6273;63;29;0.3;0.5;73;101;0.5220884;231;236.0198;29;0
6274;63;29;0.3;0.5;74;101;0.5135135;257;237.198;29;0
6275;63;29;0.3;0.5;75;101;0.5603448;242;236.802;29;0
6276;63;29;0.3;0.5;76;101;0.4700855;228;236.4851;29;0
6277;63;29;0.3;0.5;77;102;0.4267241;221;236.6078;29;1
6278;63;29;0.3;0.5;78;116;0.6025641;241;235.9397;29;15
6279;63;29;0.3;0.5;79;102;0.4325581;275;235.8333;29;1
6280;63;29;0.3;0.5;80;101;0.4749035;222;235.6832;29;0
6281;63;29;0.3;0.5;81;101;0.4700855;229;236.2574;29;0
6282;63;29;0.3;0.5;82;101;0.463035;231;233.7228;29;0
6283;63;29;0.3;0.5;83;101;0.5354331;226;237.6832;29;0
6284;63;29;0.3;0.5;84;102;0.504065;255;236.3725;29;1
6285;63;29;0.3;0.5;85;102;0.4117647;275;236.1961;29;1
6286;63;29;0.3;0.5;86;101;0.5846154;258;235.6733;29;0
6287;63;29;0.3;0.5;87;105;0.4756098;244;237.0381;29;4
6288;63;29;0.3;0.5;88;101;0.4853556;243;236.8713;29;0
6289;63;29;0.3;0.5;89;101;0.425;233;237.0792;29;0
6290;63;29;0.3;0.5;90;106;0.5080645;222;235.4811;29;5
6291;63;29;0.3;0.5;91;101;0.4761905;227;236.9604;29;0
6292;63;29;0.3;0.5;92;102;0.5619469;231;237.1275;29;1
6293;63;29;0.3;0.5;93;101;0.5596708;237;236.8416;29;0
6294;63;29;0.3;0.5;94;101;0.4594595;228;235.4851;29;0
6295;63;29;0.3;0.5;95;105;0.5533981;270;236.5143;29;4
6296;63;29;0.3;0.5;96;101;0.5175439;213;236.8119;29;0
6297;63;29;0.3;0.5;97;111;0.3856502;255;237.2523;29;10
6298;63;29;0.3;0.5;98;101;0.5147679;234;237.6238;29;0
6299;63;29;0.3;0.5;99;101;0.4887892;262;235.9604;29;0
6300;63;29;0.3;0.5;100;101;0.44;245;235.3069;29;0
6301;64;224;0.3;0.5;1;102;0.4866071;232;237.2059;222.8725;1
6302;64;224;0.3;0.5;2;101;0.5198238;221;236.1089;222.505;0
6303;64;224;0.3;0.5;3;101;0.5238095;243;237.1188;222.7822;0
6304;64;224;0.3;0.5;4;102;0.5023256;250;235.3529;222.7647;1
6305;64;224;0.3;0.5;5;101;0.4956897;251;237.5149;223.2079;0
6306;64;224;0.3;0.5;6;101;0.558952;200;236.4851;222.604;0
6307;64;224;0.3;0.5;7;101;0.5256917;221;237.396;222.4653;0
6308;64;224;0.3;0.5;8;102;0.5021097;230;238.3431;223.1078;1
6309;64;224;0.3;0.5;9;101;0.5041667;227;237.5248;222.198;0
6310;64;224;0.3;0.5;10;105;0.4105691;236;237.019;223.0762;4
6311;64;224;0.3;0.5;11;107;0.5253456;247;234.5327;222.514;6
6312;64;224;0.3;0.5;12;107;0.542735;241;239.1869;223.4766;6
6313;64;224;0.3;0.5;13;101;0.4888889;248;235.5842;222.7723;0
6314;64;224;0.3;0.5;14;102;0.5233645;251;233.8824;222.2059;1
6315;64;224;0.3;0.5;15;102;0.525641;254;239.2157;222.902;1
6316;64;224;0.3;0.5;16;103;0.5116279;274;236.9806;222.4175;2
6317;64;224;0.3;0.5;17;102;0.477551;214;236.9216;221.0686;1
6318;64;224;0.3;0.5;18;102;0.4859438;256;233.8824;221.2451;1
6319;64;224;0.3;0.5;19;103;0.3983051;232;236.9612;222.5437;2
6320;64;224;0.3;0.5;20;103;0.5327103;239;235.8738;222.8252;2
6321;64;224;0.3;0.5;21;108;0.5428571;220;236.5185;223.037;7
6322;64;224;0.3;0.5;22;101;0.5309735;258;235.505;222.2277;0
6323;64;224;0.3;0.5;23;101;0.4899598;226;237.198;222.7426;0
6324;64;224;0.3;0.5;24;102;0.4960317;234;235.4314;221.6176;1
6325;64;224;0.3;0.5;25;101;0.5207373;253;237.4653;222.4653;0
6326;64;224;0.3;0.5;26;101;0.4684685;258;238.8911;223.0396;0
6327;64;224;0.3;0.5;27;102;0.4626168;250;236.7647;222.9902;1
6328;64;224;0.3;0.5;28;102;0.5288889;233;234.4314;222.5098;1
6329;64;224;0.3;0.5;29;106;0.5204918;230;234.0094;222.5094;5
6330;64;224;0.3;0.5;30;103;0.4530612;239;235.7864;222.7573;2
6331;64;224;0.3;0.5;31;101;0.4337349;219;238.4554;222.3465;0
6332;64;224;0.3;0.5;32;102;0.4439655;227;237.8431;223.1176;1
6333;64;224;0.3;0.5;33;101;0.4661355;201;238.505;222.802;0
6334;64;224;0.3;0.5;34;101;0.560166;245;236.5644;222.7228;0
6335;64;224;0.3;0.5;35;101;0.4581498;248;235.9505;222.8416;0
6336;64;224;0.3;0.5;36;105;0.4545455;255;237.6381;223.181;4
6337;64;224;0.3;0.5;37;103;0.4919355;222;235.5922;222.4272;2
6338;64;224;0.3;0.5;38;101;0.4583333;242;235.3168;222.5644;0
6339;64;224;0.3;0.5;39;107;0.5612648;246;236.1215;222.486;6
6340;64;224;0.3;0.5;40;102;0.4980237;232;235.7255;223.3529;1
6341;64;224;0.3;0.5;41;102;0.477551;233;237.1275;223.0392;1
6342;64;224;0.3;0.5;42;101;0.558952;247;237.4158;222.6535;0
6343;64;224;0.3;0.5;43;102;0.4553991;222;238.3922;222.951;1
6344;64;224;0.3;0.5;44;101;0.5540541;232;234.4356;221.396;0
6345;64;224;0.3;0.5;45;107;0.4258555;229;234.1869;221.9159;6
6346;64;224;0.3;0.5;46;105;0.4460967;223;236.1238;222.6286;4
6347;64;224;0.3;0.5;47;102;0.532;248;238.1569;222.9706;1
6348;64;224;0.3;0.5;48;101;0.5826446;251;235.9307;222.5248;0
6349;64;224;0.3;0.5;49;103;0.4716157;224;236.3689;222.2233;2
6350;64;224;0.3;0.5;50;101;0.5774648;256;237.1485;222.8812;0
6351;64;224;0.3;0.5;51;101;0.5787037;207;235.4851;222.9307;0
6352;64;224;0.3;0.5;52;103;0.5173913;220;236.6602;222.9223;2
6353;64;224;0.3;0.5;53;101;0.5349794;238;236.6238;222.4752;0
6354;64;224;0.3;0.5;54;101;0.5042735;234;235.3465;222.505;0
6355;64;224;0.3;0.5;55;101;0.5;241;237.3465;222.4554;0
6356;64;224;0.3;0.5;56;101;0.5529412;237;238.1089;222.6733;0
6357;64;224;0.3;0.5;57;101;0.5541667;234;237.0792;222.6733;0
6358;64;224;0.3;0.5;58;102;0.519685;202;234.1373;222.3725;1
6359;64;224;0.3;0.5;59;107;0.5910931;252;239.3645;223.1963;6
6360;64;224;0.3;0.5;60;101;0.4978541;239;235.6733;222.3762;0
6361;64;224;0.3;0.5;61;102;0.473913;245;236.3922;223.1275;1
6362;64;224;0.3;0.5;62;101;0.4822134;252;237;223.099;0
6363;64;224;0.3;0.5;63;106;0.4817814;229;235.8208;222.3396;5
6364;64;224;0.3;0.5;64;101;0.5282258;217;238.8812;223.0594;0
6365;64;224;0.3;0.5;65;102;0.4186992;218;236.3529;222;1
6366;64;224;0.3;0.5;66;101;0.5;249;237.5347;223.099;0
6367;64;224;0.3;0.5;67;102;0.472103;226;236.8922;222.1078;1
6368;64;224;0.3;0.5;68;101;0.5246637;229;236.1287;223.0891;0
6369;64;224;0.3;0.5;69;101;0.4896266;256;237.0396;223.1188;0
6370;64;224;0.3;0.5;70;101;0.4590909;233;235.5941;222.6634;0
6371;64;224;0.3;0.5;71;104;0.484127;220;237.0865;222.0673;3
6372;64;224;0.3;0.5;72;102;0.5751073;245;236.7353;222.8137;1
6373;64;224;0.3;0.5;73;101;0.541502;237;235.6238;222.2574;0
6374;64;224;0.3;0.5;74;101;0.5021459;229;236.9505;222.7822;0
6375;64;224;0.3;0.5;75;101;0.5414847;270;238.6634;223.3564;0
6376;64;224;0.3;0.5;76;101;0.4708333;245;237.2079;222.5743;0
6377;64;224;0.3;0.5;77;102;0.5041667;242;236.2255;222.7353;1
6378;64;224;0.3;0.5;78;101;0.5274262;244;238.0495;221.9505;0
6379;64;224;0.3;0.5;79;102;0.4695652;224;236.6078;222.3235;1
6380;64;224;0.3;0.5;80;101;0.5044643;246;234.2475;221.8317;0
6381;64;224;0.3;0.5;81;102;0.4837398;227;234.5882;221.5392;1
6382;64;224;0.3;0.5;82;101;0.503937;229;235.4059;223.1287;0
6383;64;224;0.3;0.5;83;101;0.4924242;223;235.5446;222.505;0
6384;64;224;0.3;0.5;84;101;0.5077519;236;237.2574;222.9604;0
6385;64;224;0.3;0.5;85;101;0.4980392;233;237.1188;222.4257;0
6386;64;224;0.3;0.5;86;102;0.4761905;226;235.6373;222.9412;1
6387;64;224;0.3;0.5;87;101;0.4741379;257;236.2475;222.8713;0
6388;64;224;0.3;0.5;88;103;0.5461847;225;234.9806;222.5049;2
6389;64;224;0.3;0.5;89;104;0.4469027;255;237.5673;222.8269;3
6390;64;224;0.3;0.5;90;104;0.3918919;223;236.625;222.7019;3
6391;64;224;0.3;0.5;91;111;0.5565217;253;236.964;223.1622;10
6392;64;224;0.3;0.5;92;104;0.6264151;230;236.7981;221.9423;3
6393;64;224;0.3;0.5;93;101;0.5347826;258;234.0198;222.5644;0
6394;64;224;0.3;0.5;94;101;0.4806867;242;237.9604;222.7624;0
6395;64;224;0.3;0.5;95;102;0.4697674;231;234.7843;222.0196;1
6396;64;224;0.3;0.5;96;106;0.5406504;238;236.1604;223.0755;5
6397;64;224;0.3;0.5;97;106;0.5805085;237;237.934;223.1132;5
6398;64;224;0.3;0.5;98;102;0.5022831;256;238.0294;222.9804;1
6399;64;224;0.3;0.5;99;103;0.5319149;232;235.7476;223.2816;2
6400;64;224;0.3;0.5;100;102;0.5733333;248;235.7451;222.7353;1
6401;65;1;0.4;0.5;1;103;0.5907173;258;237.9709;1;2
6402;65;1;0.4;0.5;2;102;0.5282258;217;236.0588;1;1
6403;65;1;0.4;0.5;3;103;0.4552846;230;236.1068;1;2
6404;65;1;0.4;0.5;4;102;0.5632653;273;237.7255;1;1
6405;65;1;0.4;0.5;5;102;0.5204918;216;237.8529;1;1
6406;65;1;0.4;0.5;6;102;0.5296443;241;236.7843;1;1
6407;65;1;0.4;0.5;7;101;0.4821429;234;237.5743;1;0
6408;65;1;0.4;0.5;8;108;0.5168067;249;235.8333;1;7
6409;65;1;0.4;0.5;9;102;0.4980237;250;236.5686;1;1
6410;65;1;0.4;0.5;10;102;0.4311111;225;236.7647;1;1
6411;65;1;0.4;0.5;11;102;0.4862745;232;237.5784;1;1
6412;65;1;0.4;0.5;12;101;0.5431034;257;238.0297;1;0
6413;65;1;0.4;0.5;13;105;0.5434783;246;237.2095;1;4
6414;65;1;0.4;0.5;14;103;0.4255319;257;237.0097;1;2
6415;65;1;0.4;0.5;15;102;0.5486381;200;236.4412;1;1
6416;65;1;0.4;0.5;16;102;0.5194805;234;235.7549;1;1
6417;65;1;0.4;0.5;17;101;0.5646552;249;236;1;0
6418;65;1;0.4;0.5;18;104;0.501992;221;236.7981;1;3
6419;65;1;0.4;0.5;19;101;0.4615385;234;237.1386;1;0
6420;65;1;0.4;0.5;20;101;0.5282258;247;238.099;1;0
6421;65;1;0.4;0.5;21;101;0.5291667;246;238.9604;1;0
6422;65;1;0.4;0.5;22;101;0.4771574;247;234.0693;1;0
6423;65;1;0.4;0.5;23;101;0.5458333;224;236.9901;1;0
6424;65;1;0.4;0.5;24;103;0.5371901;216;237.5825;1;2
6425;65;1;0.4;0.5;25;101;0.4493392;248;235.8317;1;0
6426;65;1;0.4;0.5;26;102;0.4956897;230;236.9804;1;1
6427;65;1;0.4;0.5;27;101;0.465587;237;238.4356;1;0
6428;65;1;0.4;0.5;28;102;0.5443038;230;235.4706;1;1
6429;65;1;0.4;0.5;29;102;0.5584906;211;235.9118;1;1
6430;65;1;0.4;0.5;30;101;0.4956522;253;237.0495;1;0
6431;65;1;0.4;0.5;31;104;0.4978903;233;238.0096;1;3
6432;65;1;0.4;0.5;32;101;0.5175879;266;236.7723;1;0
6433;65;1;0.4;0.5;33;101;0.5473251;232;234.9307;1;0
6434;65;1;0.4;0.5;34;107;0.4724771;237;236.9813;1;6
6435;65;1;0.4;0.5;35;101;0.4007937;240;237.0198;1;0
6436;65;1;0.4;0.5;36;101;0.4960938;223;234.0099;1;0
6437;65;1;0.4;0.5;37;104;0.5560538;231;236.8077;1;3
6438;65;1;0.4;0.5;38;109;0.4361233;237;236.6789;1;8
6439;65;1;0.4;0.5;39;101;0.5352697;204;236.1584;1;0
6440;65;1;0.4;0.5;40;102;0.5168067;233;235.7451;1;1
6441;65;1;0.4;0.5;41;101;0.525641;221;235.7624;1;0
6442;65;1;0.4;0.5;42;102;0.4248927;215;235.7941;1;1
6443;65;1;0.4;0.5;43;103;0.4624506;235;235.4466;1;2
6444;65;1;0.4;0.5;44;103;0.4937759;236;235.5049;1;2
6445;65;1;0.4;0.5;45;101;0.4586777;237;234.7228;1;0
6446;65;1;0.4;0.5;46;101;0.5152838;242;236.6832;1;0
6447;65;1;0.4;0.5;47;101;0.556962;249;236.7327;1;0
6448;65;1;0.4;0.5;48;103;0.5384615;236;235.6117;1;2
6449;65;1;0.4;0.5;49;103;0.4863636;255;236.6505;1;2
6450;65;1;0.4;0.5;50;102;0.438247;232;236.3235;1;1
6451;65;1;0.4;0.5;51;104;0.536036;235;237.7981;1;3
6452;65;1;0.4;0.5;52;101;0.5560345;218;237.604;1;0
6453;65;1;0.4;0.5;53;108;0.5412844;224;236.7963;1;7
6454;65;1;0.4;0.5;54;103;0.525641;216;236.2816;1;2
6455;65;1;0.4;0.5;55;101;0.5128205;228;236.8416;1;0
6456;65;1;0.4;0.5;56;103;0.4943396;240;238.4369;1;2
6457;65;1;0.4;0.5;57;103;0.5152838;244;235.5534;1;2
6458;65;1;0.4;0.5;58;101;0.5819672;222;235.2376;1;0
6459;65;1;0.4;0.5;59;103;0.5112108;239;236.068;1;2
6460;65;1;0.4;0.5;60;101;0.5142857;226;236.9208;1;0
6461;65;1;0.4;0.5;61;102;0.5132743;239;235.9216;1;1
6462;65;1;0.4;0.5;62;101;0.4789916;235;236.7921;1;0
6463;65;1;0.4;0.5;63;102;0.5154185;239;236.7941;1;1
6464;65;1;0.4;0.5;64;101;0.474359;242;236.4851;1;0
6465;65;1;0.4;0.5;65;101;0.4505929;206;238.495;1;0
6466;65;1;0.4;0.5;66;101;0.5752212;199;235.6634;1;0
6467;65;1;0.4;0.5;67;101;0.4803493;252;237.4752;1;0
6468;65;1;0.4;0.5;68;101;0.5991561;215;236.2772;1;0
6469;65;1;0.4;0.5;69;101;0.4958678;211;235.1485;1;0
6470;65;1;0.4;0.5;70;101;0.5227273;251;237.396;1;0
6471;65;1;0.4;0.5;71;101;0.470339;240;236.604;1;0
6472;65;1;0.4;0.5;72;102;0.5213675;241;235.8725;1;1
6473;65;1;0.4;0.5;73;104;0.4661355;220;235.5481;1;3
6474;65;1;0.4;0.5;74;101;0.5446429;248;236.4356;1;0
6475;65;1;0.4;0.5;75;102;0.4086957;223;237.1373;1;1
6476;65;1;0.4;0.5;76;101;0.496;246;236.5941;1;0
6477;65;1;0.4;0.5;77;101;0.4267782;240;236.9406;1;0
6478;65;1;0.4;0.5;78;101;0.5366795;233;236.8713;1;0
6479;65;1;0.4;0.5;79;101;0.6008969;235;236.4455;1;0
6480;65;1;0.4;0.5;80;102;0.4417476;248;237.6275;1;1
6481;65;1;0.4;0.5;81;101;0.5787037;238;234.2574;1;0
6482;65;1;0.4;0.5;82;105;0.4861111;224;235.4095;1;4
6483;65;1;0.4;0.5;83;101;0.474359;233;235.7921;1;0
6484;65;1;0.4;0.5;84;104;0.4938272;236;237.2885;1;3
6485;65;1;0.4;0.5;85;101;0.5301724;224;237.0693;1;0
6486;65;1;0.4;0.5;86;101;0.4976744;250;235.4257;1;0
6487;65;1;0.4;0.5;87;101;0.4538153;238;238.0495;1;0
6488;65;1;0.4;0.5;88;104;0.4734513;227;235.2019;1;3
6489;65;1;0.4;0.5;89;101;0.475;241;237.2178;1;0
6490;65;1;0.4;0.5;90;102;0.5;273;237.7843;1;1
6491;65;1;0.4;0.5;91;102;0.4819277;224;236.8529;1;1
6492;65;1;0.4;0.5;92;102;0.4380531;228;235.3431;1;1
6493;65;1;0.4;0.5;93;101;0.4285714;242;233.8911;1;0
6494;65;1;0.4;0.5;94;101;0.5210084;233;236.3663;1;0
6495;65;1;0.4;0.5;95;101;0.4599156;239;238.9109;1;0
6496;65;1;0.4;0.5;96;103;0.5304348;222;236.5437;1;2
6497;65;1;0.4;0.5;97;101;0.4618474;204;236.6832;1;0
6498;65;1;0.4;0.5;98;102;0.4803493;235;235.1471;1;1
6499;65;1;0.4;0.5;99;101;0.474359;219;235.5644;1;0
6500;65;1;0.4;0.5;100;102;0.4576271;238;236.0784;1;1
6501;66;3;0.4;0.5;1;103;0.4848485;230;236.8155;3;2
6502;66;3;0.4;0.5;2;106;0.5577689;247;238.9811;3;5
6503;66;3;0.4;0.5;3;105;0.5826772;230;234.1714;3;4
6504;66;3;0.4;0.5;4;101;0.4579832;240;238.099;3;0
6505;66;3;0.4;0.5;5;101;0.4897959;239;237.9406;3;0
6506;66;3;0.4;0.5;6;105;0.5041322;243;236.6857;3;4
6507;66;3;0.4;0.5;7;102;0.5793991;251;238.5588;3;1
6508;66;3;0.4;0.5;8;111;0.3983051;220;238.6486;3;10
6509;66;3;0.4;0.5;9;102;0.4104803;248;237.2255;3;1
6510;66;3;0.4;0.5;10;103;0.5583333;221;238.4175;3;2
6511;66;3;0.4;0.5;11;101;0.5227273;246;236.703;3;0
6512;66;3;0.4;0.5;12;110;0.5102041;252;238.0455;3;9
6513;66;3;0.4;0.5;13;101;0.5227273;233;237.4851;3;0
6514;66;3;0.4;0.5;14;101;0.5249042;243;236.6931;3;0
6515;66;3;0.4;0.5;15;101;0.5514019;253;237.5545;3;0
6516;66;3;0.4;0.5;16;102;0.4741379;250;237.451;3;1
6517;66;3;0.4;0.5;17;101;0.5648536;232;238.1386;3;0
6518;66;3;0.4;0.5;18;101;0.44;228;237.7228;3;0
6519;66;3;0.4;0.5;19;101;0.55;237;238.0594;3;0
6520;66;3;0.4;0.5;20;102;0.5396226;225;236.0098;3;1
6521;66;3;0.4;0.5;21;103;0.507874;223;237.2913;3;2
6522;66;3;0.4;0.5;22;105;0.5746269;230;238.2286;3;4
6523;66;3;0.4;0.5;23;101;0.5296804;257;235.2277;3;0
6524;66;3;0.4;0.5;24;101;0.5148936;228;236.5545;3;0
6525;66;3;0.4;0.5;25;101;0.5230126;245;237.8713;3;0
6526;66;3;0.4;0.5;26;102;0.436;243;237.7941;3;1
6527;66;3;0.4;0.5;27;101;0.4913043;243;237.6931;3;0
6528;66;3;0.4;0.5;28;103;0.4568966;234;237.4078;3;2
6529;66;3;0.4;0.5;29;101;0.4583333;213;236.099;3;0
6530;66;3;0.4;0.5;30;101;0.5145228;246;234.604;3;0
6531;66;3;0.4;0.5;31;103;0.5080645;238;235.6602;3;2
6532;66;3;0.4;0.5;32;104;0.3794643;250;238.1154;3;3
6533;66;3;0.4;0.5;33;104;0.5067873;240;236.1731;3;3
6534;66;3;0.4;0.5;34;101;0.5064378;233;233.9406;3;0
6535;66;3;0.4;0.5;35;103;0.5726496;216;236.068;3;2
6536;66;3;0.4;0.5;36;102;0.5194805;226;236.3431;3;1
6537;66;3;0.4;0.5;37;101;0.4713656;250;237.2574;3;0
6538;66;3;0.4;0.5;38;101;0.5524194;270;235.5149;3;0
6539;66;3;0.4;0.5;39;109;0.4433962;244;235.3761;3;8
6540;66;3;0.4;0.5;40;102;0.4803493;221;235.951;3;1
6541;66;3;0.4;0.5;41;101;0.4612069;239;237.2475;3;0
6542;66;3;0.4;0.5;42;101;0.45;243;240.3168;3;0
6543;66;3;0.4;0.5;43;101;0.5038462;243;235.9208;3;0
6544;66;3;0.4;0.5;44;101;0.4528302;284;235.4653;3;0
6545;66;3;0.4;0.5;45;103;0.5084746;245;236.1748;3;2
6546;66;3;0.4;0.5;46;106;0.3933054;230;237.0566;3;5
6547;66;3;0.4;0.5;47;102;0.5526316;227;235.9314;3;1
6548;66;3;0.4;0.5;48;101;0.4962406;229;235.3663;3;0
6549;66;3;0.4;0.5;49;102;0.5756303;225;236.5098;3;1
6550;66;3;0.4;0.5;50;104;0.4863813;219;237.1442;3;3
6551;66;3;0.4;0.5;51;101;0.5307018;239;236.2178;3;0
6552;66;3;0.4;0.5;52;102;0.4444444;236;238.1373;3;1
6553;66;3;0.4;0.5;53;101;0.4777328;235;236.7327;3;0
6554;66;3;0.4;0.5;54;102;0.4909091;233;235.9706;3;1
6555;66;3;0.4;0.5;55;104;0.5151515;258;238.6538;3;3
6556;66;3;0.4;0.5;56;103;0.4469697;201;235.1942;3;2
6557;66;3;0.4;0.5;57;101;0.4570136;242;234.901;3;0
6558;66;3;0.4;0.5;58;103;0.4297521;230;235.6214;3;2
6559;66;3;0.4;0.5;59;101;0.5;256;235.505;3;0
6560;66;3;0.4;0.5;60;101;0.5064378;240;234.3564;3;0
6561;66;3;0.4;0.5;61;103;0.4521739;235;234.4466;3;2
6562;66;3;0.4;0.5;62;104;0.5352697;221;237.9231;3;3
6563;66;3;0.4;0.5;63;104;0.5193798;235;237.5962;3;3
6564;66;3;0.4;0.5;64;101;0.5058824;241;238.2079;3;0
6565;66;3;0.4;0.5;65;101;0.4663677;250;237.0792;3;0
6566;66;3;0.4;0.5;66;101;0.5540541;243;237.2277;3;0
6567;66;3;0.4;0.5;67;102;0.4771784;231;236.3431;3;1
6568;66;3;0.4;0.5;68;101;0.4420601;240;236.4752;3;0
6569;66;3;0.4;0.5;69;104;0.5150215;252;237.8269;3;3
6570;66;3;0.4;0.5;70;101;0.5362903;228;238.1287;3;0
6571;66;3;0.4;0.5;71;101;0.5061224;233;235.6337;3;0
6572;66;3;0.4;0.5;72;101;0.4867257;253;237.1287;3;0
6573;66;3;0.4;0.5;73;104;0.5301724;241;238.4904;3;3
6574;66;3;0.4;0.5;74;112;0.5314961;223;237.2857;3;11
6575;66;3;0.4;0.5;75;104;0.5446809;231;235.1442;3;3
6576;66;3;0.4;0.5;76;102;0.4612403;231;237.3333;3;1
6577;66;3;0.4;0.5;77;101;0.5135135;227;236.2574;3;0
6578;66;3;0.4;0.5;78;105;0.5569106;242;235.0476;3;4
6579;66;3;0.4;0.5;79;101;0.527897;237;236.1386;3;0
6580;66;3;0.4;0.5;80;103;0.5569106;243;238.4175;3;2
6581;66;3;0.4;0.5;81;101;0.4894515;232;237.8119;3;0
6582;66;3;0.4;0.5;82;101;0.5727273;230;236.2772;3;0
6583;66;3;0.4;0.5;83;101;0.4769874;241;236.3465;3;0
6584;66;3;0.4;0.5;84;105;0.4570312;236;235.8476;3;4
6585;66;3;0.4;0.5;85;104;0.4788136;243;237.1442;3;3
6586;66;3;0.4;0.5;86;101;0.4886878;231;234.2277;3;0
6587;66;3;0.4;0.5;87;101;0.5584416;247;236.099;3;0
6588;66;3;0.4;0.5;88;101;0.5043478;259;236.7228;3;0
6589;66;3;0.4;0.5;89;101;0.5673469;236;236.0396;3;0
6590;66;3;0.4;0.5;90;105;0.5067265;247;236.0857;3;4
6591;66;3;0.4;0.5;91;106;0.4716157;245;237.6038;3;5
6592;66;3;0.4;0.5;92;101;0.460251;234;236.8911;3;0
6593;66;3;0.4;0.5;93;101;0.5127119;225;237.0099;3;0
6594;66;3;0.4;0.5;94;103;0.4895397;244;238.3981;3;2
6595;66;3;0.4;0.5;95;102;0.5809129;254;236.6765;3;1
6596;66;3;0.4;0.5;96;102;0.5127119;250;237.7353;3;1
6597;66;3;0.4;0.5;97;103;0.5437788;249;237.2136;3;2
6598;66;3;0.4;0.5;98;101;0.555102;256;238.6238;3;0
6599;66;3;0.4;0.5;99;101;0.4824561;252;236.5842;3;0
6600;66;3;0.4;0.5;100;102;0.5798319;252;238.6176;3;1
6601;67;5;0.4;0.5;1;102;0.5604839;218;235.3725;5;1
6602;67;5;0.4;0.5;2;104;0.4933921;251;236.5577;5;3
6603;67;5;0.4;0.5;3;101;0.491453;221;236.4059;5;0
6604;67;5;0.4;0.5;4;101;0.4274194;230;235.495;5;0
6605;67;5;0.4;0.5;5;104;0.4323144;232;234.8077;5;3
6606;67;5;0.4;0.5;6;101;0.4888889;249;236.2673;5;0
6607;67;5;0.4;0.5;7;103;0.4479638;249;236.3592;5;2
6608;67;5;0.4;0.5;8;102;0.4700461;244;237.9118;5;1
6609;67;5;0.4;0.5;9;103;0.4831933;246;237.6214;5;2
6610;67;5;0.4;0.5;10;103;0.512;230;237.6796;5;2
6611;67;5;0.4;0.5;11;101;0.4505929;247;237.802;5;0
6612;67;5;0.4;0.5;12;101;0.5291667;235;234.8416;5;0
6613;67;5;0.4;0.5;13;101;0.4734513;243;235.0693;5;0
6614;67;5;0.4;0.5;14;101;0.5083333;244;236.1881;5;0
6615;67;5;0.4;0.5;15;102;0.5469388;215;237.2647;5;1
6616;67;5;0.4;0.5;16;112;0.4923077;237;238.3304;5;11
6617;67;5;0.4;0.5;17;101;0.4895397;233;237.5644;5;0
6618;67;5;0.4;0.5;18;103;0.4888889;232;236.767;5;2
6619;67;5;0.4;0.5;19;101;0.4848485;234;236.5446;5;0
6620;67;5;0.4;0.5;20;103;0.5518672;263;236.165;5;2
6621;67;5;0.4;0.5;21;103;0.5695652;222;239.0291;5;2
6622;67;5;0.4;0.5;22;103;0.4279476;239;236.8641;5;2
6623;67;5;0.4;0.5;23;108;0.4888889;228;236.8519;5;7
6624;67;5;0.4;0.5;24;104;0.4763948;237;236.6827;5;3
6625;67;5;0.4;0.5;25;103;0.4609665;210;236.9709;5;2
6626;67;5;0.4;0.5;26;105;0.5136364;221;237.2381;5;4
6627;67;5;0.4;0.5;27;102;0.4529915;248;236.7157;5;1
6628;67;5;0.4;0.5;28;106;0.4938272;234;236.283;5;5
6629;67;5;0.4;0.5;29;101;0.5021459;239;236.4851;5;0
6630;67;5;0.4;0.5;30;101;0.491453;235;237.4554;5;0
6631;67;5;0.4;0.5;31;101;0.5;223;236.8416;5;0
6632;67;5;0.4;0.5;32;105;0.4467213;226;235.3048;5;4
6633;67;5;0.4;0.5;33;103;0.4664032;226;236.835;5;2
6634;67;5;0.4;0.5;34;103;0.460251;229;237.2136;5;2
6635;67;5;0.4;0.5;35;101;0.4957983;219;236.6535;5;0
6636;67;5;0.4;0.5;36;101;0.5230126;241;236.4356;5;0
6637;67;5;0.4;0.5;37;101;0.4388186;237;237.3861;5;0
6638;67;5;0.4;0.5;38;101;0.425;237;236.9307;5;0
6639;67;5;0.4;0.5;39;101;0.470339;238;236.8416;5;0
6640;67;5;0.4;0.5;40;101;0.5274262;247;237.6337;5;0
6641;67;5;0.4;0.5;41;101;0.4932127;224;238.1683;5;0
6642;67;5;0.4;0.5;42;101;0.5066667;244;236.8911;5;0
6643;67;5;0.4;0.5;43;101;0.5084034;232;235.6733;5;0
6644;67;5;0.4;0.5;44;109;0.5595238;223;235.9266;5;8
6645;67;5;0.4;0.5;45;107;0.4934498;243;235.9159;5;6
6646;67;5;0.4;0.5;46;101;0.4635193;234;234.1782;5;0
6647;67;5;0.4;0.5;47;101;0.4424779;233;236.2079;5;0
6648;67;5;0.4;0.5;48;101;0.5493562;234;236.6238;5;0
6649;67;5;0.4;0.5;49;101;0.5178571;239;236.2475;5;0
6650;67;5;0.4;0.5;50;103;0.5738397;241;236.8835;5;2
6651;67;5;0.4;0.5;51;101;0.4757709;223;238.297;5;0
6652;67;5;0.4;0.5;52;102;0.4647303;228;236.098;5;1
6653;67;5;0.4;0.5;53;101;0.5720721;245;237.7921;5;0
6654;67;5;0.4;0.5;54;102;0.5849802;247;237.0784;5;1
6655;67;5;0.4;0.5;55;111;0.4465116;246;236.4234;5;10
6656;67;5;0.4;0.5;56;103;0.5802469;214;234;5;2
6657;67;5;0.4;0.5;57;102;0.4612245;234;237.1176;5;1
6658;67;5;0.4;0.5;58;102;0.561753;209;237.1078;5;1
6659;67;5;0.4;0.5;59;101;0.5596708;240;236;5;0
6660;67;5;0.4;0.5;60;101;0.4325581;245;236.2574;5;0
6661;67;5;0.4;0.5;61;101;0.4834711;238;234.198;5;0
6662;67;5;0.4;0.5;62;102;0.4458333;234;235.6765;5;1
6663;67;5;0.4;0.5;63;102;0.4420601;235;238.2745;5;1
6664;67;5;0.4;0.5;64;103;0.5427509;223;237.3981;5;2
6665;67;5;0.4;0.5;65;101;0.5689655;235;237.0099;5;0
6666;67;5;0.4;0.5;66;106;0.4851064;245;237.2358;5;5
6667;67;5;0.4;0.5;67;101;0.546798;259;237.703;5;0
6668;67;5;0.4;0.5;68;102;0.5330579;253;235.8039;5;1
6669;67;5;0.4;0.5;69;102;0.4711538;248;237.6667;5;1
6670;67;5;0.4;0.5;70;103;0.5022422;244;236.5922;5;2
6671;67;5;0.4;0.5;71;101;0.5485232;217;237.2178;5;0
6672;67;5;0.4;0.5;72;108;0.5489362;238;237.9444;5;7
6673;67;5;0.4;0.5;73;106;0.5965665;229;236.0377;5;5
6674;67;5;0.4;0.5;74;103;0.5684647;232;235.7864;5;2
6675;67;5;0.4;0.5;75;107;0.4227273;255;237.4299;5;6
6676;67;5;0.4;0.5;76;101;0.4636364;235;234.4851;5;0
6677;67;5;0.4;0.5;77;101;0.506383;246;235.8515;5;0
6678;67;5;0.4;0.5;78;102;0.4871795;229;237.0588;5;1
6679;67;5;0.4;0.5;79;101;0.5520362;240;235.5248;5;0
6680;67;5;0.4;0.5;80;101;0.4622222;277;237.6436;5;0
6681;67;5;0.4;0.5;81;101;0.5086957;250;238;5;0
6682;67;5;0.4;0.5;82;102;0.4979424;249;236.3137;5;1
6683;67;5;0.4;0.5;83;101;0.4727273;240;235.5446;5;0
6684;67;5;0.4;0.5;84;101;0.5148936;223;236.3168;5;0
6685;67;5;0.4;0.5;85;104;0.4476987;255;236.7596;5;3
6686;67;5;0.4;0.5;86;103;0.4322344;259;237.534;5;2
6687;67;5;0.4;0.5;87;101;0.6255144;235;235.4554;5;0
6688;67;5;0.4;0.5;88;101;0.4170404;256;236.0198;5;0
6689;67;5;0.4;0.5;89;104;0.4937759;231;235;5;3
6690;67;5;0.4;0.5;90;103;0.4458333;230;235.6214;5;2
6691;67;5;0.4;0.5;91;103;0.4583333;228;237.2233;5;2
6692;67;5;0.4;0.5;92;102;0.5521739;235;237.8824;5;1
6693;67;5;0.4;0.5;93;103;0.4599156;232;235.4078;5;2
6694;67;5;0.4;0.5;94;107;0.5660377;211;236.8037;5;6
6695;67;5;0.4;0.5;95;106;0.5;230;235.5094;5;5
6696;67;5;0.4;0.5;96;102;0.4565217;249;234.951;5;1
6697;67;5;0.4;0.5;97;101;0.5470852;233;236.7228;5;0
6698;67;5;0.4;0.5;98;101;0.4408163;231;237.5842;5;0
6699;67;5;0.4;0.5;99;102;0.503937;242;238.1765;5;1
6700;67;5;0.4;0.5;100;101;0.55;227;236.0693;5;0
6701;68;7;0.4;0.5;1;102;0.4894515;236;235.5098;7;1
6702;68;7;0.4;0.5;2;101;0.4859438;240;237.3861;7;0
6703;68;7;0.4;0.5;3;103;0.4925373;244;236.1845;7;2
6704;68;7;0.4;0.5;4;103;0.5338983;239;236.5049;7;2
6705;68;7;0.4;0.5;5;101;0.527027;269;236.7723;7;0
6706;68;7;0.4;0.5;6;101;0.4609375;238;235.7723;7;0
6707;68;7;0.4;0.5;7;101;0.5514403;224;237.5842;7;0
6708;68;7;0.4;0.5;8;101;0.5365854;238;235.8317;7;0
6709;68;7;0.4;0.5;9;106;0.58159;254;236.9528;7;5
6710;68;7;0.4;0.5;10;101;0.5410628;245;236.7723;7;0
6711;68;7;0.4;0.5;11;102;0.5230126;234;235.9216;7;1
6712;68;7;0.4;0.5;12;101;0.4756098;214;235.0297;7;0
6713;68;7;0.4;0.5;13;103;0.5043478;233;235.3107;7;2
6714;68;7;0.4;0.5;14;103;0.4222222;226;235.8932;7;2
6715;68;7;0.4;0.5;15;101;0.6285714;226;236.0198;7;0
6716;68;7;0.4;0.5;16;102;0.4416667;255;237.3039;7;1
6717;68;7;0.4;0.5;17;101;0.4759825;232;237.198;7;0
6718;68;7;0.4;0.5;18;101;0.4626168;235;237.2475;7;0
6719;68;7;0.4;0.5;19;103;0.4612403;216;235.2621;7;2
6720;68;7;0.4;0.5;20;106;0.472;240;236.8679;7;5
6721;68;7;0.4;0.5;21;104;0.5066079;257;236.9808;7;3
6722;68;7;0.4;0.5;22;101;0.4684685;247;236.396;7;0
6723;68;7;0.4;0.5;23;101;0.5330396;258;236.6238;7;0
6724;68;7;0.4;0.5;24;102;0.5948276;233;235.2843;7;1
6725;68;7;0.4;0.5;25;102;0.5732218;251;237.6471;7;1
6726;68;7;0.4;0.5;26;101;0.5550459;239;236.7129;7;0
6727;68;7;0.4;0.5;27;103;0.4869565;242;237.1553;7;2
6728;68;7;0.4;0.5;28;102;0.5319149;243;236.4412;7;1
6729;68;7;0.4;0.5;29;101;0.5040984;232;237.5149;7;0
6730;68;7;0.4;0.5;30;101;0.445283;230;236.7921;7;0
6731;68;7;0.4;0.5;31;105;0.4813278;236;237.9238;7;4
6732;68;7;0.4;0.5;32;101;0.5949367;264;239.099;7;0
6733;68;7;0.4;0.5;33;101;0.4899598;223;235.6535;7;0
6734;68;7;0.4;0.5;34;104;0.4159292;262;235.5673;7;3
6735;68;7;0.4;0.5;35;101;0.4725738;249;236.4455;7;0
6736;68;7;0.4;0.5;36;101;0.4847162;238;236.2277;7;0
6737;68;7;0.4;0.5;37;102;0.5083333;264;237.2255;7;1
6738;68;7;0.4;0.5;38;101;0.4718615;241;238.4752;7;0
6739;68;7;0.4;0.5;39;108;0.4924242;237;236.713;7;7
6740;68;7;0.4;0.5;40;102;0.519084;208;234.7451;7;1
6741;68;7;0.4;0.5;41;106;0.5564854;235;238.3019;7;5
6742;68;7;0.4;0.5;42;107;0.5652174;237;238.0935;7;6
6743;68;7;0.4;0.5;43;103;0.5304348;236;234.699;7;2
6744;68;7;0.4;0.5;44;102;0.5;236;237.049;7;1
6745;68;7;0.4;0.5;45;101;0.48659;221;234.5941;7;0
6746;68;7;0.4;0.5;46;101;0.5889831;246;236.396;7;0
6747;68;7;0.4;0.5;47;101;0.4669421;221;237.4356;7;0
6748;68;7;0.4;0.5;48;101;0.43083;242;236.0693;7;0
6749;68;7;0.4;0.5;49;104;0.5636364;245;237.5385;7;3
6750;68;7;0.4;0.5;50;103;0.5462185;237;236.3495;7;2
6751;68;7;0.4;0.5;51;101;0.52;236;236.802;7;0
6752;68;7;0.4;0.5;52;106;0.3770492;227;237.0472;7;5
6753;68;7;0.4;0.5;53;101;0.4936709;213;237.7822;7;0
6754;68;7;0.4;0.5;54;101;0.5019608;210;236.1881;7;0
6755;68;7;0.4;0.5;55;102;0.5357143;245;237.1275;7;1
6756;68;7;0.4;0.5;56;101;0.4632035;245;235.5347;7;0
6757;68;7;0.4;0.5;57;102;0.5152838;248;234.549;7;1
6758;68;7;0.4;0.5;58;101;0.53125;249;235.7327;7;0
6759;68;7;0.4;0.5;59;105;0.5511111;232;237.9333;7;4
6760;68;7;0.4;0.5;60;101;0.5081967;218;236.1881;7;0
6761;68;7;0.4;0.5;61;103;0.464;240;235.767;7;2
6762;68;7;0.4;0.5;62;101;0.4708171;227;234.6733;7;0
6763;68;7;0.4;0.5;63;102;0.4651163;221;234.0784;7;1
6764;68;7;0.4;0.5;64;103;0.5316456;236;238.0874;7;2
6765;68;7;0.4;0.5;65;101;0.5774059;240;236.8614;7;0
6766;68;7;0.4;0.5;66;103;0.5093458;235;236.3883;7;2
6767;68;7;0.4;0.5;67;103;0.5462185;240;237.0291;7;2
6768;68;7;0.4;0.5;68;103;0.4396552;249;235.4757;7;2
6769;68;7;0.4;0.5;69;102;0.4475806;251;237.5392;7;1
6770;68;7;0.4;0.5;70;101;0.4746544;242;236.3168;7;0
6771;68;7;0.4;0.5;71;105;0.5371179;216;236.4381;7;4
6772;68;7;0.4;0.5;72;101;0.5309735;242;238.1584;7;0
6773;68;7;0.4;0.5;73;102;0.5227273;229;234.1961;7;1
6774;68;7;0.4;0.5;74;103;0.5240175;263;237.233;7;2
6775;68;7;0.4;0.5;75;101;0.4344262;247;238.4554;7;0
6776;68;7;0.4;0.5;76;101;0.4148472;242;237.2475;7;0
6777;68;7;0.4;0.5;77;103;0.4579832;229;238.4563;7;2
6778;68;7;0.4;0.5;78;101;0.5087719;231;236.4851;7;0
6779;68;7;0.4;0.5;79;102;0.4508197;223;235.4804;7;1
6780;68;7;0.4;0.5;80;105;0.4525862;229;237.9238;7;4
6781;68;7;0.4;0.5;81;103;0.4698795;242;237.2039;7;2
6782;68;7;0.4;0.5;82;102;0.5643154;237;236.8333;7;1
6783;68;7;0.4;0.5;83;104;0.4279661;225;236.7212;7;3
6784;68;7;0.4;0.5;84;107;0.5223214;226;234.0654;7;6
6785;68;7;0.4;0.5;85;103;0.5105485;224;234.7864;7;2
6786;68;7;0.4;0.5;86;102;0.5577689;228;235.0392;7;1
6787;68;7;0.4;0.5;87;101;0.5150215;228;236.6832;7;0
6788;68;7;0.4;0.5;88;101;0.5351562;219;236.2772;7;0
6789;68;7;0.4;0.5;89;101;0.4475806;238;236.099;7;0
6790;68;7;0.4;0.5;90;101;0.516129;254;237.505;7;0
6791;68;7;0.4;0.5;91;115;0.5714286;239;236.1652;7;14
6792;68;7;0.4;0.5;92;103;0.4977578;254;234.4369;7;2
6793;68;7;0.4;0.5;93;101;0.5045045;231;236.8515;7;0
6794;68;7;0.4;0.5;94;101;0.5381356;235;235.3861;7;0
6795;68;7;0.4;0.5;95;103;0.4823009;220;237.5825;7;2
6796;68;7;0.4;0.5;96;103;0.4267782;269;235.8252;7;2
6797;68;7;0.4;0.5;97;104;0.4708333;242;236.4327;7;3
6798;68;7;0.4;0.5;98;104;0.5394737;248;235.7019;7;3
6799;68;7;0.4;0.5;99;101;0.5208333;244;236.4752;7;0
6800;68;7;0.4;0.5;100;102;0.5125;243;238.6863;7;1
6801;69;9;0.4;0.5;1;103;0.5060241;219;235.8932;9;2
6802;69;9;0.4;0.5;2;103;0.5598291;228;236.3786;9;2
6803;69;9;0.4;0.5;3;101;0.5803571;260;237.2178;9;0
6804;69;9;0.4;0.5;4;101;0.4267241;235;236.9802;9;0
6805;69;9;0.4;0.5;5;102;0.4714829;230;236.9118;9;1
6806;69;9;0.4;0.5;6;102;0.44;242;237.6765;9;1
6807;69;9;0.4;0.5;7;101;0.5123153;235;235.2376;9;0
6808;69;9;0.4;0.5;8;101;0.4918699;228;236.0495;9;0
6809;69;9;0.4;0.5;9;101;0.5;221;236.1782;9;0
6810;69;9;0.4;0.5;10;101;0.504717;245;235.1683;9;0
6811;69;9;0.4;0.5;11;103;0.4976959;233;233.5631;9;2
6812;69;9;0.4;0.5;12;101;0.556962;261;235.3465;9;0
6813;69;9;0.4;0.5;13;101;0.4789916;220;236.3069;9;0
6814;69;9;0.4;0.5;14;106;0.5775862;236;237.3868;9;5
6815;69;9;0.4;0.5;15;101;0.5;251;235.4257;9;0
6816;69;9;0.4;0.5;16;104;0.4695652;242;236.9904;9;3
6817;69;9;0.4;0.5;17;101;0.5232558;252;235.9406;9;0
6818;69;9;0.4;0.5;18;101;0.525641;237;234.9208;9;0
6819;69;9;0.4;0.5;19;105;0.5245283;227;238.8;9;4
6820;69;9;0.4;0.5;20;101;0.4654378;259;235.6733;9;0
6821;69;9;0.4;0.5;21;101;0.5282258;214;237.9604;9;0
6822;69;9;0.4;0.5;22;102;0.4835681;231;235.2157;9;1
6823;69;9;0.4;0.5;23;110;0.4957627;246;237.7;9;9
6824;69;9;0.4;0.5;24;102;0.4391304;225;236.902;9;1
6825;69;9;0.4;0.5;25;102;0.524;225;238.1176;9;1
6826;69;9;0.4;0.5;26;101;0.4693878;215;234.6238;9;0
6827;69;9;0.4;0.5;27;102;0.479638;232;237.9412;9;1
6828;69;9;0.4;0.5;28;101;0.4871795;241;237.3168;9;0
6829;69;9;0.4;0.5;29;101;0.4728682;208;237.6931;9;0
6830;69;9;0.4;0.5;30;101;0.6136364;249;235.6337;9;0
6831;69;9;0.4;0.5;31;103;0.527027;273;236.8835;9;2
6832;69;9;0.4;0.5;32;101;0.4680851;230;236.5347;9;0
6833;69;9;0.4;0.5;33;104;0.5462185;222;234.9712;9;3
6834;69;9;0.4;0.5;34;101;0.5432099;238;237.0891;9;0
6835;69;9;0.4;0.5;35;103;0.5108696;222;238.1165;9;2
6836;69;9;0.4;0.5;36;103;0.474359;232;237.0194;9;2
6837;69;9;0.4;0.5;37;101;0.479638;238;234.3663;9;0
6838;69;9;0.4;0.5;38;101;0.504;234;237.7228;9;0
6839;69;9;0.4;0.5;39;104;0.5582329;250;237.6538;9;3
6840;69;9;0.4;0.5;40;101;0.4782609;230;234.3267;9;0
6841;69;9;0.4;0.5;41;101;0.5691057;242;236.1584;9;0
6842;69;9;0.4;0.5;42;104;0.4297521;245;236.4615;9;3
6843;69;9;0.4;0.5;43;107;0.5488372;239;236.9065;9;6
6844;69;9;0.4;0.5;44;102;0.5144033;270;237.4118;9;1
6845;69;9;0.4;0.5;45;102;0.5021277;240;236.9608;9;1
6846;69;9;0.4;0.5;46;102;0.5258621;230;236;9;1
6847;69;9;0.4;0.5;47;103;0.4564315;239;236.9806;9;2
6848;69;9;0.4;0.5;48;101;0.4728033;260;238.297;9;0
6849;69;9;0.4;0.5;49;101;0.4677419;226;236.9901;9;0
6850;69;9;0.4;0.5;50;102;0.5082645;240;237.2549;9;1
6851;69;9;0.4;0.5;51;102;0.4444444;242;235.9216;9;1
6852;69;9;0.4;0.5;52;101;0.4958678;218;236.2871;9;0
6853;69;9;0.4;0.5;53;102;0.5439331;254;236.8039;9;1
6854;69;9;0.4;0.5;54;101;0.5234043;222;236.7624;9;0
6855;69;9;0.4;0.5;55;101;0.3974895;232;237.5446;9;0
6856;69;9;0.4;0.5;56;101;0.5066667;224;236.5842;9;0
6857;69;9;0.4;0.5;57;101;0.4594595;266;238.1485;9;0
6858;69;9;0.4;0.5;58;106;0.5059761;231;238.1132;9;5
6859;69;9;0.4;0.5;59;101;0.5744681;206;235.7723;9;0
6860;69;9;0.4;0.5;60;105;0.5081301;241;236.7905;9;4
6861;69;9;0.4;0.5;61;101;0.4431373;240;237.901;9;0
6862;69;9;0.4;0.5;62;103;0.4469027;252;234.767;9;2
6863;69;9;0.4;0.5;63;101;0.5119048;245;234.0891;9;0
6864;69;9;0.4;0.5;64;101;0.4936709;229;238.4851;9;0
6865;69;9;0.4;0.5;65;101;0.3886463;232;238.1584;9;0
6866;69;9;0.4;0.5;66;101;0.5511111;225;236.1089;9;0
6867;69;9;0.4;0.5;67;101;0.5107296;236;237.2772;9;0
6868;69;9;0.4;0.5;68;101;0.5023041;237;236.1188;9;0
6869;69;9;0.4;0.5;69;101;0.4586777;235;237.3069;9;0
6870;69;9;0.4;0.5;70;101;0.546798;225;236.8416;9;0
6871;69;9;0.4;0.5;71;101;0.4430894;239;236.1386;9;0
6872;69;9;0.4;0.5;72;101;0.4915254;218;235.1386;9;0
6873;69;9;0.4;0.5;73;103;0.5338983;251;236.1845;9;2
6874;69;9;0.4;0.5;74;101;0.5545455;227;237.2871;9;0
6875;69;9;0.4;0.5;75;101;0.5107296;240;237.1287;9;0
6876;69;9;0.4;0.5;76;101;0.6332046;233;237.505;9;0
6877;69;9;0.4;0.5;77;102;0.5046729;216;235.8725;9;1
6878;69;9;0.4;0.5;78;101;0.5258964;231;236.802;9;0
6879;69;9;0.4;0.5;79;101;0.4449153;239;237.6832;9;0
6880;69;9;0.4;0.5;80;101;0.426087;250;235.9604;9;0
6881;69;9;0.4;0.5;81;104;0.5509434;214;234.7404;9;3
6882;69;9;0.4;0.5;82;101;0.4805825;236;237.5347;9;0
6883;69;9;0.4;0.5;83;101;0.5726141;233;237;9;0
6884;69;9;0.4;0.5;84;103;0.4633028;241;237.0097;9;2
6885;69;9;0.4;0.5;85;102;0.531746;224;236.9216;9;1
6886;69;9;0.4;0.5;86;103;0.4957627;223;236;9;2
6887;69;9;0.4;0.5;87;103;0.5778689;217;236.1845;9;2
6888;69;9;0.4;0.5;88;101;0.5580357;251;236.3465;9;0
6889;69;9;0.4;0.5;89;101;0.5737705;227;236.0099;9;0
6890;69;9;0.4;0.5;90;102;0.5275591;245;237.8725;9;1
6891;69;9;0.4;0.5;91;101;0.4214876;250;237.8218;9;0
6892;69;9;0.4;0.5;92;102;0.5247934;244;236.3627;9;1
6893;69;9;0.4;0.5;93;101;0.5;211;235.4554;9;0
6894;69;9;0.4;0.5;94;107;0.5231481;241;235.9252;9;6
6895;69;9;0.4;0.5;95;101;0.5364807;233;235.4752;9;0
6896;69;9;0.4;0.5;96;101;0.522449;221;236.4653;9;0
6897;69;9;0.4;0.5;97;101;0.5023474;255;237.8713;9;0
6898;69;9;0.4;0.5;98;115;0.4503817;230;239.0435;9;14
6899;69;9;0.4;0.5;99;105;0.5416667;247;233.8476;9;4
6900;69;9;0.4;0.5;100;104;0.4937759;229;236.9615;9;3
6901;70;11;0.4;0.5;1;102;0.5101215;237;238.3824;11;1
6902;70;11;0.4;0.5;2;103;0.5394737;236;236.6602;11;2
6903;70;11;0.4;0.5;3;101;0.512605;224;237.3366;11;0
6904;70;11;0.4;0.5;4;101;0.5151515;259;235.6436;11;0
6905;70;11;0.4;0.5;5;101;0.5170732;250;239.4752;11;0
6906;70;11;0.4;0.5;6;102;0.4537815;237;236.2745;11;1
6907;70;11;0.4;0.5;7;101;0.4919355;247;238.9703;11;0
6908;70;11;0.4;0.5;8;101;0.515625;212;236.1584;11;0
6909;70;11;0.4;0.5;9;106;0.489083;237;236.2736;11;5
6910;70;11;0.4;0.5;10;101;0.5454545;213;236.802;11;0
6911;70;11;0.4;0.5;11;101;0.4334764;251;235.0693;11;0
6912;70;11;0.4;0.5;12;101;0.4475806;224;236.4455;11;0
6913;70;11;0.4;0.5;13;101;0.5086207;217;237.9406;11;0
6914;70;11;0.4;0.5;14;101;0.4978723;235;236.3861;11;0
6915;70;11;0.4;0.5;15;102;0.4798387;259;239.0882;11;1
6916;70;11;0.4;0.5;16;110;0.5189873;217;235.9455;11;9
6917;70;11;0.4;0.5;17;104;0.5844749;227;236.875;11;3
6918;70;11;0.4;0.5;18;101;0.4576271;235;236.0594;11;0
6919;70;11;0.4;0.5;19;101;0.5308642;219;237.5347;11;0
6920;70;11;0.4;0.5;20;101;0.484375;228;237.2178;11;0
6921;70;11;0.4;0.5;21;101;0.4581498;263;237.1386;11;0
6922;70;11;0.4;0.5;22;101;0.4923664;232;236.2376;11;0
6923;70;11;0.4;0.5;23;106;0.4663677;238;236.2453;11;5
6924;70;11;0.4;0.5;24;101;0.4832536;237;234.9307;11;0
6925;70;11;0.4;0.5;25;103;0.4759825;216;237;11;2
6926;70;11;0.4;0.5;26;101;0.5364807;228;237.7426;11;0
6927;70;11;0.4;0.5;27;101;0.5183673;216;236.4752;11;0
6928;70;11;0.4;0.5;28;102;0.4908257;246;237.8039;11;1
6929;70;11;0.4;0.5;29;101;0.4615385;262;234.7723;11;0
6930;70;11;0.4;0.5;30;101;0.4958333;246;235.9505;11;0
6931;70;11;0.4;0.5;31;101;0.4369748;245;235.2376;11;0
6932;70;11;0.4;0.5;32;101;0.5043478;250;234.4752;11;0
6933;70;11;0.4;0.5;33;101;0.5291262;235;234.3564;11;0
6934;70;11;0.4;0.5;34;107;0.5090909;238;236.9346;11;6
6935;70;11;0.4;0.5;35;102;0.5579399;220;235.7941;11;1
6936;70;11;0.4;0.5;36;101;0.5466102;223;234.6832;11;0
6937;70;11;0.4;0.5;37;101;0.4458874;251;237.8119;11;0
6938;70;11;0.4;0.5;38;101;0.4412955;241;233.7624;11;0
6939;70;11;0.4;0.5;39;104;0.4776786;234;235.6058;11;3
6940;70;11;0.4;0.5;40;103;0.4939759;245;237.165;11;2
6941;70;11;0.4;0.5;41;102;0.5481172;232;237.4412;11;1
6942;70;11;0.4;0.5;42;101;0.488189;232;237.3168;11;0
6943;70;11;0.4;0.5;43;101;0.5221239;234;235.505;11;0
6944;70;11;0.4;0.5;44;103;0.5365854;245;237.3204;11;2
6945;70;11;0.4;0.5;45;104;0.5361217;198;235.7308;11;3
6946;70;11;0.4;0.5;46;101;0.5381356;244;236.9604;11;0
6947;70;11;0.4;0.5;47;102;0.5850622;220;236.6275;11;1
6948;70;11;0.4;0.5;48;104;0.437751;225;236.4038;11;3
6949;70;11;0.4;0.5;49;106;0.5458716;246;236.3585;11;5
6950;70;11;0.4;0.5;50;101;0.4553571;245;237.0297;11;0
6951;70;11;0.4;0.5;51;102;0.495935;248;237.8333;11;1
6952;70;11;0.4;0.5;52;106;0.5139442;220;236.2736;11;5
6953;70;11;0.4;0.5;53;101;0.6052632;224;236.4752;11;0
6954;70;11;0.4;0.5;54;101;0.5605381;241;236.5842;11;0
6955;70;11;0.4;0.5;55;103;0.526087;225;236.8058;11;2
6956;70;11;0.4;0.5;56;102;0.4285714;266;237.3627;11;1
6957;70;11;0.4;0.5;57;104;0.4423963;233;233.8269;11;3
6958;70;11;0.4;0.5;58;101;0.4502165;234;235.6634;11;0
6959;70;11;0.4;0.5;59;101;0.4876847;249;237.7624;11;0
6960;70;11;0.4;0.5;60;101;0.5180723;235;236.8317;11;0
6961;70;11;0.4;0.5;61;101;0.5228216;233;237.2772;11;0
6962;70;11;0.4;0.5;62;102;0.4009009;233;236.9804;11;1
6963;70;11;0.4;0.5;63;101;0.5489362;223;237.4653;11;0
6964;70;11;0.4;0.5;64;104;0.4747899;218;236.9808;11;3
6965;70;11;0.4;0.5;65;103;0.4849785;224;235.4951;11;2
6966;70;11;0.4;0.5;66;101;0.5361217;233;238.1683;11;0
6967;70;11;0.4;0.5;67;102;0.4710744;239;237.5882;11;1
6968;70;11;0.4;0.5;68;101;0.4774775;227;235.9208;11;0
6969;70;11;0.4;0.5;69;102;0.4878049;193;235.5;11;1
6970;70;11;0.4;0.5;70;101;0.4612069;240;235.6139;11;0
6971;70;11;0.4;0.5;71;102;0.4615385;208;235.2745;11;1
6972;70;11;0.4;0.5;72;101;0.3975904;232;236.505;11;0
6973;70;11;0.4;0.5;73;101;0.4980545;252;235.5446;11;0
6974;70;11;0.4;0.5;74;101;0.4268293;220;234.901;11;0
6975;70;11;0.4;0.5;75;101;0.5102041;217;238.3069;11;0
6976;70;11;0.4;0.5;76;101;0.3944223;227;236.495;11;0
6977;70;11;0.4;0.5;77;101;0.4872881;234;237.1782;11;0
6978;70;11;0.4;0.5;78;103;0.4297872;240;236.6602;11;2
6979;70;11;0.4;0.5;79;103;0.4684685;228;235.7087;11;2
6980;70;11;0.4;0.5;80;103;0.4899598;223;236.9029;11;2
6981;70;11;0.4;0.5;81;110;0.5387755;242;234.8455;11;9
6982;70;11;0.4;0.5;82;102;0.4769874;232;235.0784;11;1
6983;70;11;0.4;0.5;83;102;0.5194805;238;235.5882;11;1
6984;70;11;0.4;0.5;84;101;0.517094;234;236.3366;11;0
6985;70;11;0.4;0.5;85;101;0.5144231;269;238.8317;11;0
6986;70;11;0.4;0.5;86;104;0.509009;253;232.9519;11;3
6987;70;11;0.4;0.5;87;101;0.5;214;237.5149;11;0
6988;70;11;0.4;0.5;88;103;0.5504202;234;235.8252;11;2
6989;70;11;0.4;0.5;89;101;0.5311203;227;237.1485;11;0
6990;70;11;0.4;0.5;90;110;0.5669643;237;236.5182;11;9
6991;70;11;0.4;0.5;91;106;0.522449;243;237.8019;11;5
6992;70;11;0.4;0.5;92;102;0.4717742;256;236.6471;11;1
6993;70;11;0.4;0.5;93;101;0.5169492;241;235.7921;11;0
6994;70;11;0.4;0.5;94;101;0.4663866;239;237.8614;11;0
6995;70;11;0.4;0.5;95;103;0.5443548;253;237;11;2
6996;70;11;0.4;0.5;96;104;0.5546559;255;237.4423;11;3
6997;70;11;0.4;0.5;97;101;0.5833333;243;236.0891;11;0
6998;70;11;0.4;0.5;98;101;0.5135135;257;235.8812;11;0
6999;70;11;0.4;0.5;99;103;0.4705882;221;234.932;11;2
7000;70;11;0.4;0.5;100;101;0.4743083;233;238.9307;11;0
7001;71;13;0.4;0.5;1;101;0.4888889;254;236.7723;13;0
7002;71;13;0.4;0.5;2;102;0.4978166;248;237.7451;13;1
7003;71;13;0.4;0.5;3;103;0.4279476;249;236.7961;13;2
7004;71;13;0.4;0.5;4;101;0.4976744;230;238.6733;13;0
7005;71;13;0.4;0.5;5;105;0.4695652;236;240.2095;13;4
7006;71;13;0.4;0.5;6;101;0.51341;219;235.5842;13;0
7007;71;13;0.4;0.5;7;103;0.5232558;230;238.6117;13;2
7008;71;13;0.4;0.5;8;101;0.5588235;232;237.0396;13;0
7009;71;13;0.4;0.5;9;101;0.5225225;246;236.4158;13;0
7010;71;13;0.4;0.5;10;101;0.5;231;239.0792;13;0
7011;71;13;0.4;0.5;11;101;0.5291971;229;238.396;13;0
7012;71;13;0.4;0.5;12;101;0.4847328;212;234.0891;13;0
7013;71;13;0.4;0.5;13;106;0.4475806;212;236.6604;13;5
7014;71;13;0.4;0.5;14;104;0.487069;254;235.8654;13;3
7015;71;13;0.4;0.5;15;105;0.5253456;233;236.7429;13;4
7016;71;13;0.4;0.5;16;101;0.5168539;222;236.5644;13;0
7017;71;13;0.4;0.5;17;101;0.522449;250;237.1485;13;0
7018;71;13;0.4;0.5;18;101;0.4140969;243;237.2772;13;0
7019;71;13;0.4;0.5;19;101;0.5082645;241;235.1683;13;0
7020;71;13;0.4;0.5;20;101;0.4886878;229;237.6832;13;0
7021;71;13;0.4;0.5;21;103;0.5367965;242;238.1359;13;2
7022;71;13;0.4;0.5;22;101;0.4903475;234;237.4653;13;0
7023;71;13;0.4;0.5;23;101;0.4913793;216;235.9109;13;0
7024;71;13;0.4;0.5;24;102;0.5731225;215;238.6863;13;1
7025;71;13;0.4;0.5;25;102;0.4467213;248;237.3235;13;1
7026;71;13;0.4;0.5;26;103;0.5020243;239;236.6214;13;2
7027;71;13;0.4;0.5;27;102;0.5122951;229;237.6176;13;1
7028;71;13;0.4;0.5;28;102;0.475;249;236.6765;13;1
7029;71;13;0.4;0.5;29;107;0.4811715;219;237.3645;13;6
7030;71;13;0.4;0.5;30;104;0.4755556;233;236.0865;13;3
7031;71;13;0.4;0.5;31;105;0.5454545;233;236.7238;13;4
7032;71;13;0.4;0.5;32;101;0.502008;246;235.1683;13;0
7033;71;13;0.4;0.5;33;102;0.4537445;231;237.6569;13;1
7034;71;13;0.4;0.5;34;101;0.465812;220;236.6436;13;0
7035;71;13;0.4;0.5;35;101;0.432;193;235.505;13;0
7036;71;13;0.4;0.5;36;104;0.4823009;255;234.9327;13;3
7037;71;13;0.4;0.5;37;101;0.4645669;269;237.901;13;0
7038;71;13;0.4;0.5;38;101;0.4901186;236;237.2277;13;0
7039;71;13;0.4;0.5;39;102;0.5518868;243;235.2353;13;1
7040;71;13;0.4;0.5;40;104;0.5363636;235;235.4135;13;3
7041;71;13;0.4;0.5;41;105;0.5324675;225;237.4952;13;4
7042;71;13;0.4;0.5;42;101;0.563786;248;238.2178;13;0
7043;71;13;0.4;0.5;43;101;0.443038;247;235.1287;13;0
7044;71;13;0.4;0.5;44;101;0.4843049;249;238.1584;13;0
7045;71;13;0.4;0.5;45;101;0.4871795;246;235.4554;13;0
7046;71;13;0.4;0.5;46;101;0.5276596;239;237.7723;13;0
7047;71;13;0.4;0.5;47;101;0.587963;229;234.2772;13;0
7048;71;13;0.4;0.5;48;102;0.4736842;243;238.4608;13;1
7049;71;13;0.4;0.5;49;101;0.5728643;267;237.297;13;0
7050;71;13;0.4;0.5;50;117;0.4;230;236.4274;13;16
7051;71;13;0.4;0.5;51;104;0.4243697;249;237.3942;13;3
7052;71;13;0.4;0.5;52;101;0.5570175;254;237.0396;13;0
7053;71;13;0.4;0.5;53;101;0.5688889;220;237.2277;13;0
7054;71;13;0.4;0.5;54;101;0.5067873;252;235.3168;13;0
7055;71;13;0.4;0.5;55;109;0.5045045;254;238.4404;13;8
7056;71;13;0.4;0.5;56;103;0.5147679;234;238.2621;13;2
7057;71;13;0.4;0.5;57;102;0.4473684;249;236.9804;13;1
7058;71;13;0.4;0.5;58;101;0.4415584;241;237.4059;13;0
7059;71;13;0.4;0.5;59;101;0.5288462;247;237.2475;13;0
7060;71;13;0.4;0.5;60;102;0.5689655;235;235.951;13;1
7061;71;13;0.4;0.5;61;101;0.5923077;235;235.901;13;0
7062;71;13;0.4;0.5;62;101;0.4779116;213;235.9901;13;0
7063;71;13;0.4;0.5;63;101;0.5306122;258;237.099;13;0
7064;71;13;0.4;0.5;64;104;0.5;232;236.5962;13;3
7065;71;13;0.4;0.5;65;104;0.4831933;239;236.0577;13;3
7066;71;13;0.4;0.5;66;101;0.55;246;235.9703;13;0
7067;71;13;0.4;0.5;67;101;0.4898785;245;236.9703;13;0
7068;71;13;0.4;0.5;68;104;0.5252918;243;236.1154;13;3
7069;71;13;0.4;0.5;69;102;0.4918033;225;237.4902;13;1
7070;71;13;0.4;0.5;70;104;0.4285714;235;236.1442;13;3
7071;71;13;0.4;0.5;71;102;0.4394619;208;235.8627;13;1
7072;71;13;0.4;0.5;72;104;0.4222222;238;236.5288;13;3
7073;71;13;0.4;0.5;73;104;0.4604651;238;237.1346;13;3
7074;71;13;0.4;0.5;74;104;0.4786325;260;237.7115;13;3
7075;71;13;0.4;0.5;75;101;0.5080645;221;237.9307;13;0
7076;71;13;0.4;0.5;76;103;0.4110169;233;237.1262;13;2
7077;71;13;0.4;0.5;77;101;0.5732759;239;236.9802;13;0
7078;71;13;0.4;0.5;78;102;0.56621;228;237.9902;13;1
7079;71;13;0.4;0.5;79;102;0.4354839;212;237.3824;13;1
7080;71;13;0.4;0.5;80;101;0.5;260;238.7228;13;0
7081;71;13;0.4;0.5;81;101;0.5306122;232;237.8317;13;0
7082;71;13;0.4;0.5;82;101;0.4672131;244;237.3069;13;0
7083;71;13;0.4;0.5;83;101;0.4657534;237;238.4257;13;0
7084;71;13;0.4;0.5;84;101;0.5041322;241;235.7525;13;0
7085;71;13;0.4;0.5;85;101;0.4911504;261;235.5149;13;0
7086;71;13;0.4;0.5;86;101;0.5532787;211;236.6733;13;0
7087;71;13;0.4;0.5;87;106;0.4741379;243;237.9811;13;5
7088;71;13;0.4;0.5;88;101;0.5;235;237.8317;13;0
7089;71;13;0.4;0.5;89;103;0.4303279;221;236.7282;13;2
7090;71;13;0.4;0.5;90;101;0.4759825;255;236.5347;13;0
7091;71;13;0.4;0.5;91;105;0.5210084;237;237.7905;13;4
7092;71;13;0.4;0.5;92;101;0.5307018;239;236.1584;13;0
7093;71;13;0.4;0.5;93;102;0.4957265;228;235.8824;13;1
7094;71;13;0.4;0.5;94;108;0.4255319;237;238.7593;13;7
7095;71;13;0.4;0.5;95;102;0.4387755;257;236.7745;13;1
7096;71;13;0.4;0.5;96;103;0.4941176;218;236.6117;13;2
7097;71;13;0.4;0.5;97;101;0.5719844;252;236.3366;13;0
7098;71;13;0.4;0.5;98;108;0.5442478;235;235.5926;13;7
7099;71;13;0.4;0.5;99;101;0.5210084;243;236.7921;13;0
7100;71;13;0.4;0.5;100;102;0.4918033;242;235.2941;13;1
7101;72;15;0.4;0.5;1;101;0.5168067;235;237.198;15;0
7102;72;15;0.4;0.5;2;101;0.4606299;230;237.3366;15;0
7103;72;15;0.4;0.5;3;102;0.5021277;221;236.7745;15;1
7104;72;15;0.4;0.5;4;108;0.454955;258;237.0833;15;7
7105;72;15;0.4;0.5;5;102;0.5195312;261;237.7353;15;1
7106;72;15;0.4;0.5;6;105;0.6051502;260;239.5714;15;4
7107;72;15;0.4;0.5;7;103;0.5579399;247;236.5049;15;2
7108;72;15;0.4;0.5;8;101;0.5650558;228;236.1386;15;0
7109;72;15;0.4;0.5;9;103;0.5319149;231;236.165;15;2
7110;72;15;0.4;0.5;10;104;0.5470085;228;235.5385;15;3
7111;72;15;0.4;0.5;11;118;0.4553571;248;236.7034;15;17
7112;72;15;0.4;0.5;12;102;0.600823;213;235.4706;15;1
7113;72;15;0.4;0.5;13;103;0.5614035;240;237.0777;15;2
7114;72;15;0.4;0.5;14;101;0.5246637;224;237.2574;15;0
7115;72;15;0.4;0.5;15;105;0.5090909;258;235.5048;15;4
7116;72;15;0.4;0.5;16;101;0.4897119;211;235.3465;15;0
7117;72;15;0.4;0.5;17;105;0.4806867;237;237.3048;15;4
7118;72;15;0.4;0.5;18;101;0.4824561;245;238.7426;15;0
7119;72;15;0.4;0.5;19;101;0.5887446;237;236.5446;15;0
7120;72;15;0.4;0.5;20;105;0.468254;221;237.1429;15;4
7121;72;15;0.4;0.5;21;101;0.5045045;248;235.5644;15;0
7122;72;15;0.4;0.5;22;103;0.4263566;247;238.4466;15;2
7123;72;15;0.4;0.5;23;101;0.48;228;236.0594;15;0
7124;72;15;0.4;0.5;24;102;0.446281;223;235.902;15;1
7125;72;15;0.4;0.5;25;101;0.4744186;264;235.9703;15;0
7126;72;15;0.4;0.5;26;101;0.559387;221;236.5248;15;0
7127;72;15;0.4;0.5;27;101;0.4631148;229;237.3267;15;0
7128;72;15;0.4;0.5;28;103;0.441048;236;237.5437;15;2
7129;72;15;0.4;0.5;29;101;0.5286885;234;236.7822;15;0
7130;72;15;0.4;0.5;30;102;0.5265306;238;237.2647;15;1
7131;72;15;0.4;0.5;31;101;0.5022422;207;234.7723;15;0
7132;72;15;0.4;0.5;32;103;0.5826087;241;238.0388;15;2
7133;72;15;0.4;0.5;33;102;0.5203252;258;236.3039;15;1
7134;72;15;0.4;0.5;34;103;0.572093;244;237.5534;15;2
7135;72;15;0.4;0.5;35;101;0.5158371;239;235.7723;15;0
7136;72;15;0.4;0.5;36;103;0.5674419;229;236.6505;15;2
7137;72;15;0.4;0.5;37;101;0.4872881;224;239.1485;15;0
7138;72;15;0.4;0.5;38;102;0.4977578;256;236.4706;15;1
7139;72;15;0.4;0.5;39;109;0.4837398;237;235.633;15;8
7140;72;15;0.4;0.5;40;102;0.4794521;226;237.2255;15;1
7141;72;15;0.4;0.5;41;101;0.5196507;271;238.7228;15;0
7142;72;15;0.4;0.5;42;101;0.4675325;240;237.2673;15;0
7143;72;15;0.4;0.5;43;101;0.4341463;238;234.9307;15;0
7144;72;15;0.4;0.5;44;105;0.5205479;241;235.8095;15;4
7145;72;15;0.4;0.5;45;101;0.4645669;240;235.7723;15;0
7146;72;15;0.4;0.5;46;106;0.5191489;229;237.9811;15;5
7147;72;15;0.4;0.5;47;101;0.5131579;223;236.3564;15;0
7148;72;15;0.4;0.5;48;103;0.4612245;241;239.7379;15;2
7149;72;15;0.4;0.5;49;101;0.4868421;235;237.495;15;0
7150;72;15;0.4;0.5;50;101;0.593361;239;237.099;15;0
7151;72;15;0.4;0.5;51;101;0.5528455;264;239.5743;15;0
7152;72;15;0.4;0.5;52;102;0.4705882;231;240.1765;15;1
7153;72;15;0.4;0.5;53;104;0.4576271;228;236.4808;15;3
7154;72;15;0.4;0.5;54;101;0.5325203;227;233.9604;15;0
7155;72;15;0.4;0.5;55;104;0.4784483;255;236.4615;15;3
7156;72;15;0.4;0.5;56;104;0.4423077;222;239.4038;15;3
7157;72;15;0.4;0.5;57;102;0.4820717;225;236.6569;15;1
7158;72;15;0.4;0.5;58;104;0.4375;241;236.8173;15;3
7159;72;15;0.4;0.5;59;101;0.4771784;238;234.9208;15;0
7160;72;15;0.4;0.5;60;101;0.4978166;228;236.1881;15;0
7161;72;15;0.4;0.5;61;106;0.4385246;222;236.3019;15;5
7162;72;15;0.4;0.5;62;102;0.5365854;239;236.451;15;1
7163;72;15;0.4;0.5;63;103;0.5208333;249;238.1262;15;2
7164;72;15;0.4;0.5;64;101;0.5142857;208;238.5842;15;0
7165;72;15;0.4;0.5;65;101;0.553719;256;236.4554;15;0
7166;72;15;0.4;0.5;66;101;0.5748031;249;237.604;15;0
7167;72;15;0.4;0.5;67;101;0.5020576;247;235.7525;15;0
7168;72;15;0.4;0.5;68;101;0.4537445;240;237.4257;15;0
7169;72;15;0.4;0.5;69;101;0.4693878;253;235.5545;15;0
7170;72;15;0.4;0.5;70;102;0.4959016;237;236.9608;15;1
7171;72;15;0.4;0.5;71;101;0.5772358;227;236.9109;15;0
7172;72;15;0.4;0.5;72;101;0.5454545;231;235.7228;15;0
7173;72;15;0.4;0.5;73;101;0.5021097;235;237.3564;15;0
7174;72;15;0.4;0.5;74;101;0.488189;246;236.8317;15;0
7175;72;15;0.4;0.5;75;101;0.547619;210;236.099;15;0
7176;72;15;0.4;0.5;76;112;0.4245283;247;236.7589;15;11
7177;72;15;0.4;0.5;77;101;0.4369748;245;237.4752;15;0
7178;72;15;0.4;0.5;78;101;0.5323194;229;235.495;15;0
7179;72;15;0.4;0.5;79;102;0.4959016;226;235.5588;15;1
7180;72;15;0.4;0.5;80;101;0.458498;232;235.8911;15;0
7181;72;15;0.4;0.5;81;101;0.5634921;224;236.495;15;0
7182;72;15;0.4;0.5;82;101;0.4340426;265;236.3366;15;0
7183;72;15;0.4;0.5;83;104;0.4980695;250;235.5;15;3
7184;72;15;0.4;0.5;84;101;0.5210084;221;236.9901;15;0
7185;72;15;0.4;0.5;85;103;0.4508197;241;236.2427;15;2
7186;72;15;0.4;0.5;86;105;0.4403292;245;236.219;15;4
7187;72;15;0.4;0.5;87;101;0.4481132;249;236.198;15;0
7188;72;15;0.4;0.5;88;103;0.5344828;239;236.301;15;2
7189;72;15;0.4;0.5;89;101;0.5614035;224;237.6238;15;0
7190;72;15;0.4;0.5;90;101;0.5193798;221;237.9109;15;0
7191;72;15;0.4;0.5;91;101;0.4736842;233;237.7822;15;0
7192;72;15;0.4;0.5;92;101;0.497992;245;237.1683;15;0
7193;72;15;0.4;0.5;93;101;0.464684;244;238.7624;15;0
7194;72;15;0.4;0.5;94;102;0.4148472;228;237.9706;15;1
7195;72;15;0.4;0.5;95;101;0.5;229;238.8812;15;0
7196;72;15;0.4;0.5;96;101;0.5344828;273;237.3465;15;0
7197;72;15;0.4;0.5;97;104;0.4862385;258;236.6154;15;3
7198;72;15;0.4;0.5;98;101;0.4718615;228;236.2376;15;0
7199;72;15;0.4;0.5;99;101;0.4848485;226;237.9109;15;0
7200;72;15;0.4;0.5;100;101;0.4980545;219;238.9208;15;0
7201;73;17;0.4;0.5;1;103;0.5189873;220;237.2718;17;2
7202;73;17;0.4;0.5;2;101;0.4683544;224;235.5248;17;0
7203;73;17;0.4;0.5;3;103;0.4869565;254;236.9612;17;2
7204;73;17;0.4;0.5;4;101;0.4941634;225;236.6832;17;0
7205;73;17;0.4;0.5;5;101;0.4672131;252;238.6931;17;0
7206;73;17;0.4;0.5;6;106;0.4715447;249;237.1321;17;5
7207;73;17;0.4;0.5;7;102;0.5676856;243;237.2549;17;1
7208;73;17;0.4;0.5;8;101;0.5083333;245;236.604;17;0
7209;73;17;0.4;0.5;9;106;0.4574899;223;238.0849;17;5
7210;73;17;0.4;0.5;10;103;0.4645669;231;236.3398;17;2
7211;73;17;0.4;0.5;11;103;0.3722944;233;237.2816;17;2
7212;73;17;0.4;0.5;12;101;0.4869565;247;236.2574;17;0
7213;73;17;0.4;0.5;13;102;0.4808511;236;236.1078;17;1
7214;73;17;0.4;0.5;14;103;0.4761905;235;237.0583;17;2
7215;73;17;0.4;0.5;15;106;0.4553991;250;236;17;5
7216;73;17;0.4;0.5;16;101;0.5020576;228;235.5842;17;0
7217;73;17;0.4;0.5;17;103;0.5;229;238.3981;17;2
7218;73;17;0.4;0.5;18;101;0.4248927;237;237.3366;17;0
7219;73;17;0.4;0.5;19;104;0.5194805;270;237.7019;17;3
7220;73;17;0.4;0.5;20;103;0.4913793;250;237.4951;17;2
7221;73;17;0.4;0.5;21;103;0.5185185;236;237.6893;17;2
7222;73;17;0.4;0.5;22;101;0.5307692;238;236.5149;17;0
7223;73;17;0.4;0.5;23;102;0.5315315;244;238.0196;17;1
7224;73;17;0.4;0.5;24;101;0.5304348;229;236.0099;17;0
7225;73;17;0.4;0.5;25;101;0.4915254;220;238.604;17;0
7226;73;17;0.4;0.5;26;102;0.515873;252;234.951;17;1
7227;73;17;0.4;0.5;27;103;0.5443038;234;235.5243;17;2
7228;73;17;0.4;0.5;28;102;0.5720524;237;237.1078;17;1
7229;73;17;0.4;0.5;29;104;0.524;253;237.1827;17;3
7230;73;17;0.4;0.5;30;101;0.5062241;246;237.5644;17;0
7231;73;17;0.4;0.5;31;101;0.5666667;260;238.6832;17;0
7232;73;17;0.4;0.5;32;109;0.4915966;251;235.7798;17;8
7233;73;17;0.4;0.5;33;101;0.4692982;245;236.5842;17;0
7234;73;17;0.4;0.5;34;101;0.5217391;242;238.2376;17;0
7235;73;17;0.4;0.5;35;106;0.5183673;214;237.6132;17;5
7236;73;17;0.4;0.5;36;102;0.4932735;231;236.8529;17;1
7237;73;17;0.4;0.5;37;102;0.436;232;237.1176;17;1
7238;73;17;0.4;0.5;38;105;0.4693878;250;236.819;17;4
7239;73;17;0.4;0.5;39;101;0.5198413;244;237.3465;17;0
7240;73;17;0.4;0.5;40;101;0.4767932;235;236.0891;17;0
7241;73;17;0.4;0.5;41;107;0.5364807;246;238.5701;17;6
7242;73;17;0.4;0.5;42;101;0.4652174;249;237.1188;17;0
7243;73;17;0.4;0.5;43;104;0.4806202;234;236.5096;17;3
7244;73;17;0.4;0.5;44;101;0.5423729;251;237.3465;17;0
7245;73;17;0.4;0.5;45;101;0.5381356;244;238.6931;17;0
7246;73;17;0.4;0.5;46;101;0.4388186;248;235.1584;17;0
7247;73;17;0.4;0.5;47;103;0.5188285;238;235.7379;17;2
7248;73;17;0.4;0.5;48;101;0.4672489;239;234.2772;17;0
7249;73;17;0.4;0.5;49;101;0.4666667;217;235.5545;17;0
7250;73;17;0.4;0.5;50;103;0.4901186;221;235.699;17;2
7251;73;17;0.4;0.5;51;103;0.5702128;222;235.7767;17;2
7252;73;17;0.4;0.5;52;104;0.4849785;233;238.7981;17;3
7253;73;17;0.4;0.5;53;102;0.5177866;221;235.3333;17;1
7254;73;17;0.4;0.5;54;102;0.4338843;225;237.4608;17;1
7255;73;17;0.4;0.5;55;101;0.5454545;251;237.3168;17;0
7256;73;17;0.4;0.5;56;101;0.4700461;227;236.6832;17;0
7257;73;17;0.4;0.5;57;101;0.5296443;213;238.1683;17;0
7258;73;17;0.4;0.5;58;103;0.440678;230;237.3981;17;2
7259;73;17;0.4;0.5;59;101;0.5219298;230;235.6337;17;0
7260;73;17;0.4;0.5;60;101;0.4521073;256;239.4059;17;0
7261;73;17;0.4;0.5;61;102;0.5396825;234;237.0294;17;1
7262;73;17;0.4;0.5;62;102;0.5806452;238;237.1275;17;1
7263;73;17;0.4;0.5;63;101;0.482906;252;237.7525;17;0
7264;73;17;0.4;0.5;64;101;0.4609053;241;237.4752;17;0
7265;73;17;0.4;0.5;65;103;0.5;245;237.6893;17;2
7266;73;17;0.4;0.5;66;101;0.5261044;228;237.2178;17;0
7267;73;17;0.4;0.5;67;106;0.5372549;226;236.434;17;5
7268;73;17;0.4;0.5;68;102;0.4896266;222;235.902;17;1
7269;73;17;0.4;0.5;69;111;0.4644195;239;235.7928;17;10
7270;73;17;0.4;0.5;70;101;0.5430712;227;235.0693;17;0
7271;73;17;0.4;0.5;71;101;0.5438596;225;236.8119;17;0
7272;73;17;0.4;0.5;72;106;0.5409836;221;236.217;17;5
7273;73;17;0.4;0.5;73;104;0.4978355;237;236.4135;17;3
7274;73;17;0.4;0.5;74;106;0.4642857;241;237.0283;17;5
7275;73;17;0.4;0.5;75;102;0.4608696;243;236.9314;17;1
7276;73;17;0.4;0.5;76;101;0.5536481;235;237.7822;17;0
7277;73;17;0.4;0.5;77;101;0.5021277;238;235.7129;17;0
7278;73;17;0.4;0.5;78;101;0.552;237;236.3069;17;0
7279;73;17;0.4;0.5;79;101;0.5206612;239;238.0891;17;0
7280;73;17;0.4;0.5;80;104;0.5375494;227;237.2115;17;3
7281;73;17;0.4;0.5;81;101;0.5550239;229;235.8911;17;0
7282;73;17;0.4;0.5;82;101;0.443038;253;236.5743;17;0
7283;73;17;0.4;0.5;83;102;0.4541833;215;236.7157;17;1
7284;73;17;0.4;0.5;84;101;0.4979079;241;238.5644;17;0
7285;73;17;0.4;0.5;85;105;0.4361233;253;238.8571;17;4
7286;73;17;0.4;0.5;86;102;0.5044643;225;235.7059;17;1
7287;73;17;0.4;0.5;87;107;0.4979592;224;235.2991;17;6
7288;73;17;0.4;0.5;88;101;0.4235808;241;236.5149;17;0
7289;73;17;0.4;0.5;89;101;0.4615385;239;236.9109;17;0
7290;73;17;0.4;0.5;90;101;0.5703704;234;237.0594;17;0
7291;73;17;0.4;0.5;91;102;0.4384615;236;237;17;1
7292;73;17;0.4;0.5;92;101;0.5284553;243;235.7822;17;0
7293;73;17;0.4;0.5;93;103;0.4008621;249;234.4369;17;2
7294;73;17;0.4;0.5;94;101;0.4607843;240;235.9505;17;0
7295;73;17;0.4;0.5;95;109;0.5153846;215;235.7982;17;8
7296;73;17;0.4;0.5;96;103;0.5019763;238;236.8738;17;2
7297;73;17;0.4;0.5;97;101;0.416309;233;236.3366;17;0
7298;73;17;0.4;0.5;98;104;0.4808511;261;237.6635;17;3
7299;73;17;0.4;0.5;99;103;0.5592417;243;236.5534;17;2
7300;73;17;0.4;0.5;100;102;0.493617;230;237.598;17;1
7301;74;19;0.4;0.5;1;101;0.4534413;225;236.2277;19;0
7302;74;19;0.4;0.5;2;101;0.454902;241;237.6832;19;0
7303;74;19;0.4;0.5;3;113;0.4661017;242;237.2478;19;12
7304;74;19;0.4;0.5;4;101;0.5720721;237;236.8515;19;0
7305;74;19;0.4;0.5;5;103;0.5541667;226;236.6699;19;2
7306;74;19;0.4;0.5;6;101;0.4736842;256;236.2277;19;0
7307;74;19;0.4;0.5;7;102;0.4801444;233;236.6275;19;1
7308;74;19;0.4;0.5;8;102;0.4526749;219;237.8725;19;1
7309;74;19;0.4;0.5;9;101;0.4743083;247;237.9802;19;0
7310;74;19;0.4;0.5;10;103;0.4453782;246;234.8835;19;2
7311;74;19;0.4;0.5;11;102;0.5154185;228;237.9412;19;1
7312;74;19;0.4;0.5;12;101;0.507109;237;236.3168;19;0
7313;74;19;0.4;0.5;13;101;0.5296804;244;236.7525;19;0
7314;74;19;0.4;0.5;14;101;0.5458167;226;236.703;19;0
7315;74;19;0.4;0.5;15;101;0.5154185;233;235.4158;19;0
7316;74;19;0.4;0.5;16;105;0.4176245;207;234.3714;19;4
7317;74;19;0.4;0.5;17;103;0.5829787;247;236.9612;19;2
7318;74;19;0.4;0.5;18;105;0.502008;245;237.181;19;4
7319;74;19;0.4;0.5;19;102;0.474359;236;235.8137;19;1
7320;74;19;0.4;0.5;20;103;0.5344828;251;237.1165;19;2
7321;74;19;0.4;0.5;21;102;0.4454148;238;235.5;19;1
7322;74;19;0.4;0.5;22;102;0.5983607;253;237.2059;19;1
7323;74;19;0.4;0.5;23;103;0.5514403;213;238.3689;19;2
7324;74;19;0.4;0.5;24;102;0.4;239;238.4412;19;1
7325;74;19;0.4;0.5;25;101;0.5428571;245;236.7822;19;0
7326;74;19;0.4;0.5;26;103;0.4525862;235;235.9515;19;2
7327;74;19;0.4;0.5;27;104;0.4521739;234;235.5096;19;3
7328;74;19;0.4;0.5;28;102;0.5504202;260;237.1275;19;1
7329;74;19;0.4;0.5;29;101;0.4774775;253;235.7723;19;0
7330;74;19;0.4;0.5;30;102;0.5474138;243;236.3431;19;1
7331;74;19;0.4;0.5;31;103;0.5400844;248;239.0485;19;2
7332;74;19;0.4;0.5;32;101;0.4784483;250;236.8317;19;0
7333;74;19;0.4;0.5;33;118;0.4396552;226;235.6864;19;17
7334;74;19;0.4;0.5;34;102;0.3991031;251;235.3627;19;1
7335;74;19;0.4;0.5;35;104;0.425;250;238.1731;19;3
7336;74;19;0.4;0.5;36;101;0.5256917;227;235.1386;19;0
7337;74;19;0.4;0.5;37;103;0.5932203;233;236.3204;19;2
7338;74;19;0.4;0.5;38;101;0.4830918;251;238.4752;19;0
7339;74;19;0.4;0.5;39;102;0.5043478;214;234.8431;19;1
7340;74;19;0.4;0.5;40;103;0.5263158;247;235.5049;19;2
7341;74;19;0.4;0.5;41;102;0.5;213;236.6569;19;1
7342;74;19;0.4;0.5;42;106;0.4476987;247;236.1698;19;5
7343;74;19;0.4;0.5;43;101;0.4953704;230;237.0594;19;0
7344;74;19;0.4;0.5;44;102;0.437247;240;237.9216;19;1
7345;74;19;0.4;0.5;45;101;0.452381;225;236.5743;19;0
7346;74;19;0.4;0.5;46;116;0.5242718;239;236.9224;19;15
7347;74;19;0.4;0.5;47;101;0.3821138;236;237.3069;19;0
7348;74;19;0.4;0.5;48;103;0.4470588;230;237.3786;19;2
7349;74;19;0.4;0.5;49;101;0.5474138;212;235.5446;19;0
7350;74;19;0.4;0.5;50;103;0.5111111;254;235.8058;19;2
7351;74;19;0.4;0.5;51;101;0.472119;208;238.4752;19;0
7352;74;19;0.4;0.5;52;102;0.4535714;218;235.902;19;1
7353;74;19;0.4;0.5;53;104;0.5573123;229;236.5769;19;3
7354;74;19;0.4;0.5;54;101;0.4644351;228;235.703;19;0
7355;74;19;0.4;0.5;55;101;0.525641;237;236.2772;19;0
7356;74;19;0.4;0.5;56;101;0.5399061;248;237.9109;19;0
7357;74;19;0.4;0.5;57;103;0.5276596;244;235.7379;19;2
7358;74;19;0.4;0.5;58;101;0.4444444;231;235.3762;19;0
7359;74;19;0.4;0.5;59;101;0.4861111;230;234.7327;19;0
7360;74;19;0.4;0.5;60;107;0.5378151;209;235.1589;19;6
7361;74;19;0.4;0.5;61;106;0.4767932;233;237.5094;19;5
7362;74;19;0.4;0.5;62;102;0.5040984;223;236.3725;19;1
7363;74;19;0.4;0.5;63;107;0.3907563;239;236.4766;19;6
7364;74;19;0.4;0.5;64;101;0.4661355;231;235.7822;19;0
7365;74;19;0.4;0.5;65;112;0.4342629;257;236.4286;19;11
7366;74;19;0.4;0.5;66;101;0.4765957;240;234.8416;19;0
7367;74;19;0.4;0.5;67;102;0.6075949;245;237.1373;19;1
7368;74;19;0.4;0.5;68;101;0.5042735;248;235.8911;19;0
7369;74;19;0.4;0.5;69;108;0.526087;267;237.25;19;7
7370;74;19;0.4;0.5;70;102;0.5155556;233;236.6961;19;1
7371;74;19;0.4;0.5;71;101;0.5446809;209;236.9406;19;0
7372;74;19;0.4;0.5;72;101;0.512931;245;236.6139;19;0
7373;74;19;0.4;0.5;73;101;0.4663677;252;238.3564;19;0
7374;74;19;0.4;0.5;74;101;0.4698276;227;237.4554;19;0
7375;74;19;0.4;0.5;75;104;0.5147679;236;235.1635;19;3
7376;74;19;0.4;0.5;76;101;0.4608295;260;238.2475;19;0
7377;74;19;0.4;0.5;77;101;0.454955;225;235.4752;19;0
7378;74;19;0.4;0.5;78;101;0.501992;229;234.6832;19;0
7379;74;19;0.4;0.5;79;101;0.4946237;214;236.4554;19;0
7380;74;19;0.4;0.5;80;104;0.5435685;225;236.1442;19;3
7381;74;19;0.4;0.5;81;102;0.5275591;239;236.5;19;1
7382;74;19;0.4;0.5;82;101;0.5514403;242;237.9802;19;0
7383;74;19;0.4;0.5;83;101;0.51341;223;236.6238;19;0
7384;74;19;0.4;0.5;84;101;0.465587;226;236.4752;19;0
7385;74;19;0.4;0.5;85;101;0.4919355;237;236.6139;19;0
7386;74;19;0.4;0.5;86;101;0.5042373;252;235.8812;19;0
7387;74;19;0.4;0.5;87;102;0.5375;265;237.8137;19;1
7388;74;19;0.4;0.5;88;101;0.4784483;247;234.7723;19;0
7389;74;19;0.4;0.5;89;101;0.4896266;247;237.4257;19;0
7390;74;19;0.4;0.5;90;101;0.5252101;253;237.9505;19;0
7391;74;19;0.4;0.5;91;103;0.5422222;204;238.5243;19;2
7392;74;19;0.4;0.5;92;101;0.5512821;225;237.7525;19;0
7393;74;19;0.4;0.5;93;103;0.5598291;238;237.1165;19;2
7394;74;19;0.4;0.5;94;101;0.4941176;222;235.6238;19;0
7395;74;19;0.4;0.5;95;101;0.3716814;259;237.2871;19;0
7396;74;19;0.4;0.5;96;101;0.5609756;239;238.0792;19;0
7397;74;19;0.4;0.5;97;101;0.5951417;254;237.6931;19;0
7398;74;19;0.4;0.5;98;101;0.5612648;224;238.7921;19;0
7399;74;19;0.4;0.5;99;101;0.5;242;238.3762;19;0
7400;74;19;0.4;0.5;100;102;0.4938272;224;236.5784;19;1
7401;75;21;0.4;0.5;1;102;0.5661765;227;236.1863;21;1
7402;75;21;0.4;0.5;2;104;0.4765957;234;237.6731;21;3
7403;75;21;0.4;0.5;3;102;0.504065;246;237.049;21;1
7404;75;21;0.4;0.5;4;101;0.5042373;235;236.7723;21;0
7405;75;21;0.4;0.5;5;103;0.5555556;209;235.1845;21;2
7406;75;21;0.4;0.5;6;101;0.4833333;255;235.901;21;0
7407;75;21;0.4;0.5;7;101;0.559322;231;236.6535;21;0
7408;75;21;0.4;0.5;8;112;0.4661355;223;236.0446;21;11
7409;75;21;0.4;0.5;9;102;0.4747899;236;237.5882;21;1
7410;75;21;0.4;0.5;10;102;0.4769874;229;237.1863;21;1
7411;75;21;0.4;0.5;11;105;0.4032258;221;235.7048;21;4
7412;75;21;0.4;0.5;12;101;0.4681818;221;235.8119;21;0
7413;75;21;0.4;0.5;13;103;0.5684647;244;237.6117;21;2
7414;75;21;0.4;0.5;14;105;0.3937008;236;236.4571;21;4
7415;75;21;0.4;0.5;15;102;0.5156951;264;235.2647;21;1
7416;75;21;0.4;0.5;16;101;0.4732143;232;234.604;21;0
7417;75;21;0.4;0.5;17;102;0.5466102;247;235.8529;21;1
7418;75;21;0.4;0.5;18;103;0.5406504;223;237.8544;21;2
7419;75;21;0.4;0.5;19;106;0.5;258;237.6415;21;5
7420;75;21;0.4;0.5;20;102;0.4805195;248;235.8137;21;1
7421;75;21;0.4;0.5;21;106;0.527027;248;235.1226;21;5
7422;75;21;0.4;0.5;22;104;0.5473251;245;238.0288;21;3
7423;75;21;0.4;0.5;23;101;0.5150215;248;237.1485;21;0
7424;75;21;0.4;0.5;24;101;0.48;233;238.8713;21;0
7425;75;21;0.4;0.5;25;101;0.4369748;225;234.8812;21;0
7426;75;21;0.4;0.5;26;102;0.4915254;263;236.1667;21;1
7427;75;21;0.4;0.5;27;103;0.5800866;240;236.0194;21;2
7428;75;21;0.4;0.5;28;101;0.5;254;237.2376;21;0
7429;75;21;0.4;0.5;29;102;0.5104603;244;235.7647;21;1
7430;75;21;0.4;0.5;30;101;0.4853556;231;237.6832;21;0
7431;75;21;0.4;0.5;31;103;0.4534884;218;236.3204;21;2
7432;75;21;0.4;0.5;32;101;0.4855967;238;236.2673;21;0
7433;75;21;0.4;0.5;33;101;0.4823529;225;237.7327;21;0
7434;75;21;0.4;0.5;34;105;0.4782609;243;236.5905;21;4
7435;75;21;0.4;0.5;35;104;0.5565611;229;236.4231;21;3
7436;75;21;0.4;0.5;36;101;0.4806867;232;235.5842;21;0
7437;75;21;0.4;0.5;37;101;0.4932127;225;236.2574;21;0
7438;75;21;0.4;0.5;38;103;0.3333333;259;239.3398;21;2
7439;75;21;0.4;0.5;39;109;0.5041322;231;236.4404;21;8
7440;75;21;0.4;0.5;40;101;0.6081081;236;235.9703;21;0
7441;75;21;0.4;0.5;41;101;0.5368852;230;237.2178;21;0
7442;75;21;0.4;0.5;42;104;0.5418502;246;236.4038;21;3
7443;75;21;0.4;0.5;43;102;0.5439331;211;237.2353;21;1
7444;75;21;0.4;0.5;44;105;0.4254386;238;235.5524;21;4
7445;75;21;0.4;0.5;45;101;0.552;224;236.8416;21;0
7446;75;21;0.4;0.5;46;101;0.4424779;250;235.5941;21;0
7447;75;21;0.4;0.5;47;102;0.5107296;224;237.2843;21;1
7448;75;21;0.4;0.5;48;103;0.5570175;239;236.6311;21;2
7449;75;21;0.4;0.5;49;102;0.5089286;248;236.598;21;1
7450;75;21;0.4;0.5;50;101;0.5371901;236;235.2079;21;0
7451;75;21;0.4;0.5;51;109;0.5288462;238;235.5688;21;8
7452;75;21;0.4;0.5;52;101;0.4672489;240;236.4455;21;0
7453;75;21;0.4;0.5;53;107;0.5236052;217;235.4953;21;6
7454;75;21;0.4;0.5;54;102;0.5212355;238;237.902;21;1
7455;75;21;0.4;0.5;55;101;0.4807692;233;237.6238;21;0
7456;75;21;0.4;0.5;56;101;0.5643154;247;237.0495;21;0
7457;75;21;0.4;0.5;57;108;0.4506438;238;237.213;21;7
7458;75;21;0.4;0.5;58;101;0.4503817;223;236.1188;21;0
7459;75;21;0.4;0.5;59;101;0.5829787;239;235.3861;21;0
7460;75;21;0.4;0.5;60;102;0.4826087;255;236.5294;21;1
7461;75;21;0.4;0.5;61;102;0.473251;257;236.7353;21;1
7462;75;21;0.4;0.5;62;101;0.4229075;232;236.8416;21;0
7463;75;21;0.4;0.5;63;101;0.5362903;240;236.8317;21;0
7464;75;21;0.4;0.5;64;101;0.5336323;241;237.6634;21;0
7465;75;21;0.4;0.5;65;101;0.5021645;235;238.1287;21;0
7466;75;21;0.4;0.5;66;101;0.5829384;239;235.5842;21;0
7467;75;21;0.4;0.5;67;101;0.4933921;249;238.0891;21;0
7468;75;21;0.4;0.5;68;101;0.4553571;222;236.0792;21;0
7469;75;21;0.4;0.5;69;103;0.4813278;240;235.0291;21;2
7470;75;21;0.4;0.5;70;102;0.4848485;258;237.1176;21;1
7471;75;21;0.4;0.5;71;101;0.6056911;231;236.6931;21;0
7472;75;21;0.4;0.5;72;102;0.6123348;260;237.5098;21;1
7473;75;21;0.4;0.5;73;102;0.4122807;256;237.451;21;1
7474;75;21;0.4;0.5;74;101;0.5606695;249;236.6634;21;0
7475;75;21;0.4;0.5;75;106;0.4322034;223;236.6604;21;5
7476;75;21;0.4;0.5;76;102;0.5405405;261;237.3725;21;1
7477;75;21;0.4;0.5;77;108;0.4844961;207;237.1759;21;7
7478;75;21;0.4;0.5;78;101;0.4980545;249;237.0594;21;0
7479;75;21;0.4;0.5;79;101;0.5541667;241;239.1287;21;0
7480;75;21;0.4;0.5;80;104;0.5120968;243;237.4904;21;3
7481;75;21;0.4;0.5;81;101;0.5040323;236;236.505;21;0
7482;75;21;0.4;0.5;82;101;0.4935622;248;235.1782;21;0
7483;75;21;0.4;0.5;83;101;0.4688797;235;235.5941;21;0
7484;75;21;0.4;0.5;84;101;0.497992;252;237.4752;21;0
7485;75;21;0.4;0.5;85;101;0.5020921;238;237.1188;21;0
7486;75;21;0.4;0.5;86;102;0.4741379;240;237.3039;21;1
7487;75;21;0.4;0.5;87;102;0.4137931;264;237.0686;21;1
7488;75;21;0.4;0.5;88;102;0.5844749;247;235.2647;21;1
7489;75;21;0.4;0.5;89;101;0.460251;224;235.9901;21;0
7490;75;21;0.4;0.5;90;101;0.4810127;222;235.9703;21;0
7491;75;21;0.4;0.5;91;102;0.5521739;212;237.2843;21;1
7492;75;21;0.4;0.5;92;116;0.4449339;248;235.5345;21;15
7493;75;21;0.4;0.5;93;118;0.5182186;220;236.1186;21;17
7494;75;21;0.4;0.5;94;101;0.4609053;217;234.7228;21;0
7495;75;21;0.4;0.5;95;101;0.5040323;233;236.3663;21;0
7496;75;21;0.4;0.5;96;101;0.4682927;239;235.297;21;0
7497;75;21;0.4;0.5;97;103;0.48;256;238.7864;21;2
7498;75;21;0.4;0.5;98;101;0.5576037;240;236.2376;21;0
7499;75;21;0.4;0.5;99;103;0.5814978;259;235.5534;21;2
7500;75;21;0.4;0.5;100;105;0.3931624;251;235.7238;21;4
7501;76;23;0.4;0.5;1;102;0.4857143;214;238.0196;23;1
7502;76;23;0.4;0.5;2;101;0.4212598;226;237.3861;23;0
7503;76;23;0.4;0.5;3;103;0.4084507;228;237.5922;23;2
7504;76;23;0.4;0.5;4;106;0.4753363;247;239.4528;23;5
7505;76;23;0.4;0.5;5;102;0.4841629;232;237.3529;23;1
7506;76;23;0.4;0.5;6;101;0.416309;208;236.297;23;0
7507;76;23;0.4;0.5;7;102;0.5208333;247;236.1373;23;1
7508;76;23;0.4;0.5;8;101;0.482906;227;236.6931;23;0
7509;76;23;0.4;0.5;9;101;0.5409836;255;236.2475;23;0
7510;76;23;0.4;0.5;10;102;0.4549763;237;237.2059;23;1
7511;76;23;0.4;0.5;11;102;0.5045045;244;237.0098;23;1
7512;76;23;0.4;0.5;12;101;0.3760331;234;238.1386;23;0
7513;76;23;0.4;0.5;13;102;0.4334764;239;237.9902;23;1
7514;76;23;0.4;0.5;14;101;0.4672489;250;236.1881;23;0
7515;76;23;0.4;0.5;15;101;0.5217391;213;236.2475;23;0
7516;76;23;0.4;0.5;16;101;0.4717742;219;237.7327;23;0
7517;76;23;0.4;0.5;17;101;0.454918;229;235.9307;23;0
7518;76;23;0.4;0.5;18;101;0.5238095;226;236.3564;23;0
7519;76;23;0.4;0.5;19;101;0.5536481;228;235.4257;23;0
7520;76;23;0.4;0.5;20;101;0.5355649;219;237.2772;23;0
7521;76;23;0.4;0.5;21;102;0.4567901;257;237.0098;23;1
7522;76;23;0.4;0.5;22;101;0.4605809;226;236.6634;23;0
7523;76;23;0.4;0.5;23;103;0.4773663;242;236.4951;23;2
7524;76;23;0.4;0.5;24;103;0.4415584;265;236.8544;23;2
7525;76;23;0.4;0.5;25;101;0.3974359;222;235.3168;23;0
7526;76;23;0.4;0.5;26;101;0.5205479;249;236.8614;23;0
7527;76;23;0.4;0.5;27;101;0.481982;234;236.7822;23;0
7528;76;23;0.4;0.5;28;101;0.4342105;240;237.6139;23;0
7529;76;23;0.4;0.5;29;104;0.5236052;257;235.7019;23;3
7530;76;23;0.4;0.5;30;101;0.5140562;233;236.5347;23;0
7531;76;23;0.4;0.5;31;101;0.4628099;234;237.1287;23;0
7532;76;23;0.4;0.5;32;101;0.474359;212;236.7228;23;0
7533;76;23;0.4;0.5;33;103;0.5502008;255;237.2816;23;2
7534;76;23;0.4;0.5;34;102;0.4875;237;236.7157;23;1
7535;76;23;0.4;0.5;35;102;0.5;248;237.8235;23;1
7536;76;23;0.4;0.5;36;101;0.4291339;251;236.1188;23;0
7537;76;23;0.4;0.5;37;101;0.5169492;222;234.9604;23;0
7538;76;23;0.4;0.5;38;104;0.5304348;226;235.6346;23;3
7539;76;23;0.4;0.5;39;110;0.4911504;243;237.2818;23;9
7540;76;23;0.4;0.5;40;101;0.4537037;255;237.3366;23;0
7541;76;23;0.4;0.5;41;105;0.464135;241;237.1143;23;4
7542;76;23;0.4;0.5;42;102;0.4309623;256;236.8235;23;1
7543;76;23;0.4;0.5;43;101;0.4698276;240;236.5941;23;0
7544;76;23;0.4;0.5;44;102;0.4380531;245;236.7647;23;1
7545;76;23;0.4;0.5;45;105;0.5100402;256;236.4095;23;4
7546;76;23;0.4;0.5;46;102;0.5578512;245;237.3627;23;1
7547;76;23;0.4;0.5;47;104;0.4481132;223;234.75;23;3
7548;76;23;0.4;0.5;48;101;0.5222222;223;237.703;23;0
7549;76;23;0.4;0.5;49;103;0.4423077;224;238.3398;23;2
7550;76;23;0.4;0.5;50;101;0.4847162;262;236.2079;23;0
7551;76;23;0.4;0.5;51;101;0.5432099;219;235.1881;23;0
7552;76;23;0.4;0.5;52;101;0.5;218;236.1683;23;0
7553;76;23;0.4;0.5;53;103;0.3682008;222;235.6699;23;2
7554;76;23;0.4;0.5;54;102;0.5296804;227;235.7451;23;1
7555;76;23;0.4;0.5;55;103;0.3983051;236;237.8641;23;2
7556;76;23;0.4;0.5;56;101;0.4684685;240;234.703;23;0
7557;76;23;0.4;0.5;57;101;0.4771784;225;237.6634;23;0
7558;76;23;0.4;0.5;58;102;0.4180328;240;235.7549;23;1
7559;76;23;0.4;0.5;59;101;0.4791667;230;237.5644;23;0
7560;76;23;0.4;0.5;60;102;0.5107296;230;236.7843;23;1
7561;76;23;0.4;0.5;61;103;0.5061224;222;236.7767;23;2
7562;76;23;0.4;0.5;62;103;0.4426877;234;236.8932;23;2
7563;76;23;0.4;0.5;63;101;0.5697211;227;237.1683;23;0
7564;76;23;0.4;0.5;64;101;0.512931;257;237.0594;23;0
7565;76;23;0.4;0.5;65;103;0.5446809;222;235.6796;23;2
7566;76;23;0.4;0.5;66;103;0.509009;236;235.1456;23;2
7567;76;23;0.4;0.5;67;102;0.5226337;229;234.4216;23;1
7568;76;23;0.4;0.5;68;101;0.5679012;217;235.8515;23;0
7569;76;23;0.4;0.5;69;103;0.4565217;225;236.466;23;2
7570;76;23;0.4;0.5;70;101;0.5065502;251;236.7624;23;0
7571;76;23;0.4;0.5;71;102;0.4212766;260;237.6569;23;1
7572;76;23;0.4;0.5;72;104;0.4789916;239;233.9231;23;3
7573;76;23;0.4;0.5;73;101;0.4139344;240;236.3366;23;0
7574;76;23;0.4;0.5;74;101;0.4746544;230;236.5743;23;0
7575;76;23;0.4;0.5;75;101;0.493617;197;235.802;23;0
7576;76;23;0.4;0.5;76;102;0.4615385;257;237.8235;23;1
7577;76;23;0.4;0.5;77;101;0.5196507;242;236.1287;23;0
7578;76;23;0.4;0.5;78;101;0.5435685;244;234.9901;23;0
7579;76;23;0.4;0.5;79;103;0.4125;242;237.6893;23;2
7580;76;23;0.4;0.5;80;101;0.5550847;232;236.1584;23;0
7581;76;23;0.4;0.5;81;103;0.6200873;252;236.5146;23;2
7582;76;23;0.4;0.5;82;101;0.472103;223;235.8812;23;0
7583;76;23;0.4;0.5;83;102;0.5087719;234;236.8039;23;1
7584;76;23;0.4;0.5;84;104;0.5512821;230;237.5769;23;3
7585;76;23;0.4;0.5;85;101;0.5466667;234;236;23;0
7586;76;23;0.4;0.5;86;101;0.5363636;235;236.505;23;0
7587;76;23;0.4;0.5;87;105;0.5783133;236;237.8476;23;4
7588;76;23;0.4;0.5;88;101;0.4871795;219;236.3366;23;0
7589;76;23;0.4;0.5;89;101;0.4476987;241;239.4554;23;0
7590;76;23;0.4;0.5;90;103;0.5232558;240;237.1942;23;2
7591;76;23;0.4;0.5;91;109;0.5283843;239;235.2385;23;8
7592;76;23;0.4;0.5;92;102;0.4398148;246;237.2647;23;1
7593;76;23;0.4;0.5;93;104;0.5959184;224;236.5865;23;3
7594;76;23;0.4;0.5;94;101;0.5041322;212;238.2574;23;0
7595;76;23;0.4;0.5;95;104;0.4727273;236;236.7885;23;3
7596;76;23;0.4;0.5;96;103;0.510917;243;238.7476;23;2
7597;76;23;0.4;0.5;97;102;0.5267857;222;237.9314;23;1
7598;76;23;0.4;0.5;98;103;0.4541833;226;236.699;23;2
7599;76;23;0.4;0.5;99;116;0.5814978;206;236.6293;23;15
7600;76;23;0.4;0.5;100;103;0.4734513;252;238.8932;23;2
7601;77;25;0.4;0.5;1;101;0.5243902;234;237.2673;25;0
7602;77;25;0.4;0.5;2;103;0.470852;245;235.8641;25;2
7603;77;25;0.4;0.5;3;104;0.4860558;247;234.8462;25;3
7604;77;25;0.4;0.5;4;101;0.4913043;226;235.6733;25;0
7605;77;25;0.4;0.5;5;101;0.5594714;233;238.6535;25;0
7606;77;25;0.4;0.5;6;101;0.4876033;224;236.2772;25;0
7607;77;25;0.4;0.5;7;101;0.520362;249;234.9406;25;0
7608;77;25;0.4;0.5;8;101;0.5351562;234;236.7723;25;0
7609;77;25;0.4;0.5;9;102;0.4868421;241;237.3333;25;1
7610;77;25;0.4;0.5;10;101;0.6176471;203;236.2475;25;0
7611;77;25;0.4;0.5;11;106;0.5591837;258;236.7736;25;5
7612;77;25;0.4;0.5;12;101;0.496063;216;237.4257;25;0
7613;77;25;0.4;0.5;13;102;0.5;219;235.6765;25;1
7614;77;25;0.4;0.5;14;101;0.5;232;237.5743;25;0
7615;77;25;0.4;0.5;15;101;0.4625;233;237.6139;25;0
7616;77;25;0.4;0.5;16;101;0.5442478;246;237.9208;25;0
7617;77;25;0.4;0.5;17;103;0.4663866;227;237.6893;25;2
7618;77;25;0.4;0.5;18;101;0.5708661;235;237.6535;25;0
7619;77;25;0.4;0.5;19;101;0.4497992;258;236.5941;25;0
7620;77;25;0.4;0.5;20;102;0.4638783;214;235.5;25;1
7621;77;25;0.4;0.5;21;103;0.5179283;228;236.2427;25;2
7622;77;25;0.4;0.5;22;102;0.4979253;237;237.2451;25;1
7623;77;25;0.4;0.5;23;103;0.5974026;260;238.8058;25;2
7624;77;25;0.4;0.5;24;101;0.5254237;234;235.802;25;0
7625;77;25;0.4;0.5;25;101;0.5625;250;236.7921;25;0
7626;77;25;0.4;0.5;26;101;0.5225225;243;236.0495;25;0
7627;77;25;0.4;0.5;27;101;0.5402844;244;238.3168;25;0
7628;77;25;0.4;0.5;28;102;0.5;242;238.0686;25;1
7629;77;25;0.4;0.5;29;101;0.5140187;257;237.1683;25;0
7630;77;25;0.4;0.5;30;102;0.4875;221;237.0392;25;1
7631;77;25;0.4;0.5;31;102;0.5470852;241;237;25;1
7632;77;25;0.4;0.5;32;101;0.5512821;243;237.0099;25;0
7633;77;25;0.4;0.5;33;104;0.5306122;241;237.1346;25;3
7634;77;25;0.4;0.5;34;103;0.5123967;234;238.5049;25;2
7635;77;25;0.4;0.5;35;105;0.4824561;243;235.9905;25;4
7636;77;25;0.4;0.5;36;102;0.5183673;252;235.0098;25;1
7637;77;25;0.4;0.5;37;102;0.4980545;227;236.7843;25;1
7638;77;25;0.4;0.5;38;101;0.4976526;231;235.604;25;0
7639;77;25;0.4;0.5;39;102;0.4854772;245;238.3431;25;1
7640;77;25;0.4;0.5;40;101;0.3991228;245;236.3069;25;0
7641;77;25;0.4;0.5;41;101;0.4780876;233;237.3564;25;0
7642;77;25;0.4;0.5;42;101;0.4493392;233;238.6337;25;0
7643;77;25;0.4;0.5;43;101;0.4576271;244;236.396;25;0
7644;77;25;0.4;0.5;44;108;0.5177866;208;235.9537;25;7
7645;77;25;0.4;0.5;45;101;0.5603448;208;235.4554;25;0
7646;77;25;0.4;0.5;46;105;0.4170213;238;236.819;25;4
7647;77;25;0.4;0.5;47;101;0.5361702;214;235.8614;25;0
7648;77;25;0.4;0.5;48;101;0.4772727;244;235.3762;25;0
7649;77;25;0.4;0.5;49;105;0.5474138;238;238.1429;25;4
7650;77;25;0.4;0.5;50;101;0.4806867;229;235.4554;25;0
7651;77;25;0.4;0.5;51;102;0.5787234;224;235.7549;25;1
7652;77;25;0.4;0.5;52;101;0.5194805;231;236.099;25;0
7653;77;25;0.4;0.5;53;101;0.3861789;226;236.5347;25;0
7654;77;25;0.4;0.5;54;104;0.4669261;221;236.25;25;3
7655;77;25;0.4;0.5;55;101;0.4915966;269;237.198;25;0
7656;77;25;0.4;0.5;56;101;0.5327511;229;234.9604;25;0
7657;77;25;0.4;0.5;57;104;0.517094;249;236.625;25;3
7658;77;25;0.4;0.5;58;102;0.4892704;250;235.5196;25;1
7659;77;25;0.4;0.5;59;114;0.4458874;238;237.2719;25;13
7660;77;25;0.4;0.5;60;101;0.5080645;245;237.7228;25;0
7661;77;25;0.4;0.5;61;102;0.4855769;239;236.1078;25;1
7662;77;25;0.4;0.5;62;101;0.4659091;242;235.4851;25;0
7663;77;25;0.4;0.5;63;102;0.4804688;237;237.4608;25;1
7664;77;25;0.4;0.5;64;102;0.4618321;246;237.7647;25;1
7665;77;25;0.4;0.5;65;105;0.440678;237;236.8762;25;4
7666;77;25;0.4;0.5;66;101;0.4841629;233;235.8218;25;0
7667;77;25;0.4;0.5;67;102;0.5466102;239;237.8039;25;1
7668;77;25;0.4;0.5;68;103;0.4034335;218;236.2718;25;2
7669;77;25;0.4;0.5;69;102;0.5098814;235;237.2059;25;1
7670;77;25;0.4;0.5;70;105;0.5;235;237.5429;25;4
7671;77;25;0.4;0.5;71;104;0.5661157;240;239.5;25;3
7672;77;25;0.4;0.5;72;101;0.5512821;254;234.9901;25;0
7673;77;25;0.4;0.5;73;101;0.4761905;245;235.3366;25;0
7674;77;25;0.4;0.5;74;101;0.4910714;236;238.3366;25;0
7675;77;25;0.4;0.5;75;103;0.4834711;254;236.2718;25;2
7676;77;25;0.4;0.5;76;101;0.5327869;240;236.198;25;0
7677;77;25;0.4;0.5;77;103;0.4723404;223;235.466;25;2
7678;77;25;0.4;0.5;78;102;0.5;224;236.2157;25;1
7679;77;25;0.4;0.5;79;103;0.5541126;243;237.1845;25;2
7680;77;25;0.4;0.5;80;105;0.5092937;271;237.0476;25;4
7681;77;25;0.4;0.5;81;104;0.4647303;239;236.7019;25;3
7682;77;25;0.4;0.5;82;103;0.4074074;218;237.1359;25;2
7683;77;25;0.4;0.5;83;101;0.4827586;260;237.297;25;0
7684;77;25;0.4;0.5;84;101;0.4621849;228;237.3366;25;0
7685;77;25;0.4;0.5;85;101;0.4728033;251;239.3762;25;0
7686;77;25;0.4;0.5;86;102;0.468;216;234.0588;25;1
7687;77;25;0.4;0.5;87;101;0.4618644;246;238.2871;25;0
7688;77;25;0.4;0.5;88;106;0.4504132;234;236.2453;25;5
7689;77;25;0.4;0.5;89;101;0.5782609;236;236.9109;25;0
7690;77;25;0.4;0.5;90;101;0.5263158;221;236.3267;25;0
7691;77;25;0.4;0.5;91;102;0.4855967;217;234.7549;25;1
7692;77;25;0.4;0.5;92;101;0.4571429;239;236.9703;25;0
7693;77;25;0.4;0.5;93;101;0.5240175;241;236.901;25;0
7694;77;25;0.4;0.5;94;106;0.4615385;229;237.9623;25;5
7695;77;25;0.4;0.5;95;101;0.5462185;261;237.8515;25;0
7696;77;25;0.4;0.5;96;101;0.4619048;245;235.4851;25;0
7697;77;25;0.4;0.5;97;112;0.4854772;224;237.5625;25;11
7698;77;25;0.4;0.5;98;105;0.4239631;255;235.9333;25;4
7699;77;25;0.4;0.5;99;101;0.5564202;211;236.2376;25;0
7700;77;25;0.4;0.5;100;101;0.4959677;239;237.2673;25;0
7701;78;27;0.4;0.5;1;108;0.4099099;248;238.2963;27;7
7702;78;27;0.4;0.5;2;105;0.6052632;253;235.3143;27;4
7703;78;27;0.4;0.5;3;101;0.5106383;226;236.1089;27;0
7704;78;27;0.4;0.5;4;102;0.4889868;257;236.7353;27;1
7705;78;27;0.4;0.5;5;101;0.5;256;238.2277;27;0
7706;78;27;0.4;0.5;6;101;0.4886878;256;235.7327;27;0
7707;78;27;0.4;0.5;7;107;0.5617021;252;237.2336;27;6
7708;78;27;0.4;0.5;8;101;0.5276596;264;236.1089;27;0
7709;78;27;0.4;0.5;9;103;0.579646;249;236.699;27;2
7710;78;27;0.4;0.5;10;101;0.5089286;233;233.6535;27;0
7711;78;27;0.4;0.5;11;103;0.5387597;224;236.6117;27;2
7712;78;27;0.4;0.5;12;104;0.6056338;251;235.4519;27;3
7713;78;27;0.4;0.5;13;104;0.5147679;236;237.0288;27;3
7714;78;27;0.4;0.5;14;101;0.5156951;227;236.2871;27;0
7715;78;27;0.4;0.5;15;101;0.5043103;223;237.901;27;0
7716;78;27;0.4;0.5;16;101;0.491453;232;238.0396;27;0
7717;78;27;0.4;0.5;17;104;0.5186916;222;237.4038;27;3
7718;78;27;0.4;0.5;18;101;0.4317181;238;235.7723;27;0
7719;78;27;0.4;0.5;19;101;0.5560166;224;238.0099;27;0
7720;78;27;0.4;0.5;20;101;0.4955752;254;237.1287;27;0
7721;78;27;0.4;0.5;21;102;0.5042735;209;236.4902;27;1
7722;78;27;0.4;0.5;22;104;0.5586854;219;236.9135;27;3
7723;78;27;0.4;0.5;23;101;0.4581498;237;233.6931;27;0
7724;78;27;0.4;0.5;24;101;0.5165289;226;237.0792;27;0
7725;78;27;0.4;0.5;25;102;0.4537445;237;236.4804;27;1
7726;78;27;0.4;0.5;26;103;0.4285714;234;234.8544;27;2
7727;78;27;0.4;0.5;27;103;0.5823755;213;234.8932;27;2
7728;78;27;0.4;0.5;28;101;0.4816327;252;235.6832;27;0
7729;78;27;0.4;0.5;29;102;0.4612245;239;236.8431;27;1
7730;78;27;0.4;0.5;30;108;0.5714286;225;237.4074;27;7
7731;78;27;0.4;0.5;31;103;0.508;233;235.8155;27;2
7732;78;27;0.4;0.5;32;103;0.5378151;249;237.9612;27;2
7733;78;27;0.4;0.5;33;101;0.512605;239;236.1485;27;0
7734;78;27;0.4;0.5;34;101;0.5119617;246;237.2178;27;0
7735;78;27;0.4;0.5;35;101;0.5103734;238;235.2178;27;0
7736;78;27;0.4;0.5;36;101;0.4878049;253;237.2475;27;0
7737;78;27;0.4;0.5;37;101;0.4896266;234;236.5743;27;0
7738;78;27;0.4;0.5;38;101;0.4867257;201;238.7525;27;0
7739;78;27;0.4;0.5;39;101;0.5171103;251;236.3564;27;0
7740;78;27;0.4;0.5;40;101;0.4937759;243;234.4752;27;0
7741;78;27;0.4;0.5;41;101;0.4978723;225;236.7822;27;0
7742;78;27;0.4;0.5;42;101;0.5708155;252;236.0594;27;0
7743;78;27;0.4;0.5;43;104;0.470852;246;237.0481;27;3
7744;78;27;0.4;0.5;44;102;0.6046512;233;234.6961;27;1
7745;78;27;0.4;0.5;45;101;0.5100402;228;236.1881;27;0
7746;78;27;0.4;0.5;46;105;0.4907407;259;237.419;27;4
7747;78;27;0.4;0.5;47;102;0.5742972;239;235.2353;27;1
7748;78;27;0.4;0.5;48;101;0.5111111;238;237.0891;27;0
7749;78;27;0.4;0.5;49;101;0.519084;232;235.8515;27;0
7750;78;27;0.4;0.5;50;101;0.5267857;240;235.5446;27;0
7751;78;27;0.4;0.5;51;101;0.5966387;229;235.901;27;0
7752;78;27;0.4;0.5;52;101;0.5564854;239;236.1287;27;0
7753;78;27;0.4;0.5;53;106;0.5103734;250;235.783;27;5
7754;78;27;0.4;0.5;54;101;0.5327869;224;236.1584;27;0
7755;78;27;0.4;0.5;55;102;0.4820717;240;237.5;27;1
7756;78;27;0.4;0.5;56;101;0.4957265;237;236.4356;27;0
7757;78;27;0.4;0.5;57;101;0.5837104;250;237.0495;27;0
7758;78;27;0.4;0.5;58;102;0.4758065;246;235.0686;27;1
7759;78;27;0.4;0.5;59;101;0.5067873;232;237.6535;27;0
7760;78;27;0.4;0.5;60;101;0.4417671;255;233.9109;27;0
7761;78;27;0.4;0.5;61;101;0.5707965;242;238.1782;27;0
7762;78;27;0.4;0.5;62;101;0.4556452;216;236.198;27;0
7763;78;27;0.4;0.5;63;101;0.4497817;226;237.099;27;0
7764;78;27;0.4;0.5;64;102;0.5663717;218;237.1765;27;1
7765;78;27;0.4;0.5;65;101;0.5508475;259;237.5941;27;0
7766;78;27;0.4;0.5;66;104;0.4427481;215;236.7788;27;3
7767;78;27;0.4;0.5;67;102;0.5877551;245;236.4804;27;1
7768;78;27;0.4;0.5;68;103;0.4644351;232;235.5437;27;2
7769;78;27;0.4;0.5;69;103;0.4919355;244;236.7379;27;2
7770;78;27;0.4;0.5;70;103;0.4355556;266;237.2136;27;2
7771;78;27;0.4;0.5;71;109;0.4741036;254;236.1927;27;8
7772;78;27;0.4;0.5;72;101;0.4685039;242;236.8911;27;0
7773;78;27;0.4;0.5;73;102;0.4502165;278;236.7549;27;1
7774;78;27;0.4;0.5;74;101;0.5774059;246;235.4554;27;0
7775;78;27;0.4;0.5;75;101;0.5120968;219;237.9901;27;0
7776;78;27;0.4;0.5;76;103;0.4325397;224;236.4854;27;2
7777;78;27;0.4;0.5;77;102;0.5039683;235;236.9804;27;1
7778;78;27;0.4;0.5;78;102;0.5127119;248;237.5588;27;1
7779;78;27;0.4;0.5;79;101;0.5146444;205;234.8119;27;0
7780;78;27;0.4;0.5;80;101;0.491453;241;236.495;27;0
7781;78;27;0.4;0.5;81;102;0.5102041;218;236.2549;27;1
7782;78;27;0.4;0.5;82;102;0.506383;246;237.8333;27;1
7783;78;27;0.4;0.5;83;101;0.460251;256;237.9802;27;0
7784;78;27;0.4;0.5;84;101;0.5186722;226;235.7129;27;0
7785;78;27;0.4;0.5;85;101;0.5462555;228;236.3564;27;0
7786;78;27;0.4;0.5;86;101;0.4488189;242;236.2475;27;0
7787;78;27;0.4;0.5;87;105;0.4621514;229;236.0095;27;4
7788;78;27;0.4;0.5;88;101;0.5280374;248;234.7426;27;0
7789;78;27;0.4;0.5;89;104;0.497992;240;236.1731;27;3
7790;78;27;0.4;0.5;90;101;0.4857143;223;235.4356;27;0
7791;78;27;0.4;0.5;91;101;0.5584906;239;235.5743;27;0
7792;78;27;0.4;0.5;92;102;0.5213675;214;236.7451;27;1
7793;78;27;0.4;0.5;93;104;0.5767635;224;236.625;27;3
7794;78;27;0.4;0.5;94;104;0.4625551;234;236.7404;27;3
7795;78;27;0.4;0.5;95;102;0.45;236;236.2941;27;1
7796;78;27;0.4;0.5;96;101;0.5021277;243;237.0594;27;0
7797;78;27;0.4;0.5;97;103;0.484;240;236.6699;27;2
7798;78;27;0.4;0.5;98;104;0.5560345;265;234.6827;27;3
7799;78;27;0.4;0.5;99;101;0.5163934;242;235.8812;27;0
7800;78;27;0.4;0.5;100;101;0.4803493;236;235.6832;27;0
7801;79;29;0.4;0.5;1;101;0.44;264;235.9802;29;0
7802;79;29;0.4;0.5;2;101;0.4497992;238;237.1485;29;0
7803;79;29;0.4;0.5;3;101;0.4814815;211;236.099;29;0
7804;79;29;0.4;0.5;4;101;0.5102881;212;236.3267;29;0
7805;79;29;0.4;0.5;5;109;0.4579832;230;236.8807;29;8
7806;79;29;0.4;0.5;6;107;0.4625;246;239.0187;29;6
7807;79;29;0.4;0.5;7;103;0.4273859;207;236.8544;29;2
7808;79;29;0.4;0.5;8;101;0.4117647;247;235.1485;29;0
7809;79;29;0.4;0.5;9;105;0.4038462;253;237.0286;29;4
7810;79;29;0.4;0.5;10;110;0.4217391;226;234.5636;29;9
7811;79;29;0.4;0.5;11;103;0.48583;236;235.6214;29;2
7812;79;29;0.4;0.5;12;101;0.5166667;208;236.3366;29;0
7813;79;29;0.4;0.5;13;108;0.4458333;233;236.25;29;7
7814;79;29;0.4;0.5;14;103;0.5;235;236.6214;29;2
7815;79;29;0.4;0.5;15;106;0.5023041;260;235.8868;29;5
7816;79;29;0.4;0.5;16;101;0.5148936;258;237.9307;29;0
7817;79;29;0.4;0.5;17;101;0.4379845;238;235.6436;29;0
7818;79;29;0.4;0.5;18;101;0.5;234;236.7129;29;0
7819;79;29;0.4;0.5;19;102;0.5081967;212;237.6961;29;1
7820;79;29;0.4;0.5;20;103;0.5021277;247;239.3592;29;2
7821;79;29;0.4;0.5;21;101;0.5061728;242;235.9802;29;0
7822;79;29;0.4;0.5;22;101;0.468254;229;237.9406;29;0
7823;79;29;0.4;0.5;23;101;0.4759825;237;238.1188;29;0
7824;79;29;0.4;0.5;24;101;0.4177215;241;236.297;29;0
7825;79;29;0.4;0.5;25;102;0.5470085;238;235.7255;29;1
7826;79;29;0.4;0.5;26;101;0.5390625;231;236.2574;29;0
7827;79;29;0.4;0.5;27;101;0.4681818;245;237;29;0
7828;79;29;0.4;0.5;28;102;0.4978355;241;238.6863;29;1
7829;79;29;0.4;0.5;29;105;0.4705882;204;236.3714;29;4
7830;79;29;0.4;0.5;30;102;0.5221675;251;236.4216;29;1
7831;79;29;0.4;0.5;31;102;0.4826087;227;237.6667;29;1
7832;79;29;0.4;0.5;32;101;0.4132231;225;235.1188;29;0
7833;79;29;0.4;0.5;33;105;0.477551;232;237.7905;29;4
7834;79;29;0.4;0.5;34;101;0.4669604;213;236.3366;29;0
7835;79;29;0.4;0.5;35;101;0.4849785;234;235.5644;29;0
7836;79;29;0.4;0.5;36;101;0.4522822;217;235.9703;29;0
7837;79;29;0.4;0.5;37;106;0.4743083;204;238.3208;29;5
7838;79;29;0.4;0.5;38;102;0.5041667;203;236.5882;29;1
7839;79;29;0.4;0.5;39;102;0.536;242;236.6078;29;1
7840;79;29;0.4;0.5;40;101;0.4618474;220;235.6931;29;0
7841;79;29;0.4;0.5;41;104;0.4391304;223;237.2404;29;3
7842;79;29;0.4;0.5;42;104;0.5234375;226;237.4327;29;3
7843;79;29;0.4;0.5;43;102;0.5493562;245;235.5294;29;1
7844;79;29;0.4;0.5;44;101;0.4979592;241;238.6238;29;0
7845;79;29;0.4;0.5;45;101;0.5330579;208;237.0099;29;0
7846;79;29;0.4;0.5;46;102;0.4897119;246;236.7451;29;1
7847;79;29;0.4;0.5;47;110;0.495935;218;234.9;29;9
7848;79;29;0.4;0.5;48;101;0.5267857;229;234.2772;29;0
7849;79;29;0.4;0.5;49;101;0.4732143;237;235.6931;29;0
7850;79;29;0.4;0.5;50;101;0.5555556;240;237.6634;29;0
7851;79;29;0.4;0.5;51;101;0.5065502;255;238.099;29;0
7852;79;29;0.4;0.5;52;105;0.4493927;219;237.6286;29;4
7853;79;29;0.4;0.5;53;102;0.4131455;236;235.8725;29;1
7854;79;29;0.4;0.5;54;104;0.5081301;243;235.3654;29;3
7855;79;29;0.4;0.5;55;102;0.5263158;263;235.8529;29;1
7856;79;29;0.4;0.5;56;101;0.484127;236;235.9604;29;0
7857;79;29;0.4;0.5;57;103;0.5918367;227;236.8932;29;2
7858;79;29;0.4;0.5;58;104;0.5319149;249;237.7115;29;3
7859;79;29;0.4;0.5;59;102;0.5163934;257;238.1667;29;1
7860;79;29;0.4;0.5;60;102;0.5059289;228;236.1471;29;1
7861;79;29;0.4;0.5;61;104;0.42723;237;235.8462;29;3
7862;79;29;0.4;0.5;62;101;0.4567901;236;236.703;29;0
7863;79;29;0.4;0.5;63;106;0.5570175;257;235.2264;29;5
7864;79;29;0.4;0.5;64;102;0.5392157;263;235.9118;29;1
7865;79;29;0.4;0.5;65;101;0.5316456;212;237.198;29;0
7866;79;29;0.4;0.5;66;103;0.5122951;233;235.5631;29;2
7867;79;29;0.4;0.5;67;101;0.5427136;258;235.802;29;0
7868;79;29;0.4;0.5;68;103;0.4957627;255;236.9126;29;2
7869;79;29;0.4;0.5;69;101;0.540856;232;235.2277;29;0
7870;79;29;0.4;0.5;70;102;0.4941176;237;236.6667;29;1
7871;79;29;0.4;0.5;71;102;0.4854772;242;237.9314;29;1
7872;79;29;0.4;0.5;72;104;0.4940711;235;239.2308;29;3
7873;79;29;0.4;0.5;73;102;0.5344828;241;237.3333;29;1
7874;79;29;0.4;0.5;74;106;0.5603113;249;237.6792;29;5
7875;79;29;0.4;0.5;75;108;0.5438596;241;234.9444;29;7
7876;79;29;0.4;0.5;76;101;0.4859438;240;236.6832;29;0
7877;79;29;0.4;0.5;77;102;0.416309;255;238.549;29;1
7878;79;29;0.4;0.5;78;101;0.5436508;226;236.8218;29;0
7879;79;29;0.4;0.5;79;102;0.517094;239;235.8627;29;1
7880;79;29;0.4;0.5;80;101;0.5856574;225;235.8812;29;0
7881;79;29;0.4;0.5;81;105;0.493617;242;237.3619;29;4
7882;79;29;0.4;0.5;82;101;0.5381356;210;236.2079;29;0
7883;79;29;0.4;0.5;83;104;0.492126;222;235.0769;29;3
7884;79;29;0.4;0.5;84;101;0.527027;249;236.2475;29;0
7885;79;29;0.4;0.5;85;101;0.4666667;245;237.495;29;0
7886;79;29;0.4;0.5;86;103;0.3916667;227;236.5146;29;2
7887;79;29;0.4;0.5;87;101;0.5363636;257;238.1881;29;0
7888;79;29;0.4;0.5;88;101;0.5194805;229;237.6139;29;0
7889;79;29;0.4;0.5;89;103;0.5122951;225;237.8447;29;2
7890;79;29;0.4;0.5;90;104;0.4083333;232;236.125;29;3
7891;79;29;0.4;0.5;91;101;0.6099585;222;237.9901;29;0
7892;79;29;0.4;0.5;92;106;0.4857143;247;236.783;29;5
7893;79;29;0.4;0.5;93;101;0.5641026;239;236.4158;29;0
7894;79;29;0.4;0.5;94;101;0.4761905;250;234.495;29;0
7895;79;29;0.4;0.5;95;102;0.4723404;239;237.2941;29;1
7896;79;29;0.4;0.5;96;101;0.474359;235;237.7426;29;0
7897;79;29;0.4;0.5;97;107;0.4684685;235;234.9907;29;6
7898;79;29;0.4;0.5;98;102;0.5491071;243;235.598;29;1
7899;79;29;0.4;0.5;99;101;0.5210728;208;236.198;29;0
7900;79;29;0.4;0.5;100;101;0.543379;232;236.3663;29;0
7901;80;224;0.4;0.5;1;101;0.4273128;258;237.5545;223.2178;0
7902;80;224;0.4;0.5;2;101;0.4681818;235;236.5545;222.6436;0
7903;80;224;0.4;0.5;3;101;0.4586777;231;236.4653;223.0693;0
7904;80;224;0.4;0.5;4;104;0.4351852;239;236.0192;222.9135;3
7905;80;224;0.4;0.5;5;101;0.4459459;266;235.802;222.4158;0
7906;80;224;0.4;0.5;6;102;0.4369748;188;236.7255;222.5294;1
7907;80;224;0.4;0.5;7;102;0.56621;243;238.0294;222.1275;1
7908;80;224;0.4;0.5;8;102;0.4700461;253;236.3627;222.049;1
7909;80;224;0.4;0.5;9;103;0.455814;244;237.3107;222.8932;2
7910;80;224;0.4;0.5;10;102;0.5663717;247;236.402;222.549;1
7911;80;224;0.4;0.5;11;101;0.5591837;254;237.4554;222.5941;0
7912;80;224;0.4;0.5;12;101;0.5112108;242;235.9208;221.6238;0
7913;80;224;0.4;0.5;13;101;0.4158879;276;237.5248;222.1683;0
7914;80;224;0.4;0.5;14;101;0.4736842;238;236.2871;223.2376;0
7915;80;224;0.4;0.5;15;102;0.4683544;223;236.6569;222.3137;1
7916;80;224;0.4;0.5;16;103;0.492126;217;237.0291;222.6602;2
7917;80;224;0.4;0.5;17;102;0.5045455;238;235.6667;222.2647;1
7918;80;224;0.4;0.5;18;101;0.5020921;213;236.6832;222.7921;0
7919;80;224;0.4;0.5;19;101;0.5;208;236.0594;222.8812;0
7920;80;224;0.4;0.5;20;101;0.4918699;216;236.8416;222.0495;0
7921;80;224;0.4;0.5;21;101;0.4568966;245;237.1386;222.8614;0
7922;80;224;0.4;0.5;22;103;0.4705882;226;236.4466;222.9806;2
7923;80;224;0.4;0.5;23;101;0.5087719;254;235.9109;222.5941;0
7924;80;224;0.4;0.5;24;103;0.4625551;253;238.6019;222.5049;2
7925;80;224;0.4;0.5;25;102;0.5088496;210;236.0294;222.049;1
7926;80;224;0.4;0.5;26;103;0.4586777;255;236.9515;222.0388;2
7927;80;224;0.4;0.5;27;101;0.4851064;230;237.3168;223.2277;0
7928;80;224;0.4;0.5;28;101;0.5324074;251;235.901;223.1287;0
7929;80;224;0.4;0.5;29;101;0.5104603;212;236.7921;223.1584;0
7930;80;224;0.4;0.5;30;102;0.4489796;243;237.2255;223.1373;1
7931;80;224;0.4;0.5;31;104;0.4065041;254;235.1827;222.5288;3
7932;80;224;0.4;0.5;32;102;0.5754717;261;236.4706;223.2549;1
7933;80;224;0.4;0.5;33;102;0.444898;231;235.2843;222.0098;1
7934;80;224;0.4;0.5;34;101;0.4598214;278;237.2178;222.2475;0
7935;80;224;0.4;0.5;35;101;0.5478261;230;236.297;223.1485;0
7936;80;224;0.4;0.5;36;101;0.5371179;256;236.3861;223.1881;0
7937;80;224;0.4;0.5;37;110;0.4358974;230;237.3;222.4909;9
7938;80;224;0.4;0.5;38;106;0.5418327;224;237.6226;223.1509;5
7939;80;224;0.4;0.5;39;102;0.4526749;250;236.9608;222.8627;1
7940;80;224;0.4;0.5;40;101;0.5;255;238.0495;223.6535;0
7941;80;224;0.4;0.5;41;109;0.4361233;254;236.2752;222.8349;8
7942;80;224;0.4;0.5;42;102;0.5619835;243;236.3627;222.6078;1
7943;80;224;0.4;0.5;43;102;0.493617;225;234.1471;222.7745;1
7944;80;224;0.4;0.5;44;102;0.5165289;236;236.6863;222.6765;1
7945;80;224;0.4;0.5;45;101;0.4857143;244;236.495;222.4653;0
7946;80;224;0.4;0.5;46;102;0.4615385;205;236.0686;222.9314;1
7947;80;224;0.4;0.5;47;103;0.4831933;227;236.1262;222.8544;2
7948;80;224;0.4;0.5;48;101;0.5194805;231;237.4653;223.0297;0
7949;80;224;0.4;0.5;49;101;0.4663866;258;238.9208;223.4752;0
7950;80;224;0.4;0.5;50;102;0.5877551;247;236.6765;223.1569;1
7951;80;224;0.4;0.5;51;102;0.4299065;257;238.4412;222.8333;1
7952;80;224;0.4;0.5;52;103;0.4978723;245;236.7379;222.8544;2
7953;80;224;0.4;0.5;53;102;0.5133929;225;236.0686;222.1176;1
7954;80;224;0.4;0.5;54;101;0.4504132;240;237.1782;222.5149;0
7955;80;224;0.4;0.5;55;101;0.557377;240;237.0693;222.9208;0
7956;80;224;0.4;0.5;56;105;0.5210084;251;236.6476;223.1143;4
7957;80;224;0.4;0.5;57;101;0.526971;228;238.505;222.7822;0
7958;80;224;0.4;0.5;58;101;0.5162791;244;235.3663;222.2871;0
7959;80;224;0.4;0.5;59;101;0.5495868;222;238;222.8713;0
7960;80;224;0.4;0.5;60;104;0.6024096;240;236.9808;222.5096;3
7961;80;224;0.4;0.5;61;104;0.4599156;224;237.125;222.4615;3
7962;80;224;0.4;0.5;62;101;0.4801762;230;237.1683;223.2673;0
7963;80;224;0.4;0.5;63;101;0.5116279;254;236.3366;222.4257;0
7964;80;224;0.4;0.5;64;103;0.4736842;231;236.6602;223.0388;2
7965;80;224;0.4;0.5;65;104;0.5049505;256;237.2019;222.5673;3
7966;80;224;0.4;0.5;66;101;0.490566;218;237.4356;222.3861;0
7967;80;224;0.4;0.5;67;104;0.5194805;255;238.1635;222.8942;3
7968;80;224;0.4;0.5;68;101;0.4502165;237;236.6931;222.8812;0
7969;80;224;0.4;0.5;69;101;0.4722222;252;236.4158;222.8218;0
7970;80;224;0.4;0.5;70;102;0.5222672;198;237.2647;222.6765;1
7971;80;224;0.4;0.5;71;105;0.512605;243;236.8952;222.8857;4
7972;80;224;0.4;0.5;72;101;0.5466102;236;238.2772;223.0099;0
7973;80;224;0.4;0.5;73;101;0.5230126;235;235.3861;222.0495;0
7974;80;224;0.4;0.5;74;102;0.5042017;237;237;223.0784;1
7975;80;224;0.4;0.5;75;101;0.492;240;235.5446;222.5347;0
7976;80;224;0.4;0.5;76;104;0.5;220;236.4615;222.9519;3
7977;80;224;0.4;0.5;77;102;0.4460094;239;237.3922;222.4706;1
7978;80;224;0.4;0.5;78;101;0.4583333;238;236.2772;222.7723;0
7979;80;224;0.4;0.5;79;101;0.5021277;239;236;222.9208;0
7980;80;224;0.4;0.5;80;103;0.4587156;248;235.9806;222.7573;2
7981;80;224;0.4;0.5;81;103;0.4852321;239;238.0485;222.5243;2
7982;80;224;0.4;0.5;82;101;0.5;233;237.5248;222.8119;0
7983;80;224;0.4;0.5;83;101;0.5289256;244;236.0099;222.7723;0
7984;80;224;0.4;0.5;84;102;0.4225941;219;237.7451;223.1275;1
7985;80;224;0.4;0.5;85;106;0.4048583;264;238.5189;222.6792;5
7986;80;224;0.4;0.5;86;101;0.5543071;245;237.4851;222.7228;0
7987;80;224;0.4;0.5;87;101;0.5058824;227;236.8911;222.0396;0
7988;80;224;0.4;0.5;88;101;0.5689655;251;237.6832;222.9109;0
7989;80;224;0.4;0.5;89;102;0.492;227;237.402;223.2941;1
7990;80;224;0.4;0.5;90;101;0.543379;248;234.396;222.3861;0
7991;80;224;0.4;0.5;91;104;0.5315315;230;236.875;222.2885;3
7992;80;224;0.4;0.5;92;101;0.4772727;216;233.9901;221.4851;0
7993;80;224;0.4;0.5;93;102;0.4850746;240;239.6373;223.3922;1
7994;80;224;0.4;0.5;94;101;0.4631148;237;237.495;222.6931;0
7995;80;224;0.4;0.5;95;101;0.4961832;209;236.6436;222.0396;0
7996;80;224;0.4;0.5;96;102;0.4810127;221;236.6863;223.402;1
7997;80;224;0.4;0.5;97;101;0.4708029;221;237.4455;222.1287;0
7998;80;224;0.4;0.5;98;101;0.4382979;238;235.9406;222.2277;0
7999;80;224;0.4;0.5;99;101;0.4747899;260;235.4653;222.0099;0
8000;80;224;0.4;0.5;100;101;0.5284553;233;236.5347;222.3168;0
8001;81;1;0.5;0.5;1;102;0.5435685;218;237.4216;1;1
8002;81;1;0.5;0.5;2;103;0.547619;221;236.4563;1;2
8003;81;1;0.5;0.5;3;101;0.4581498;239;236.4059;1;0
8004;81;1;0.5;0.5;4;102;0.4980695;233;234.9902;1;1
8005;81;1;0.5;0.5;5;101;0.4862745;252;237.6535;1;0
8006;81;1;0.5;0.5;6;102;0.4245283;231;237.4118;1;1
8007;81;1;0.5;0.5;7;113;0.5714286;231;237.4336;1;12
8008;81;1;0.5;0.5;8;101;0.4933921;245;236.0891;1;0
8009;81;1;0.5;0.5;9;101;0.4845815;239;234.8317;1;0
8010;81;1;0.5;0.5;10;102;0.5275229;226;236.4118;1;1
8011;81;1;0.5;0.5;11;102;0.5;247;236.5196;1;1
8012;81;1;0.5;0.5;12;101;0.5060729;228;235.802;1;0
8013;81;1;0.5;0.5;13;101;0.5198413;216;235.5248;1;0
8014;81;1;0.5;0.5;14;101;0.5324675;225;237.1881;1;0
8015;81;1;0.5;0.5;15;108;0.5183673;239;236.1667;1;7
8016;81;1;0.5;0.5;16;102;0.5020921;237;235.5784;1;1
8017;81;1;0.5;0.5;17;101;0.5809129;223;235.7327;1;0
8018;81;1;0.5;0.5;18;101;0.3772727;281;236.1089;1;0
8019;81;1;0.5;0.5;19;102;0.4609375;244;235.6471;1;1
8020;81;1;0.5;0.5;20;104;0.6046512;281;235.0288;1;3
8021;81;1;0.5;0.5;21;102;0.5462185;242;236.6176;1;1
8022;81;1;0.5;0.5;22;102;0.5104603;247;236.0686;1;1
8023;81;1;0.5;0.5;23;101;0.4683544;243;237.8218;1;0
8024;81;1;0.5;0.5;24;102;0.5083333;234;237.5784;1;1
8025;81;1;0.5;0.5;25;103;0.4958678;214;237.6505;1;2
8026;81;1;0.5;0.5;26;104;0.4705882;239;237.8173;1;3
8027;81;1;0.5;0.5;27;101;0.4871795;233;237.505;1;0
8028;81;1;0.5;0.5;28;101;0.5271967;230;237.3069;1;0
8029;81;1;0.5;0.5;29;102;0.492;223;236.1961;1;1
8030;81;1;0.5;0.5;30;102;0.4672131;220;237.098;1;1
8031;81;1;0.5;0.5;31;101;0.48;246;235.3861;1;0
8032;81;1;0.5;0.5;32;104;0.4273859;233;236.0962;1;3
8033;81;1;0.5;0.5;33;101;0.4217391;243;238.7624;1;0
8034;81;1;0.5;0.5;34;102;0.465812;241;235.402;1;1
8035;81;1;0.5;0.5;35;102;0.5387755;231;237.1275;1;1
8036;81;1;0.5;0.5;36;104;0.4528302;260;238.4423;1;3
8037;81;1;0.5;0.5;37;107;0.4525862;229;236.2056;1;6
8038;81;1;0.5;0.5;38;101;0.4508929;237;236.0495;1;0
8039;81;1;0.5;0.5;39;103;0.4509804;241;235.9612;1;2
8040;81;1;0.5;0.5;40;108;0.5319149;253;236.3889;1;7
8041;81;1;0.5;0.5;41;102;0.5084034;243;234.8529;1;1
8042;81;1;0.5;0.5;42;102;0.5462555;218;237.1373;1;1
8043;81;1;0.5;0.5;43;101;0.5748988;247;237.3267;1;0
8044;81;1;0.5;0.5;44;102;0.661157;245;237.098;1;1
8045;81;1;0.5;0.5;45;104;0.580786;241;237.2788;1;3
8046;81;1;0.5;0.5;46;102;0.5374449;227;237.5098;1;1
8047;81;1;0.5;0.5;47;102;0.5341365;254;236.7745;1;1
8048;81;1;0.5;0.5;48;102;0.4806867;238;236.8333;1;1
8049;81;1;0.5;0.5;49;103;0.5294118;229;235.4757;1;2
8050;81;1;0.5;0.5;50;105;0.5349794;249;238.3714;1;4
8051;81;1;0.5;0.5;51;102;0.5238095;245;237.2647;1;1
8052;81;1;0.5;0.5;52;101;0.5225564;224;235.5842;1;0
8053;81;1;0.5;0.5;53;101;0.4855967;243;238.7723;1;0
8054;81;1;0.5;0.5;54;103;0.5497835;249;235.9806;1;2
8055;81;1;0.5;0.5;55;103;0.4224138;237;235.4175;1;2
8056;81;1;0.5;0.5;56;103;0.4137931;230;236.0097;1;2
8057;81;1;0.5;0.5;57;102;0.4886364;235;237.951;1;1
8058;81;1;0.5;0.5;58;103;0.536;215;236.7087;1;2
8059;81;1;0.5;0.5;59;101;0.4552846;233;238.297;1;0
8060;81;1;0.5;0.5;60;101;0.5069124;227;236.5545;1;0
8061;81;1;0.5;0.5;61;102;0.5280374;244;235.8529;1;1
8062;81;1;0.5;0.5;62;101;0.5041322;224;236.2574;1;0
8063;81;1;0.5;0.5;63;102;0.4858491;248;238.0882;1;1
8064;81;1;0.5;0.5;64;101;0.5353982;242;238.7525;1;0
8065;81;1;0.5;0.5;65;102;0.5176471;235;236.1373;1;1
8066;81;1;0.5;0.5;66;104;0.4444444;212;237.375;1;3
8067;81;1;0.5;0.5;67;101;0.5800866;240;238.1584;1;0
8068;81;1;0.5;0.5;68;102;0.4918033;233;237.6471;1;1
8069;81;1;0.5;0.5;69;101;0.5504202;237;238.3267;1;0
8070;81;1;0.5;0.5;70;101;0.4732824;228;235.7228;1;0
8071;81;1;0.5;0.5;71;102;0.5482456;259;234.549;1;1
8072;81;1;0.5;0.5;72;104;0.4688797;239;235.1635;1;3
8073;81;1;0.5;0.5;73;102;0.4291845;247;236.0588;1;1
8074;81;1;0.5;0.5;74;101;0.5462185;235;237.4851;1;0
8075;81;1;0.5;0.5;75;101;0.4777328;256;237.2574;1;0
8076;81;1;0.5;0.5;76;101;0.4933333;235;237.297;1;0
8077;81;1;0.5;0.5;77;101;0.529661;230;237.7129;1;0
8078;81;1;0.5;0.5;78;101;0.5;244;236.5545;1;0
8079;81;1;0.5;0.5;79;103;0.4590909;244;238.6893;1;2
8080;81;1;0.5;0.5;80;101;0.5632653;220;236.0396;1;0
8081;81;1;0.5;0.5;81;103;0.5175439;248;236.1553;1;2
8082;81;1;0.5;0.5;82;102;0.3945312;217;234.7451;1;1
8083;81;1;0.5;0.5;83;104;0.5060729;225;237.7692;1;3
8084;81;1;0.5;0.5;84;103;0.437247;246;238.7767;1;2
8085;81;1;0.5;0.5;85;101;0.4895397;213;236.8317;1;0
8086;81;1;0.5;0.5;86;103;0.4470588;212;237.0583;1;2
8087;81;1;0.5;0.5;87;103;0.4298246;242;235.1748;1;2
8088;81;1;0.5;0.5;88;101;0.5517241;224;236.4752;1;0
8089;81;1;0.5;0.5;89;101;0.5421687;244;235.6535;1;0
8090;81;1;0.5;0.5;90;103;0.3982301;224;236.5631;1;2
8091;81;1;0.5;0.5;91;101;0.4246032;244;237.3069;1;0
8092;81;1;0.5;0.5;92;101;0.5420168;239;236.8911;1;0
8093;81;1;0.5;0.5;93;101;0.4881517;256;235.1188;1;0
8094;81;1;0.5;0.5;94;101;0.4634146;247;235.9802;1;0
8095;81;1;0.5;0.5;95;102;0.4135021;243;237.8529;1;1
8096;81;1;0.5;0.5;96;102;0.5462555;233;234.598;1;1
8097;81;1;0.5;0.5;97;103;0.5546875;237;236.6699;1;2
8098;81;1;0.5;0.5;98;105;0.5022026;245;236.381;1;4
8099;81;1;0.5;0.5;99;102;0.5020243;244;235.6078;1;1
8100;81;1;0.5;0.5;100;106;0.5657895;230;238.4623;1;5
8101;82;3;0.5;0.5;1;102;0.4919355;218;235.8824;3;1
8102;82;3;0.5;0.5;2;101;0.5793651;211;236.9901;3;0
8103;82;3;0.5;0.5;3;102;0.4777328;251;236.3137;3;1
8104;82;3;0.5;0.5;4;101;0.4977778;233;237.5149;3;0
8105;82;3;0.5;0.5;5;101;0.5042735;221;235.6733;3;0
8106;82;3;0.5;0.5;6;101;0.5169492;236;235.2772;3;0
8107;82;3;0.5;0.5;7;101;0.4041667;249;236.0792;3;0
8108;82;3;0.5;0.5;8;101;0.4876847;273;235.6436;3;0
8109;82;3;0.5;0.5;9;102;0.4791667;251;236.9804;3;1
8110;82;3;0.5;0.5;10;102;0.5767635;234;235.1765;3;1
8111;82;3;0.5;0.5;11;102;0.4621849;241;237.1471;3;1
8112;82;3;0.5;0.5;12;101;0.4658635;224;235.4059;3;0
8113;82;3;0.5;0.5;13;103;0.5314961;247;236.699;3;2
8114;82;3;0.5;0.5;14;101;0.4595588;240;237.3861;3;0
8115;82;3;0.5;0.5;15;102;0.4650206;233;236.2157;3;1
8116;82;3;0.5;0.5;16;101;0.490991;244;236.5941;3;0
8117;82;3;0.5;0.5;17;105;0.4364407;224;235.3524;3;4
8118;82;3;0.5;0.5;18;101;0.5870445;229;238.1683;3;0
8119;82;3;0.5;0.5;19;103;0.4862745;217;236.3398;3;2
8120;82;3;0.5;0.5;20;101;0.4491525;218;235.1287;3;0
8121;82;3;0.5;0.5;21;101;0.4609053;228;236.0891;3;0
8122;82;3;0.5;0.5;22;101;0.5577689;227;237.802;3;0
8123;82;3;0.5;0.5;23;103;0.4458333;231;237.5437;3;2
8124;82;3;0.5;0.5;24;101;0.5512821;209;236.4851;3;0
8125;82;3;0.5;0.5;25;105;0.5083333;230;236.181;3;4
8126;82;3;0.5;0.5;26;101;0.454955;230;235.9208;3;0
8127;82;3;0.5;0.5;27;102;0.4977974;256;236.0098;3;1
8128;82;3;0.5;0.5;28;101;0.5102041;220;236.8119;3;0
8129;82;3;0.5;0.5;29;101;0.5188285;250;235.7426;3;0
8130;82;3;0.5;0.5;30;101;0.5236052;236;237.7129;3;0
8131;82;3;0.5;0.5;31;105;0.5371179;232;236.9524;3;4
8132;82;3;0.5;0.5;32;101;0.4504132;240;237.1782;3;0
8133;82;3;0.5;0.5;33;101;0.4881517;253;237.5842;3;0
8134;82;3;0.5;0.5;34;101;0.5506073;225;237.9307;3;0
8135;82;3;0.5;0.5;35;101;0.4789916;241;237.0891;3;0
8136;82;3;0.5;0.5;36;101;0.5208333;240;236.4455;3;0
8137;82;3;0.5;0.5;37;101;0.487069;233;237.8812;3;0
8138;82;3;0.5;0.5;38;101;0.5130435;265;235.901;3;0
8139;82;3;0.5;0.5;39;103;0.4652174;235;236.2524;3;2
8140;82;3;0.5;0.5;40;102;0.473029;211;237.402;3;1
8141;82;3;0.5;0.5;41;101;0.4778761;230;237.1089;3;0
8142;82;3;0.5;0.5;42;101;0.4854772;209;236.4455;3;0
8143;82;3;0.5;0.5;43;101;0.4578313;231;238.0693;3;0
8144;82;3;0.5;0.5;44;103;0.5206612;235;235.6893;3;2
8145;82;3;0.5;0.5;45;101;0.4319066;227;236.5842;3;0
8146;82;3;0.5;0.5;46;101;0.4541833;236;236.5545;3;0
8147;82;3;0.5;0.5;47;102;0.5454545;263;238.0686;3;1
8148;82;3;0.5;0.5;48;105;0.484127;237;237.0857;3;4
8149;82;3;0.5;0.5;49;101;0.5428571;222;236.901;3;0
8150;82;3;0.5;0.5;50;101;0.495614;277;236.5149;3;0
8151;82;3;0.5;0.5;51;103;0.4285714;253;236.767;3;2
8152;82;3;0.5;0.5;52;102;0.4935065;259;237.5686;3;1
8153;82;3;0.5;0.5;53;101;0.5061728;243;236.1386;3;0
8154;82;3;0.5;0.5;54;101;0.4913043;239;236.6238;3;0
8155;82;3;0.5;0.5;55;101;0.5347826;217;236.9604;3;0
8156;82;3;0.5;0.5;56;106;0.5044248;228;235.7264;3;5
8157;82;3;0.5;0.5;57;101;0.5121951;255;238.9802;3;0
8158;82;3;0.5;0.5;58;105;0.5714286;241;236.9048;3;4
8159;82;3;0.5;0.5;59;101;0.4434783;212;235.5743;3;0
8160;82;3;0.5;0.5;60;101;0.5112108;255;237.4851;3;0
8161;82;3;0.5;0.5;61;101;0.5022624;256;235.5149;3;0
8162;82;3;0.5;0.5;62;101;0.4347826;233;237.4356;3;0
8163;82;3;0.5;0.5;63;102;0.4672131;238;235.6765;3;1
8164;82;3;0.5;0.5;64;101;0.4235808;243;236.7426;3;0
8165;82;3;0.5;0.5;65;102;0.4962687;226;235.6176;3;1
8166;82;3;0.5;0.5;66;101;0.5402844;223;239.6931;3;0
8167;82;3;0.5;0.5;67;102;0.4957983;242;236.1176;3;1
8168;82;3;0.5;0.5;68;101;0.4980237;244;236.4356;3;0
8169;82;3;0.5;0.5;69;104;0.4049587;230;234.8846;3;3
8170;82;3;0.5;0.5;70;101;0.4385246;248;233.901;3;0
8171;82;3;0.5;0.5;71;102;0.5306122;249;236.6078;3;1
8172;82;3;0.5;0.5;72;101;0.5101215;231;237.2673;3;0
8173;82;3;0.5;0.5;73;102;0.528;219;236.049;3;1
8174;82;3;0.5;0.5;74;101;0.4454976;251;236.8911;3;0
8175;82;3;0.5;0.5;75;101;0.53125;229;237.1386;3;0
8176;82;3;0.5;0.5;76;101;0.4361233;245;238.2475;3;0
8177;82;3;0.5;0.5;77;102;0.4938776;214;235.4314;3;1
8178;82;3;0.5;0.5;78;101;0.5296443;233;235.2673;3;0
8179;82;3;0.5;0.5;79;101;0.5102881;230;235.396;3;0
8180;82;3;0.5;0.5;80;101;0.528;232;237.7327;3;0
8181;82;3;0.5;0.5;81;101;0.4718615;240;236.8515;3;0
8182;82;3;0.5;0.5;82;101;0.503937;254;237.7228;3;0
8183;82;3;0.5;0.5;83;103;0.512;233;236.3981;3;2
8184;82;3;0.5;0.5;84;103;0.5314961;215;239.1456;3;2
8185;82;3;0.5;0.5;85;102;0.5021459;248;236.6176;3;1
8186;82;3;0.5;0.5;86;101;0.5333333;241;237.0891;3;0
8187;82;3;0.5;0.5;87;102;0.5103734;224;236.8922;3;1
8188;82;3;0.5;0.5;88;102;0.4683544;199;233.9216;3;1
8189;82;3;0.5;0.5;89;101;0.4956522;248;236.396;3;0
8190;82;3;0.5;0.5;90;102;0.4545455;250;237.1863;3;1
8191;82;3;0.5;0.5;91;101;0.407563;246;237.1386;3;0
8192;82;3;0.5;0.5;92;102;0.4383562;215;234.8039;3;1
8193;82;3;0.5;0.5;93;101;0.5186722;223;235.2772;3;0
8194;82;3;0.5;0.5;94;101;0.5241935;223;235.8713;3;0
8195;82;3;0.5;0.5;95;101;0.4041667;243;235.3762;3;0
8196;82;3;0.5;0.5;96;102;0.5139442;238;238.6471;3;1
8197;82;3;0.5;0.5;97;104;0.5325203;222;237.4231;3;3
8198;82;3;0.5;0.5;98;101;0.527897;228;236.901;3;0
8199;82;3;0.5;0.5;99;101;0.5060729;246;235.4653;3;0
8200;82;3;0.5;0.5;100;103;0.5321888;220;235.1456;3;2
8201;83;5;0.5;0.5;1;105;0.4852321;241;236.7048;5;4
8202;83;5;0.5;0.5;2;101;0.5406504;244;237.1386;5;0
8203;83;5;0.5;0.5;3;101;0.426009;236;237.9802;5;0
8204;83;5;0.5;0.5;4;102;0.5462185;233;237.8725;5;1
8205;83;5;0.5;0.5;5;101;0.5246637;225;237.2475;5;0
8206;83;5;0.5;0.5;6;105;0.4708333;242;236.8857;5;4
8207;83;5;0.5;0.5;7;105;0.4482759;252;235.7619;5;4
8208;83;5;0.5;0.5;8;103;0.4072398;231;237.1845;5;2
8209;83;5;0.5;0.5;9;103;0.4855967;218;237.0194;5;2
8210;83;5;0.5;0.5;10;104;0.5473251;213;236.8365;5;3
8211;83;5;0.5;0.5;11;101;0.5598291;251;237.9703;5;0
8212;83;5;0.5;0.5;12;101;0.5643154;232;235.7228;5;0
8213;83;5;0.5;0.5;13;101;0.5743802;242;235.1287;5;0
8214;83;5;0.5;0.5;14;111;0.4439655;242;238.2342;5;10
8215;83;5;0.5;0.5;15;101;0.5286344;234;236.6733;5;0
8216;83;5;0.5;0.5;16;101;0.623431;248;236.8416;5;0
8217;83;5;0.5;0.5;17;102;0.5046296;239;236.598;5;1
8218;83;5;0.5;0.5;18;101;0.4583333;243;237.1287;5;0
8219;83;5;0.5;0.5;19;101;0.5093458;255;236.5644;5;0
8220;83;5;0.5;0.5;20;101;0.4552529;243;237.4158;5;0
8221;83;5;0.5;0.5;21;101;0.4876847;232;236.2772;5;0
8222;83;5;0.5;0.5;22;101;0.5;235;235.3861;5;0
8223;83;5;0.5;0.5;23;101;0.4235808;248;237.4356;5;0
8224;83;5;0.5;0.5;24;101;0.5067265;242;237.495;5;0
8225;83;5;0.5;0.5;25;105;0.534413;245;235.4952;5;4
8226;83;5;0.5;0.5;26;101;0.5099602;233;236.3465;5;0
8227;83;5;0.5;0.5;27;103;0.4885845;265;238.4466;5;2
8228;83;5;0.5;0.5;28;102;0.5;235;238.4608;5;1
8229;83;5;0.5;0.5;29;102;0.4913793;235;238.9118;5;1
8230;83;5;0.5;0.5;30;107;0.5714286;227;236.5514;5;6
8231;83;5;0.5;0.5;31;104;0.4724409;231;236.6923;5;3
8232;83;5;0.5;0.5;32;101;0.5223214;254;236;5;0
8233;83;5;0.5;0.5;33;104;0.5344828;234;236;5;3
8234;83;5;0.5;0.5;34;103;0.4958333;231;237;5;2
8235;83;5;0.5;0.5;35;103;0.4663677;268;237.3301;5;2
8236;83;5;0.5;0.5;36;101;0.412844;267;236.6733;5;0
8237;83;5;0.5;0.5;37;103;0.4605263;225;235.9515;5;2
8238;83;5;0.5;0.5;38;107;0.5044643;212;236.7196;5;6
8239;83;5;0.5;0.5;39;101;0.5144033;227;237.297;5;0
8240;83;5;0.5;0.5;40;101;0.4871795;252;238.1386;5;0
8241;83;5;0.5;0.5;41;101;0.5060729;245;235.3465;5;0
8242;83;5;0.5;0.5;42;109;0.4921875;220;235.7248;5;8
8243;83;5;0.5;0.5;43;108;0.4608295;254;234.9074;5;7
8244;83;5;0.5;0.5;44;104;0.6122449;222;236.1731;5;3
8245;83;5;0.5;0.5;45;101;0.5672269;235;237.099;5;0
8246;83;5;0.5;0.5;46;101;0.5127119;236;234.3168;5;0
8247;83;5;0.5;0.5;47;102;0.4508197;242;234.8824;5;1
8248;83;5;0.5;0.5;48;101;0.4242424;221;236.7822;5;0
8249;83;5;0.5;0.5;49;103;0.4801762;247;237.8932;5;2
8250;83;5;0.5;0.5;50;103;0.4238683;230;237.3786;5;2
8251;83;5;0.5;0.5;51;102;0.4736842;234;234.7255;5;1
8252;83;5;0.5;0.5;52;101;0.5366795;235;236.9703;5;0
8253;83;5;0.5;0.5;53;101;0.5195312;237;237.3168;5;0
8254;83;5;0.5;0.5;54;101;0.5064935;236;237.2574;5;0
8255;83;5;0.5;0.5;55;103;0.4931507;254;237.0485;5;2
8256;83;5;0.5;0.5;56;101;0.4686192;255;236.5842;5;0
8257;83;5;0.5;0.5;57;101;0.4692982;233;237.0792;5;0
8258;83;5;0.5;0.5;58;103;0.5402844;237;237.2816;5;2
8259;83;5;0.5;0.5;59;101;0.4938776;233;236.198;5;0
8260;83;5;0.5;0.5;60;105;0.5352697;241;237.2381;5;4
8261;83;5;0.5;0.5;61;102;0.5234043;249;236.598;5;1
8262;83;5;0.5;0.5;62;103;0.4817814;230;236.6505;5;2
8263;83;5;0.5;0.5;63;104;0.4454545;234;235.8462;5;3
8264;83;5;0.5;0.5;64;101;0.4741036;228;238.0495;5;0
8265;83;5;0.5;0.5;65;102;0.4609053;227;233.5196;5;1
8266;83;5;0.5;0.5;66;102;0.5185185;256;238.0588;5;1
8267;83;5;0.5;0.5;67;103;0.5155556;230;237.6602;5;2
8268;83;5;0.5;0.5;68;101;0.5529954;228;235.2871;5;0
8269;83;5;0.5;0.5;69;101;0.4718615;266;238.4554;5;0
8270;83;5;0.5;0.5;70;101;0.4713656;228;236.5545;5;0
8271;83;5;0.5;0.5;71;101;0.5347826;238;238.3564;5;0
8272;83;5;0.5;0.5;72;101;0.4747082;225;237.5842;5;0
8273;83;5;0.5;0.5;73;101;0.4672897;260;235.5446;5;0
8274;83;5;0.5;0.5;74;102;0.4621514;227;237.8725;5;1
8275;83;5;0.5;0.5;75;102;0.5179283;218;234.598;5;1
8276;83;5;0.5;0.5;76;106;0.5488372;242;237.9057;5;5
8277;83;5;0.5;0.5;77;101;0.534188;240;238.3069;5;0
8278;83;5;0.5;0.5;78;101;0.5401786;236;235.4752;5;0
8279;83;5;0.5;0.5;79;104;0.5299145;248;237.7596;5;3
8280;83;5;0.5;0.5;80;101;0.4918699;229;237.5545;5;0
8281;83;5;0.5;0.5;81;101;0.4824561;229;236.5248;5;0
8282;83;5;0.5;0.5;82;109;0.536036;244;235.5321;5;8
8283;83;5;0.5;0.5;83;101;0.472;219;234.9208;5;0
8284;83;5;0.5;0.5;84;101;0.5122951;230;235.3168;5;0
8285;83;5;0.5;0.5;85;103;0.5679012;217;235.767;5;2
8286;83;5;0.5;0.5;86;101;0.5166667;255;237.4851;5;0
8287;83;5;0.5;0.5;87;102;0.4837209;236;236.6863;5;1
8288;83;5;0.5;0.5;88;101;0.5245902;248;234.6436;5;0
8289;83;5;0.5;0.5;89;102;0.5;229;235.0588;5;1
8290;83;5;0.5;0.5;90;101;0.5349794;239;235.9307;5;0
8291;83;5;0.5;0.5;91;103;0.5690377;239;237.932;5;2
8292;83;5;0.5;0.5;92;101;0.4285714;227;236.8119;5;0
8293;83;5;0.5;0.5;93;101;0.4977974;244;238.2574;5;0
8294;83;5;0.5;0.5;94;104;0.39819;220;238.0192;5;3
8295;83;5;0.5;0.5;95;101;0.5461538;231;236.7921;5;0
8296;83;5;0.5;0.5;96;101;0.4892704;217;236.8911;5;0
8297;83;5;0.5;0.5;97;102;0.5318182;244;236.049;5;1
8298;83;5;0.5;0.5;98;101;0.4471545;222;238.1188;5;0
8299;83;5;0.5;0.5;99;101;0.412766;241;237.8515;5;0
8300;83;5;0.5;0.5;100;105;0.5517241;230;236.4095;5;4
8301;84;7;0.5;0.5;1;105;0.4585153;229;236.0095;7;4
8302;84;7;0.5;0.5;2;104;0.4336283;220;235.0096;7;3
8303;84;7;0.5;0.5;3;104;0.4427481;223;235.25;7;3
8304;84;7;0.5;0.5;4;101;0.5802469;243;236.3069;7;0
8305;84;7;0.5;0.5;5;102;0.5243902;225;235.7157;7;1
8306;84;7;0.5;0.5;6;102;0.4251969;217;236.9706;7;1
8307;84;7;0.5;0.5;7;101;0.5378486;239;235.6337;7;0
8308;84;7;0.5;0.5;8;101;0.5039062;258;236.9109;7;0
8309;84;7;0.5;0.5;9;111;0.5316456;238;236.1532;7;10
8310;84;7;0.5;0.5;10;101;0.4719626;245;235.8812;7;0
8311;84;7;0.5;0.5;11;101;0.5048077;227;236.5743;7;0
8312;84;7;0.5;0.5;12;101;0.511194;237;236.4752;7;0
8313;84;7;0.5;0.5;13;101;0.5201613;230;238.4158;7;0
8314;84;7;0.5;0.5;14;102;0.512931;230;236.7745;7;1
8315;84;7;0.5;0.5;15;104;0.5419847;218;237.4423;7;3
8316;84;7;0.5;0.5;16;101;0.4599156;221;235.9901;7;0
8317;84;7;0.5;0.5;17;101;0.5418327;223;239.6238;7;0
8318;84;7;0.5;0.5;18;101;0.4978723;227;237.0891;7;0
8319;84;7;0.5;0.5;19;104;0.4957265;236;235.7404;7;3
8320;84;7;0.5;0.5;20;101;0.4322034;229;236.1683;7;0
8321;84;7;0.5;0.5;21;102;0.5508475;223;236.049;7;1
8322;84;7;0.5;0.5;22;101;0.4688797;234;235.8614;7;0
8323;84;7;0.5;0.5;23;105;0.4693878;220;237.1143;7;4
8324;84;7;0.5;0.5;24;101;0.4688797;243;235.7129;7;0
8325;84;7;0.5;0.5;25;103;0.5301724;250;235.5728;7;2
8326;84;7;0.5;0.5;26;102;0.5396825;231;235.7059;7;1
8327;84;7;0.5;0.5;27;101;0.5285171;219;234.2871;7;0
8328;84;7;0.5;0.5;28;101;0.46875;234;238.604;7;0
8329;84;7;0.5;0.5;29;102;0.4960938;255;237.4608;7;1
8330;84;7;0.5;0.5;30;102;0.5020747;234;237.6275;7;1
8331;84;7;0.5;0.5;31;102;0.4867257;229;237.2157;7;1
8332;84;7;0.5;0.5;32;107;0.5020408;239;236.2056;7;6
8333;84;7;0.5;0.5;33;101;0.4827586;243;236.5248;7;0
8334;84;7;0.5;0.5;34;101;0.5043478;233;238.1683;7;0
8335;84;7;0.5;0.5;35;103;0.4194915;240;235.3495;7;2
8336;84;7;0.5;0.5;36;101;0.5283843;246;234.7723;7;0
8337;84;7;0.5;0.5;37;101;0.4251012;227;236.802;7;0
8338;84;7;0.5;0.5;38;102;0.4143426;243;237.049;7;1
8339;84;7;0.5;0.5;39;105;0.4481132;218;234.9524;7;4
8340;84;7;0.5;0.5;40;104;0.554386;226;234.9231;7;3
8341;84;7;0.5;0.5;41;102;0.5159817;216;234.2941;7;1
8342;84;7;0.5;0.5;42;104;0.4595745;257;237.1538;7;3
8343;84;7;0.5;0.5;43;102;0.4955752;238;235.9118;7;1
8344;84;7;0.5;0.5;44;101;0.48;239;237.3069;7;0
8345;84;7;0.5;0.5;45;101;0.57277;246;235.7723;7;0
8346;84;7;0.5;0.5;46;102;0.4854772;248;236.4216;7;1
8347;84;7;0.5;0.5;47;101;0.4941176;231;236.4554;7;0
8348;84;7;0.5;0.5;48;111;0.4242424;235;237;7;10
8349;84;7;0.5;0.5;49;102;0.5179283;236;235.9314;7;1
8350;84;7;0.5;0.5;50;102;0.5366972;222;236.5882;7;1
8351;84;7;0.5;0.5;51;110;0.4935065;237;236.7909;7;9
8352;84;7;0.5;0.5;52;102;0.5533981;254;235.8431;7;1
8353;84;7;0.5;0.5;53;101;0.4960317;231;237.1683;7;0
8354;84;7;0.5;0.5;54;102;0.4711111;230;236.4412;7;1
8355;84;7;0.5;0.5;55;102;0.45;258;237.3529;7;1
8356;84;7;0.5;0.5;56;104;0.4342105;264;236.6538;7;3
8357;84;7;0.5;0.5;57;109;0.4660633;231;235.2569;7;8
8358;84;7;0.5;0.5;58;102;0.594697;237;236.5882;7;1
8359;84;7;0.5;0.5;59;101;0.5416667;253;237.9109;7;0
8360;84;7;0.5;0.5;60;101;0.5485437;260;236.6238;7;0
8361;84;7;0.5;0.5;61;104;0.539749;260;237.3269;7;3
8362;84;7;0.5;0.5;62;104;0.453125;218;235.3077;7;3
8363;84;7;0.5;0.5;63;102;0.5150215;231;237.5098;7;1
8364;84;7;0.5;0.5;64;102;0.4439655;235;237.4608;7;1
8365;84;7;0.5;0.5;65;101;0.4469027;231;236.6535;7;0
8366;84;7;0.5;0.5;66;101;0.4179104;239;235.8614;7;0
8367;84;7;0.5;0.5;67;102;0.5635593;230;236.4412;7;1
8368;84;7;0.5;0.5;68;102;0.558952;255;238.0392;7;1
8369;84;7;0.5;0.5;69;106;0.5927602;265;235.4717;7;5
8370;84;7;0.5;0.5;70;101;0.4813278;223;236.0495;7;0
8371;84;7;0.5;0.5;71;104;0.4130435;227;235.0192;7;3
8372;84;7;0.5;0.5;72;102;0.501992;212;236.8039;7;1
8373;84;7;0.5;0.5;73;102;0.5304348;216;236.8333;7;1
8374;84;7;0.5;0.5;74;104;0.4458333;226;237.0385;7;3
8375;84;7;0.5;0.5;75;104;0.4849785;258;235.6058;7;3
8376;84;7;0.5;0.5;76;101;0.4978541;246;235.505;7;0
8377;84;7;0.5;0.5;77;101;0.4956522;229;237.7723;7;0
8378;84;7;0.5;0.5;78;101;0.5275229;270;236.9307;7;0
8379;84;7;0.5;0.5;79;101;0.4796748;247;235.901;7;0
8380;84;7;0.5;0.5;80;101;0.4734694;223;236.5446;7;0
8381;84;7;0.5;0.5;81;101;0.4978541;225;235.3861;7;0
8382;84;7;0.5;0.5;82;101;0.4806867;267;235.5446;7;0
8383;84;7;0.5;0.5;83;101;0.488;255;237.9901;7;0
8384;84;7;0.5;0.5;84;102;0.4592275;222;237.4412;7;1
8385;84;7;0.5;0.5;85;101;0.4666667;264;237.0099;7;0
8386;84;7;0.5;0.5;86;101;0.6;227;236.703;7;0
8387;84;7;0.5;0.5;87;101;0.4698795;232;237;7;0
8388;84;7;0.5;0.5;88;101;0.5076336;231;236.7129;7;0
8389;84;7;0.5;0.5;89;101;0.511811;208;236.3366;7;0
8390;84;7;0.5;0.5;90;101;0.5299145;212;235.505;7;0
8391;84;7;0.5;0.5;91;102;0.5440613;240;236.951;7;1
8392;84;7;0.5;0.5;92;102;0.558952;210;237.8529;7;1
8393;84;7;0.5;0.5;93;101;0.5082645;214;235.6436;7;0
8394;84;7;0.5;0.5;94;101;0.5327511;254;236.3168;7;0
8395;84;7;0.5;0.5;95;101;0.5348837;227;236.7129;7;0
8396;84;7;0.5;0.5;96;101;0.4979079;234;237.1386;7;0
8397;84;7;0.5;0.5;97;101;0.4230769;240;236.9208;7;0
8398;84;7;0.5;0.5;98;101;0.4747899;217;234.1881;7;0
8399;84;7;0.5;0.5;99;103;0.4453125;253;239.2039;7;2
8400;84;7;0.5;0.5;100;101;0.5299539;265;236.5842;7;0
8401;85;9;0.5;0.5;1;106;0.5304348;248;237.0472;9;5
8402;85;9;0.5;0.5;2;102;0.5474138;238;236.8137;9;1
8403;85;9;0.5;0.5;3;101;0.4977974;262;237.4257;9;0
8404;85;9;0.5;0.5;4;101;0.4512195;223;236.2475;9;0
8405;85;9;0.5;0.5;5;103;0.5230126;243;235.6699;9;2
8406;85;9;0.5;0.5;6;101;0.4860558;251;238.6931;9;0
8407;85;9;0.5;0.5;7;104;0.5163934;224;237.0577;9;3
8408;85;9;0.5;0.5;8;103;0.4744186;251;237.3301;9;2
8409;85;9;0.5;0.5;9;102;0.6176471;236;236.5098;9;1
8410;85;9;0.5;0.5;10;101;0.5308642;228;236.5743;9;0
8411;85;9;0.5;0.5;11;101;0.5042017;231;238.1485;9;0
8412;85;9;0.5;0.5;12;101;0.5155556;239;235.2178;9;0
8413;85;9;0.5;0.5;13;103;0.502008;226;236.0874;9;2
8414;85;9;0.5;0.5;14;102;0.5;239;236.5686;9;1
8415;85;9;0.5;0.5;15;101;0.495935;217;236.7723;9;0
8416;85;9;0.5;0.5;16;101;0.5422222;223;235.802;9;0
8417;85;9;0.5;0.5;17;102;0.5330579;220;237.0098;9;1
8418;85;9;0.5;0.5;18;101;0.5576923;228;236.5446;9;0
8419;85;9;0.5;0.5;19;101;0.493617;234;237.2673;9;0
8420;85;9;0.5;0.5;20;101;0.4612069;234;234.6832;9;0
8421;85;9;0.5;0.5;21;102;0.5238095;227;236.7255;9;1
8422;85;9;0.5;0.5;22;102;0.5057915;234;237.9706;9;1
8423;85;9;0.5;0.5;23;105;0.4852321;239;236.5048;9;4
8424;85;9;0.5;0.5;24;101;0.5233645;253;236.6337;9;0
8425;85;9;0.5;0.5;25;101;0.4232365;243;238.0099;9;0
8426;85;9;0.5;0.5;26;101;0.5106383;211;233.4554;9;0
8427;85;9;0.5;0.5;27;101;0.5767442;250;236.2772;9;0
8428;85;9;0.5;0.5;28;101;0.5286344;261;237.7723;9;0
8429;85;9;0.5;0.5;29;102;0.5236052;213;234.8039;9;1
8430;85;9;0.5;0.5;30;101;0.5496183;223;236.4851;9;0
8431;85;9;0.5;0.5;31;102;0.45;252;237.5588;9;1
8432;85;9;0.5;0.5;32;101;0.56;224;236.5644;9;0
8433;85;9;0.5;0.5;33;101;0.4911504;263;236.7525;9;0
8434;85;9;0.5;0.5;34;102;0.4747899;237;236.6863;9;1
8435;85;9;0.5;0.5;35;103;0.5133929;241;237.6311;9;2
8436;85;9;0.5;0.5;36;102;0.4698795;233;237.1373;9;1
8437;85;9;0.5;0.5;37;101;0.4977169;232;238.0594;9;0
8438;85;9;0.5;0.5;38;101;0.4719626;230;236.1089;9;0
8439;85;9;0.5;0.5;39;102;0.5220884;249;238.6275;9;1
8440;85;9;0.5;0.5;40;101;0.4860558;232;236.8614;9;0
8441;85;9;0.5;0.5;41;101;0.5138889;222;235.7426;9;0
8442;85;9;0.5;0.5;42;104;0.4274194;224;234.3269;9;3
8443;85;9;0.5;0.5;43;103;0.4380531;231;235.6311;9;2
8444;85;9;0.5;0.5;44;104;0.5042017;237;235.1635;9;3
8445;85;9;0.5;0.5;45;105;0.4833333;233;237.7238;9;4
8446;85;9;0.5;0.5;46;107;0.4377682;260;234.9346;9;6
8447;85;9;0.5;0.5;47;101;0.5039683;236;238.0198;9;0
8448;85;9;0.5;0.5;48;101;0.4594595;232;236.0396;9;0
8449;85;9;0.5;0.5;49;101;0.4705882;230;237.2277;9;0
8450;85;9;0.5;0.5;50;101;0.5447154;235;238.4356;9;0
8451;85;9;0.5;0.5;51;101;0.4779116;231;234.802;9;0
8452;85;9;0.5;0.5;52;101;0.5142857;225;236.297;9;0
8453;85;9;0.5;0.5;53;101;0.4981132;237;237.7228;9;0
8454;85;9;0.5;0.5;54;101;0.4210526;235;235.703;9;0
8455;85;9;0.5;0.5;55;101;0.5152838;217;236.9208;9;0
8456;85;9;0.5;0.5;56;107;0.3729508;239;237.5888;9;6
8457;85;9;0.5;0.5;57;103;0.4440154;199;236.1845;9;2
8458;85;9;0.5;0.5;58;101;0.5;242;234.2871;9;0
8459;85;9;0.5;0.5;59;104;0.4979253;259;237.9615;9;3
8460;85;9;0.5;0.5;60;103;0.5530303;234;237.6408;9;2
8461;85;9;0.5;0.5;61;103;0.4162896;217;236.466;9;2
8462;85;9;0.5;0.5;62;102;0.6081633;225;237.3235;9;1
8463;85;9;0.5;0.5;63;102;0.5178571;228;236.3137;9;1
8464;85;9;0.5;0.5;64;104;0.4484305;222;235.75;9;3
8465;85;9;0.5;0.5;65;109;0.4329004;250;235.3578;9;8
8466;85;9;0.5;0.5;66;102;0.4766355;235;235.7353;9;1
8467;85;9;0.5;0.5;67;101;0.5732218;224;237.604;9;0
8468;85;9;0.5;0.5;68;101;0.5087719;248;234.3069;9;0
8469;85;9;0.5;0.5;69;102;0.5152838;228;237.5784;9;1
8470;85;9;0.5;0.5;70;104;0.4644351;263;237.5481;9;3
8471;85;9;0.5;0.5;71;101;0.4849624;239;236.2574;9;0
8472;85;9;0.5;0.5;72;104;0.5178571;224;236.4231;9;3
8473;85;9;0.5;0.5;73;103;0.5743802;243;239.1748;9;2
8474;85;9;0.5;0.5;74;101;0.4898785;192;236.0396;9;0
8475;85;9;0.5;0.5;75;101;0.4778761;229;235.4653;9;0
8476;85;9;0.5;0.5;76;115;0.527897;239;235.5652;9;14
8477;85;9;0.5;0.5;77;103;0.4593496;227;237.3592;9;2
8478;85;9;0.5;0.5;78;102;0.4771784;241;238.1667;9;1
8479;85;9;0.5;0.5;79;108;0.4891775;241;235.2685;9;7
8480;85;9;0.5;0.5;80;101;0.4565217;228;235.3465;9;0
8481;85;9;0.5;0.5;81;103;0.4430894;222;237.2039;9;2
8482;85;9;0.5;0.5;82;101;0.526749;235;236;9;0
8483;85;9;0.5;0.5;83;101;0.482906;231;236.0891;9;0
8484;85;9;0.5;0.5;84;101;0.4847162;237;236.4257;9;0
8485;85;9;0.5;0.5;85;101;0.5570175;268;237.6634;9;0
8486;85;9;0.5;0.5;86;107;0.5102881;225;236.1776;9;6
8487;85;9;0.5;0.5;87;104;0.5859375;242;236.1731;9;3
8488;85;9;0.5;0.5;88;101;0.4979424;237;236.9505;9;0
8489;85;9;0.5;0.5;89;101;0.4545455;224;238.4356;9;0
8490;85;9;0.5;0.5;90;101;0.4545455;240;234.7426;9;0
8491;85;9;0.5;0.5;91;101;0.4533333;235;233.9505;9;0
8492;85;9;0.5;0.5;92;101;0.4713115;263;236.297;9;0
8493;85;9;0.5;0.5;93;102;0.5520362;246;237.5392;9;1
8494;85;9;0.5;0.5;94;101;0.5378486;231;237.8218;9;0
8495;85;9;0.5;0.5;95;101;0.4978355;239;235.4851;9;0
8496;85;9;0.5;0.5;96;101;0.4767932;244;236.0396;9;0
8497;85;9;0.5;0.5;97;101;0.4937238;228;236.7525;9;0
8498;85;9;0.5;0.5;98;101;0.4847162;228;237.8416;9;0
8499;85;9;0.5;0.5;99;101;0.473029;207;236.8218;9;0
8500;85;9;0.5;0.5;100;101;0.552381;246;238.0693;9;0
8501;86;11;0.5;0.5;1;101;0.527027;232;235.2079;11;0
8502;86;11;0.5;0.5;2;103;0.4747899;214;236.6505;11;2
8503;86;11;0.5;0.5;3;102;0.4713115;246;237.0294;11;1
8504;86;11;0.5;0.5;4;101;0.4872881;248;236.396;11;0
8505;86;11;0.5;0.5;5;102;0.5281385;242;236.0588;11;1
8506;86;11;0.5;0.5;6;101;0.5338645;224;235.4455;11;0
8507;86;11;0.5;0.5;7;105;0.504065;250;237.7619;11;4
8508;86;11;0.5;0.5;8;101;0.5793991;246;235.5743;11;0
8509;86;11;0.5;0.5;9;101;0.4728033;243;236.505;11;0
8510;86;11;0.5;0.5;10;103;0.4979253;248;235.5243;11;2
8511;86;11;0.5;0.5;11;101;0.473913;263;237.505;11;0
8512;86;11;0.5;0.5;12;101;0.4571429;253;235.0891;11;0
8513;86;11;0.5;0.5;13;105;0.4193548;223;235.1333;11;4
8514;86;11;0.5;0.5;14;101;0.4752066;239;236.5644;11;0
8515;86;11;0.5;0.5;15;104;0.5098039;241;237.4615;11;3
8516;86;11;0.5;0.5;16;101;0.5550661;236;237.604;11;0
8517;86;11;0.5;0.5;17;101;0.3954545;256;238.4851;11;0
8518;86;11;0.5;0.5;18;101;0.5394737;246;236.1584;11;0
8519;86;11;0.5;0.5;19;101;0.5204918;227;237.1782;11;0
8520;86;11;0.5;0.5;20;103;0.6103896;226;236.9417;11;2
8521;86;11;0.5;0.5;21;101;0.4686192;228;236.6832;11;0
8522;86;11;0.5;0.5;22;105;0.5064935;251;235.219;11;4
8523;86;11;0.5;0.5;23;101;0.4901961;228;238.1584;11;0
8524;86;11;0.5;0.5;24;101;0.4025424;241;235.7228;11;0
8525;86;11;0.5;0.5;25;110;0.4347826;235;235.3273;11;9
8526;86;11;0.5;0.5;26;101;0.4898785;227;235.7624;11;0
8527;86;11;0.5;0.5;27;101;0.4513274;228;235.7525;11;0
8528;86;11;0.5;0.5;28;101;0.487069;238;235.8614;11;0
8529;86;11;0.5;0.5;29;102;0.4377682;229;237.1176;11;1
8530;86;11;0.5;0.5;30;101;0.4272727;234;236.0792;11;0
8531;86;11;0.5;0.5;31;102;0.5195312;247;237.098;11;1
8532;86;11;0.5;0.5;32;101;0.5065502;237;237.4752;11;0
8533;86;11;0.5;0.5;33;102;0.477551;235;239.1373;11;1
8534;86;11;0.5;0.5;34;101;0.534188;234;234.8614;11;0
8535;86;11;0.5;0.5;35;101;0.5394737;244;238.9307;11;0
8536;86;11;0.5;0.5;36;102;0.4636364;240;236.2647;11;1
8537;86;11;0.5;0.5;37;102;0.5047619;237;237.1765;11;1
8538;86;11;0.5;0.5;38;101;0.4774775;256;234.7129;11;0
8539;86;11;0.5;0.5;39;101;0.4895397;242;238.1782;11;0
8540;86;11;0.5;0.5;40;101;0.5112108;233;235.6535;11;0
8541;86;11;0.5;0.5;41;101;0.5362903;243;237.0396;11;0
8542;86;11;0.5;0.5;42;103;0.5084746;221;236.9806;11;2
8543;86;11;0.5;0.5;43;103;0.4831933;242;234.835;11;2
8544;86;11;0.5;0.5;44;103;0.5;227;236.4563;11;2
8545;86;11;0.5;0.5;45;101;0.5421687;235;239.1386;11;0
8546;86;11;0.5;0.5;46;103;0.5;231;235.8155;11;2
8547;86;11;0.5;0.5;47;101;0.4752066;239;236.6634;11;0
8548;86;11;0.5;0.5;48;101;0.5152838;241;237.7129;11;0
8549;86;11;0.5;0.5;49;101;0.4424779;236;236.0693;11;0
8550;86;11;0.5;0.5;50;103;0.4954545;246;235.3398;11;2
8551;86;11;0.5;0.5;51;102;0.464135;239;235.2157;11;1
8552;86;11;0.5;0.5;52;101;0.5474138;259;239.5842;11;0
8553;86;11;0.5;0.5;53;101;0.4889706;232;236.7228;11;0
8554;86;11;0.5;0.5;54;101;0.5104603;225;237.4851;11;0
8555;86;11;0.5;0.5;55;103;0.5434783;245;238.5146;11;2
8556;86;11;0.5;0.5;56;105;0.5169492;254;237.6095;11;4
8557;86;11;0.5;0.5;57;102;0.5585586;243;235.598;11;1
8558;86;11;0.5;0.5;58;113;0.5584416;226;235.8496;11;12
8559;86;11;0.5;0.5;59;101;0.5121951;231;237.5743;11;0
8560;86;11;0.5;0.5;60;101;0.5043478;244;236.505;11;0
8561;86;11;0.5;0.5;61;101;0.5232068;231;234.5545;11;0
8562;86;11;0.5;0.5;62;104;0.504386;240;236.1058;11;3
8563;86;11;0.5;0.5;63;102;0.5299145;235;237.9412;11;1
8564;86;11;0.5;0.5;64;103;0.4915254;240;236.2816;11;2
8565;86;11;0.5;0.5;65;101;0.526749;215;235.8218;11;0
8566;86;11;0.5;0.5;66;101;0.4868421;234;237.7723;11;0
8567;86;11;0.5;0.5;67;101;0.5083333;233;236.6139;11;0
8568;86;11;0.5;0.5;68;101;0.5086207;258;235.6139;11;0
8569;86;11;0.5;0.5;69;101;0.4761905;232;236.703;11;0
8570;86;11;0.5;0.5;70;102;0.5394737;223;234.9314;11;1
8571;86;11;0.5;0.5;71;101;0.5040323;229;236.1683;11;0
8572;86;11;0.5;0.5;72;101;0.4677419;238;236.3465;11;0
8573;86;11;0.5;0.5;73;103;0.4135021;232;237.2718;11;2
8574;86;11;0.5;0.5;74;101;0.482906;225;237.1188;11;0
8575;86;11;0.5;0.5;75;115;0.5180723;205;235.0696;11;14
8576;86;11;0.5;0.5;76;101;0.5039062;225;237.9208;11;0
8577;86;11;0.5;0.5;77;101;0.4892704;254;236.9802;11;0
8578;86;11;0.5;0.5;78;101;0.5576037;234;235.9802;11;0
8579;86;11;0.5;0.5;79;102;0.5338983;229;237.0784;11;1
8580;86;11;0.5;0.5;80;101;0.4683544;223;236.802;11;0
8581;86;11;0.5;0.5;81;101;0.5726141;233;235.8218;11;0
8582;86;11;0.5;0.5;82;101;0.5075188;228;236.703;11;0
8583;86;11;0.5;0.5;83;101;0.5673469;236;236.8416;11;0
8584;86;11;0.5;0.5;84;104;0.5219124;245;237.1154;11;3
8585;86;11;0.5;0.5;85;104;0.4884793;243;233.9712;11;3
8586;86;11;0.5;0.5;86;101;0.527027;215;235.3564;11;0
8587;86;11;0.5;0.5;87;104;0.5086957;228;237.7692;11;3
8588;86;11;0.5;0.5;88;101;0.525641;254;236.3861;11;0
8589;86;11;0.5;0.5;89;101;0.4341085;217;234.9604;11;0
8590;86;11;0.5;0.5;90;101;0.4635193;213;235.802;11;0
8591;86;11;0.5;0.5;91;105;0.472973;237;236.0571;11;4
8592;86;11;0.5;0.5;92;101;0.5286885;235;236.6535;11;0
8593;86;11;0.5;0.5;93;101;0.4279835;251;235.7624;11;0
8594;86;11;0.5;0.5;94;101;0.4327731;231;238.0792;11;0
8595;86;11;0.5;0.5;95;101;0.4488889;255;235.4851;11;0
8596;86;11;0.5;0.5;96;107;0.4578313;246;235.6822;11;6
8597;86;11;0.5;0.5;97;112;0.4557522;223;236.875;11;11
8598;86;11;0.5;0.5;98;119;0.4956897;225;234.5882;11;18
8599;86;11;0.5;0.5;99;102;0.5168067;226;235.4608;11;1
8600;86;11;0.5;0.5;100;103;0.4408163;219;235.7864;11;2
8601;87;13;0.5;0.5;1;101;0.4782609;234;236.5743;13;0
8602;87;13;0.5;0.5;2;101;0.5102881;216;237.3861;13;0
8603;87;13;0.5;0.5;3;101;0.4801587;237;236.5842;13;0
8604;87;13;0.5;0.5;4;103;0.4567901;223;236.2233;13;2
8605;87;13;0.5;0.5;5;104;0.4244898;223;236.0192;13;3
8606;87;13;0.5;0.5;6;101;0.4755556;244;235.5545;13;0
8607;87;13;0.5;0.5;7;101;0.5511111;263;237.8713;13;0
8608;87;13;0.5;0.5;8;102;0.4508197;241;236.5392;13;1
8609;87;13;0.5;0.5;9;101;0.5196507;236;238.1089;13;0
8610;87;13;0.5;0.5;10;101;0.4891775;240;236.4455;13;0
8611;87;13;0.5;0.5;11;103;0.5433071;264;236.8155;13;2
8612;87;13;0.5;0.5;12;102;0.4953271;251;236.7157;13;1
8613;87;13;0.5;0.5;13;103;0.3754941;235;236.3592;13;2
8614;87;13;0.5;0.5;14;103;0.5041667;231;236.7767;13;2
8615;87;13;0.5;0.5;15;101;0.4954128;242;235.9406;13;0
8616;87;13;0.5;0.5;16;105;0.4223108;235;236.2857;13;4
8617;87;13;0.5;0.5;17;101;0.4936709;249;239.0297;13;0
8618;87;13;0.5;0.5;18;101;0.4753363;252;237.4653;13;0
8619;87;13;0.5;0.5;19;101;0.4329004;245;236.1782;13;0
8620;87;13;0.5;0.5;20;101;0.478673;222;235.8812;13;0
8621;87;13;0.5;0.5;21;101;0.4537815;235;235.901;13;0
8622;87;13;0.5;0.5;22;101;0.4978723;218;234.6535;13;0
8623;87;13;0.5;0.5;23;101;0.5127119;223;235.4653;13;0
8624;87;13;0.5;0.5;24;101;0.5327511;258;236.505;13;0
8625;87;13;0.5;0.5;25;103;0.5347826;245;237.6019;13;2
8626;87;13;0.5;0.5;26;101;0.4603774;234;236.9406;13;0
8627;87;13;0.5;0.5;27;101;0.491453;238;234.6733;13;0
8628;87;13;0.5;0.5;28;103;0.4581498;239;238.0971;13;2
8629;87;13;0.5;0.5;29;102;0.4329004;225;235.8529;13;1
8630;87;13;0.5;0.5;30;103;0.4889868;233;236.6505;13;2
8631;87;13;0.5;0.5;31;101;0.4957627;239;235.9901;13;0
8632;87;13;0.5;0.5;32;101;0.5357143;265;236.703;13;0
8633;87;13;0.5;0.5;33;102;0.5367965;258;236.6078;13;1
8634;87;13;0.5;0.5;34;101;0.4233871;217;235.7426;13;0
8635;87;13;0.5;0.5;35;101;0.5104603;238;235.8515;13;0
8636;87;13;0.5;0.5;36;101;0.5576037;256;237.4554;13;0
8637;87;13;0.5;0.5;37;103;0.5510204;239;235.8252;13;2
8638;87;13;0.5;0.5;38;101;0.4194915;225;238.901;13;0
8639;87;13;0.5;0.5;39;103;0.5103734;232;236.8155;13;2
8640;87;13;0.5;0.5;40;102;0.4819277;242;236.6961;13;1
8641;87;13;0.5;0.5;41;102;0.4638783;232;235.0392;13;1
8642;87;13;0.5;0.5;42;101;0.5221239;253;237.7426;13;0
8643;87;13;0.5;0.5;43;102;0.4650206;240;236.7059;13;1
8644;87;13;0.5;0.5;44;103;0.4495413;237;237.1165;13;2
8645;87;13;0.5;0.5;45;101;0.5683761;234;235.604;13;0
8646;87;13;0.5;0.5;46;101;0.5304348;225;238.0792;13;0
8647;87;13;0.5;0.5;47;102;0.4817814;240;237.8431;13;1
8648;87;13;0.5;0.5;48;103;0.5458333;238;237.5728;13;2
8649;87;13;0.5;0.5;49;101;0.5;220;236.1287;13;0
8650;87;13;0.5;0.5;50;103;0.4658635;214;236.2427;13;2
8651;87;13;0.5;0.5;51;102;0.4846154;220;237.9608;13;1
8652;87;13;0.5;0.5;52;101;0.5542636;235;235.2178;13;0
8653;87;13;0.5;0.5;53;103;0.5605381;262;237.3981;13;2
8654;87;13;0.5;0.5;54;101;0.5546218;248;236.8614;13;0
8655;87;13;0.5;0.5;55;103;0.4429224;258;238.0971;13;2
8656;87;13;0.5;0.5;56;104;0.4803493;236;236.0288;13;3
8657;87;13;0.5;0.5;57;102;0.506383;230;235.3431;13;1
8658;87;13;0.5;0.5;58;102;0.4808511;232;237.9804;13;1
8659;87;13;0.5;0.5;59;104;0.4196429;254;237.0865;13;3
8660;87;13;0.5;0.5;60;101;0.3924051;229;236.2178;13;0
8661;87;13;0.5;0.5;61;101;0.371308;246;237.6139;13;0
8662;87;13;0.5;0.5;62;106;0.4823009;241;235.1132;13;5
8663;87;13;0.5;0.5;63;104;0.4853556;243;236.4135;13;3
8664;87;13;0.5;0.5;64;101;0.5627907;240;234.7921;13;0
8665;87;13;0.5;0.5;65;104;0.5183673;242;234.9904;13;3
8666;87;13;0.5;0.5;66;103;0.4719626;230;237.4563;13;2
8667;87;13;0.5;0.5;67;104;0.5019455;238;236.0192;13;3
8668;87;13;0.5;0.5;68;104;0.4485597;249;236.5288;13;3
8669;87;13;0.5;0.5;69;104;0.5641026;248;236.5577;13;3
8670;87;13;0.5;0.5;70;107;0.5207373;237;235.9439;13;6
8671;87;13;0.5;0.5;71;101;0.5173913;248;238.3861;13;0
8672;87;13;0.5;0.5;72;101;0.4771784;225;235.9901;13;0
8673;87;13;0.5;0.5;73;109;0.425;247;239.0642;13;8
8674;87;13;0.5;0.5;74;102;0.4051724;220;235.8824;13;1
8675;87;13;0.5;0.5;75;101;0.4777328;243;236.5545;13;0
8676;87;13;0.5;0.5;76;101;0.3755102;241;237.4752;13;0
8677;87;13;0.5;0.5;77;101;0.5146444;246;237.8317;13;0
8678;87;13;0.5;0.5;78;102;0.4227273;246;236.5196;13;1
8679;87;13;0.5;0.5;79;101;0.5065502;226;236.5842;13;0
8680;87;13;0.5;0.5;80;102;0.4298246;227;236.951;13;1
8681;87;13;0.5;0.5;81;101;0.4478261;238;235.198;13;0
8682;87;13;0.5;0.5;82;101;0.5634921;234;237.7921;13;0
8683;87;13;0.5;0.5;83;102;0.5349794;244;237.9804;13;1
8684;87;13;0.5;0.5;84;104;0.517094;236;236.5481;13;3
8685;87;13;0.5;0.5;85;103;0.3842795;269;237.932;13;2
8686;87;13;0.5;0.5;86;101;0.4978355;245;236.3465;13;0
8687;87;13;0.5;0.5;87;103;0.5189873;227;235.0971;13;2
8688;87;13;0.5;0.5;88;101;0.513834;250;236.2475;13;0
8689;87;13;0.5;0.5;89;103;0.5546875;210;236.7379;13;2
8690;87;13;0.5;0.5;90;102;0.5041322;251;236.3039;13;1
8691;87;13;0.5;0.5;91;101;0.5;227;235.7921;13;0
8692;87;13;0.5;0.5;92;102;0.4777778;236;236.5098;13;1
8693;87;13;0.5;0.5;93;101;0.4677419;217;235.4257;13;0
8694;87;13;0.5;0.5;94;102;0.5068493;225;235.5882;13;1
8695;87;13;0.5;0.5;95;101;0.5584416;236;236.7327;13;0
8696;87;13;0.5;0.5;96;102;0.5625;251;237.2843;13;1
8697;87;13;0.5;0.5;97;101;0.476;227;235.5941;13;0
8698;87;13;0.5;0.5;98;102;0.4520548;239;235.1176;13;1
8699;87;13;0.5;0.5;99;101;0.5093458;254;237.0594;13;0
8700;87;13;0.5;0.5;100;102;0.4940711;245;235.6078;13;1
8701;88;15;0.5;0.5;1;103;0.491453;234;237;15;2
8702;88;15;0.5;0.5;2;103;0.5165289;246;235.4078;15;2
8703;88;15;0.5;0.5;3;101;0.5294118;240;237.2871;15;0
8704;88;15;0.5;0.5;4;101;0.4105691;240;237.4356;15;0
8705;88;15;0.5;0.5;5;101;0.5;245;237.6634;15;0
8706;88;15;0.5;0.5;6;107;0.5378151;247;235.9439;15;6
8707;88;15;0.5;0.5;7;101;0.5254237;223;235.5842;15;0
8708;88;15;0.5;0.5;8;102;0.4741036;239;237.1765;15;1
8709;88;15;0.5;0.5;9;103;0.5458515;265;237.6117;15;2
8710;88;15;0.5;0.5;10;103;0.5038168;209;235.6408;15;2
8711;88;15;0.5;0.5;11;102;0.4935622;226;235.9902;15;1
8712;88;15;0.5;0.5;12;101;0.5503876;224;238.0099;15;0
8713;88;15;0.5;0.5;13;101;0.4811715;259;236.495;15;0
8714;88;15;0.5;0.5;14;101;0.5061224;241;236.1584;15;0
8715;88;15;0.5;0.5;15;101;0.5132743;225;236.8416;15;0
8716;88;15;0.5;0.5;16;101;0.5619469;231;233.1881;15;0
8717;88;15;0.5;0.5;17;102;0.5418327;233;236.6078;15;1
8718;88;15;0.5;0.5;18;103;0.495098;269;235.9223;15;2
8719;88;15;0.5;0.5;19;101;0.4561404;234;237;15;0
8720;88;15;0.5;0.5;20;101;0.5040323;242;237.7723;15;0
8721;88;15;0.5;0.5;21;103;0.473251;219;237.7476;15;2
8722;88;15;0.5;0.5;22;102;0.5;213;234.9902;15;1
8723;88;15;0.5;0.5;23;101;0.4715447;232;237.2475;15;0
8724;88;15;0.5;0.5;24;101;0.4836066;216;236.1188;15;0
8725;88;15;0.5;0.5;25;101;0.4460094;250;236.1386;15;0
8726;88;15;0.5;0.5;26;101;0.5084034;254;236.5545;15;0
8727;88;15;0.5;0.5;27;103;0.5172414;254;237.0583;15;2
8728;88;15;0.5;0.5;28;105;0.5648148;250;237.381;15;4
8729;88;15;0.5;0.5;29;101;0.4115044;242;237.9703;15;0
8730;88;15;0.5;0.5;30;101;0.5238095;240;238.1881;15;0
8731;88;15;0.5;0.5;31;101;0.4545455;203;235.2079;15;0
8732;88;15;0.5;0.5;32;102;0.5429864;246;235.049;15;1
8733;88;15;0.5;0.5;33;105;0.45;222;237.8286;15;4
8734;88;15;0.5;0.5;34;101;0.4439834;212;236.9109;15;0
8735;88;15;0.5;0.5;35;101;0.4875;235;236.0297;15;0
8736;88;15;0.5;0.5;36;101;0.4497992;238;235.7624;15;0
8737;88;15;0.5;0.5;37;103;0.5550847;217;236.5049;15;2
8738;88;15;0.5;0.5;38;105;0.4609375;219;234.6762;15;4
8739;88;15;0.5;0.5;39;101;0.481982;250;235.7525;15;0
8740;88;15;0.5;0.5;40;101;0.542735;219;236.1683;15;0
8741;88;15;0.5;0.5;41;101;0.497992;254;236.6634;15;0
8742;88;15;0.5;0.5;42;101;0.4314516;241;237.7228;15;0
8743;88;15;0.5;0.5;43;102;0.5150215;249;239.598;15;1
8744;88;15;0.5;0.5;44;102;0.5;214;235.2451;15;1
8745;88;15;0.5;0.5;45;101;0.5609756;242;238.3663;15;0
8746;88;15;0.5;0.5;46;105;0.4895397;239;236.2476;15;4
8747;88;15;0.5;0.5;47;101;0.5242291;222;233.6535;15;0
8748;88;15;0.5;0.5;48;114;0.5172414;234;235.5965;15;13
8749;88;15;0.5;0.5;49;101;0.5611814;259;237.4257;15;0
8750;88;15;0.5;0.5;50;101;0.4434783;233;235.5644;15;0
8751;88;15;0.5;0.5;51;102;0.5661157;233;235.7451;15;1
8752;88;15;0.5;0.5;52;101;0.4680851;250;236.2673;15;0
8753;88;15;0.5;0.5;53;102;0.5272727;222;235.1078;15;1
8754;88;15;0.5;0.5;54;101;0.508;246;235.2673;15;0
8755;88;15;0.5;0.5;55;101;0.5560345;233;234.2772;15;0
8756;88;15;0.5;0.5;56;102;0.5412844;248;234.1176;15;1
8757;88;15;0.5;0.5;57;101;0.4304933;247;237.4851;15;0
8758;88;15;0.5;0.5;58;101;0.5088496;234;236.8713;15;0
8759;88;15;0.5;0.5;59;103;0.5119048;227;237.4078;15;2
8760;88;15;0.5;0.5;60;101;0.5238095;229;237.7426;15;0
8761;88;15;0.5;0.5;61;102;0.51417;234;236.6275;15;1
8762;88;15;0.5;0.5;62;101;0.4698795;267;237.8812;15;0
8763;88;15;0.5;0.5;63;102;0.5307018;277;237.9216;15;1
8764;88;15;0.5;0.5;64;101;0.5367965;253;236.4257;15;0
8765;88;15;0.5;0.5;65;101;0.4650206;239;237.9109;15;0
8766;88;15;0.5;0.5;66;104;0.5333333;226;236.8654;15;3
8767;88;15;0.5;0.5;67;101;0.4835681;242;235.396;15;0
8768;88;15;0.5;0.5;68;101;0.515748;260;236.6436;15;0
8769;88;15;0.5;0.5;69;101;0.4669261;222;237.3663;15;0
8770;88;15;0.5;0.5;70;101;0.5236052;235;235.7723;15;0
8771;88;15;0.5;0.5;71;102;0.5172414;225;236.4804;15;1
8772;88;15;0.5;0.5;72;103;0.3710407;245;235.1748;15;2
8773;88;15;0.5;0.5;73;101;0.4804688;245;236.3564;15;0
8774;88;15;0.5;0.5;74;101;0.5487805;255;237.0792;15;0
8775;88;15;0.5;0.5;75;102;0.547619;220;237.4706;15;1
8776;88;15;0.5;0.5;76;101;0.4806867;219;234.6931;15;0
8777;88;15;0.5;0.5;77;101;0.5213675;223;237.9901;15;0
8778;88;15;0.5;0.5;78;101;0.5339367;240;235.703;15;0
8779;88;15;0.5;0.5;79;102;0.5;210;235.6863;15;1
8780;88;15;0.5;0.5;80;110;0.4581498;265;235.5455;15;9
8781;88;15;0.5;0.5;81;101;0.5018587;201;235.198;15;0
8782;88;15;0.5;0.5;82;101;0.5286344;232;237.1386;15;0
8783;88;15;0.5;0.5;83;101;0.5273438;218;236.8317;15;0
8784;88;15;0.5;0.5;84;102;0.5064378;246;237.2157;15;1
8785;88;15;0.5;0.5;85;104;0.5087719;265;237.9904;15;3
8786;88;15;0.5;0.5;86;102;0.4212766;236;236.8824;15;1
8787;88;15;0.5;0.5;87;102;0.4472574;236;239.2549;15;1
8788;88;15;0.5;0.5;88;101;0.4698795;237;235.6139;15;0
8789;88;15;0.5;0.5;89;101;0.4915966;262;238.0198;15;0
8790;88;15;0.5;0.5;90;103;0.4439462;231;236.2913;15;2
8791;88;15;0.5;0.5;91;103;0.539823;228;235.3689;15;2
8792;88;15;0.5;0.5;92;101;0.4705882;224;236.3663;15;0
8793;88;15;0.5;0.5;93;101;0.4425532;238;238.2673;15;0
8794;88;15;0.5;0.5;94;101;0.5330396;242;236.7525;15;0
8795;88;15;0.5;0.5;95;102;0.4674797;217;237.1471;15;1
8796;88;15;0.5;0.5;96;102;0.4297872;222;236.0098;15;1
8797;88;15;0.5;0.5;97;103;0.504386;266;236.3301;15;2
8798;88;15;0.5;0.5;98;102;0.5357143;230;238.4706;15;1
8799;88;15;0.5;0.5;99;102;0.5423077;235;237.5196;15;1
8800;88;15;0.5;0.5;100;102;0.4476987;251;238.6176;15;1
8801;89;17;0.5;0.5;1;101;0.4844444;239;236.8218;17;0
8802;89;17;0.5;0.5;2;102;0.5371901;222;235.8529;17;1
8803;89;17;0.5;0.5;3;102;0.4811715;197;237.6078;17;1
8804;89;17;0.5;0.5;4;104;0.497992;234;237.3462;17;3
8805;89;17;0.5;0.5;5;101;0.4866071;230;235.0297;17;0
8806;89;17;0.5;0.5;6;101;0.4567901;224;235.8614;17;0
8807;89;17;0.5;0.5;7;101;0.5922747;228;237.8614;17;0
8808;89;17;0.5;0.5;8;101;0.4512195;256;236.8515;17;0
8809;89;17;0.5;0.5;9;101;0.5180723;236;237.8911;17;0
8810;89;17;0.5;0.5;10;101;0.5211864;230;235.5941;17;0
8811;89;17;0.5;0.5;11;106;0.4823529;235;235.934;17;5
8812;89;17;0.5;0.5;12;102;0.4871795;236;236.7843;17;1
8813;89;17;0.5;0.5;13;105;0.518018;251;237.2095;17;4
8814;89;17;0.5;0.5;14;102;0.4826087;232;235.1176;17;1
8815;89;17;0.5;0.5;15;102;0.5606695;235;237.9412;17;1
8816;89;17;0.5;0.5;16;101;0.4780702;239;237.1287;17;0
8817;89;17;0.5;0.5;17;102;0.5560166;232;233.9608;17;1
8818;89;17;0.5;0.5;18;103;0.518018;240;237.699;17;2
8819;89;17;0.5;0.5;19;101;0.4868421;239;235.0396;17;0
8820;89;17;0.5;0.5;20;102;0.5877193;214;236.2255;17;1
8821;89;17;0.5;0.5;21;102;0.545082;226;236.9314;17;1
8822;89;17;0.5;0.5;22;106;0.5506608;238;238.9434;17;5
8823;89;17;0.5;0.5;23;102;0.4439462;247;238.5392;17;1
8824;89;17;0.5;0.5;24;103;0.4536585;233;234.2621;17;2
8825;89;17;0.5;0.5;25;102;0.4578313;250;237.2647;17;1
8826;89;17;0.5;0.5;26;101;0.5583942;229;236.1683;17;0
8827;89;17;0.5;0.5;27;104;0.5409091;219;235.25;17;3
8828;89;17;0.5;0.5;28;102;0.4979592;238;237.402;17;1
8829;89;17;0.5;0.5;29;102;0.5059761;213;237.3824;17;1
8830;89;17;0.5;0.5;30;101;0.4915966;221;236.3366;17;0
8831;89;17;0.5;0.5;31;102;0.477551;225;236.5294;17;1
8832;89;17;0.5;0.5;32;103;0.6785714;222;237.534;17;2
8833;89;17;0.5;0.5;33;103;0.4756098;252;238.8641;17;2
8834;89;17;0.5;0.5;34;110;0.4618644;226;238.0182;17;9
8835;89;17;0.5;0.5;35;102;0.5330579;235;237.0098;17;1
8836;89;17;0.5;0.5;36;103;0.5234043;230;234.4854;17;2
8837;89;17;0.5;0.5;37;102;0.5863454;249;237.402;17;1
8838;89;17;0.5;0.5;38;101;0.4210526;252;237.0297;17;0
8839;89;17;0.5;0.5;39;103;0.5022831;225;236.068;17;2
8840;89;17;0.5;0.5;40;101;0.4940239;240;236.6535;17;0
8841;89;17;0.5;0.5;41;104;0.5381166;225;236.1346;17;3
8842;89;17;0.5;0.5;42;103;0.5707965;239;236.1359;17;2
8843;89;17;0.5;0.5;43;103;0.482906;237;238.0291;17;2
8844;89;17;0.5;0.5;44;101;0.5354331;249;235.2673;17;0
8845;89;17;0.5;0.5;45;105;0.4851064;241;236.3714;17;4
8846;89;17;0.5;0.5;46;101;0.4618644;221;236.297;17;0
8847;89;17;0.5;0.5;47;102;0.5355649;227;237.3824;17;1
8848;89;17;0.5;0.5;48;101;0.5568627;241;237.2277;17;0
8849;89;17;0.5;0.5;49;102;0.5814978;248;236.5784;17;1
8850;89;17;0.5;0.5;50;104;0.4895397;227;236.3365;17;3
8851;89;17;0.5;0.5;51;103;0.5284553;239;236.4563;17;2
8852;89;17;0.5;0.5;52;102;0.4660633;240;235.9902;17;1
8853;89;17;0.5;0.5;53;103;0.508;228;235.068;17;2
8854;89;17;0.5;0.5;54;101;0.537037;238;235.5941;17;0
8855;89;17;0.5;0.5;55;104;0.4615385;251;235.2019;17;3
8856;89;17;0.5;0.5;56;104;0.470852;217;235;17;3
8857;89;17;0.5;0.5;57;102;0.5289575;208;237.3039;17;1
8858;89;17;0.5;0.5;58;101;0.4763948;236;234.5644;17;0
8859;89;17;0.5;0.5;59;101;0.5454545;223;236.7921;17;0
8860;89;17;0.5;0.5;60;101;0.5;247;237.1881;17;0
8861;89;17;0.5;0.5;61;103;0.5328185;253;236.3981;17;2
8862;89;17;0.5;0.5;62;102;0.4956522;234;238.7941;17;1
8863;89;17;0.5;0.5;63;101;0.4669421;216;236.2178;17;0
8864;89;17;0.5;0.5;64;103;0.5212355;233;236.6019;17;2
8865;89;17;0.5;0.5;65;101;0.5756303;245;238.6139;17;0
8866;89;17;0.5;0.5;66;101;0.5265487;242;238.6337;17;0
8867;89;17;0.5;0.5;67;101;0.4502165;234;238.8119;17;0
8868;89;17;0.5;0.5;68;104;0.4958678;221;235.0481;17;3
8869;89;17;0.5;0.5;69;104;0.4481132;235;236.5673;17;3
8870;89;17;0.5;0.5;70;102;0.5185185;227;238.7647;17;1
8871;89;17;0.5;0.5;71;106;0.3668122;232;237.5283;17;5
8872;89;17;0.5;0.5;72;105;0.5299539;258;236.9524;17;4
8873;89;17;0.5;0.5;73;101;0.5227273;256;236.1287;17;0
8874;89;17;0.5;0.5;74;103;0.5550847;232;236.8932;17;2
8875;89;17;0.5;0.5;75;101;0.5065502;233;236.2673;17;0
8876;89;17;0.5;0.5;76;102;0.5;224;234.6078;17;1
8877;89;17;0.5;0.5;77;102;0.5605381;242;237.0784;17;1
8878;89;17;0.5;0.5;78;101;0.5648536;250;237.8317;17;0
8879;89;17;0.5;0.5;79;102;0.5384615;278;234.9314;17;1
8880;89;17;0.5;0.5;80;105;0.5596708;242;236.5429;17;4
8881;89;17;0.5;0.5;81;104;0.4830508;243;237.2212;17;3
8882;89;17;0.5;0.5;82;102;0.5596708;240;236.2647;17;1
8883;89;17;0.5;0.5;83;101;0.5210728;222;238.3267;17;0
8884;89;17;0.5;0.5;84;104;0.4458874;220;236.4712;17;3
8885;89;17;0.5;0.5;85;101;0.5113122;234;235.9406;17;0
8886;89;17;0.5;0.5;86;103;0.5595238;221;235.6505;17;2
8887;89;17;0.5;0.5;87;103;0.5336134;243;238.0388;17;2
8888;89;17;0.5;0.5;88;105;0.492126;260;238.5333;17;4
8889;89;17;0.5;0.5;89;101;0.5686275;248;236.0792;17;0
8890;89;17;0.5;0.5;90;101;0.4491525;246;237.297;17;0
8891;89;17;0.5;0.5;91;101;0.5532787;257;236.495;17;0
8892;89;17;0.5;0.5;92;102;0.5111111;257;235.8137;17;1
8893;89;17;0.5;0.5;93;104;0.5862069;223;237.3846;17;3
8894;89;17;0.5;0.5;94;101;0.5159817;228;236.5644;17;0
8895;89;17;0.5;0.5;95;101;0.4273504;252;238.0297;17;0
8896;89;17;0.5;0.5;96;104;0.4581281;236;236.1538;17;3
8897;89;17;0.5;0.5;97;102;0.5478261;247;238.7451;17;1
8898;89;17;0.5;0.5;98;104;0.5307692;223;236.5481;17;3
8899;89;17;0.5;0.5;99;101;0.5327103;258;236.7822;17;0
8900;89;17;0.5;0.5;100;101;0.5196507;248;238.3267;17;0
8901;90;19;0.5;0.5;1;102;0.4448669;228;237.549;19;1
8902;90;19;0.5;0.5;2;102;0.5925926;218;236.5098;19;1
8903;90;19;0.5;0.5;3;101;0.5576208;232;236.2475;19;0
8904;90;19;0.5;0.5;4;107;0.4747899;243;236.1402;19;6
8905;90;19;0.5;0.5;5;101;0.520362;256;237.0594;19;0
8906;90;19;0.5;0.5;6;101;0.5614035;249;237.2376;19;0
8907;90;19;0.5;0.5;7;101;0.4509804;218;237.3168;19;0
8908;90;19;0.5;0.5;8;104;0.5232068;235;236.1058;19;3
8909;90;19;0.5;0.5;9;103;0.4553571;226;238.6602;19;2
8910;90;19;0.5;0.5;10;101;0.4568966;220;234.2178;19;0
8911;90;19;0.5;0.5;11;101;0.5062241;240;236.4653;19;0
8912;90;19;0.5;0.5;12;101;0.4791667;220;236.4851;19;0
8913;90;19;0.5;0.5;13;107;0.5281385;249;236.9346;19;6
8914;90;19;0.5;0.5;14;101;0.5411255;248;236.9406;19;0
8915;90;19;0.5;0.5;15;102;0.4627451;225;238.8725;19;1
8916;90;19;0.5;0.5;16;103;0.4675325;246;237.7184;19;2
8917;90;19;0.5;0.5;17;101;0.5276753;210;236.495;19;0
8918;90;19;0.5;0.5;18;103;0.4645669;218;237.7184;19;2
8919;90;19;0.5;0.5;19;101;0.4958678;240;235.9406;19;0
8920;90;19;0.5;0.5;20;102;0.4666667;249;237.0392;19;1
8921;90;19;0.5;0.5;21;101;0.501845;218;237.4851;19;0
8922;90;19;0.5;0.5;22;101;0.526971;240;236.5842;19;0
8923;90;19;0.5;0.5;23;103;0.4824561;236;237.4466;19;2
8924;90;19;0.5;0.5;24;101;0.5465587;253;236.9208;19;0
8925;90;19;0.5;0.5;25;101;0.53125;218;238.505;19;0
8926;90;19;0.5;0.5;26;101;0.4978166;239;235.3861;19;0
8927;90;19;0.5;0.5;27;103;0.5506608;233;235.8252;19;2
8928;90;19;0.5;0.5;28;102;0.4884793;237;236.9608;19;1
8929;90;19;0.5;0.5;29;101;0.4935622;242;238.2376;19;0
8930;90;19;0.5;0.5;30;101;0.4560669;238;235.9604;19;0
8931;90;19;0.5;0.5;31;102;0.4897119;230;235.0294;19;1
8932;90;19;0.5;0.5;32;101;0.5433071;216;235.5446;19;0
8933;90;19;0.5;0.5;33;101;0.5208333;248;237.0495;19;0
8934;90;19;0.5;0.5;34;101;0.4170213;208;237.1881;19;0
8935;90;19;0.5;0.5;35;101;0.4784483;242;238.4257;19;0
8936;90;19;0.5;0.5;36;101;0.4631148;207;235.0792;19;0
8937;90;19;0.5;0.5;37;103;0.5277778;234;236.165;19;2
8938;90;19;0.5;0.5;38;101;0.5608696;256;236.6337;19;0
8939;90;19;0.5;0.5;39;101;0.5238095;243;234.0891;19;0
8940;90;19;0.5;0.5;40;104;0.5450644;248;234.4712;19;3
8941;90;19;0.5;0.5;41;101;0.4592275;227;236.4653;19;0
8942;90;19;0.5;0.5;42;106;0.4660633;260;235.1981;19;5
8943;90;19;0.5;0.5;43;101;0.478673;248;236.4158;19;0
8944;90;19;0.5;0.5;44;101;0.4759615;243;236.802;19;0
8945;90;19;0.5;0.5;45;102;0.473251;218;234.2843;19;1
8946;90;19;0.5;0.5;46;101;0.504065;253;237.297;19;0
8947;90;19;0.5;0.5;47;104;0.4811715;241;234.7596;19;3
8948;90;19;0.5;0.5;48;102;0.4186047;237;236.7843;19;1
8949;90;19;0.5;0.5;49;105;0.5424528;254;236.2857;19;4
8950;90;19;0.5;0.5;50;101;0.511811;232;238.6832;19;0
8951;90;19;0.5;0.5;51;105;0.5598291;235;237.581;19;4
8952;90;19;0.5;0.5;52;103;0.5641026;221;236.6019;19;2
8953;90;19;0.5;0.5;53;101;0.4761905;208;235.9505;19;0
8954;90;19;0.5;0.5;54;101;0.4583333;241;237.703;19;0
8955;90;19;0.5;0.5;55;101;0.4935065;235;237.5248;19;0
8956;90;19;0.5;0.5;56;101;0.4841629;210;240.3366;19;0
8957;90;19;0.5;0.5;57;101;0.5510204;217;237.7822;19;0
8958;90;19;0.5;0.5;58;102;0.4922481;257;236.902;19;1
8959;90;19;0.5;0.5;59;101;0.4659091;223;236.505;19;0
8960;90;19;0.5;0.5;60;106;0.4978541;233;237.3679;19;5
8961;90;19;0.5;0.5;61;102;0.4522822;245;236.5392;19;1
8962;90;19;0.5;0.5;62;101;0.516;211;234.4158;19;0
8963;90;19;0.5;0.5;63;101;0.4698276;236;234.3564;19;0
8964;90;19;0.5;0.5;64;104;0.4560669;243;237.7308;19;3
8965;90;19;0.5;0.5;65;102;0.4901961;231;237.4706;19;1
8966;90;19;0.5;0.5;66;102;0.5107296;237;235.8333;19;1
8967;90;19;0.5;0.5;67;102;0.5551331;235;237.951;19;1
8968;90;19;0.5;0.5;68;103;0.473251;226;237.767;19;2
8969;90;19;0.5;0.5;69;102;0.5021645;230;237.3824;19;1
8970;90;19;0.5;0.5;70;101;0.4899598;220;236.4554;19;0
8971;90;19;0.5;0.5;71;101;0.5793991;216;235.5347;19;0
8972;90;19;0.5;0.5;72;106;0.5381356;241;236.6887;19;5
8973;90;19;0.5;0.5;73;101;0.4823009;234;234.3366;19;0
8974;90;19;0.5;0.5;74;101;0.5267857;239;237.396;19;0
8975;90;19;0.5;0.5;75;104;0.5042373;247;237.1923;19;3
8976;90;19;0.5;0.5;76;102;0.4977974;258;236.8431;19;1
8977;90;19;0.5;0.5;77;102;0.5443548;208;236.0196;19;1
8978;90;19;0.5;0.5;78;105;0.4677419;234;235.6476;19;4
8979;90;19;0.5;0.5;79;101;0.5258621;239;236.2574;19;0
8980;90;19;0.5;0.5;80;104;0.5311203;243;239.1442;19;3
8981;90;19;0.5;0.5;81;104;0.4426877;225;236.4231;19;3
8982;90;19;0.5;0.5;82;104;0.4798387;224;235.4904;19;3
8983;90;19;0.5;0.5;83;106;0.5103734;230;236.1226;19;5
8984;90;19;0.5;0.5;84;103;0.5748031;209;238.3592;19;2
8985;90;19;0.5;0.5;85;105;0.5465116;203;236.3333;19;4
8986;90;19;0.5;0.5;86;101;0.4429224;245;237.8812;19;0
8987;90;19;0.5;0.5;87;101;0.5657371;238;236.6931;19;0
8988;90;19;0.5;0.5;88;103;0.4801762;270;236.4272;19;2
8989;90;19;0.5;0.5;89;101;0.4958333;222;237.0396;19;0
8990;90;19;0.5;0.5;90;101;0.518018;234;236.0693;19;0
8991;90;19;0.5;0.5;91;101;0.5485232;241;237.0693;19;0
8992;90;19;0.5;0.5;92;101;0.4388186;221;237.0396;19;0
8993;90;19;0.5;0.5;93;102;0.4583333;226;237.8431;19;1
8994;90;19;0.5;0.5;94;101;0.4163569;218;236.8218;19;0
8995;90;19;0.5;0.5;95;101;0.5162602;225;238.0891;19;0
8996;90;19;0.5;0.5;96;101;0.5045045;246;236.901;19;0
8997;90;19;0.5;0.5;97;102;0.522449;235;237.9902;19;1
8998;90;19;0.5;0.5;98;103;0.4454545;235;237.9806;19;2
8999;90;19;0.5;0.5;99;102;0.4419643;214;236.0686;19;1
9000;90;19;0.5;0.5;100;102;0.4959677;211;236.3922;19;1
9001;91;21;0.5;0.5;1;101;0.4913043;239;236.6436;21;0
9002;91;21;0.5;0.5;2;101;0.3306122;229;235.8812;21;0
9003;91;21;0.5;0.5;3;104;0.4291845;224;237.0673;21;3
9004;91;21;0.5;0.5;4;101;0.5;241;236.9703;21;0
9005;91;21;0.5;0.5;5;101;0.488;241;237.198;21;0
9006;91;21;0.5;0.5;6;102;0.541502;235;235.3725;21;1
9007;91;21;0.5;0.5;7;101;0.5502183;273;237.2475;21;0
9008;91;21;0.5;0.5;8;101;0.5351562;224;235.8218;21;0
9009;91;21;0.5;0.5;9;101;0.4657534;245;237.3267;21;0
9010;91;21;0.5;0.5;10;101;0.450495;271;236.2178;21;0
9011;91;21;0.5;0.5;11;101;0.5234043;246;235.703;21;0
9012;91;21;0.5;0.5;12;102;0.4394619;239;236.9804;21;1
9013;91;21;0.5;0.5;13;102;0.5555556;240;236.4216;21;1
9014;91;21;0.5;0.5;14;101;0.5515873;224;238.1386;21;0
9015;91;21;0.5;0.5;15;101;0.543379;212;236.4455;21;0
9016;91;21;0.5;0.5;16;101;0.472973;267;236.7921;21;0
9017;91;21;0.5;0.5;17;102;0.4448819;247;237.3529;21;1
9018;91;21;0.5;0.5;18;108;0.4470046;227;236.5741;21;7
9019;91;21;0.5;0.5;19;101;0.4485597;221;236.2772;21;0
9020;91;21;0.5;0.5;20;109;0.4813278;234;235.8807;21;8
9021;91;21;0.5;0.5;21;101;0.4933921;269;236.7426;21;0
9022;91;21;0.5;0.5;22;101;0.4792627;249;235.396;21;0
9023;91;21;0.5;0.5;23;102;0.4798387;234;237.2745;21;1
9024;91;21;0.5;0.5;24;101;0.4098361;240;236.8119;21;0
9025;91;21;0.5;0.5;25;101;0.5421687;235;236.2673;21;0
9026;91;21;0.5;0.5;26;101;0.4818182;238;237.3168;21;0
9027;91;21;0.5;0.5;27;101;0.5020576;230;236.5644;21;0
9028;91;21;0.5;0.5;28;104;0.5909091;231;235.8846;21;3
9029;91;21;0.5;0.5;29;101;0.5294118;242;235.396;21;0
9030;91;21;0.5;0.5;30;101;0.5021097;244;236.3861;21;0
9031;91;21;0.5;0.5;31;101;0.5584416;239;235.9109;21;0
9032;91;21;0.5;0.5;32;102;0.5081301;232;236.9118;21;1
9033;91;21;0.5;0.5;33;102;0.5294118;230;237.0588;21;1
9034;91;21;0.5;0.5;34;101;0.4634146;257;235.703;21;0
9035;91;21;0.5;0.5;35;102;0.5596708;253;236.5784;21;1
9036;91;21;0.5;0.5;36;103;0.4728033;235;236.0971;21;2
9037;91;21;0.5;0.5;37;101;0.527897;240;236.7624;21;0
9038;91;21;0.5;0.5;38;103;0.5252918;256;238.3883;21;2
9039;91;21;0.5;0.5;39;101;0.4599156;248;236.8317;21;0
9040;91;21;0.5;0.5;40;101;0.5858586;245;236.297;21;0
9041;91;21;0.5;0.5;41;102;0.5208333;243;236.4804;21;1
9042;91;21;0.5;0.5;42;101;0.448;254;236.2871;21;0
9043;91;21;0.5;0.5;43;101;0.5595238;225;237.802;21;0
9044;91;21;0.5;0.5;44;101;0.5446809;249;235.505;21;0
9045;91;21;0.5;0.5;45;105;0.5125;243;236.7333;21;4
9046;91;21;0.5;0.5;46;106;0.4770642;224;236.7453;21;5
9047;91;21;0.5;0.5;47;102;0.4434389;233;236.2647;21;1
9048;91;21;0.5;0.5;48;110;0.486166;214;238.1182;21;9
9049;91;21;0.5;0.5;49;103;0.4345992;233;237.1262;21;2
9050;91;21;0.5;0.5;50;101;0.4603175;231;235.1683;21;0
9051;91;21;0.5;0.5;51;104;0.4786325;217;238.1635;21;3
9052;91;21;0.5;0.5;52;101;0.5354331;221;236.4653;21;0
9053;91;21;0.5;0.5;53;101;0.5091743;243;238.2079;21;0
9054;91;21;0.5;0.5;54;101;0.4904943;225;237.505;21;0
9055;91;21;0.5;0.5;55;101;0.5848214;260;237.396;21;0
9056;91;21;0.5;0.5;56;102;0.5686275;227;236.0882;21;1
9057;91;21;0.5;0.5;57;111;0.4343066;223;234.991;21;10
9058;91;21;0.5;0.5;58;102;0.5217391;240;236.8627;21;1
9059;91;21;0.5;0.5;59;106;0.4898785;232;235.1792;21;5
9060;91;21;0.5;0.5;60;102;0.4845815;235;238.2157;21;1
9061;91;21;0.5;0.5;61;102;0.4816327;235;236.9608;21;1
9062;91;21;0.5;0.5;62;101;0.5022831;255;236.2376;21;0
9063;91;21;0.5;0.5;63;101;0.5;236;236.3168;21;0
9064;91;21;0.5;0.5;64;101;0.5396825;242;237.396;21;0
9065;91;21;0.5;0.5;65;101;0.4757709;242;237.7921;21;0
9066;91;21;0.5;0.5;66;101;0.5219124;233;236.2277;21;0
9067;91;21;0.5;0.5;67;103;0.5022026;253;235.9903;21;2
9068;91;21;0.5;0.5;68;108;0.5425101;241;237.4815;21;7
9069;91;21;0.5;0.5;69;102;0.4859438;226;235.6373;21;1
9070;91;21;0.5;0.5;70;103;0.4508929;238;238.466;21;2
9071;91;21;0.5;0.5;71;101;0.4094828;231;234.9406;21;0
9072;91;21;0.5;0.5;72;101;0.444;237;237.1089;21;0
9073;91;21;0.5;0.5;73;105;0.5536481;244;236.0762;21;4
9074;91;21;0.5;0.5;74;101;0.474359;246;235.6139;21;0
9075;91;21;0.5;0.5;75;101;0.5330396;247;237.2673;21;0
9076;91;21;0.5;0.5;76;101;0.4401544;242;236.2475;21;0
9077;91;21;0.5;0.5;77;102;0.4817814;241;237.4314;21;1
9078;91;21;0.5;0.5;78;102;0.5112782;228;237.1471;21;1
9079;91;21;0.5;0.5;79;107;0.5418502;239;236.8037;21;6
9080;91;21;0.5;0.5;80;103;0.4769874;219;236.6893;21;2
9081;91;21;0.5;0.5;81;102;0.5353982;216;236.0294;21;1
9082;91;21;0.5;0.5;82;105;0.4599156;246;237.3333;21;4
9083;91;21;0.5;0.5;83;101;0.504717;246;236.4356;21;0
9084;91;21;0.5;0.5;84;101;0.4492188;240;238.7822;21;0
9085;91;21;0.5;0.5;85;102;0.5150215;257;235.1078;21;1
9086;91;21;0.5;0.5;86;101;0.5080645;207;236.3762;21;0
9087;91;21;0.5;0.5;87;102;0.5429864;251;238.2157;21;1
9088;91;21;0.5;0.5;88;101;0.4166667;233;237.9307;21;0
9089;91;21;0.5;0.5;89;104;0.46;223;236.0865;21;3
9090;91;21;0.5;0.5;90;103;0.5087719;216;234.2427;21;2
9091;91;21;0.5;0.5;91;101;0.4314516;236;236.1089;21;0
9092;91;21;0.5;0.5;92;105;0.4644351;241;234.9238;21;4
9093;91;21;0.5;0.5;93;107;0.3596838;223;234.8692;21;6
9094;91;21;0.5;0.5;94;102;0.5092937;216;235.6471;21;1
9095;91;21;0.5;0.5;95;101;0.4876033;240;237.2475;21;0
9096;91;21;0.5;0.5;96;101;0.4770642;265;235.8317;21;0
9097;91;21;0.5;0.5;97;101;0.5193133;219;237.6832;21;0
9098;91;21;0.5;0.5;98;103;0.4899598;218;236.767;21;2
9099;91;21;0.5;0.5;99;101;0.4186992;244;237.2475;21;0
9100;91;21;0.5;0.5;100;101;0.4615385;238;236.604;21;0
9101;92;23;0.5;0.5;1;103;0.4822134;224;234.534;23;2
9102;92;23;0.5;0.5;2;101;0.5896414;236;235.703;23;0
9103;92;23;0.5;0.5;3;101;0.5273438;219;236.0693;23;0
9104;92;23;0.5;0.5;4;102;0.4786325;246;236.3529;23;1
9105;92;23;0.5;0.5;5;101;0.4425532;236;236.9109;23;0
9106;92;23;0.5;0.5;6;101;0.4935622;226;236.4158;23;0
9107;92;23;0.5;0.5;7;103;0.5454545;254;237.8058;23;2
9108;92;23;0.5;0.5;8;106;0.4248927;245;238.3396;23;5
9109;92;23;0.5;0.5;9;101;0.5328185;259;236.8317;23;0
9110;92;23;0.5;0.5;10;106;0.5060241;236;238.4906;23;5
9111;92;23;0.5;0.5;11;102;0.4877049;222;239.2059;23;1
9112;92;23;0.5;0.5;12;104;0.4877049;230;236.5673;23;3
9113;92;23;0.5;0.5;13;101;0.4403292;241;240.0396;23;0
9114;92;23;0.5;0.5;14;101;0.6147541;221;237.0396;23;0
9115;92;23;0.5;0.5;15;102;0.5254237;245;237.4608;23;1
9116;92;23;0.5;0.5;16;101;0.4958333;246;236.0099;23;0
9117;92;23;0.5;0.5;17;101;0.4938272;210;235.9406;23;0
9118;92;23;0.5;0.5;18;101;0.5787037;226;235.6733;23;0
9119;92;23;0.5;0.5;19;101;0.5198238;242;237.2871;23;0
9120;92;23;0.5;0.5;20;102;0.5226337;229;237.5784;23;1
9121;92;23;0.5;0.5;21;102;0.639485;235;236.7059;23;1
9122;92;23;0.5;0.5;22;101;0.4419643;259;236.9703;23;0
9123;92;23;0.5;0.5;23;102;0.5;233;237.9804;23;1
9124;92;23;0.5;0.5;24;101;0.5425101;226;235.5545;23;0
9125;92;23;0.5;0.5;25;101;0.4767932;242;238.9208;23;0
9126;92;23;0.5;0.5;26;107;0.5339367;227;235.6729;23;6
9127;92;23;0.5;0.5;27;101;0.52;249;234.8515;23;0
9128;92;23;0.5;0.5;28;101;0.5701754;232;237.4356;23;0
9129;92;23;0.5;0.5;29;101;0.5720524;234;237.7822;23;0
9130;92;23;0.5;0.5;30;105;0.5127119;231;235.6;23;4
9131;92;23;0.5;0.5;31;101;0.5857741;224;236.802;23;0
9132;92;23;0.5;0.5;32;101;0.5;242;238.1089;23;0
9133;92;23;0.5;0.5;33;101;0.5531915;236;236.7723;23;0
9134;92;23;0.5;0.5;34;102;0.5183673;245;234.8039;23;1
9135;92;23;0.5;0.5;35;101;0.527897;264;236.1584;23;0
9136;92;23;0.5;0.5;36;101;0.4745763;229;236.3762;23;0
9137;92;23;0.5;0.5;37;101;0.470339;253;236.2475;23;0
9138;92;23;0.5;0.5;38;101;0.4953271;239;236.2475;23;0
9139;92;23;0.5;0.5;39;102;0.5043478;257;235.3431;23;1
9140;92;23;0.5;0.5;40;102;0.5361702;219;234.9804;23;1
9141;92;23;0.5;0.5;41;103;0.5909091;235;236.2816;23;2
9142;92;23;0.5;0.5;42;104;0.4871795;235;236.625;23;3
9143;92;23;0.5;0.5;43;101;0.5021834;243;237.802;23;0
9144;92;23;0.5;0.5;44;102;0.4592275;230;233.9706;23;1
9145;92;23;0.5;0.5;45;101;0.473029;253;235.703;23;0
9146;92;23;0.5;0.5;46;102;0.4497992;255;236.1667;23;1
9147;92;23;0.5;0.5;47;101;0.5527426;236;236.297;23;0
9148;92;23;0.5;0.5;48;103;0.5629921;205;236.4466;23;2
9149;92;23;0.5;0.5;49;102;0.4844444;257;238.2549;23;1
9150;92;23;0.5;0.5;50;104;0.4657534;222;236.9615;23;3
9151;92;23;0.5;0.5;51;101;0.5151515;218;236.1386;23;0
9152;92;23;0.5;0.5;52;103;0.4638783;243;236.932;23;2
9153;92;23;0.5;0.5;53;102;0.5277778;230;237.4804;23;1
9154;92;23;0.5;0.5;54;101;0.503937;247;236.2376;23;0
9155;92;23;0.5;0.5;55;101;0.5247934;234;236.8515;23;0
9156;92;23;0.5;0.5;56;102;0.4407407;234;236.5;23;1
9157;92;23;0.5;0.5;57;101;0.4625551;252;235.1782;23;0
9158;92;23;0.5;0.5;58;105;0.482906;220;236.2857;23;4
9159;92;23;0.5;0.5;59;106;0.5598456;233;236.434;23;5
9160;92;23;0.5;0.5;60;101;0.4932735;266;238.2079;23;0
9161;92;23;0.5;0.5;61;101;0.5291667;236;237.6832;23;0
9162;92;23;0.5;0.5;62;103;0.4734694;239;235.4951;23;2
9163;92;23;0.5;0.5;63;101;0.4618644;233;236;23;0
9164;92;23;0.5;0.5;64;101;0.5708502;248;238.7129;23;0
9165;92;23;0.5;0.5;65;102;0.4939271;235;234.5588;23;1
9166;92;23;0.5;0.5;66;102;0.3943089;219;237.4608;23;1
9167;92;23;0.5;0.5;67;104;0.5168067;241;235.4904;23;3
9168;92;23;0.5;0.5;68;103;0.5130435;253;235.9223;23;2
9169;92;23;0.5;0.5;69;101;0.4919355;239;237.802;23;0
9170;92;23;0.5;0.5;70;102;0.4434389;261;237.8431;23;1
9171;92;23;0.5;0.5;71;101;0.5041322;230;239.0594;23;0
9172;92;23;0.5;0.5;72;106;0.5953307;223;238.4717;23;5
9173;92;23;0.5;0.5;73;101;0.5443038;238;237.8911;23;0
9174;92;23;0.5;0.5;74;101;0.4955357;233;235.802;23;0
9175;92;23;0.5;0.5;75;101;0.4173913;245;238.2871;23;0
9176;92;23;0.5;0.5;76;101;0.5426357;206;237.6535;23;0
9177;92;23;0.5;0.5;77;107;0.5352697;245;239.4579;23;6
9178;92;23;0.5;0.5;78;102;0.3939394;207;235.8824;23;1
9179;92;23;0.5;0.5;79;101;0.5252101;230;236;23;0
9180;92;23;0.5;0.5;80;102;0.4981685;247;236.1765;23;1
9181;92;23;0.5;0.5;81;103;0.4744186;229;238.6408;23;2
9182;92;23;0.5;0.5;82;101;0.4440299;234;241.1287;23;0
9183;92;23;0.5;0.5;83;101;0.3975904;223;236.0297;23;0
9184;92;23;0.5;0.5;84;102;0.5809129;222;235.7255;23;1
9185;92;23;0.5;0.5;85;107;0.529661;231;237.6916;23;6
9186;92;23;0.5;0.5;86;101;0.4312796;284;237.2277;23;0
9187;92;23;0.5;0.5;87;105;0.5394191;245;234.5429;23;4
9188;92;23;0.5;0.5;88;103;0.4823009;245;236.165;23;2
9189;92;23;0.5;0.5;89;101;0.4834711;229;238.3069;23;0
9190;92;23;0.5;0.5;90;101;0.4794521;285;239.3168;23;0
9191;92;23;0.5;0.5;91;101;0.465587;269;238.5446;23;0
9192;92;23;0.5;0.5;92;104;0.4146341;216;236.5577;23;3
9193;92;23;0.5;0.5;93;101;0.4736842;238;235.6337;23;0
9194;92;23;0.5;0.5;94;101;0.5560538;226;237.2574;23;0
9195;92;23;0.5;0.5;95;102;0.4767932;228;236.1765;23;1
9196;92;23;0.5;0.5;96;101;0.442623;248;237.2871;23;0
9197;92;23;0.5;0.5;97;102;0.5625;252;237.1863;23;1
9198;92;23;0.5;0.5;98;104;0.4931507;226;234.6154;23;3
9199;92;23;0.5;0.5;99;102;0.5;242;239.5196;23;1
9200;92;23;0.5;0.5;100;101;0.5524194;230;237.1188;23;0
9201;93;25;0.5;0.5;1;101;0.4453782;243;237.1782;25;0
9202;93;25;0.5;0.5;2;101;0.4686192;226;235.9802;25;0
9203;93;25;0.5;0.5;3;104;0.3888889;243;237.4904;25;3
9204;93;25;0.5;0.5;4;102;0.4901961;228;236.5294;25;1
9205;93;25;0.5;0.5;5;101;0.4229249;228;235.6337;25;0
9206;93;25;0.5;0.5;6;101;0.5471698;240;237.6733;25;0
9207;93;25;0.5;0.5;7;102;0.5181818;230;236.549;25;1
9208;93;25;0.5;0.5;8;102;0.5086957;246;236.1275;25;1
9209;93;25;0.5;0.5;9;101;0.503937;200;235.6733;25;0
9210;93;25;0.5;0.5;10;101;0.4953271;218;236.9406;25;0
9211;93;25;0.5;0.5;11;101;0.4533898;231;237.0198;25;0
9212;93;25;0.5;0.5;12;102;0.5333333;228;235.6176;25;1
9213;93;25;0.5;0.5;13;104;0.539823;235;235.6058;25;3
9214;93;25;0.5;0.5;14;101;0.4401709;237;236.3861;25;0
9215;93;25;0.5;0.5;15;101;0.465587;246;237.8317;25;0
9216;93;25;0.5;0.5;16;101;0.4863636;223;237;25;0
9217;93;25;0.5;0.5;17;101;0.5064378;244;236.099;25;0
9218;93;25;0.5;0.5;18;103;0.5466102;228;237.1553;25;2
9219;93;25;0.5;0.5;19;101;0.5215686;237;238.5842;25;0
9220;93;25;0.5;0.5;20;101;0.3920705;245;238.0891;25;0
9221;93;25;0.5;0.5;21;103;0.5594714;247;237.0097;25;2
9222;93;25;0.5;0.5;22;101;0.4420601;243;237.7822;25;0
9223;93;25;0.5;0.5;23;104;0.527897;252;236.2019;25;3
9224;93;25;0.5;0.5;24;101;0.527027;267;237.6634;25;0
9225;93;25;0.5;0.5;25;101;0.46875;234;236.2673;25;0
9226;93;25;0.5;0.5;26;102;0.5195312;229;236.3529;25;1
9227;93;25;0.5;0.5;27;101;0.5;227;236.8119;25;0
9228;93;25;0.5;0.5;28;103;0.5042017;246;236.9417;25;2
9229;93;25;0.5;0.5;29;102;0.4663677;255;234.7353;25;1
9230;93;25;0.5;0.5;30;101;0.4958678;201;235.5446;25;0
9231;93;25;0.5;0.5;31;113;0.5574468;255;237.0619;25;12
9232;93;25;0.5;0.5;32;103;0.4458874;231;235.8641;25;2
9233;93;25;0.5;0.5;33;102;0.5172414;263;235.6863;25;1
9234;93;25;0.5;0.5;34;101;0.4955752;237;235.5644;25;0
9235;93;25;0.5;0.5;35;101;0.5414847;244;237.6436;25;0
9236;93;25;0.5;0.5;36;101;0.5418502;231;234.9505;25;0
9237;93;25;0.5;0.5;37;106;0.4936709;225;236.3868;25;5
9238;93;25;0.5;0.5;38;101;0.4978903;224;235.2871;25;0
9239;93;25;0.5;0.5;39;102;0.486166;227;236.1667;25;1
9240;93;25;0.5;0.5;40;101;0.4939271;243;238.3465;25;0
9241;93;25;0.5;0.5;41;103;0.4866071;236;238;25;2
9242;93;25;0.5;0.5;42;101;0.5068493;252;236.3069;25;0
9243;93;25;0.5;0.5;43;101;0.5173913;268;236.5347;25;0
9244;93;25;0.5;0.5;44;101;0.4653061;214;234.7525;25;0
9245;93;25;0.5;0.5;45;101;0.4977778;258;237.1386;25;0
9246;93;25;0.5;0.5;46;102;0.4956897;264;237.0784;25;1
9247;93;25;0.5;0.5;47;108;0.5791667;205;236.1574;25;7
9248;93;25;0.5;0.5;48;102;0.46;230;238.3039;25;1
9249;93;25;0.5;0.5;49;103;0.5975104;261;237.1359;25;2
9250;93;25;0.5;0.5;50;104;0.5265152;232;237.4904;25;3
9251;93;25;0.5;0.5;51;105;0.4920635;227;235.5905;25;4
9252;93;25;0.5;0.5;52;103;0.5819672;244;234.0194;25;2
9253;93;25;0.5;0.5;53;101;0.604;233;234.5446;25;0
9254;93;25;0.5;0.5;54;105;0.46875;235;236.9429;25;4
9255;93;25;0.5;0.5;55;102;0.4631148;232;236.7647;25;1
9256;93;25;0.5;0.5;56;103;0.5125;244;237.1165;25;2
9257;93;25;0.5;0.5;57;101;0.4692982;219;235.5347;25;0
9258;93;25;0.5;0.5;58;102;0.5352113;268;236.2451;25;1
9259;93;25;0.5;0.5;59;101;0.4782609;246;235.0891;25;0
9260;93;25;0.5;0.5;60;102;0.5669643;243;236.7549;25;1
9261;93;25;0.5;0.5;61;101;0.5043478;219;237.7129;25;0
9262;93;25;0.5;0.5;62;101;0.4853556;242;237.4653;25;0
9263;93;25;0.5;0.5;63;102;0.4754098;252;235.7941;25;1
9264;93;25;0.5;0.5;64;101;0.4693878;248;235.2178;25;0
9265;93;25;0.5;0.5;65;101;0.5;256;237.4158;25;0
9266;93;25;0.5;0.5;66;101;0.5116279;258;236.0594;25;0
9267;93;25;0.5;0.5;67;101;0.5566038;234;234.5347;25;0
9268;93;25;0.5;0.5;68;103;0.3901345;226;235.8447;25;2
9269;93;25;0.5;0.5;69;101;0.5037594;229;236;25;0
9270;93;25;0.5;0.5;70;101;0.5289256;226;237.0792;25;0
9271;93;25;0.5;0.5;71;107;0.4929577;237;234.1402;25;6
9272;93;25;0.5;0.5;72;101;0.5648536;234;236.2178;25;0
9273;93;25;0.5;0.5;73;102;0.4333333;236;235.9902;25;1
9274;93;25;0.5;0.5;74;104;0.4955357;253;235.9038;25;3
9275;93;25;0.5;0.5;75;103;0.5090909;241;236.2233;25;2
9276;93;25;0.5;0.5;76;101;0.5726872;252;235.1089;25;0
9277;93;25;0.5;0.5;77;101;0.526749;225;237.9208;25;0
9278;93;25;0.5;0.5;78;102;0.542735;239;234.9314;25;1
9279;93;25;0.5;0.5;79;101;0.5381356;244;237.3069;25;0
9280;93;25;0.5;0.5;80;102;0.4592275;239;236.2745;25;1
9281;93;25;0.5;0.5;81;101;0.4957265;243;236.7327;25;0
9282;93;25;0.5;0.5;82;102;0.4096916;222;237.8922;25;1
9283;93;25;0.5;0.5;83;105;0.522449;209;234.4762;25;4
9284;93;25;0.5;0.5;84;102;0.543379;225;236.8627;25;1
9285;93;25;0.5;0.5;85;101;0.5152838;238;236.0792;25;0
9286;93;25;0.5;0.5;86;103;0.4671815;203;234.6117;25;2
9287;93;25;0.5;0.5;87;101;0.5088496;255;236.0792;25;0
9288;93;25;0.5;0.5;88;102;0.4805195;236;235.6863;25;1
9289;93;25;0.5;0.5;89;101;0.5434783;222;235.396;25;0
9290;93;25;0.5;0.5;90;102;0.4541833;224;237.1471;25;1
9291;93;25;0.5;0.5;91;101;0.4688797;227;238.6238;25;0
9292;93;25;0.5;0.5;92;101;0.5761317;242;235.9901;25;0
9293;93;25;0.5;0.5;93;103;0.4449153;255;236.8252;25;2
9294;93;25;0.5;0.5;94;101;0.4894515;247;239.1683;25;0
9295;93;25;0.5;0.5;95;101;0.5244444;254;236.8317;25;0
9296;93;25;0.5;0.5;96;101;0.4485597;232;234.7624;25;0
9297;93;25;0.5;0.5;97;101;0.5614754;257;238.4158;25;0
9298;93;25;0.5;0.5;98;102;0.5606695;238;238.7157;25;1
9299;93;25;0.5;0.5;99;101;0.5074627;244;237.3168;25;0
9300;93;25;0.5;0.5;100;101;0.5732218;240;237.2277;25;0
9301;94;27;0.5;0.5;1;104;0.55;253;236.8269;27;3
9302;94;27;0.5;0.5;2;103;0.4314516;224;236.534;27;2
9303;94;27;0.5;0.5;3;102;0.5242718;241;235.4804;27;1
9304;94;27;0.5;0.5;4;102;0.507177;246;237.5392;27;1
9305;94;27;0.5;0.5;5;101;0.3899614;255;236.4257;27;0
9306;94;27;0.5;0.5;6;101;0.477551;238;236.198;27;0
9307;94;27;0.5;0.5;7;101;0.4636015;251;236.4653;27;0
9308;94;27;0.5;0.5;8;101;0.5089286;237;238.1386;27;0
9309;94;27;0.5;0.5;9;103;0.4833333;239;236.1262;27;2
9310;94;27;0.5;0.5;10;102;0.557377;241;236.7255;27;1
9311;94;27;0.5;0.5;11;102;0.4716157;220;235.2157;27;1
9312;94;27;0.5;0.5;12;103;0.4767932;237;235.9417;27;2
9313;94;27;0.5;0.5;13;101;0.4587156;234;235.1188;27;0
9314;94;27;0.5;0.5;14;102;0.4816514;222;235.6471;27;1
9315;94;27;0.5;0.5;15;101;0.5411255;225;236.604;27;0
9316;94;27;0.5;0.5;16;101;0.5474138;252;237.5743;27;0
9317;94;27;0.5;0.5;17;101;0.5665025;229;237.2673;27;0
9318;94;27;0.5;0.5;18;101;0.487069;249;236.5743;27;0
9319;94;27;0.5;0.5;19;101;0.5238095;213;237.5248;27;0
9320;94;27;0.5;0.5;20;103;0.5731707;228;236.233;27;2
9321;94;27;0.5;0.5;21;104;0.4913043;240;235;27;3
9322;94;27;0.5;0.5;22;106;0.4506438;231;233.7736;27;5
9323;94;27;0.5;0.5;23;101;0.5380952;245;238.4752;27;0
9324;94;27;0.5;0.5;24;101;0.5210084;222;237.1287;27;0
9325;94;27;0.5;0.5;25;101;0.4977778;241;236.4554;27;0
9326;94;27;0.5;0.5;26;101;0.4978166;231;236.6931;27;0
9327;94;27;0.5;0.5;27;101;0.4726562;230;236.2475;27;0
9328;94;27;0.5;0.5;28;101;0.5485232;240;237.2277;27;0
9329;94;27;0.5;0.5;29;102;0.5572139;261;238.902;27;1
9330;94;27;0.5;0.5;30;102;0.473029;280;239.2353;27;1
9331;94;27;0.5;0.5;31;101;0.5588235;246;237.1188;27;0
9332;94;27;0.5;0.5;32;101;0.4507042;244;238;27;0
9333;94;27;0.5;0.5;33;103;0.4811715;226;236.165;27;2
9334;94;27;0.5;0.5;34;103;0.4956897;243;237;27;2
9335;94;27;0.5;0.5;35;104;0.4771784;240;236.4231;27;3
9336;94;27;0.5;0.5;36;104;0.5545852;246;234.8173;27;3
9337;94;27;0.5;0.5;37;101;0.4955357;234;235.9109;27;0
9338;94;27;0.5;0.5;38;101;0.5428571;232;238.5545;27;0
9339;94;27;0.5;0.5;39;102;0.5432099;238;238.8333;27;1
9340;94;27;0.5;0.5;40;102;0.490566;250;235.598;27;1
9341;94;27;0.5;0.5;41;102;0.5254237;264;237.4118;27;1
9342;94;27;0.5;0.5;42;102;0.5390947;261;236.1275;27;1
9343;94;27;0.5;0.5;43;103;0.5258964;230;237.0388;27;2
9344;94;27;0.5;0.5;44;102;0.495614;231;236.6471;27;1
9345;94;27;0.5;0.5;45;101;0.4855967;250;238.5248;27;0
9346;94;27;0.5;0.5;46;102;0.4776786;237;235.5;27;1
9347;94;27;0.5;0.5;47;101;0.5575221;232;237.0297;27;0
9348;94;27;0.5;0.5;48;101;0.4529148;219;236.1683;27;0
9349;94;27;0.5;0.5;49;102;0.5274262;252;236.9216;27;1
9350;94;27;0.5;0.5;50;101;0.5227273;237;238.0594;27;0
9351;94;27;0.5;0.5;51;104;0.4027778;220;236.8269;27;3
9352;94;27;0.5;0.5;52;102;0.4871795;233;238.6078;27;1
9353;94;27;0.5;0.5;53;101;0.4910714;217;235.8416;27;0
9354;94;27;0.5;0.5;54;108;0.4472574;242;236.2963;27;7
9355;94;27;0.5;0.5;55;102;0.4774775;242;236.7157;27;1
9356;94;27;0.5;0.5;56;101;0.5206612;251;235.2772;27;0
9357;94;27;0.5;0.5;57;101;0.5112108;248;236.6139;27;0
9358;94;27;0.5;0.5;58;101;0.5474138;237;234.6535;27;0
9359;94;27;0.5;0.5;59;104;0.4247104;249;237.0769;27;3
9360;94;27;0.5;0.5;60;101;0.4879227;239;237.0396;27;0
9361;94;27;0.5;0.5;61;103;0.460177;229;236.2718;27;2
9362;94;27;0.5;0.5;62;102;0.5248869;246;237.2941;27;1
9363;94;27;0.5;0.5;63;103;0.443038;226;236.6019;27;2
9364;94;27;0.5;0.5;64;102;0.4780876;225;237.6078;27;1
9365;94;27;0.5;0.5;65;103;0.5288889;224;234.6019;27;2
9366;94;27;0.5;0.5;66;101;0.4788732;248;236.505;27;0
9367;94;27;0.5;0.5;67;101;0.55;248;234.5248;27;0
9368;94;27;0.5;0.5;68;102;0.4622642;232;238.049;27;1
9369;94;27;0.5;0.5;69;102;0.508;204;236.0196;27;1
9370;94;27;0.5;0.5;70;101;0.4957265;256;238.0693;27;0
9371;94;27;0.5;0.5;71;103;0.4851064;241;238.5534;27;2
9372;94;27;0.5;0.5;72;101;0.4978723;237;235.4554;27;0
9373;94;27;0.5;0.5;73;101;0.4955752;222;237.0099;27;0
9374;94;27;0.5;0.5;74;101;0.5744681;243;235.505;27;0
9375;94;27;0.5;0.5;75;103;0.4977778;236;236.6602;27;2
9376;94;27;0.5;0.5;76;101;0.6035242;239;235.5545;27;0
9377;94;27;0.5;0.5;77;101;0.5106383;257;237.2376;27;0
9378;94;27;0.5;0.5;78;106;0.5974026;240;236.6981;27;5
9379;94;27;0.5;0.5;79;102;0.5870445;252;237.2549;27;1
9380;94;27;0.5;0.5;80;102;0.4174312;231;237.7157;27;1
9381;94;27;0.5;0.5;81;102;0.4827586;241;237.0098;27;1
9382;94;27;0.5;0.5;82;105;0.4892704;231;236.8571;27;4
9383;94;27;0.5;0.5;83;105;0.4738956;262;236.3619;27;4
9384;94;27;0.5;0.5;84;104;0.5591837;233;236.9712;27;3
9385;94;27;0.5;0.5;85;101;0.4896266;229;238.198;27;0
9386;94;27;0.5;0.5;86;101;0.5022222;229;237.6832;27;0
9387;94;27;0.5;0.5;87;101;0.508547;224;236.495;27;0
9388;94;27;0.5;0.5;88;105;0.4722222;226;238.4667;27;4
9389;94;27;0.5;0.5;89;101;0.472;220;236.2871;27;0
9390;94;27;0.5;0.5;90;101;0.518018;232;235.3861;27;0
9391;94;27;0.5;0.5;91;103;0.4609053;246;236.8835;27;2
9392;94;27;0.5;0.5;92;102;0.5103734;223;238.8333;27;1
9393;94;27;0.5;0.5;93;101;0.5228216;248;237.5545;27;0
9394;94;27;0.5;0.5;94;101;0.4937759;239;235.8515;27;0
9395;94;27;0.5;0.5;95;101;0.5;257;237.3366;27;0
9396;94;27;0.5;0.5;96;101;0.504065;205;235.1881;27;0
9397;94;27;0.5;0.5;97;103;0.52;244;237.2913;27;2
9398;94;27;0.5;0.5;98;103;0.562753;250;238.8544;27;2
9399;94;27;0.5;0.5;99;101;0.4575472;271;237.1881;27;0
9400;94;27;0.5;0.5;100;101;0.5081967;228;236.6733;27;0
9401;95;29;0.5;0.5;1;101;0.5219124;257;236.1782;29;0
9402;95;29;0.5;0.5;2;101;0.4422311;216;236.5545;29;0
9403;95;29;0.5;0.5;3;102;0.5591837;241;237.7941;29;1
9404;95;29;0.5;0.5;4;107;0.4533898;244;236.9439;29;6
9405;95;29;0.5;0.5;5;104;0.5859031;232;238.1346;29;3
9406;95;29;0.5;0.5;6;103;0.5478261;248;235.9126;29;2
9407;95;29;0.5;0.5;7;101;0.4150943;231;236.3168;29;0
9408;95;29;0.5;0.5;8;103;0.4274194;223;236.1068;29;2
9409;95;29;0.5;0.5;9;101;0.539749;237;237.2871;29;0
9410;95;29;0.5;0.5;10;101;0.45;244;237.2376;29;0
9411;95;29;0.5;0.5;11;101;0.5020747;243;236.9406;29;0
9412;95;29;0.5;0.5;12;101;0.4325397;228;234.0594;29;0
9413;95;29;0.5;0.5;13;101;0.4715447;231;237.8515;29;0
9414;95;29;0.5;0.5;14;101;0.5404255;221;235.901;29;0
9415;95;29;0.5;0.5;15;101;0.5083333;228;234.0891;29;0
9416;95;29;0.5;0.5;16;103;0.4710425;239;236.5146;29;2
9417;95;29;0.5;0.5;17;101;0.5198413;228;236.4851;29;0
9418;95;29;0.5;0.5;18;101;0.4618474;241;237.7426;29;0
9419;95;29;0.5;0.5;19;108;0.487395;242;237;29;7
9420;95;29;0.5;0.5;20;102;0.4771784;282;237.5686;29;1
9421;95;29;0.5;0.5;21;101;0.5204918;222;235.9802;29;0
9422;95;29;0.5;0.5;22;101;0.4047619;231;236.6535;29;0
9423;95;29;0.5;0.5;23;102;0.522449;233;236.1863;29;1
9424;95;29;0.5;0.5;24;102;0.4801762;234;236.3725;29;1
9425;95;29;0.5;0.5;25;101;0.4534413;227;237.9901;29;0
9426;95;29;0.5;0.5;26;101;0.4805825;239;235.4851;29;0
9427;95;29;0.5;0.5;27;103;0.4506438;265;237.6699;29;2
9428;95;29;0.5;0.5;28;101;0.5482456;244;236.1485;29;0
9429;95;29;0.5;0.5;29;109;0.5294118;220;237.578;29;8
9430;95;29;0.5;0.5;30;102;0.5247934;229;237;29;1
9431;95;29;0.5;0.5;31;101;0.4700461;239;235.1188;29;0
9432;95;29;0.5;0.5;32;102;0.5084034;231;236.1275;29;1
9433;95;29;0.5;0.5;33;101;0.5335968;214;237.0297;29;0
9434;95;29;0.5;0.5;34;102;0.5040323;219;235.9902;29;1
9435;95;29;0.5;0.5;35;101;0.5394737;224;237.0297;29;0
9436;95;29;0.5;0.5;36;101;0.4491525;228;236.7822;29;0
9437;95;29;0.5;0.5;37;103;0.5990783;231;236.8738;29;2
9438;95;29;0.5;0.5;38;101;0.4420601;252;238.3267;29;0
9439;95;29;0.5;0.5;39;105;0.4590909;256;236.0762;29;4
9440;95;29;0.5;0.5;40;104;0.4396552;266;237.1827;29;3
9441;95;29;0.5;0.5;41;103;0.5267857;233;234.6214;29;2
9442;95;29;0.5;0.5;42;101;0.4817814;248;236.198;29;0
9443;95;29;0.5;0.5;43;103;0.4705882;233;236.7864;29;2
9444;95;29;0.5;0.5;44;104;0.4895397;242;235.7981;29;3
9445;95;29;0.5;0.5;45;104;0.4460094;232;236.5096;29;3
9446;95;29;0.5;0.5;46;102;0.4789916;220;235.8137;29;1
9447;95;29;0.5;0.5;47;101;0.5240175;242;237.396;29;0
9448;95;29;0.5;0.5;48;108;0.5252918;229;236.6389;29;7
9449;95;29;0.5;0.5;49;101;0.5580357;249;237.0594;29;0
9450;95;29;0.5;0.5;50;104;0.4170213;219;235.1154;29;3
9451;95;29;0.5;0.5;51;103;0.4495798;231;234.4175;29;2
9452;95;29;0.5;0.5;52;103;0.5;247;236.6505;29;2
9453;95;29;0.5;0.5;53;102;0.4977376;254;237.5;29;1
9454;95;29;0.5;0.5;54;102;0.5;241;235.8627;29;1
9455;95;29;0.5;0.5;55;101;0.5019305;234;236.2277;29;0
9456;95;29;0.5;0.5;56;101;0.5714286;246;235.495;29;0
9457;95;29;0.5;0.5;57;104;0.3951613;252;236.4615;29;3
9458;95;29;0.5;0.5;58;102;0.5;233;236.6863;29;1
9459;95;29;0.5;0.5;59;102;0.5095785;235;237.9706;29;1
9460;95;29;0.5;0.5;60;101;0.5021097;252;235.8614;29;0
9461;95;29;0.5;0.5;61;101;0.5020747;237;237.1584;29;0
9462;95;29;0.5;0.5;62;104;0.5404255;250;234.7788;29;3
9463;95;29;0.5;0.5;63;105;0.4605263;258;235.781;29;4
9464;95;29;0.5;0.5;64;106;0.4836066;244;237.7925;29;5
9465;95;29;0.5;0.5;65;103;0.462963;227;235.5534;29;2
9466;95;29;0.5;0.5;66;102;0.4831933;209;235.8824;29;1
9467;95;29;0.5;0.5;67;101;0.5;230;236.0495;29;0
9468;95;29;0.5;0.5;68;101;0.4625551;229;236.0891;29;0
9469;95;29;0.5;0.5;69;101;0.5163934;241;236.495;29;0
9470;95;29;0.5;0.5;70;101;0.404;215;236.703;29;0
9471;95;29;0.5;0.5;71;103;0.4521739;238;236.6602;29;2
9472;95;29;0.5;0.5;72;102;0.489083;232;236.1863;29;1
9473;95;29;0.5;0.5;73;102;0.5523013;222;238.2647;29;1
9474;95;29;0.5;0.5;74;103;0.4725738;228;236.3301;29;2
9475;95;29;0.5;0.5;75;106;0.4444444;246;239.0943;29;5
9476;95;29;0.5;0.5;76;104;0.5662651;215;235.3269;29;3
9477;95;29;0.5;0.5;77;102;0.4391304;197;236.0784;29;1
9478;95;29;0.5;0.5;78;103;0.5232068;248;236.7282;29;2
9479;95;29;0.5;0.5;79;101;0.4225941;242;237.8119;29;0
9480;95;29;0.5;0.5;80;102;0.527897;249;235.2451;29;1
9481;95;29;0.5;0.5;81;102;0.5021277;228;235.9412;29;1
9482;95;29;0.5;0.5;82;105;0.588785;238;235.4095;29;4
9483;95;29;0.5;0.5;83;101;0.4915966;225;239.3366;29;0
9484;95;29;0.5;0.5;84;103;0.5388128;236;236.5631;29;2
9485;95;29;0.5;0.5;85;103;0.4880952;227;235.2524;29;2
9486;95;29;0.5;0.5;86;101;0.4853556;239;235.7723;29;0
9487;95;29;0.5;0.5;87;104;0.5406504;219;236.8558;29;3
9488;95;29;0.5;0.5;88;101;0.4488889;262;237.2178;29;0
9489;95;29;0.5;0.5;89;101;0.4139344;231;237.3762;29;0
9490;95;29;0.5;0.5;90;102;0.4023904;233;235.7549;29;1
9491;95;29;0.5;0.5;91;104;0.4385965;243;236.0962;29;3
9492;95;29;0.5;0.5;92;101;0.5309735;252;237.505;29;0
9493;95;29;0.5;0.5;93;103;0.516129;233;235.4757;29;2
9494;95;29;0.5;0.5;94;101;0.406639;236;236.703;29;0
9495;95;29;0.5;0.5;95;103;0.4375;258;237.7282;29;2
9496;95;29;0.5;0.5;96;103;0.5;238;235.5534;29;2
9497;95;29;0.5;0.5;97;102;0.4;249;236.7353;29;1
9498;95;29;0.5;0.5;98;101;0.4520548;225;235.9802;29;0
9499;95;29;0.5;0.5;99;101;0.4606299;214;236.604;29;0
9500;95;29;0.5;0.5;100;101;0.5198238;247;238.1683;29;0
9501;96;224;0.5;0.5;1;101;0.4326531;245;236.4257;223.4455;0
9502;96;224;0.5;0.5;2;106;0.5165877;248;237.1132;222.8208;5
9503;96;224;0.5;0.5;3;104;0.573991;239;236.5096;223.4712;3
9504;96;224;0.5;0.5;4;101;0.4719101;223;237.0099;222.7129;0
9505;96;224;0.5;0.5;5;101;0.5188679;259;237.0297;221.4851;0
9506;96;224;0.5;0.5;6;101;0.4832536;256;236.1584;223.2079;0
9507;96;224;0.5;0.5;7;101;0.5281385;245;236.505;223.0495;0
9508;96;224;0.5;0.5;8;101;0.4956897;237;235.198;222.3168;0
9509;96;224;0.5;0.5;9;101;0.4541667;252;236.8119;223.0495;0
9510;96;224;0.5;0.5;10;101;0.4696356;235;236.6931;223.0693;0
9511;96;224;0.5;0.5;11;103;0.5669643;245;235.1942;222.6117;2
9512;96;224;0.5;0.5;12;102;0.4521739;207;236.049;222.549;1
9513;96;224;0.5;0.5;13;101;0.4955357;262;237.2772;222.6931;0
9514;96;224;0.5;0.5;14;102;0.5488372;235;236.1471;222.7647;1
9515;96;224;0.5;0.5;15;101;0.4893617;214;235.495;222.2079;0
9516;96;224;0.5;0.5;16;101;0.4493927;252;235.7822;222.7228;0
9517;96;224;0.5;0.5;17;101;0.5066079;249;235.8317;220.7624;0
9518;96;224;0.5;0.5;18;101;0.5470085;240;235.4356;222.5644;0
9519;96;224;0.5;0.5;19;101;0.3971963;261;236.703;222.4653;0
9520;96;224;0.5;0.5;20;102;0.5173913;223;236.6471;222;1
9521;96;224;0.5;0.5;21;101;0.5063291;226;237.0891;222.5347;0
9522;96;224;0.5;0.5;22;101;0.508547;230;237.1188;222.5248;0
9523;96;224;0.5;0.5;23;101;0.4701195;245;237.7723;222.505;0
9524;96;224;0.5;0.5;24;101;0.4877049;211;235.1485;222.2772;0
9525;96;224;0.5;0.5;25;101;0.526971;226;237.7525;222.9901;0
9526;96;224;0.5;0.5;26;101;0.4647303;224;236.6337;222.9604;0
9527;96;224;0.5;0.5;27;102;0.4819277;250;236.3333;221.6569;1
9528;96;224;0.5;0.5;28;101;0.5315315;240;238.604;223.505;0
9529;96;224;0.5;0.5;29;108;0.562212;226;235.2778;221.5463;7
9530;96;224;0.5;0.5;30;104;0.4297189;232;236.3269;222.6058;3
9531;96;224;0.5;0.5;31;101;0.5512195;257;235.2673;222.4455;0
9532;96;224;0.5;0.5;32;101;0.5152838;240;235.7723;222.8515;0
9533;96;224;0.5;0.5;33;116;0.5793358;233;237.8793;223.2241;15
9534;96;224;0.5;0.5;34;102;0.5374449;245;236.9412;222.9902;1
9535;96;224;0.5;0.5;35;105;0.5339367;220;236.7905;222.3524;4
9536;96;224;0.5;0.5;36;101;0.4755556;261;237.6931;222.3465;0
9537;96;224;0.5;0.5;37;109;0.4757709;233;236.789;222.5229;8
9538;96;224;0.5;0.5;38;101;0.4603175;245;238.1584;223.4752;0
9539;96;224;0.5;0.5;39;102;0.5;268;237.5392;223.1471;1
9540;96;224;0.5;0.5;40;101;0.5038168;215;236.9901;221.9307;0
9541;96;224;0.5;0.5;41;101;0.4723404;234;238.1287;222.495;0
9542;96;224;0.5;0.5;42;101;0.4978166;236;236.297;222.2178;0
9543;96;224;0.5;0.5;43;101;0.5336323;234;236.4158;222.6238;0
9544;96;224;0.5;0.5;44;101;0.4708333;242;236.7525;222.495;0
9545;96;224;0.5;0.5;45;105;0.4008811;236;236.5238;222.6667;4
9546;96;224;0.5;0.5;46;102;0.5272727;243;236.1373;222.9314;1
9547;96;224;0.5;0.5;47;102;0.4688797;239;237.1667;222.9216;1
9548;96;224;0.5;0.5;48;101;0.48;222;236.7624;223.1287;0
9549;96;224;0.5;0.5;49;101;0.4221311;217;235.2673;222.7723;0
9550;96;224;0.5;0.5;50;102;0.5469388;257;235.9412;222.7745;1
9551;96;224;0.5;0.5;51;104;0.5462555;242;236.9135;223.0769;3
9552;96;224;0.5;0.5;52;101;0.4496124;239;236.4851;222.6535;0
9553;96;224;0.5;0.5;53;102;0.4894515;244;235.5196;222.7059;1
9554;96;224;0.5;0.5;54;101;0.5367965;250;235.5248;221.8812;0
9555;96;224;0.5;0.5;55;101;0.5067265;238;237.6634;223.6634;0
9556;96;224;0.5;0.5;56;104;0.5068493;261;236.2596;222.7692;3
9557;96;224;0.5;0.5;57;108;0.4430894;214;237.3241;223.3611;7
9558;96;224;0.5;0.5;58;101;0.4604651;248;235.4554;222.7426;0
9559;96;224;0.5;0.5;59;101;0.4811715;231;237.3366;223.0396;0
9560;96;224;0.5;0.5;60;101;0.518018;249;236.3663;222.8812;0
9561;96;224;0.5;0.5;61;101;0.5550661;240;238.4059;223.4059;0
9562;96;224;0.5;0.5;62;101;0.5;219;235.7228;222.3564;0
9563;96;224;0.5;0.5;63;101;0.4482759;258;237.5347;222.3762;0
9564;96;224;0.5;0.5;64;101;0.5541126;247;236.0495;222.505;0
9565;96;224;0.5;0.5;65;104;0.5289256;253;236.9327;222.625;3
9566;96;224;0.5;0.5;66;101;0.5330396;220;237.7921;222.2574;0
9567;96;224;0.5;0.5;67;101;0.4537815;225;236.8515;223.2178;0
9568;96;224;0.5;0.5;68;104;0.4279661;220;237.75;222.7115;3
9569;96;224;0.5;0.5;69;103;0.4835165;224;236.3301;222.301;2
9570;96;224;0.5;0.5;70;102;0.5502183;216;237.4804;223.0392;1
9571;96;224;0.5;0.5;71;106;0.6094421;261;235.1038;222.4151;5
9572;96;224;0.5;0.5;72;104;0.5330396;207;236.2788;222.8558;3
9573;96;224;0.5;0.5;73;103;0.4188034;232;236.1359;223.1456;2
9574;96;224;0.5;0.5;74;101;0.5766129;229;235.8812;222.7129;0
9575;96;224;0.5;0.5;75;102;0.5194805;242;237.9216;222.7745;1
9576;96;224;0.5;0.5;76;101;0.5042735;230;235.0099;222.901;0
9577;96;224;0.5;0.5;77;101;0.5303644;228;237.3267;223.2475;0
9578;96;224;0.5;0.5;78;101;0.4467213;248;239.2475;223.0693;0
9579;96;224;0.5;0.5;79;101;0.4761905;258;237.8119;223.2079;0
9580;96;224;0.5;0.5;80;102;0.4875;221;238;223.5588;1
9581;96;224;0.5;0.5;81;107;0.4427861;252;236.1963;221.4393;6
9582;96;224;0.5;0.5;82;101;0.4697674;243;237.5743;222.396;0
9583;96;224;0.5;0.5;83;101;0.5111111;233;236.4158;222.5347;0
9584;96;224;0.5;0.5;84;102;0.4767932;238;235.0392;222.4118;1
9585;96;224;0.5;0.5;85;103;0.5438596;254;235.8738;222.1845;2
9586;96;224;0.5;0.5;86;103;0.5308642;239;237.466;223.1359;2
9587;96;224;0.5;0.5;87;101;0.491453;254;238.0495;222.5743;0
9588;96;224;0.5;0.5;88;101;0.5504202;223;236.2574;222.1386;0
9589;96;224;0.5;0.5;89;102;0.4756098;239;236.9902;222.9216;1
9590;96;224;0.5;0.5;90;101;0.5810811;234;236.9109;223.198;0
9591;96;224;0.5;0.5;91;101;0.4658635;242;236.1485;221.604;0
9592;96;224;0.5;0.5;92;101;0.5348837;217;236.7624;222.2673;0
9593;96;224;0.5;0.5;93;102;0.4954545;239;237.5;222.3922;1
9594;96;224;0.5;0.5;94;101;0.4918699;202;235.901;222.6832;0
9595;96;224;0.5;0.5;95;103;0.4734513;227;236.4369;222.9417;2
9596;96;224;0.5;0.5;96;101;0.472103;265;236.5644;223;0
9597;96;224;0.5;0.5;97;102;0.5152838;250;235.5294;222.4902;1
9598;96;224;0.5;0.5;98;101;0.6025641;219;236.3267;222.604;0
9599;96;224;0.5;0.5;99;102;0.5185185;242;237.1961;222.951;1
9600;96;224;0.5;0.5;100;101;0.5241935;236;237.2079;222.5149;0
9601;97;1;0.6;0.5;1;103;0.510917;242;235.8738;1;2
9602;97;1;0.6;0.5;2;102;0.5555556;247;236.8431;1;1
9603;97;1;0.6;0.5;3;103;0.5063291;240;237.5631;1;2
9604;97;1;0.6;0.5;4;101;0.4978903;232;237.8515;1;0
9605;97;1;0.6;0.5;5;102;0.4962687;219;236.1667;1;1
9606;97;1;0.6;0.5;6;101;0.4047619;249;235.703;1;0
9607;97;1;0.6;0.5;7;101;0.4728033;248;236.099;1;0
9608;97;1;0.6;0.5;8;101;0.4789916;247;235.5644;1;0
9609;97;1;0.6;0.5;9;106;0.4734513;231;236.0094;1;5
9610;97;1;0.6;0.5;10;101;0.4782609;210;236.1386;1;0
9611;97;1;0.6;0.5;11;101;0.5737052;224;238.5743;1;0
9612;97;1;0.6;0.5;12;105;0.4422311;259;237.3619;1;4
9613;97;1;0.6;0.5;13;101;0.4351464;229;236.4752;1;0
9614;97;1;0.6;0.5;14;102;0.5860656;227;236.3725;1;1
9615;97;1;0.6;0.5;15;102;0.4875;224;236.5294;1;1
9616;97;1;0.6;0.5;16;101;0.4678899;252;235.3168;1;0
9617;97;1;0.6;0.5;17;105;0.5527426;241;238.3714;1;4
9618;97;1;0.6;0.5;18;104;0.4954545;247;236.5865;1;3
9619;97;1;0.6;0.5;19;103;0.4977169;267;236.301;1;2
9620;97;1;0.6;0.5;20;103;0.5346939;245;236.534;1;2
9621;97;1;0.6;0.5;21;101;0.4934498;233;236.2871;1;0
9622;97;1;0.6;0.5;22;103;0.4093023;245;236.7379;1;2
9623;97;1;0.6;0.5;23;101;0.4304933;247;238.5347;1;0
9624;97;1;0.6;0.5;24;101;0.4898785;229;236.2673;1;0
9625;97;1;0.6;0.5;25;107;0.4594595;216;236.5421;1;6
9626;97;1;0.6;0.5;26;101;0.5411255;252;238.198;1;0
9627;97;1;0.6;0.5;27;101;0.5040323;236;236.3861;1;0
9628;97;1;0.6;0.5;28;101;0.4647887;235;237.5347;1;0
9629;97;1;0.6;0.5;29;101;0.4627451;256;239.2574;1;0
9630;97;1;0.6;0.5;30;102;0.491453;210;235.2451;1;1
9631;97;1;0.6;0.5;31;101;0.535545;253;236.1089;1;0
9632;97;1;0.6;0.5;32;101;0.522449;228;236.7822;1;0
9633;97;1;0.6;0.5;33;101;0.4701195;222;233.6931;1;0
9634;97;1;0.6;0.5;34;102;0.5019763;231;235.1667;1;1
9635;97;1;0.6;0.5;35;101;0.5240175;244;236.297;1;0
9636;97;1;0.6;0.5;36;103;0.4649123;238;236.8155;1;2
9637;97;1;0.6;0.5;37;103;0.5241935;247;237.8932;1;2
9638;97;1;0.6;0.5;38;106;0.5064935;240;236.7075;1;5
9639;97;1;0.6;0.5;39;103;0.4481328;246;235.534;1;2
9640;97;1;0.6;0.5;40;101;0.5045455;229;237.4554;1;0
9641;97;1;0.6;0.5;41;102;0.5131579;229;237.6373;1;1
9642;97;1;0.6;0.5;42;102;0.443038;244;234.0294;1;1
9643;97;1;0.6;0.5;43;101;0.4935622;229;234.8614;1;0
9644;97;1;0.6;0.5;44;102;0.470339;244;237.4412;1;1
9645;97;1;0.6;0.5;45;105;0.4937238;233;237.1714;1;4
9646;97;1;0.6;0.5;46;101;0.5263158;238;235.901;1;0
9647;97;1;0.6;0.5;47;101;0.4457831;221;234.7525;1;0
9648;97;1;0.6;0.5;48;103;0.5;241;238.2427;1;2
9649;97;1;0.6;0.5;49;102;0.5165289;241;236.1176;1;1
9650;97;1;0.6;0.5;50;102;0.5753968;236;235.9314;1;1
9651;97;1;0.6;0.5;51;101;0.545;245;235.8812;1;0
9652;97;1;0.6;0.5;52;107;0.5446809;238;238.4206;1;6
9653;97;1;0.6;0.5;53;101;0.5;224;236.9703;1;0
9654;97;1;0.6;0.5;54;102;0.4621849;220;234.9902;1;1
9655;97;1;0.6;0.5;55;103;0.4918699;236;237.4951;1;2
9656;97;1;0.6;0.5;56;101;0.4361233;254;237.8218;1;0
9657;97;1;0.6;0.5;57;105;0.5263158;204;235.1905;1;4
9658;97;1;0.6;0.5;58;101;0.4647303;227;235.9505;1;0
9659;97;1;0.6;0.5;59;101;0.4638298;215;236.7921;1;0
9660;97;1;0.6;0.5;60;102;0.4824561;227;236.9216;1;1
9661;97;1;0.6;0.5;61;101;0.5169492;233;235.4158;1;0
9662;97;1;0.6;0.5;62;102;0.4980545;234;236.3333;1;1
9663;97;1;0.6;0.5;63;101;0.4895397;212;237.9307;1;0
9664;97;1;0.6;0.5;64;107;0.4913043;234;236.0935;1;6
9665;97;1;0.6;0.5;65;104;0.5173913;252;236.4038;1;3
9666;97;1;0.6;0.5;66;102;0.4789916;243;234.8039;1;1
9667;97;1;0.6;0.5;67;103;0.4322034;224;236.3981;1;2
9668;97;1;0.6;0.5;68;101;0.5458333;242;236.495;1;0
9669;97;1;0.6;0.5;69;102;0.4394619;241;236.1863;1;1
9670;97;1;0.6;0.5;70;102;0.491453;248;236.3922;1;1
9671;97;1;0.6;0.5;71;103;0.5627706;230;236.3592;1;2
9672;97;1;0.6;0.5;72;101;0.5069767;215;235.198;1;0
9673;97;1;0.6;0.5;73;105;0.5171103;209;236.8857;1;4
9674;97;1;0.6;0.5;74;105;0.4159292;236;237.181;1;4
9675;97;1;0.6;0.5;75;101;0.4922481;221;235.099;1;0
9676;97;1;0.6;0.5;76;105;0.4069264;247;236.8;1;4
9677;97;1;0.6;0.5;77;102;0.4738806;226;236.1667;1;1
9678;97;1;0.6;0.5;78;101;0.4479638;225;238.0792;1;0
9679;97;1;0.6;0.5;79;102;0.5;235;238.3529;1;1
9680;97;1;0.6;0.5;80;102;0.5315315;245;237.1569;1;1
9681;97;1;0.6;0.5;81;101;0.5478261;268;237.9406;1;0
9682;97;1;0.6;0.5;82;101;0.4940711;227;238.1584;1;0
9683;97;1;0.6;0.5;83;101;0.5509259;257;237.1386;1;0
9684;97;1;0.6;0.5;84;102;0.473251;229;235.5196;1;1
9685;97;1;0.6;0.5;85;103;0.5696203;222;236.7282;1;2
9686;97;1;0.6;0.5;86;101;0.5204918;219;235.4059;1;0
9687;97;1;0.6;0.5;87;102;0.478673;233;236.7843;1;1
9688;97;1;0.6;0.5;88;102;0.5150215;237;237.1275;1;1
9689;97;1;0.6;0.5;89;102;0.4859438;225;237.3137;1;1
9690;97;1;0.6;0.5;90;103;0.4564315;228;237.5437;1;2
9691;97;1;0.6;0.5;91;102;0.4599156;234;236.3824;1;1
9692;97;1;0.6;0.5;92;101;0.5104603;229;236.505;1;0
9693;97;1;0.6;0.5;93;102;0.5254237;244;236.6569;1;1
9694;97;1;0.6;0.5;94;101;0.5022624;244;234.6436;1;0
9695;97;1;0.6;0.5;95;101;0.4754098;232;235.6337;1;0
9696;97;1;0.6;0.5;96;101;0.4291498;231;235.901;1;0
9697;97;1;0.6;0.5;97;101;0.4590164;236;235.8416;1;0
9698;97;1;0.6;0.5;98;104;0.3849558;236;233.2788;1;3
9699;97;1;0.6;0.5;99;102;0.5666667;232;236.3922;1;1
9700;97;1;0.6;0.5;100;103;0.5240175;246;238.2621;1;2
9701;98;3;0.6;0.5;1;101;0.4255319;233;235.9505;3;0
9702;98;3;0.6;0.5;2;102;0.529661;242;238.6471;3;1
9703;98;3;0.6;0.5;3;101;0.4866071;237;234.3267;3;0
9704;98;3;0.6;0.5;4;105;0.4834123;248;235.6095;3;4
9705;98;3;0.6;0.5;5;101;0.4516129;218;236.1089;3;0
9706;98;3;0.6;0.5;6;101;0.4578313;227;237.6238;3;0
9707;98;3;0.6;0.5;7;103;0.4728033;237;235.2524;3;2
9708;98;3;0.6;0.5;8;104;0.5477178;246;237.4519;3;3
9709;98;3;0.6;0.5;9;101;0.4353448;236;236.2277;3;0
9710;98;3;0.6;0.5;10;101;0.4910714;242;236.7525;3;0
9711;98;3;0.6;0.5;11;101;0.6140351;246;237.0495;3;0
9712;98;3;0.6;0.5;12;101;0.4754098;221;236.1287;3;0
9713;98;3;0.6;0.5;13;101;0.4385965;241;235.6238;3;0
9714;98;3;0.6;0.5;14;101;0.5647059;230;235.8416;3;0
9715;98;3;0.6;0.5;15;104;0.4672131;221;236.7404;3;3
9716;98;3;0.6;0.5;16;101;0.4148472;255;236.9208;3;0
9717;98;3;0.6;0.5;17;102;0.4152542;246;236.1373;3;1
9718;98;3;0.6;0.5;18;101;0.5321888;227;237.6436;3;0
9719;98;3;0.6;0.5;19;101;0.3914729;221;235.9604;3;0
9720;98;3;0.6;0.5;20;101;0.5822785;267;237.4851;3;0
9721;98;3;0.6;0.5;21;102;0.512605;217;236.5882;3;1
9722;98;3;0.6;0.5;22;101;0.558952;229;236.8911;3;0
9723;98;3;0.6;0.5;23;101;0.4754098;217;236.5941;3;0
9724;98;3;0.6;0.5;24;102;0.4675325;247;237.9608;3;1
9725;98;3;0.6;0.5;25;101;0.5575221;230;234.6634;3;0
9726;98;3;0.6;0.5;26;102;0.4801762;235;236.8235;3;1
9727;98;3;0.6;0.5;27;102;0.4834711;235;235.7549;3;1
9728;98;3;0.6;0.5;28;101;0.52;221;235.7624;3;0
9729;98;3;0.6;0.5;29;103;0.5020576;224;238.6796;3;2
9730;98;3;0.6;0.5;30;101;0.4801587;208;235.6634;3;0
9731;98;3;0.6;0.5;31;102;0.4747899;238;238.4314;3;1
9732;98;3;0.6;0.5;32;101;0.4978166;273;237.0594;3;0
9733;98;3;0.6;0.5;33;101;0.460177;227;236.4851;3;0
9734;98;3;0.6;0.5;34;101;0.5625;227;237.2079;3;0
9735;98;3;0.6;0.5;35;101;0.5372549;237;235.8614;3;0
9736;98;3;0.6;0.5;36;102;0.5311203;208;236.598;3;1
9737;98;3;0.6;0.5;37;101;0.558952;231;236.6733;3;0
9738;98;3;0.6;0.5;38;102;0.5084034;237;236.1765;3;1
9739;98;3;0.6;0.5;39;101;0.4725738;206;236.099;3;0
9740;98;3;0.6;0.5;40;109;0.4315353;254;234.6606;3;8
9741;98;3;0.6;0.5;41;102;0.517094;237;237.6961;3;1
9742;98;3;0.6;0.5;42;104;0.5630252;246;236.2212;3;3
9743;98;3;0.6;0.5;43;103;0.4541667;222;235.3786;3;2
9744;98;3;0.6;0.5;44;102;0.5140187;232;233.7745;3;1
9745;98;3;0.6;0.5;45;101;0.5102881;230;235.4455;3;0
9746;98;3;0.6;0.5;46;101;0.5321888;244;236.2079;3;0
9747;98;3;0.6;0.5;47;101;0.472973;233;236.5842;3;0
9748;98;3;0.6;0.5;48;101;0.5077519;210;233.8119;3;0
9749;98;3;0.6;0.5;49;102;0.5493562;247;237.5098;3;1
9750;98;3;0.6;0.5;50;104;0.4978903;235;238.2788;3;3
9751;98;3;0.6;0.5;51;101;0.5959184;216;236.5842;3;0
9752;98;3;0.6;0.5;52;102;0.4435146;236;236.2255;3;1
9753;98;3;0.6;0.5;53;105;0.456621;246;237.7524;3;4
9754;98;3;0.6;0.5;54;101;0.556;229;238.3366;3;0
9755;98;3;0.6;0.5;55;101;0.48583;222;236.2277;3;0
9756;98;3;0.6;0.5;56;103;0.484;211;236.6505;3;2
9757;98;3;0.6;0.5;57;101;0.529148;221;236.2673;3;0
9758;98;3;0.6;0.5;58;102;0.5362903;223;236.7843;3;1
9759;98;3;0.6;0.5;59;101;0.4763948;254;236.9505;3;0
9760;98;3;0.6;0.5;60;101;0.4686192;217;237.5743;3;0
9761;98;3;0.6;0.5;61;104;0.559322;225;237.5577;3;3
9762;98;3;0.6;0.5;62;101;0.5022222;223;238.297;3;0
9763;98;3;0.6;0.5;63;103;0.4495798;235;236.3883;3;2
9764;98;3;0.6;0.5;64;102;0.5282258;230;237.2451;3;1
9765;98;3;0.6;0.5;65;101;0.4380531;248;236.099;3;0
9766;98;3;0.6;0.5;66;102;0.5511811;236;236.1667;3;1
9767;98;3;0.6;0.5;67;102;0.5086957;218;235.9412;3;1
9768;98;3;0.6;0.5;68;104;0.5277778;196;234.9808;3;3
9769;98;3;0.6;0.5;69;104;0.5826087;264;238.2019;3;3
9770;98;3;0.6;0.5;70;101;0.4880952;235;236.1386;3;0
9771;98;3;0.6;0.5;71;106;0.4909091;255;237.2453;3;5
9772;98;3;0.6;0.5;72;101;0.3813559;247;237.7624;3;0
9773;98;3;0.6;0.5;73;103;0.46;231;236.9417;3;2
9774;98;3;0.6;0.5;74;103;0.6244541;258;237;3;2
9775;98;3;0.6;0.5;75;101;0.4545455;239;236.4158;3;0
9776;98;3;0.6;0.5;76;105;0.4869565;227;237.5619;3;4
9777;98;3;0.6;0.5;77;103;0.4588745;244;235.8835;3;2
9778;98;3;0.6;0.5;78;105;0.593361;212;235.9905;3;4
9779;98;3;0.6;0.5;79;101;0.5580357;248;235.7525;3;0
9780;98;3;0.6;0.5;80;101;0.5125;234;237.396;3;0
9781;98;3;0.6;0.5;81;101;0.4170213;212;238.0792;3;0
9782;98;3;0.6;0.5;82;102;0.5285714;224;235.7745;3;1
9783;98;3;0.6;0.5;83;101;0.5063291;243;236.1584;3;0
9784;98;3;0.6;0.5;84;104;0.4072398;238;237.25;3;3
9785;98;3;0.6;0.5;85;101;0.5336323;241;236.703;3;0
9786;98;3;0.6;0.5;86;101;0.5465587;241;236.7228;3;0
9787;98;3;0.6;0.5;87;101;0.4292237;230;233.9604;3;0
9788;98;3;0.6;0.5;88;101;0.3621399;228;234.7228;3;0
9789;98;3;0.6;0.5;89;102;0.5246637;235;236.6765;3;1
9790;98;3;0.6;0.5;90;101;0.4688797;254;236.4455;3;0
9791;98;3;0.6;0.5;91;102;0.4848485;246;237.7451;3;1
9792;98;3;0.6;0.5;92;101;0.5042373;235;237.6634;3;0
9793;98;3;0.6;0.5;93;105;0.4615385;249;237.2286;3;4
9794;98;3;0.6;0.5;94;101;0.4561404;220;236.6337;3;0
9795;98;3;0.6;0.5;95;101;0.3935185;241;236.1287;3;0
9796;98;3;0.6;0.5;96;104;0.5603448;249;236.875;3;3
9797;98;3;0.6;0.5;97;102;0.5133929;271;237.3431;3;1
9798;98;3;0.6;0.5;98;101;0.5820312;239;236.901;3;0
9799;98;3;0.6;0.5;99;102;0.5787037;246;235.7745;3;1
9800;98;3;0.6;0.5;100;101;0.5524194;227;237.1485;3;0
9801;99;5;0.6;0.5;1;101;0.5406504;249;237.4257;5;0
9802;99;5;0.6;0.5;2;102;0.4836066;215;235.4118;5;1
9803;99;5;0.6;0.5;3;103;0.5489362;252;236.6019;5;2
9804;99;5;0.6;0.5;4;101;0.4926829;246;237.9406;5;0
9805;99;5;0.6;0.5;5;101;0.4478261;263;237.505;5;0
9806;99;5;0.6;0.5;6;101;0.4936709;249;236.1287;5;0
9807;99;5;0.6;0.5;7;101;0.4959016;241;238.5446;5;0
9808;99;5;0.6;0.5;8;101;0.475;215;237.9307;5;0
9809;99;5;0.6;0.5;9;101;0.4717742;218;235.8218;5;0
9810;99;5;0.6;0.5;10;103;0.5022624;237;235.4951;5;2
9811;99;5;0.6;0.5;11;103;0.4680851;232;236.6408;5;2
9812;99;5;0.6;0.5;12;101;0.4564315;235;236;5;0
9813;99;5;0.6;0.5;13;103;0.5183673;252;236.4757;5;2
9814;99;5;0.6;0.5;14;103;0.5974026;227;234.1845;5;2
9815;99;5;0.6;0.5;15;104;0.5518672;238;235.8654;5;3
9816;99;5;0.6;0.5;16;104;0.5758755;233;237.2308;5;3
9817;99;5;0.6;0.5;17;102;0.506383;240;237.3725;5;1
9818;99;5;0.6;0.5;18;101;0.5081967;229;236.099;5;0
9819;99;5;0.6;0.5;19;101;0.4933333;228;237.1089;5;0
9820;99;5;0.6;0.5;20;101;0.4744186;230;235.7525;5;0
9821;99;5;0.6;0.5;21;101;0.5746606;252;236.3168;5;0
9822;99;5;0.6;0.5;22;101;0.442029;224;235.5644;5;0
9823;99;5;0.6;0.5;23;101;0.4298246;216;236.0297;5;0
9824;99;5;0.6;0.5;24;101;0.4791667;240;235.6337;5;0
9825;99;5;0.6;0.5;25;101;0.3688889;248;238.4257;5;0
9826;99;5;0.6;0.5;26;102;0.4570136;232;235.1373;5;1
9827;99;5;0.6;0.5;27;101;0.48583;230;238.1188;5;0
9828;99;5;0.6;0.5;28;103;0.5687023;233;235.3689;5;2
9829;99;5;0.6;0.5;29;107;0.4745763;235;234.9159;5;6
9830;99;5;0.6;0.5;30;101;0.4752066;240;235.9406;5;0
9831;99;5;0.6;0.5;31;103;0.5244444;248;237.2427;5;2
9832;99;5;0.6;0.5;32;102;0.4080717;217;234.1863;5;1
9833;99;5;0.6;0.5;33;102;0.5042373;240;238.5294;5;1
9834;99;5;0.6;0.5;34;102;0.535865;243;236.2843;5;1
9835;99;5;0.6;0.5;35;105;0.4913793;237;237;5;4
9836;99;5;0.6;0.5;36;101;0.4573991;228;236.703;5;0
9837;99;5;0.6;0.5;37;105;0.4221311;213;235.5429;5;4
9838;99;5;0.6;0.5;38;101;0.5101215;245;237.2178;5;0
9839;99;5;0.6;0.5;39;102;0.5;221;237.1863;5;1
9840;99;5;0.6;0.5;40;103;0.4976744;231;235.6796;5;2
9841;99;5;0.6;0.5;41;101;0.4677419;222;236.7129;5;0
9842;99;5;0.6;0.5;42;101;0.440367;262;238.505;5;0
9843;99;5;0.6;0.5;43;101;0.4886878;250;235.3564;5;0
9844;99;5;0.6;0.5;44;101;0.5284553;258;237.198;5;0
9845;99;5;0.6;0.5;45;102;0.5243902;231;234.1863;5;1
9846;99;5;0.6;0.5;46;101;0.4889868;255;237.0396;5;0
9847;99;5;0.6;0.5;47;101;0.4883721;253;235.8911;5;0
9848;99;5;0.6;0.5;48;108;0.5485232;241;238.3981;5;7
9849;99;5;0.6;0.5;49;101;0.5232558;203;236.2673;5;0
9850;99;5;0.6;0.5;50;102;0.5111111;244;237.049;5;1
9851;99;5;0.6;0.5;51;101;0.4221311;229;239.3267;5;0
9852;99;5;0.6;0.5;52;103;0.4136546;218;235.3883;5;2
9853;99;5;0.6;0.5;53;104;0.5272727;238;238.7212;5;3
9854;99;5;0.6;0.5;54;101;0.4915254;249;236.4059;5;0
9855;99;5;0.6;0.5;55;102;0.4933333;228;235.9216;5;1
9856;99;5;0.6;0.5;56;102;0.4979424;243;235.9804;5;1
9857;99;5;0.6;0.5;57;101;0.5177866;228;238.5941;5;0
9858;99;5;0.6;0.5;58;103;0.5098039;226;237.8058;5;2
9859;99;5;0.6;0.5;59;101;0.5338983;253;237.6634;5;0
9860;99;5;0.6;0.5;60;101;0.5560166;227;235.5941;5;0
9861;99;5;0.6;0.5;61;102;0.5526316;250;236.3824;5;1
9862;99;5;0.6;0.5;62;106;0.5;211;236.6415;5;5
9863;99;5;0.6;0.5;63;103;0.4416667;227;236.5825;5;2
9864;99;5;0.6;0.5;64;101;0.562753;242;237.4752;5;0
9865;99;5;0.6;0.5;65;101;0.4419476;234;236.4752;5;0
9866;99;5;0.6;0.5;66;104;0.4470588;216;235.4615;5;3
9867;99;5;0.6;0.5;67;102;0.4615385;224;235.8627;5;1
9868;99;5;0.6;0.5;68;101;0.4594595;240;235.1485;5;0
9869;99;5;0.6;0.5;69;101;0.526749;232;235.9406;5;0
9870;99;5;0.6;0.5;70;102;0.5285171;204;236.6373;5;1
9871;99;5;0.6;0.5;71;101;0.4793388;225;235.5644;5;0
9872;99;5;0.6;0.5;72;101;0.4736842;222;237.5545;5;0
9873;99;5;0.6;0.5;73;101;0.5177665;233;235.8911;5;0
9874;99;5;0.6;0.5;74;101;0.534188;247;238.0693;5;0
9875;99;5;0.6;0.5;75;104;0.4798206;255;236.0577;5;3
9876;99;5;0.6;0.5;76;101;0.5443548;228;236.604;5;0
9877;99;5;0.6;0.5;77;107;0.4805195;253;236.5421;5;6
9878;99;5;0.6;0.5;78;101;0.4504505;225;235.2277;5;0
9879;99;5;0.6;0.5;79;102;0.4933333;248;235.9118;5;1
9880;99;5;0.6;0.5;80;101;0.5101215;238;234.6436;5;0
9881;99;5;0.6;0.5;81;101;0.5163934;243;235.7129;5;0
9882;99;5;0.6;0.5;82;102;0.5;240;235.5098;5;1
9883;99;5;0.6;0.5;83;103;0.4621212;234;237.6796;5;2
9884;99;5;0.6;0.5;84;102;0.5250965;250;237.8333;5;1
9885;99;5;0.6;0.5;85;102;0.4635193;237;236.2647;5;1
9886;99;5;0.6;0.5;86;101;0.4748858;233;235.6832;5;0
9887;99;5;0.6;0.5;87;102;0.5162791;249;238.8039;5;1
9888;99;5;0.6;0.5;88;101;0.5252101;232;236.7921;5;0
9889;99;5;0.6;0.5;89;101;0.5086207;235;236.4257;5;0
9890;99;5;0.6;0.5;90;101;0.5462555;244;238.1287;5;0
9891;99;5;0.6;0.5;91;102;0.4637097;224;236.598;5;1
9892;99;5;0.6;0.5;92;102;0.5391304;242;234.8039;5;1
9893;99;5;0.6;0.5;93;101;0.4675325;211;235.2178;5;0
9894;99;5;0.6;0.5;94;101;0.4255319;230;236.0396;5;0
9895;99;5;0.6;0.5;95;112;0.5489362;222;235.9464;5;11
9896;99;5;0.6;0.5;96;102;0.4656489;221;235.8431;5;1
9897;99;5;0.6;0.5;97;101;0.4017094;221;236.2475;5;0
9898;99;5;0.6;0.5;98;102;0.4801762;234;236.6569;5;1
9899;99;5;0.6;0.5;99;101;0.4782609;248;237.3168;5;0
9900;99;5;0.6;0.5;100;102;0.508547;249;237.3824;5;1
9901;100;7;0.6;0.5;1;101;0.5105485;241;237.505;7;0
9902;100;7;0.6;0.5;2;105;0.4801762;259;237.5524;7;4
9903;100;7;0.6;0.5;3;103;0.4732143;236;237.9417;7;2
9904;100;7;0.6;0.5;4;101;0.5038462;216;236.604;7;0
9905;100;7;0.6;0.5;5;101;0.4585153;249;238.0495;7;0
9906;100;7;0.6;0.5;6;101;0.4522822;257;237.1881;7;0
9907;100;7;0.6;0.5;7;101;0.5450237;264;235.7426;7;0
9908;100;7;0.6;0.5;8;101;0.5276596;243;237.6931;7;0
9909;100;7;0.6;0.5;9;101;0.4788136;247;236.7525;7;0
9910;100;7;0.6;0.5;10;102;0.4619048;223;236.8039;7;1
9911;100;7;0.6;0.5;11;102;0.5726872;259;237.9706;7;1
9912;100;7;0.6;0.5;12;101;0.4911504;264;236.9208;7;0
9913;100;7;0.6;0.5;13;101;0.4913043;266;238.396;7;0
9914;100;7;0.6;0.5;14;101;0.4484305;237;236.9604;7;0
9915;100;7;0.6;0.5;15;102;0.5330396;234;238.6961;7;1
9916;100;7;0.6;0.5;16;103;0.4806867;236;236.2524;7;2
9917;100;7;0.6;0.5;17;101;0.4621514;226;237.9208;7;0
9918;100;7;0.6;0.5;18;103;0.452381;231;238.233;7;2
9919;100;7;0.6;0.5;19;101;0.4609053;271;235.6535;7;0
9920;100;7;0.6;0.5;20;101;0.5113122;229;237.1188;7;0
9921;100;7;0.6;0.5;21;104;0.4490566;234;237.0673;7;3
9922;100;7;0.6;0.5;22;101;0.4852321;235;237.703;7;0
9923;100;7;0.6;0.5;23;101;0.5306122;234;236.4455;7;0
9924;100;7;0.6;0.5;24;105;0.4136546;234;236.9714;7;4
9925;100;7;0.6;0.5;25;102;0.4855967;212;234.5588;7;1
9926;100;7;0.6;0.5;26;103;0.4769874;239;235.835;7;2
9927;100;7;0.6;0.5;27;104;0.4611872;236;238.7212;7;3
9928;100;7;0.6;0.5;28;101;0.5169492;251;236.3564;7;0
9929;100;7;0.6;0.5;29;103;0.532567;207;237.7767;7;2
9930;100;7;0.6;0.5;30;101;0.4416667;238;236.5545;7;0
9931;100;7;0.6;0.5;31;104;0.5122951;223;235.9231;7;3
9932;100;7;0.6;0.5;32;103;0.484127;223;235.7476;7;2
9933;100;7;0.6;0.5;33;104;0.4573991;211;236.0769;7;3
9934;100;7;0.6;0.5;34;101;0.5147679;247;238.3663;7;0
9935;100;7;0.6;0.5;35;102;0.5384615;216;237.9706;7;1
9936;100;7;0.6;0.5;36;102;0.5265487;246;235.7059;7;1
9937;100;7;0.6;0.5;37;101;0.4978903;238;235.4653;7;0
9938;100;7;0.6;0.5;38;105;0.5435685;203;237.4667;7;4
9939;100;7;0.6;0.5;39;103;0.4941176;233;236.5049;7;2
9940;100;7;0.6;0.5;40;104;0.5803922;244;234.5385;7;3
9941;100;7;0.6;0.5;41;107;0.470339;262;234.9065;7;6
9942;100;7;0.6;0.5;42;101;0.5105485;250;238.2673;7;0
9943;100;7;0.6;0.5;43;110;0.5;230;237.3636;7;9
9944;100;7;0.6;0.5;44;102;0.4680851;233;236.4118;7;1
9945;100;7;0.6;0.5;45;104;0.4324324;246;237.3462;7;3
9946;100;7;0.6;0.5;46;101;0.5546559;233;236.9307;7;0
9947;100;7;0.6;0.5;47;103;0.4529915;232;234.7864;7;2
9948;100;7;0.6;0.5;48;103;0.5352113;239;236.6019;7;2
9949;100;7;0.6;0.5;49;101;0.5289575;237;237.0693;7;0
9950;100;7;0.6;0.5;50;101;0.470852;240;235.6733;7;0
9951;100;7;0.6;0.5;51;102;0.4980843;238;237.7549;7;1
9952;100;7;0.6;0.5;52;101;0.4514768;228;236.7921;7;0
9953;100;7;0.6;0.5;53;101;0.4700461;235;238.3168;7;0
9954;100;7;0.6;0.5;54;102;0.5469388;223;236.2549;7;1
9955;100;7;0.6;0.5;55;102;0.4521739;235;236.1373;7;1
9956;100;7;0.6;0.5;56;105;0.4541667;241;236.4095;7;4
9957;100;7;0.6;0.5;57;101;0.4788136;245;238.6733;7;0
9958;100;7;0.6;0.5;58;101;0.4884615;244;235.5644;7;0
9959;100;7;0.6;0.5;59;101;0.4940239;240;235.8515;7;0
9960;100;7;0.6;0.5;60;101;0.5461538;221;236.2178;7;0
9961;100;7;0.6;0.5;61;102;0.4959677;221;236.2549;7;1
9962;100;7;0.6;0.5;62;101;0.5972222;229;236.3069;7;0
9963;100;7;0.6;0.5;63;101;0.5219298;238;236.7426;7;0
9964;100;7;0.6;0.5;64;102;0.5091743;252;235.8922;7;1
9965;100;7;0.6;0.5;65;101;0.5318182;240;236.1584;7;0
9966;100;7;0.6;0.5;66;102;0.5145228;220;236.6373;7;1
9967;100;7;0.6;0.5;67;101;0.4638298;269;238.604;7;0
9968;100;7;0.6;0.5;68;104;0.4703196;229;237.25;7;3
9969;100;7;0.6;0.5;69;101;0.4223108;233;236.8416;7;0
9970;100;7;0.6;0.5;70;102;0.482906;244;236.5784;7;1
9971;100;7;0.6;0.5;71;103;0.5361702;248;237.8544;7;2
9972;100;7;0.6;0.5;72;102;0.4933921;229;237.6667;7;1
9973;100;7;0.6;0.5;73;102;0.5387755;238;236.9216;7;1
9974;100;7;0.6;0.5;74;101;0.6023622;223;237.4356;7;0
9975;100;7;0.6;0.5;75;102;0.5353982;222;237.2059;7;1
9976;100;7;0.6;0.5;76;101;0.5485232;232;236.4257;7;0
9977;100;7;0.6;0.5;77;101;0.4761905;241;237.1881;7;0
9978;100;7;0.6;0.5;78;101;0.4954545;246;238.2772;7;0
9979;100;7;0.6;0.5;79;105;0.5275591;212;236.7714;7;4
9980;100;7;0.6;0.5;80;102;0.4216867;268;236.5294;7;1
9981;100;7;0.6;0.5;81;101;0.4913043;231;238.6436;7;0
9982;100;7;0.6;0.5;82;102;0.4979079;244;236.5294;7;1
9983;100;7;0.6;0.5;83;102;0.468;226;237.0098;7;1
9984;100;7;0.6;0.5;84;103;0.4703557;224;236.835;7;2
9985;100;7;0.6;0.5;85;102;0.5039683;250;239.4804;7;1
9986;100;7;0.6;0.5;86;101;0.5333333;257;238.7327;7;0
9987;100;7;0.6;0.5;87;103;0.4264706;214;237.4563;7;2
9988;100;7;0.6;0.5;88;101;0.5378486;247;235.7822;7;0
9989;100;7;0.6;0.5;89;102;0.4631148;233;235.5294;7;1
9990;100;7;0.6;0.5;90;102;0.5;236;236.9216;7;1
9991;100;7;0.6;0.5;91;101;0.5494071;233;236.8218;7;0
9992;100;7;0.6;0.5;92;101;0.5611814;234;237.1485;7;0
9993;100;7;0.6;0.5;93;101;0.5217391;270;238.9802;7;0
9994;100;7;0.6;0.5;94;102;0.5330396;245;237.1275;7;1
9995;100;7;0.6;0.5;95;101;0.5;240;236.8317;7;0
9996;100;7;0.6;0.5;96;103;0.5144033;222;235.932;7;2
9997;100;7;0.6;0.5;97;103;0.4847162;242;237.5825;7;2
9998;100;7;0.6;0.5;98;102;0.495614;223;236.7941;7;1
9999;100;7;0.6;0.5;99;101;0.4224806;223;235.8515;7;0
10000;100;7;0.6;0.5;100;101;0.491453;223;237.802;7;0
10001;101;9;0.6;0.5;1;101;0.5655431;244;235.7327;9;0
10002;101;9;0.6;0.5;2;105;0.4102564;255;237.6381;9;4
10003;101;9;0.6;0.5;3;102;0.483871;232;237.4314;9;1
10004;101;9;0.6;0.5;4;102;0.545082;219;236.1569;9;1
10005;101;9;0.6;0.5;5;101;0.5658915;228;236.9703;9;0
10006;101;9;0.6;0.5;6;102;0.5060729;249;235.8725;9;1
10007;101;9;0.6;0.5;7;101;0.4453441;226;236.8911;9;0
10008;101;9;0.6;0.5;8;101;0.4976959;241;236.6139;9;0
10009;101;9;0.6;0.5;9;101;0.5041667;222;237.495;9;0
10010;101;9;0.6;0.5;10;103;0.5582329;260;236.1262;9;2
10011;101;9;0.6;0.5;11;102;0.4518828;208;235.2843;9;1
10012;101;9;0.6;0.5;12;101;0.5088496;229;234.099;9;0
10013;101;9;0.6;0.5;13;101;0.4933921;256;238.0297;9;0
10014;101;9;0.6;0.5;14;102;0.5654206;257;237.6275;9;1
10015;101;9;0.6;0.5;15;101;0.4342629;211;234.1386;9;0
10016;101;9;0.6;0.5;16;101;0.5020747;282;236.604;9;0
10017;101;9;0.6;0.5;17;105;0.5581395;234;235.9143;9;4
10018;101;9;0.6;0.5;18;101;0.5406504;258;235.5644;9;0
10019;101;9;0.6;0.5;19;103;0.4501992;223;236.3592;9;2
10020;101;9;0.6;0.5;20;101;0.4577778;267;233.5446;9;0
10021;101;9;0.6;0.5;21;105;0.479638;240;235.4;9;4
10022;101;9;0.6;0.5;22;106;0.4612403;247;236.8774;9;5
10023;101;9;0.6;0.5;23;104;0.4741379;226;236.6923;9;3
10024;101;9;0.6;0.5;24;101;0.487395;246;235.7426;9;0
10025;101;9;0.6;0.5;25;101;0.5111111;260;235.7822;9;0
10026;101;9;0.6;0.5;26;101;0.5104603;233;237.7624;9;0
10027;101;9;0.6;0.5;27;101;0.490991;243;235.0891;9;0
10028;101;9;0.6;0.5;28;101;0.4109589;243;236.4653;9;0
10029;101;9;0.6;0.5;29;101;0.4932735;243;237.1287;9;0
10030;101;9;0.6;0.5;30;106;0.4959677;230;237.1132;9;5
10031;101;9;0.6;0.5;31;101;0.5198413;223;235.5149;9;0
10032;101;9;0.6;0.5;32;101;0.4980843;237;236.2475;9;0
10033;101;9;0.6;0.5;33;103;0.419214;253;235.7282;9;2
10034;101;9;0.6;0.5;34;105;0.4567901;231;236.2095;9;4
10035;101;9;0.6;0.5;35;101;0.4612069;238;238.0396;9;0
10036;101;9;0.6;0.5;36;102;0.5438596;228;236.4804;9;1
10037;101;9;0.6;0.5;37;103;0.4609053;232;237.301;9;2
10038;101;9;0.6;0.5;38;104;0.5802469;232;236.6827;9;3
10039;101;9;0.6;0.5;39;103;0.5489362;250;237.5534;9;2
10040;101;9;0.6;0.5;40;102;0.4750958;241;235.451;9;1
10041;101;9;0.6;0.5;41;104;0.4592275;225;238.4615;9;3
10042;101;9;0.6;0.5;42;102;0.465587;231;237.4902;9;1
10043;101;9;0.6;0.5;43;104;0.5173913;240;234.8077;9;3
10044;101;9;0.6;0.5;44;101;0.476378;256;237.3663;9;0
10045;101;9;0.6;0.5;45;105;0.497992;247;236.7619;9;4
10046;101;9;0.6;0.5;46;101;0.4644351;242;236.5347;9;0
10047;101;9;0.6;0.5;47;104;0.5059761;242;236.1538;9;3
10048;101;9;0.6;0.5;48;103;0.4637097;240;238.3883;9;2
10049;101;9;0.6;0.5;49;103;0.5186722;220;238.1748;9;2
10050;101;9;0.6;0.5;50;104;0.5404255;250;235.5096;9;3
10051;101;9;0.6;0.5;51;106;0.5086957;236;236.3302;9;5
10052;101;9;0.6;0.5;52;101;0.5244444;243;236.901;9;0
10053;101;9;0.6;0.5;53;101;0.5702128;230;237.0792;9;0
10054;101;9;0.6;0.5;54;102;0.3881857;219;237.951;9;1
10055;101;9;0.6;0.5;55;102;0.4712644;232;237.5;9;1
10056;101;9;0.6;0.5;56;102;0.4864865;241;235.5686;9;1
10057;101;9;0.6;0.5;57;101;0.5867769;245;238.9109;9;0
10058;101;9;0.6;0.5;58;101;0.512;214;236.5743;9;0
10059;101;9;0.6;0.5;59;101;0.5021834;245;236.5347;9;0
10060;101;9;0.6;0.5;60;101;0.5546218;214;237.7723;9;0
10061;101;9;0.6;0.5;61;101;0.5165289;226;236.1683;9;0
10062;101;9;0.6;0.5;62;101;0.4190871;261;238.6634;9;0
10063;101;9;0.6;0.5;63;101;0.4860558;220;235.5149;9;0
10064;101;9;0.6;0.5;64;113;0.5659574;234;237.115;9;12
10065;101;9;0.6;0.5;65;102;0.5481172;226;236.2059;9;1
10066;101;9;0.6;0.5;66;103;0.4628821;229;235.8058;9;2
10067;101;9;0.6;0.5;67;104;0.4978166;266;236.7212;9;3
10068;101;9;0.6;0.5;68;102;0.484252;218;235.1569;9;1
10069;101;9;0.6;0.5;69;103;0.5228216;242;235.7961;9;2
10070;101;9;0.6;0.5;70;101;0.5060729;230;235.5347;9;0
10071;101;9;0.6;0.5;71;101;0.515748;235;236.8812;9;0
10072;101;9;0.6;0.5;72;103;0.6009174;252;233.6699;9;2
10073;101;9;0.6;0.5;73;103;0.5358852;233;234.2816;9;2
10074;101;9;0.6;0.5;74;104;0.4356846;221;236.9038;9;3
10075;101;9;0.6;0.5;75;101;0.4763948;244;237.4059;9;0
10076;101;9;0.6;0.5;76;101;0.5485232;245;236.4356;9;0
10077;101;9;0.6;0.5;77;104;0.4196078;251;236.2404;9;3
10078;101;9;0.6;0.5;78;101;0.5234043;247;236.9307;9;0
10079;101;9;0.6;0.5;79;102;0.5316456;213;235.7843;9;1
10080;101;9;0.6;0.5;80;101;0.4861111;252;237.8812;9;0
10081;101;9;0.6;0.5;81;101;0.4767932;221;236.8515;9;0
10082;101;9;0.6;0.5;82;101;0.529148;250;236.297;9;0
10083;101;9;0.6;0.5;83;101;0.5491071;228;234.0099;9;0
10084;101;9;0.6;0.5;84;102;0.4174312;247;237.4216;9;1
10085;101;9;0.6;0.5;85;102;0.59375;251;236.1471;9;1
10086;101;9;0.6;0.5;86;101;0.583691;253;236.3564;9;0
10087;101;9;0.6;0.5;87;102;0.4595745;248;236.2941;9;1
10088;101;9;0.6;0.5;88;102;0.4698276;231;236.2353;9;1
10089;101;9;0.6;0.5;89;106;0.4823529;228;237.3491;9;5
10090;101;9;0.6;0.5;90;102;0.4901961;231;234.7059;9;1
10091;101;9;0.6;0.5;91;102;0.4318182;229;237.2451;9;1
10092;101;9;0.6;0.5;92;101;0.4254386;259;236.7525;9;0
10093;101;9;0.6;0.5;93;101;0.4642857;248;236.2178;9;0
10094;101;9;0.6;0.5;94;102;0.5159817;268;236.0784;9;1
10095;101;9;0.6;0.5;95;104;0.5147679;241;236.0673;9;3
10096;101;9;0.6;0.5;96;102;0.5021097;209;238.4216;9;1
10097;101;9;0.6;0.5;97;103;0.5020243;274;236.6699;9;2
10098;101;9;0.6;0.5;98;101;0.5625;261;237.2376;9;0
10099;101;9;0.6;0.5;99;104;0.4439834;203;236.1058;9;3
10100;101;9;0.6;0.5;100;103;0.5127119;244;235.3398;9;2
10101;102;11;0.6;0.5;1;101;0.4703557;236;238.3267;11;0
10102;102;11;0.6;0.5;2;101;0.4901961;242;235.0891;11;0
10103;102;11;0.6;0.5;3;104;0.4592275;240;236.4423;11;3
10104;102;11;0.6;0.5;4;101;0.4813084;232;236.1386;11;0
10105;102;11;0.6;0.5;5;101;0.4765957;241;236.9802;11;0
10106;102;11;0.6;0.5;6;104;0.5227273;219;235.3846;11;3
10107;102;11;0.6;0.5;7;101;0.5409091;232;237.9406;11;0
10108;102;11;0.6;0.5;8;102;0.4787645;243;238.3725;11;1
10109;102;11;0.6;0.5;9;101;0.4741036;226;236.396;11;0
10110;102;11;0.6;0.5;10;102;0.4025424;217;236.2451;11;1
10111;102;11;0.6;0.5;11;101;0.4811715;250;236.8416;11;0
10112;102;11;0.6;0.5;12;103;0.513834;241;238.2136;11;2
10113;102;11;0.6;0.5;13;101;0.4871795;246;239.1881;11;0
10114;102;11;0.6;0.5;14;103;0.5186722;267;234.9417;11;2
10115;102;11;0.6;0.5;15;103;0.4467213;224;236.2524;11;2
10116;102;11;0.6;0.5;16;104;0.4843049;239;235.5962;11;3
10117;102;11;0.6;0.5;17;102;0.5390947;224;238.1569;11;1
10118;102;11;0.6;0.5;18;101;0.4705882;244;236.5347;11;0
10119;102;11;0.6;0.5;19;102;0.460177;250;237.0588;11;1
10120;102;11;0.6;0.5;20;102;0.5803571;245;236.6961;11;1
10121;102;11;0.6;0.5;21;102;0.5338983;232;236.2843;11;1
10122;102;11;0.6;0.5;22;101;0.4710744;208;234.5644;11;0
10123;102;11;0.6;0.5;23;103;0.5510204;239;236.3398;11;2
10124;102;11;0.6;0.5;24;101;0.4581673;232;238.5842;11;0
10125;102;11;0.6;0.5;25;106;0.425;250;236.9528;11;5
10126;102;11;0.6;0.5;26;103;0.44;217;237.8738;11;2
10127;102;11;0.6;0.5;27;101;0.5565217;229;237.7921;11;0
10128;102;11;0.6;0.5;28;101;0.5168067;248;236.0099;11;0
10129;102;11;0.6;0.5;29;101;0.527897;226;237.3861;11;0
10130;102;11;0.6;0.5;30;101;0.510917;260;237.3564;11;0
10131;102;11;0.6;0.5;31;101;0.5113122;228;236.6436;11;0
10132;102;11;0.6;0.5;32;101;0.4954545;237;237.8812;11;0
10133;102;11;0.6;0.5;33;101;0.4954545;219;235.0099;11;0
10134;102;11;0.6;0.5;34;102;0.4752852;230;236.6569;11;1
10135;102;11;0.6;0.5;35;104;0.5446429;245;237.6058;11;3
10136;102;11;0.6;0.5;36;104;0.4793388;211;235.7788;11;3
10137;102;11;0.6;0.5;37;101;0.5053004;223;234.7921;11;0
10138;102;11;0.6;0.5;38;101;0.5;247;237.5842;11;0
10139;102;11;0.6;0.5;39;103;0.4830508;235;236.8447;11;2
10140;102;11;0.6;0.5;40;104;0.4827586;265;236.0288;11;3
10141;102;11;0.6;0.5;41;101;0.5657895;247;238.9208;11;0
10142;102;11;0.6;0.5;42;101;0.4814815;262;237.3267;11;0
10143;102;11;0.6;0.5;43;104;0.5720524;241;237.7404;11;3
10144;102;11;0.6;0.5;44;103;0.4859438;229;237.165;11;2
10145;102;11;0.6;0.5;45;101;0.5169492;249;234.9802;11;0
10146;102;11;0.6;0.5;46;101;0.5690377;250;236.8614;11;0
10147;102;11;0.6;0.5;47;101;0.5102881;238;237.6238;11;0
10148;102;11;0.6;0.5;48;101;0.4827586;237;236.0099;11;0
10149;102;11;0.6;0.5;49;101;0.4522822;226;237.0198;11;0
10150;102;11;0.6;0.5;50;105;0.5166667;231;238.0571;11;4
10151;102;11;0.6;0.5;51;101;0.525;228;237.2574;11;0
10152;102;11;0.6;0.5;52;104;0.465587;228;237.8558;11;3
10153;102;11;0.6;0.5;53;102;0.52;238;236.9314;11;1
10154;102;11;0.6;0.5;54;102;0.4978355;221;237.0196;11;1
10155;102;11;0.6;0.5;55;103;0.4663866;234;235.7282;11;2
10156;102;11;0.6;0.5;56;104;0.5708502;225;237.2596;11;3
10157;102;11;0.6;0.5;57;102;0.4663677;221;236.6078;11;1
10158;102;11;0.6;0.5;58;101;0.4960317;214;234.5347;11;0
10159;102;11;0.6;0.5;59;105;0.5943775;239;237.6762;11;4
10160;102;11;0.6;0.5;60;102;0.5633188;219;238.598;11;1
10161;102;11;0.6;0.5;61;101;0.4745098;209;235.396;11;0
10162;102;11;0.6;0.5;62;101;0.4434783;239;237.495;11;0
10163;102;11;0.6;0.5;63;104;0.5133929;235;236.3942;11;3
10164;102;11;0.6;0.5;64;102;0.508;224;238;11;1
10165;102;11;0.6;0.5;65;102;0.5265152;226;237.5784;11;1
10166;102;11;0.6;0.5;66;102;0.4979592;234;237.2647;11;1
10167;102;11;0.6;0.5;67;102;0.5121951;220;236.2647;11;1
10168;102;11;0.6;0.5;68;109;0.4578313;230;235.4037;11;8
10169;102;11;0.6;0.5;69;101;0.4394619;235;236.5842;11;0
10170;102;11;0.6;0.5;70;106;0.492;239;236.5189;11;5
10171;102;11;0.6;0.5;71;101;0.5083333;261;236.8614;11;0
10172;102;11;0.6;0.5;72;101;0.454918;243;236.7822;11;0
10173;102;11;0.6;0.5;73;101;0.5322581;226;235.4257;11;0
10174;102;11;0.6;0.5;74;104;0.4096916;241;235.7115;11;3
10175;102;11;0.6;0.5;75;101;0.4017094;227;236.7129;11;0
10176;102;11;0.6;0.5;76;105;0.4810127;248;237.7714;11;4
10177;102;11;0.6;0.5;77;101;0.4509804;228;236.703;11;0
10178;102;11;0.6;0.5;78;105;0.4911504;235;236.2571;11;4
10179;102;11;0.6;0.5;79;104;0.4313725;244;235.7981;11;3
10180;102;11;0.6;0.5;80;102;0.4923077;205;235.1667;11;1
10181;102;11;0.6;0.5;81;103;0.4824561;255;236.8447;11;2
10182;102;11;0.6;0.5;82;101;0.5458015;242;237.9901;11;0
10183;102;11;0.6;0.5;83;101;0.5387755;239;235.7525;11;0
10184;102;11;0.6;0.5;84;105;0.5789474;251;237.2;11;4
10185;102;11;0.6;0.5;85;101;0.4957627;245;236.8515;11;0
10186;102;11;0.6;0.5;86;101;0.4393305;236;237.3366;11;0
10187;102;11;0.6;0.5;87;102;0.4867257;231;236.1373;11;1
10188;102;11;0.6;0.5;88;103;0.4467213;215;236.1165;11;2
10189;102;11;0.6;0.5;89;103;0.5732759;234;237.5631;11;2
10190;102;11;0.6;0.5;90;103;0.4837398;233;237.3981;11;2
10191;102;11;0.6;0.5;91;101;0.4696356;250;238.2772;11;0
10192;102;11;0.6;0.5;92;101;0.5088496;259;235.6436;11;0
10193;102;11;0.6;0.5;93;101;0.4979079;228;235.9505;11;0
10194;102;11;0.6;0.5;94;103;0.4827586;242;237.7379;11;2
10195;102;11;0.6;0.5;95;102;0.4827586;238;236.6176;11;1
10196;102;11;0.6;0.5;96;101;0.5122951;235;236.396;11;0
10197;102;11;0.6;0.5;97;104;0.4725738;258;236.4904;11;3
10198;102;11;0.6;0.5;98;101;0.4514768;243;234.8119;11;0
10199;102;11;0.6;0.5;99;105;0.4324324;228;236.4;11;4
10200;102;11;0.6;0.5;100;101;0.4485597;239;237.1881;11;0
10201;103;13;0.6;0.5;1;101;0.4642857;233;237.6139;13;0
10202;103;13;0.6;0.5;2;102;0.4637097;218;236.1667;13;1
10203;103;13;0.6;0.5;3;101;0.527027;240;235.5248;13;0
10204;103;13;0.6;0.5;4;103;0.4666667;234;235.9612;13;2
10205;103;13;0.6;0.5;5;101;0.4456929;230;235.297;13;0
10206;103;13;0.6;0.5;6;101;0.4845815;239;235.7327;13;0
10207;103;13;0.6;0.5;7;101;0.545045;228;237.4059;13;0
10208;103;13;0.6;0.5;8;101;0.5045455;235;237.396;13;0
10209;103;13;0.6;0.5;9;101;0.5108225;229;236;13;0
10210;103;13;0.6;0.5;10;105;0.5584416;226;237.1143;13;4
10211;103;13;0.6;0.5;11;104;0.4398148;249;236.2212;13;3
10212;103;13;0.6;0.5;12;103;0.4691358;239;237.2233;13;2
10213;103;13;0.6;0.5;13;101;0.4915254;235;235.9307;13;0
10214;103;13;0.6;0.5;14;101;0.4285714;222;237.3465;13;0
10215;103;13;0.6;0.5;15;103;0.5762712;222;238.5922;13;2
10216;103;13;0.6;0.5;16;107;0.5177866;213;234.9907;13;6
10217;103;13;0.6;0.5;17;102;0.5493562;231;235.1471;13;1
10218;103;13;0.6;0.5;18;104;0.5220884;243;236.0962;13;3
10219;103;13;0.6;0.5;19;103;0.4612069;245;236.9515;13;2
10220;103;13;0.6;0.5;20;101;0.3884298;225;235.5545;13;0
10221;103;13;0.6;0.5;21;106;0.4854772;238;235.6415;13;5
10222;103;13;0.6;0.5;22;104;0.5462555;243;236.0385;13;3
10223;103;13;0.6;0.5;23;103;0.4530612;226;236.8738;13;2
10224;103;13;0.6;0.5;24;101;0.5019763;232;235.7525;13;0
10225;103;13;0.6;0.5;25;102;0.5039683;244;238.4412;13;1
10226;103;13;0.6;0.5;26;101;0.4979079;239;234.9901;13;0
10227;103;13;0.6;0.5;27;105;0.5193133;210;236.1905;13;4
10228;103;13;0.6;0.5;28;101;0.4957265;202;235.4752;13;0
10229;103;13;0.6;0.5;29;101;0.4980545;221;237.6733;13;0
10230;103;13;0.6;0.5;30;101;0.4233871;234;237.7624;13;0
10231;103;13;0.6;0.5;31;101;0.5021277;244;238.4554;13;0
10232;103;13;0.6;0.5;32;101;0.513834;215;236.9604;13;0
10233;103;13;0.6;0.5;33;101;0.4864865;245;235.0099;13;0
10234;103;13;0.6;0.5;34;103;0.4864865;235;236.6505;13;2
10235;103;13;0.6;0.5;35;102;0.5321888;232;235.8333;13;1
10236;103;13;0.6;0.5;36;101;0.5206612;230;237.3168;13;0
10237;103;13;0.6;0.5;37;101;0.5171103;211;237.604;13;0
10238;103;13;0.6;0.5;38;101;0.5654206;241;237.4059;13;0
10239;103;13;0.6;0.5;39;112;0.4518828;237;235.3571;13;11
10240;103;13;0.6;0.5;40;104;0.4978541;238;235.3846;13;3
10241;103;13;0.6;0.5;41;101;0.5188285;247;237.7921;13;0
10242;103;13;0.6;0.5;42;101;0.5594714;246;236.9208;13;0
10243;103;13;0.6;0.5;43;103;0.465587;244;236.2718;13;2
10244;103;13;0.6;0.5;44;102;0.4977376;232;234.5294;13;1
10245;103;13;0.6;0.5;45;101;0.4663677;255;237.5446;13;0
10246;103;13;0.6;0.5;46;102;0.5840708;230;236.5;13;1
10247;103;13;0.6;0.5;47;103;0.4579832;233;237.165;13;2
10248;103;13;0.6;0.5;48;101;0.5661157;212;237.9505;13;0
10249;103;13;0.6;0.5;49;109;0.473251;230;237.5413;13;8
10250;103;13;0.6;0.5;50;102;0.4590909;246;237.0784;13;1
10251;103;13;0.6;0.5;51;102;0.3916667;257;237.1078;13;1
10252;103;13;0.6;0.5;52;102;0.5192308;235;236.7745;13;1
10253;103;13;0.6;0.5;53;102;0.4396887;226;237.1471;13;1
10254;103;13;0.6;0.5;54;102;0.4223108;239;235.7941;13;1
10255;103;13;0.6;0.5;55;101;0.5550847;212;235.8119;13;0
10256;103;13;0.6;0.5;56;101;0.5338983;246;237.2574;13;0
10257;103;13;0.6;0.5;57;101;0.4655172;229;237.099;13;0
10258;103;13;0.6;0.5;58;101;0.5450644;213;235.8515;13;0
10259;103;13;0.6;0.5;59;101;0.4669261;215;237.9505;13;0
10260;103;13;0.6;0.5;60;103;0.5433071;234;236.4854;13;2
10261;103;13;0.6;0.5;61;101;0.4734694;249;236.5842;13;0
10262;103;13;0.6;0.5;62;101;0.5787037;245;235.1683;13;0
10263;103;13;0.6;0.5;63;101;0.3967611;231;237.5941;13;0
10264;103;13;0.6;0.5;64;101;0.4686192;220;237.7525;13;0
10265;103;13;0.6;0.5;65;102;0.4957983;226;236.4216;13;1
10266;103;13;0.6;0.5;66;102;0.4847162;237;236.8137;13;1
10267;103;13;0.6;0.5;67;103;0.488189;225;235.3204;13;2
10268;103;13;0.6;0.5;68;101;0.5375494;217;236.2178;13;0
10269;103;13;0.6;0.5;69;102;0.5353982;256;236.5882;13;1
10270;103;13;0.6;0.5;70;101;0.5238095;240;237.1683;13;0
10271;103;13;0.6;0.5;71;101;0.4978541;247;236.4158;13;0
10272;103;13;0.6;0.5;72;105;0.527027;245;235.4762;13;4
10273;103;13;0.6;0.5;73;101;0.5869565;221;235.9109;13;0
10274;103;13;0.6;0.5;74;101;0.5569106;241;236.3168;13;0
10275;103;13;0.6;0.5;75;103;0.5178571;252;238.0971;13;2
10276;103;13;0.6;0.5;76;106;0.4415584;247;237.5943;13;5
10277;103;13;0.6;0.5;77;102;0.5128205;209;235.4902;13;1
10278;103;13;0.6;0.5;78;101;0.4044444;240;236.6535;13;0
10279;103;13;0.6;0.5;79;102;0.5041322;245;237.3137;13;1
10280;103;13;0.6;0.5;80;101;0.4759825;266;238.505;13;0
10281;103;13;0.6;0.5;81;107;0.5560748;237;234.8037;13;6
10282;103;13;0.6;0.5;82;101;0.5270936;253;236.5149;13;0
10283;103;13;0.6;0.5;83;101;0.5176991;241;237.604;13;0
10284;103;13;0.6;0.5;84;101;0.4868421;231;236.2475;13;0
10285;103;13;0.6;0.5;85;103;0.5087719;220;236.9223;13;2
10286;103;13;0.6;0.5;86;102;0.4464286;256;234.2745;13;1
10287;103;13;0.6;0.5;87;101;0.5418327;206;237.4356;13;0
10288;103;13;0.6;0.5;88;108;0.4672131;247;237.0648;13;7
10289;103;13;0.6;0.5;89;102;0.460076;225;236.9804;13;1
10290;103;13;0.6;0.5;90;101;0.5799087;248;238.604;13;0
10291;103;13;0.6;0.5;91;101;0.5536481;253;238.1683;13;0
10292;103;13;0.6;0.5;92;101;0.4488189;237;236.5149;13;0
10293;103;13;0.6;0.5;93;102;0.5336538;258;234.4412;13;1
10294;103;13;0.6;0.5;94;101;0.4155251;231;235.4554;13;0
10295;103;13;0.6;0.5;95;101;0.4635193;253;236.2772;13;0
10296;103;13;0.6;0.5;96;101;0.5490196;222;235.1485;13;0
10297;103;13;0.6;0.5;97;102;0.4785992;245;234.8235;13;1
10298;103;13;0.6;0.5;98;105;0.4878049;217;236.8;13;4
10299;103;13;0.6;0.5;99;101;0.4792453;241;237.505;13;0
10300;103;13;0.6;0.5;100;101;0.5189873;221;236.0396;13;0
10301;104;15;0.6;0.5;1;105;0.5531915;242;236.4286;15;4
10302;104;15;0.6;0.5;2;102;0.5188679;262;238.9804;15;1
10303;104;15;0.6;0.5;3;102;0.5;240;237.1176;15;1
10304;104;15;0.6;0.5;4;101;0.4801762;251;236.5644;15;0
10305;104;15;0.6;0.5;5;107;0.5363636;235;237.3832;15;6
10306;104;15;0.6;0.5;6;104;0.5165289;250;237.875;15;3
10307;104;15;0.6;0.5;7;102;0.4786325;232;237.2941;15;1
10308;104;15;0.6;0.5;8;101;0.5151515;250;237.6634;15;0
10309;104;15;0.6;0.5;9;101;0.5351562;226;234.5149;15;0
10310;104;15;0.6;0.5;10;102;0.4552846;223;237.5392;15;1
10311;104;15;0.6;0.5;11;101;0.5;218;236.4257;15;0
10312;104;15;0.6;0.5;12;103;0.5125;227;236.3981;15;2
10313;104;15;0.6;0.5;13;104;0.5127273;232;238.8654;15;3
10314;104;15;0.6;0.5;14;103;0.5064935;236;234.4272;15;2
10315;104;15;0.6;0.5;15;102;0.5122951;214;238.4118;15;1
10316;104;15;0.6;0.5;16;103;0.4752066;217;237.1942;15;2
10317;104;15;0.6;0.5;17;101;0.5418719;272;237.5941;15;0
10318;104;15;0.6;0.5;18;110;0.4957627;254;237.1273;15;9
10319;104;15;0.6;0.5;19;101;0.475;226;237.1386;15;0
10320;104;15;0.6;0.5;20;102;0.5104603;247;235.5686;15;1
10321;104;15;0.6;0.5;21;101;0.4678899;229;234.9802;15;0
10322;104;15;0.6;0.5;22;104;0.4977169;236;236.0096;15;3
10323;104;15;0.6;0.5;23;101;0.5165289;218;237.495;15;0
10324;104;15;0.6;0.5;24;102;0.452381;225;236;15;1
10325;104;15;0.6;0.5;25;101;0.5493562;228;238.2673;15;0
10326;104;15;0.6;0.5;26;101;0.51417;235;237.9307;15;0
10327;104;15;0.6;0.5;27;101;0.5;236;237.1485;15;0
10328;104;15;0.6;0.5;28;102;0.509434;211;236.2255;15;1
10329;104;15;0.6;0.5;29;101;0.5603113;244;235.802;15;0
10330;104;15;0.6;0.5;30;110;0.5346939;237;236.4;15;9
10331;104;15;0.6;0.5;31;101;0.52;232;238.0198;15;0
10332;104;15;0.6;0.5;32;108;0.4651163;256;237.3981;15;7
10333;104;15;0.6;0.5;33;102;0.5670996;254;237.2353;15;1
10334;104;15;0.6;0.5;34;106;0.4495798;242;237.1226;15;5
10335;104;15;0.6;0.5;35;101;0.4655172;245;236.4653;15;0
10336;104;15;0.6;0.5;36;102;0.5063291;233;235.5588;15;1
10337;104;15;0.6;0.5;37;101;0.4801762;248;235.7228;15;0
10338;104;15;0.6;0.5;38;101;0.4537037;240;236.3564;15;0
10339;104;15;0.6;0.5;39;101;0.5150215;240;236.7426;15;0
10340;104;15;0.6;0.5;40;103;0.4917355;221;235.6796;15;2
10341;104;15;0.6;0.5;41;103;0.5019608;225;236.7864;15;2
10342;104;15;0.6;0.5;42;102;0.5429864;247;235.9804;15;1
10343;104;15;0.6;0.5;43;101;0.5181818;225;234.9901;15;0
10344;104;15;0.6;0.5;44;102;0.4444444;252;236.7745;15;1
10345;104;15;0.6;0.5;45;107;0.535545;245;235.0841;15;6
10346;104;15;0.6;0.5;46;102;0.5220884;240;237.2157;15;1
10347;104;15;0.6;0.5;47;101;0.4243697;233;237.2871;15;0
10348;104;15;0.6;0.5;48;106;0.4514768;250;237.8585;15;5
10349;104;15;0.6;0.5;49;101;0.5304348;223;237.8911;15;0
10350;104;15;0.6;0.5;50;102;0.537594;227;236.5294;15;1
10351;104;15;0.6;0.5;51;101;0.5217391;242;237.901;15;0
10352;104;15;0.6;0.5;52;101;0.465587;223;235.9604;15;0
10353;104;15;0.6;0.5;53;104;0.496063;227;236.6827;15;3
10354;104;15;0.6;0.5;54;102;0.5232068;234;238.4902;15;1
10355;104;15;0.6;0.5;55;101;0.5022624;239;235.604;15;0
10356;104;15;0.6;0.5;56;102;0.5901639;225;238.7647;15;1
10357;104;15;0.6;0.5;57;101;0.5086957;259;238.0891;15;0
10358;104;15;0.6;0.5;58;101;0.4938776;228;237.2079;15;0
10359;104;15;0.6;0.5;59;101;0.5521236;237;235.7525;15;0
10360;104;15;0.6;0.5;60;101;0.4305556;256;237.6337;15;0
10361;104;15;0.6;0.5;61;103;0.4660633;228;236.2233;15;2
10362;104;15;0.6;0.5;62;101;0.5162791;249;235.3465;15;0
10363;104;15;0.6;0.5;63;101;0.4935622;225;236.8218;15;0
10364;104;15;0.6;0.5;64;102;0.5123967;209;236.1569;15;1
10365;104;15;0.6;0.5;65;101;0.4858491;253;238.8515;15;0
10366;104;15;0.6;0.5;66;102;0.4538153;214;236.1275;15;1
10367;104;15;0.6;0.5;67;102;0.5217391;253;238.9314;15;1
10368;104;15;0.6;0.5;68;101;0.4977169;263;238.7228;15;0
10369;104;15;0.6;0.5;69;102;0.457265;238;234.6667;15;1
10370;104;15;0.6;0.5;70;103;0.5147679;251;239.6408;15;2
10371;104;15;0.6;0.5;71;104;0.5100402;232;237.4327;15;3
10372;104;15;0.6;0.5;72;101;0.4557522;231;235.9901;15;0
10373;104;15;0.6;0.5;73;101;0.5311203;234;238.6931;15;0
10374;104;15;0.6;0.5;74;101;0.463964;255;235.7822;15;0
10375;104;15;0.6;0.5;75;102;0.4869565;241;234.9314;15;1
10376;104;15;0.6;0.5;76;104;0.4628099;235;236.6827;15;3
10377;104;15;0.6;0.5;77;101;0.4369748;245;237.4752;15;0
10378;104;15;0.6;0.5;78;101;0.4369369;241;235.4257;15;0
10379;104;15;0.6;0.5;79;103;0.5021645;235;236.1942;15;2
10380;104;15;0.6;0.5;80;106;0.4650206;235;236.2075;15;5
10381;104;15;0.6;0.5;81;102;0.5172414;265;236.2353;15;1
10382;104;15;0.6;0.5;82;101;0.4859438;257;236.2871;15;0
10383;104;15;0.6;0.5;83;102;0.4937238;239;235.6863;15;1
10384;104;15;0.6;0.5;84;103;0.5793991;238;235.6019;15;2
10385;104;15;0.6;0.5;85;104;0.4545455;260;234.625;15;3
10386;104;15;0.6;0.5;86;101;0.5108225;235;236.7129;15;0
10387;104;15;0.6;0.5;87;103;0.4805195;230;236.7184;15;2
10388;104;15;0.6;0.5;88;101;0.4688797;225;234.5446;15;0
10389;104;15;0.6;0.5;89;102;0.5296804;238;238.0196;15;1
10390;104;15;0.6;0.5;90;101;0.4596774;234;237.4356;15;0
10391;104;15;0.6;0.5;91;102;0.5;232;237.4902;15;1
10392;104;15;0.6;0.5;92;101;0.4655172;234;237.2178;15;0
10393;104;15;0.6;0.5;93;102;0.4686192;224;235.1961;15;1
10394;104;15;0.6;0.5;94;103;0.5258216;223;236.5631;15;2
10395;104;15;0.6;0.5;95;107;0.5066079;233;237.7196;15;6
10396;104;15;0.6;0.5;96;101;0.5889328;223;236.1881;15;0
10397;104;15;0.6;0.5;97;104;0.4426877;221;238.2308;15;3
10398;104;15;0.6;0.5;98;108;0.5473251;240;236.9259;15;7
10399;104;15;0.6;0.5;99;104;0.5;244;236.1635;15;3
10400;104;15;0.6;0.5;100;101;0.470339;236;237.0297;15;0
10401;105;17;0.6;0.5;1;105;0.4854369;255;236.2286;17;4
10402;105;17;0.6;0.5;2;103;0.4855967;229;237.2039;17;2
10403;105;17;0.6;0.5;3;105;0.4615385;257;238.4952;17;4
10404;105;17;0.6;0.5;4;101;0.5333333;229;236.8911;17;0
10405;105;17;0.6;0.5;5;103;0.4146341;222;236.0971;17;2
10406;105;17;0.6;0.5;6;103;0.539749;232;235.165;17;2
10407;105;17;0.6;0.5;7;109;0.5061224;240;237.5229;17;8
10408;105;17;0.6;0.5;8;102;0.5185185;238;238.2549;17;1
10409;105;17;0.6;0.5;9;101;0.5251142;228;237.2376;17;0
10410;105;17;0.6;0.5;10;101;0.5236364;225;236.9505;17;0
10411;105;17;0.6;0.5;11;101;0.503937;236;235.2871;17;0
10412;105;17;0.6;0.5;12;101;0.4244898;222;236.1683;17;0
10413;105;17;0.6;0.5;13;102;0.5454545;225;235.6176;17;1
10414;105;17;0.6;0.5;14;101;0.4473684;219;237.198;17;0
10415;105;17;0.6;0.5;15;101;0.5506073;255;238.0198;17;0
10416;105;17;0.6;0.5;16;101;0.5169492;235;238.4851;17;0
10417;105;17;0.6;0.5;17;102;0.4823009;233;238.4412;17;1
10418;105;17;0.6;0.5;18;101;0.4320988;240;234.5446;17;0
10419;105;17;0.6;0.5;19;103;0.5240175;227;236.5631;17;2
10420;105;17;0.6;0.5;20;102;0.4915254;226;238.2549;17;1
10421;105;17;0.6;0.5;21;101;0.4915966;225;237.6238;17;0
10422;105;17;0.6;0.5;22;101;0.5;255;235.604;17;0
10423;105;17;0.6;0.5;23;104;0.4741379;234;234.6442;17;3
10424;105;17;0.6;0.5;24;101;0.4482759;233;238.2277;17;0
10425;105;17;0.6;0.5;25;101;0.476378;212;236.6238;17;0
10426;105;17;0.6;0.5;26;101;0.504386;233;235.9406;17;0
10427;105;17;0.6;0.5;27;101;0.5;235;237.5149;17;0
10428;105;17;0.6;0.5;28;102;0.5454545;251;236.3529;17;1
10429;105;17;0.6;0.5;29;101;0.4489796;215;237.7624;17;0
10430;105;17;0.6;0.5;30;101;0.4830189;263;237.1683;17;0
10431;105;17;0.6;0.5;31;103;0.4362745;245;235.3107;17;2
10432;105;17;0.6;0.5;32;103;0.6106557;234;236.4175;17;2
10433;105;17;0.6;0.5;33;102;0.4568966;249;235.4804;17;1
10434;105;17;0.6;0.5;34;101;0.4644351;228;237.7327;17;0
10435;105;17;0.6;0.5;35;101;0.5058824;220;235.4356;17;0
10436;105;17;0.6;0.5;36;103;0.5527426;244;235.4951;17;2
10437;105;17;0.6;0.5;37;102;0.5230126;241;236.8431;17;1
10438;105;17;0.6;0.5;38;101;0.4875;234;236.1683;17;0
10439;105;17;0.6;0.5;39;103;0.5349794;226;239.2427;17;2
10440;105;17;0.6;0.5;40;101;0.5204918;227;236.2871;17;0
10441;105;17;0.6;0.5;41;101;0.5291667;241;235.4158;17;0
10442;105;17;0.6;0.5;42;101;0.5508475;248;236.9604;17;0
10443;105;17;0.6;0.5;43;101;0.4864865;248;236.9307;17;0
10444;105;17;0.6;0.5;44;101;0.5627706;245;236.604;17;0
10445;105;17;0.6;0.5;45;101;0.5158371;247;237.2574;17;0
10446;105;17;0.6;0.5;46;101;0.4279661;215;235.6832;17;0
10447;105;17;0.6;0.5;47;104;0.4844961;216;236.1538;17;3
10448;105;17;0.6;0.5;48;103;0.5045872;228;236.5631;17;2
10449;105;17;0.6;0.5;49;108;0.4595745;244;235.8519;17;7
10450;105;17;0.6;0.5;50;103;0.5204918;226;235.466;17;2
10451;105;17;0.6;0.5;51;103;0.4780876;239;237.9417;17;2
10452;105;17;0.6;0.5;52;102;0.56621;251;236.902;17;1
10453;105;17;0.6;0.5;53;110;0.4780702;254;238.3273;17;9
10454;105;17;0.6;0.5;54;101;0.4940239;219;235.0792;17;0
10455;105;17;0.6;0.5;55;101;0.4422311;229;238.3861;17;0
10456;105;17;0.6;0.5;56;101;0.4586777;235;236.802;17;0
10457;105;17;0.6;0.5;57;102;0.4859438;224;235.0784;17;1
10458;105;17;0.6;0.5;58;102;0.4401709;225;234.951;17;1
10459;105;17;0.6;0.5;59;108;0.4331984;229;236.6204;17;7
10460;105;17;0.6;0.5;60;102;0.5676856;243;238.0588;17;1
10461;105;17;0.6;0.5;61;101;0.5756458;224;235.5644;17;0
10462;105;17;0.6;0.5;62;101;0.5087719;236;237.1287;17;0
10463;105;17;0.6;0.5;63;101;0.5185185;230;237.1782;17;0
10464;105;17;0.6;0.5;64;101;0.5782609;231;236.495;17;0
10465;105;17;0.6;0.5;65;101;0.5545024;233;237.2574;17;0
10466;105;17;0.6;0.5;66;101;0.4545455;243;238.1881;17;0
10467;105;17;0.6;0.5;67;101;0.4875;230;236.1287;17;0
10468;105;17;0.6;0.5;68;105;0.4342105;242;238.3714;17;4
10469;105;17;0.6;0.5;69;101;0.5234375;227;237.9109;17;0
10470;105;17;0.6;0.5;70;104;0.5546559;232;236.9327;17;3
10471;105;17;0.6;0.5;71;102;0.4425532;247;236.6765;17;1
10472;105;17;0.6;0.5;72;101;0.5265487;248;236.8812;17;0
10473;105;17;0.6;0.5;73;102;0.4726562;259;236.8725;17;1
10474;105;17;0.6;0.5;74;106;0.504065;230;236.8113;17;5
10475;105;17;0.6;0.5;75;101;0.5665236;234;236.1287;17;0
10476;105;17;0.6;0.5;76;101;0.4502165;236;237.2475;17;0
10477;105;17;0.6;0.5;77;102;0.4233871;238;237.0392;17;1
10478;105;17;0.6;0.5;78;104;0.4239631;247;236.7981;17;3
10479;105;17;0.6;0.5;79;101;0.4512195;224;235.7624;17;0
10480;105;17;0.6;0.5;80;101;0.5805085;226;237.4851;17;0
10481;105;17;0.6;0.5;81;101;0.5112108;208;239.6931;17;0
10482;105;17;0.6;0.5;82;101;0.5619469;244;237.604;17;0
10483;105;17;0.6;0.5;83;101;0.4545455;259;234.8713;17;0
10484;105;17;0.6;0.5;84;101;0.5617021;238;236.6139;17;0
10485;105;17;0.6;0.5;85;101;0.5232068;219;236.8218;17;0
10486;105;17;0.6;0.5;86;108;0.4453782;240;236.9907;17;7
10487;105;17;0.6;0.5;87;101;0.5113122;237;235.2574;17;0
10488;105;17;0.6;0.5;88;104;0.5021645;256;238.2115;17;3
10489;105;17;0.6;0.5;89;101;0.5345622;264;238.4752;17;0
10490;105;17;0.6;0.5;90;102;0.534413;232;234.0784;17;1
10491;105;17;0.6;0.5;91;108;0.4893617;239;235.1574;17;7
10492;105;17;0.6;0.5;92;101;0.5394191;239;237.3069;17;0
10493;105;17;0.6;0.5;93;101;0.4391304;242;235.901;17;0
10494;105;17;0.6;0.5;94;101;0.5341365;243;236.6931;17;0
10495;105;17;0.6;0.5;95;101;0.5177866;234;238.901;17;0
10496;105;17;0.6;0.5;96;103;0.4872881;280;237;17;2
10497;105;17;0.6;0.5;97;102;0.4757709;217;235.3137;17;1
10498;105;17;0.6;0.5;98;101;0.5394737;228;236.3267;17;0
10499;105;17;0.6;0.5;99;101;0.5974576;232;235.9703;17;0
10500;105;17;0.6;0.5;100;103;0.5135135;214;236.7767;17;2
10501;106;19;0.6;0.5;1;101;0.492;246;237.3564;19;0
10502;106;19;0.6;0.5;2;102;0.4980392;238;237.6078;19;1
10503;106;19;0.6;0.5;3;102;0.5306122;238;235.1275;19;1
10504;106;19;0.6;0.5;4;106;0.48;215;237.2547;19;5
10505;106;19;0.6;0.5;5;101;0.5;236;238.2871;19;0
10506;106;19;0.6;0.5;6;101;0.5125;223;238.4554;19;0
10507;106;19;0.6;0.5;7;101;0.4892704;249;237.6733;19;0
10508;106;19;0.6;0.5;8;109;0.5022624;246;237.4771;19;8
10509;106;19;0.6;0.5;9;101;0.5465116;210;235.4059;19;0
10510;106;19;0.6;0.5;10;102;0.4069264;246;237;19;1
10511;106;19;0.6;0.5;11;103;0.4913043;233;236.6505;19;2
10512;106;19;0.6;0.5;12;102;0.5201794;249;236.7255;19;1
10513;106;19;0.6;0.5;13;101;0.5;249;236.495;19;0
10514;106;19;0.6;0.5;14;101;0.5648855;226;237.2178;19;0
10515;106;19;0.6;0.5;15;101;0.3948498;252;236.5644;19;0
10516;106;19;0.6;0.5;16;101;0.4849785;230;238.0198;19;0
10517;106;19;0.6;0.5;17;101;0.4647887;235;236.1584;19;0
10518;106;19;0.6;0.5;18;104;0.5042373;217;235.6923;19;3
10519;106;19;0.6;0.5;19;102;0.473913;215;236.1765;19;1
10520;106;19;0.6;0.5;20;101;0.4759825;252;238.7525;19;0
10521;106;19;0.6;0.5;21;101;0.4660633;228;236.9406;19;0
10522;106;19;0.6;0.5;22;101;0.5193133;243;236.3861;19;0
10523;106;19;0.6;0.5;23;102;0.4638298;223;235.7647;19;1
10524;106;19;0.6;0.5;24;104;0.5022624;245;237.2788;19;3
10525;106;19;0.6;0.5;25;102;0.4232558;247;234.8039;19;1
10526;106;19;0.6;0.5;26;102;0.5319149;252;235.7451;19;1
10527;106;19;0.6;0.5;27;101;0.4755556;261;236.9802;19;0
10528;106;19;0.6;0.5;28;102;0.5122951;239;238.8039;19;1
10529;106;19;0.6;0.5;29;101;0.5062762;217;238.198;19;0
10530;106;19;0.6;0.5;30;102;0.5123967;230;235.7157;19;1
10531;106;19;0.6;0.5;31;101;0.5119048;247;238.495;19;0
10532;106;19;0.6;0.5;32;102;0.4700855;247;236.5784;19;1
10533;106;19;0.6;0.5;33;105;0.5;208;235.1048;19;4
10534;106;19;0.6;0.5;34;104;0.4816327;227;237.3269;19;3
10535;106;19;0.6;0.5;35;101;0.5069767;256;237.3663;19;0
10536;106;19;0.6;0.5;36;101;0.5564202;204;237.297;19;0
10537;106;19;0.6;0.5;37;101;0.5169082;222;235.3465;19;0
10538;106;19;0.6;0.5;38;101;0.4924812;211;238.1188;19;0
10539;106;19;0.6;0.5;39;101;0.5555556;240;237.9703;19;0
10540;106;19;0.6;0.5;40;106;0.5142857;261;234.3396;19;5
10541;106;19;0.6;0.5;41;102;0.4666667;241;235.3137;19;1
10542;106;19;0.6;0.5;42;101;0.4927536;249;236.9208;19;0
10543;106;19;0.6;0.5;43;102;0.4292929;227;235.7549;19;1
10544;106;19;0.6;0.5;44;101;0.5273438;228;235.5149;19;0
10545;106;19;0.6;0.5;45;103;0.4653061;243;238.6214;19;2
10546;106;19;0.6;0.5;46;101;0.5526316;224;236.7228;19;0
10547;106;19;0.6;0.5;47;101;0.4549763;247;237.1485;19;0
10548;106;19;0.6;0.5;48;102;0.5296443;250;238.9412;19;1
10549;106;19;0.6;0.5;49;101;0.4789916;247;238.1584;19;0
10550;106;19;0.6;0.5;50;102;0.5532787;235;238.8039;19;1
10551;106;19;0.6;0.5;51;101;0.5862069;261;237.8713;19;0
10552;106;19;0.6;0.5;52;103;0.4758065;232;236.534;19;2
10553;106;19;0.6;0.5;53;103;0.5251142;231;237.4175;19;2
10554;106;19;0.6;0.5;54;101;0.5632184;249;235.7723;19;0
10555;106;19;0.6;0.5;55;101;0.4821429;234;235.1485;19;0
10556;106;19;0.6;0.5;56;101;0.5111111;245;236.9604;19;0
10557;106;19;0.6;0.5;57;101;0.5064378;255;237.2178;19;0
10558;106;19;0.6;0.5;58;101;0.4788136;237;237.5743;19;0
10559;106;19;0.6;0.5;59;102;0.5810811;248;234.2843;19;1
10560;106;19;0.6;0.5;60;102;0.524;237;237.1471;19;1
10561;106;19;0.6;0.5;61;102;0.5188679;249;237.598;19;1
10562;106;19;0.6;0.5;62;101;0.4805195;220;237.2772;19;0
10563;106;19;0.6;0.5;63;101;0.4978166;244;238.2871;19;0
10564;106;19;0.6;0.5;64;106;0.4355556;234;235.3302;19;5
10565;106;19;0.6;0.5;65;102;0.4628821;236;234.8627;19;1
10566;106;19;0.6;0.5;66;105;0.5324675;229;237.8095;19;4
10567;106;19;0.6;0.5;67;101;0.5229358;234;237.3267;19;0
10568;106;19;0.6;0.5;68;102;0.5139442;230;237.0784;19;1
10569;106;19;0.6;0.5;69;101;0.524;246;239.2574;19;0
10570;106;19;0.6;0.5;70;101;0.4510638;240;236.3465;19;0
10571;106;19;0.6;0.5;71;103;0.5336323;261;236.5922;19;2
10572;106;19;0.6;0.5;72;101;0.5064935;231;235.9901;19;0
10573;106;19;0.6;0.5;73;102;0.521327;216;238.8529;19;1
10574;106;19;0.6;0.5;74;101;0.4813278;211;235.5248;19;0
10575;106;19;0.6;0.5;75;102;0.5105485;233;236.2059;19;1
10576;106;19;0.6;0.5;76;105;0.4911504;247;235.7333;19;4
10577;106;19;0.6;0.5;77;103;0.5065502;213;235.1262;19;2
10578;106;19;0.6;0.5;78;102;0.5023923;265;236.7745;19;1
10579;106;19;0.6;0.5;79;102;0.5056604;226;237.0294;19;1
10580;106;19;0.6;0.5;80;101;0.5108225;270;237.0891;19;0
10581;106;19;0.6;0.5;81;101;0.513834;248;237.8713;19;0
10582;106;19;0.6;0.5;82;102;0.5342466;245;236.4314;19;1
10583;106;19;0.6;0.5;83;101;0.492;221;237.0198;19;0
10584;106;19;0.6;0.5;84;104;0.4867257;216;234.9904;19;3
10585;106;19;0.6;0.5;85;105;0.5358852;234;236.181;19;4
10586;106;19;0.6;0.5;86;102;0.526749;225;236.6765;19;1
10587;106;19;0.6;0.5;87;101;0.4683544;233;235.7327;19;0
10588;106;19;0.6;0.5;88;101;0.4834711;228;236.0693;19;0
10589;106;19;0.6;0.5;89;101;0.5701357;257;235.703;19;0
10590;106;19;0.6;0.5;90;101;0.457265;219;236.8812;19;0
10591;106;19;0.6;0.5;91;102;0.5432692;238;236.4412;19;1
10592;106;19;0.6;0.5;92;103;0.525641;256;237.6893;19;2
10593;106;19;0.6;0.5;93;101;0.4978723;239;237.4653;19;0
10594;106;19;0.6;0.5;94;101;0.5131579;213;236.0396;19;0
10595;106;19;0.6;0.5;95;110;0.426009;246;235.7364;19;9
10596;106;19;0.6;0.5;96;101;0.5344828;228;236.9703;19;0
10597;106;19;0.6;0.5;97;102;0.5564202;237;236.2941;19;1
10598;106;19;0.6;0.5;98;103;0.5829787;251;237.6117;19;2
10599;106;19;0.6;0.5;99;102;0.4978355;250;238.2059;19;1
10600;106;19;0.6;0.5;100;101;0.4603175;235;235.4356;19;0
10601;107;21;0.6;0.5;1;101;0.5514403;220;236.4158;21;0
10602;107;21;0.6;0.5;2;101;0.5020576;229;235.7624;21;0
10603;107;21;0.6;0.5;3;101;0.4939271;226;236.9109;21;0
10604;107;21;0.6;0.5;4;102;0.4778761;241;237.1961;21;1
10605;107;21;0.6;0.5;5;101;0.5432692;266;236.3564;21;0
10606;107;21;0.6;0.5;6;101;0.4541667;254;236.1485;21;0
10607;107;21;0.6;0.5;7;102;0.4959677;217;237.1667;21;1
10608;107;21;0.6;0.5;8;102;0.5022222;230;237.9216;21;1
10609;107;21;0.6;0.5;9;101;0.5106383;236;235.7921;21;0
10610;107;21;0.6;0.5;10;101;0.5433071;232;237.2178;21;0
10611;107;21;0.6;0.5;11;101;0.5061224;233;236.5743;21;0
10612;107;21;0.6;0.5;12;102;0.4798387;254;237.6667;21;1
10613;107;21;0.6;0.5;13;101;0.5022831;261;235.901;21;0
10614;107;21;0.6;0.5;14;102;0.5057471;241;236.2941;21;1
10615;107;21;0.6;0.5;15;101;0.4476987;244;237.4356;21;0
10616;107;21;0.6;0.5;16;102;0.5286885;220;236.6667;21;1
10617;107;21;0.6;0.5;17;101;0.4830918;241;236.6931;21;0
10618;107;21;0.6;0.5;18;101;0.4853556;229;234.3564;21;0
10619;107;21;0.6;0.5;19;102;0.4626168;243;237.1863;21;1
10620;107;21;0.6;0.5;20;102;0.5313808;219;237.7941;21;1
10621;107;21;0.6;0.5;21;101;0.6186441;234;236.0297;21;0
10622;107;21;0.6;0.5;22;101;0.496063;234;236.2475;21;0
10623;107;21;0.6;0.5;23;101;0.4693878;243;237.4851;21;0
10624;107;21;0.6;0.5;24;105;0.4488189;217;235;21;4
10625;107;21;0.6;0.5;25;104;0.5215517;264;236.1827;21;3
10626;107;21;0.6;0.5;26;101;0.5728155;264;234.7822;21;0
10627;107;21;0.6;0.5;27;105;0.5150215;248;238.019;21;4
10628;107;21;0.6;0.5;28;101;0.483871;239;236.3762;21;0
10629;107;21;0.6;0.5;29;102;0.5494071;238;237.3824;21;1
10630;107;21;0.6;0.5;30;101;0.5037879;232;238.802;21;0
10631;107;21;0.6;0.5;31;101;0.4162896;259;234.1881;21;0
10632;107;21;0.6;0.5;32;101;0.5381166;246;236.7921;21;0
10633;107;21;0.6;0.5;33;106;0.492891;257;236.5189;21;5
10634;107;21;0.6;0.5;34;105;0.4439655;255;236.4667;21;4
10635;107;21;0.6;0.5;35;101;0.534188;226;236.3168;21;0
10636;107;21;0.6;0.5;36;106;0.5673469;231;236.2453;21;5
10637;107;21;0.6;0.5;37;102;0.5106383;254;235.8431;21;1
10638;107;21;0.6;0.5;38;101;0.5972851;250;236.2376;21;0
10639;107;21;0.6;0.5;39;104;0.53125;248;238.0481;21;3
10640;107;21;0.6;0.5;40;101;0.4854772;253;238.3069;21;0
10641;107;21;0.6;0.5;41;101;0.504717;247;235.0891;21;0
10642;107;21;0.6;0.5;42;101;0.5560166;232;234.9802;21;0
10643;107;21;0.6;0.5;43;101;0.5767635;232;235.0099;21;0
10644;107;21;0.6;0.5;44;102;0.5089286;241;237.049;21;1
10645;107;21;0.6;0.5;45;106;0.5022222;239;236.8302;21;5
10646;107;21;0.6;0.5;46;101;0.4690265;252;236.4455;21;0
10647;107;21;0.6;0.5;47;102;0.4780702;264;237.3529;21;1
10648;107;21;0.6;0.5;48;101;0.4754717;243;235.6733;21;0
10649;107;21;0.6;0.5;49;102;0.5152838;205;234.7157;21;1
10650;107;21;0.6;0.5;50;103;0.518797;218;236.1456;21;2
10651;107;21;0.6;0.5;51;102;0.4933921;219;235.7647;21;1
10652;107;21;0.6;0.5;52;102;0.5584416;236;237.6863;21;1
10653;107;21;0.6;0.5;53;101;0.4618834;236;236.396;21;0
10654;107;21;0.6;0.5;54;101;0.5866667;230;236.4356;21;0
10655;107;21;0.6;0.5;55;105;0.5021459;234;238.6095;21;4
10656;107;21;0.6;0.5;56;105;0.4478261;248;235.781;21;4
10657;107;21;0.6;0.5;57;101;0.5173913;225;237.0792;21;0
10658;107;21;0.6;0.5;58;102;0.5490196;223;236.6078;21;1
10659;107;21;0.6;0.5;59;101;0.5234043;242;235.4257;21;0
10660;107;21;0.6;0.5;60;102;0.5144033;260;236.7843;21;1
10661;107;21;0.6;0.5;61;102;0.513308;222;236.6667;21;1
10662;107;21;0.6;0.5;62;102;0.5066079;235;237.4412;21;1
10663;107;21;0.6;0.5;63;103;0.5267857;253;235.2524;21;2
10664;107;21;0.6;0.5;64;103;0.5442478;239;235.9612;21;2
10665;107;21;0.6;0.5;65;102;0.5;225;237.3529;21;1
10666;107;21;0.6;0.5;66;101;0.5100402;218;235.4653;21;0
10667;107;21;0.6;0.5;67;103;0.4042553;240;235.1359;21;2
10668;107;21;0.6;0.5;68;102;0.4484305;241;236.4706;21;1
10669;107;21;0.6;0.5;69;101;0.5166667;255;238.8713;21;0
10670;107;21;0.6;0.5;70;102;0.4880952;236;235.8431;21;1
10671;107;21;0.6;0.5;71;103;0.4845815;261;236.6699;21;2
10672;107;21;0.6;0.5;72;105;0.4922481;235;235.6857;21;4
10673;107;21;0.6;0.5;73;101;0.4423077;233;238.4851;21;0
10674;107;21;0.6;0.5;74;101;0.4770642;233;235.9505;21;0
10675;107;21;0.6;0.5;75;103;0.5638767;245;237.2039;21;2
10676;107;21;0.6;0.5;76;102;0.399177;246;238.402;21;1
10677;107;21;0.6;0.5;77;103;0.5767635;211;235.5922;21;2
10678;107;21;0.6;0.5;78;101;0.4958678;234;235.4455;21;0
10679;107;21;0.6;0.5;79;101;0.5067265;228;237.8614;21;0
10680;107;21;0.6;0.5;80;101;0.5462555;238;236.8317;21;0
10681;107;21;0.6;0.5;81;101;0.516;233;236.2079;21;0
10682;107;21;0.6;0.5;82;101;0.493617;230;236.4257;21;0
10683;107;21;0.6;0.5;83;101;0.4978166;240;236.8812;21;0
10684;107;21;0.6;0.5;84;107;0.5416667;243;237.4953;21;6
10685;107;21;0.6;0.5;85;101;0.525;244;238.3663;21;0
10686;107;21;0.6;0.5;86;102;0.4901186;221;236.902;21;1
10687;107;21;0.6;0.5;87;102;0.4625551;258;237.4412;21;1
10688;107;21;0.6;0.5;88;101;0.491453;223;234.901;21;0
10689;107;21;0.6;0.5;89;108;0.4710744;223;237.1481;21;7
10690;107;21;0.6;0.5;90;101;0.4545455;239;236;21;0
10691;107;21;0.6;0.5;91;101;0.5;215;235.2376;21;0
10692;107;21;0.6;0.5;92;102;0.5384615;235;236.5882;21;1
10693;107;21;0.6;0.5;93;101;0.5751073;214;236.1683;21;0
10694;107;21;0.6;0.5;94;104;0.5726496;230;235.4712;21;3
10695;107;21;0.6;0.5;95;101;0.5381526;232;238.2376;21;0
10696;107;21;0.6;0.5;96;103;0.4598214;246;237.4369;21;2
10697;107;21;0.6;0.5;97;104;0.525641;254;236.1923;21;3
10698;107;21;0.6;0.5;98;101;0.4769874;210;236.0594;21;0
10699;107;21;0.6;0.5;99;101;0.4401709;247;236.198;21;0
10700;107;21;0.6;0.5;100;103;0.4304348;243;236.9126;21;2
10701;108;23;0.6;0.5;1;101;0.5447761;212;235.7624;23;0
10702;108;23;0.6;0.5;2;103;0.4734848;237;233.0291;23;2
10703;108;23;0.6;0.5;3;101;0.52;252;235.9109;23;0
10704;108;23;0.6;0.5;4;101;0.5617021;245;237.7129;23;0
10705;108;23;0.6;0.5;5;101;0.5208333;229;235.4059;23;0
10706;108;23;0.6;0.5;6;106;0.5375;218;236.8585;23;5
10707;108;23;0.6;0.5;7;107;0.5230126;244;236.4393;23;6
10708;108;23;0.6;0.5;8;103;0.5271967;225;236.7184;23;2
10709;108;23;0.6;0.5;9;101;0.5044643;233;235.2079;23;0
10710;108;23;0.6;0.5;10;102;0.5727273;262;235.7157;23;1
10711;108;23;0.6;0.5;11;101;0.5294118;233;236.198;23;0
10712;108;23;0.6;0.5;12;104;0.4323144;229;238.1923;23;3
10713;108;23;0.6;0.5;13;103;0.4978355;258;236.6408;23;2
10714;108;23;0.6;0.5;14;102;0.5125;221;235.6471;23;1
10715;108;23;0.6;0.5;15;101;0.5272727;251;233.6733;23;0
10716;108;23;0.6;0.5;16;101;0.5123967;234;238.1386;23;0
10717;108;23;0.6;0.5;17;101;0.5528455;222;237.5842;23;0
10718;108;23;0.6;0.5;18;102;0.5418502;225;236.6078;23;1
10719;108;23;0.6;0.5;19;101;0.5213675;244;236.8317;23;0
10720;108;23;0.6;0.5;20;101;0.5733333;238;236.3564;23;0
10721;108;23;0.6;0.5;21;101;0.5;228;237.3465;23;0
10722;108;23;0.6;0.5;22;101;0.5487805;237;236.505;23;0
10723;108;23;0.6;0.5;23;101;0.4660633;248;236.0594;23;0
10724;108;23;0.6;0.5;24;101;0.5;221;237.5644;23;0
10725;108;23;0.6;0.5;25;101;0.5308642;242;237.6139;23;0
10726;108;23;0.6;0.5;26;101;0.506383;258;236.0792;23;0
10727;108;23;0.6;0.5;27;102;0.5286885;231;235.7255;23;1
10728;108;23;0.6;0.5;28;101;0.4459459;238;235.3168;23;0
10729;108;23;0.6;0.5;29;102;0.4262948;237;237.8529;23;1
10730;108;23;0.6;0.5;30;103;0.4757709;237;236.2039;23;2
10731;108;23;0.6;0.5;31;103;0.5281385;218;237;23;2
10732;108;23;0.6;0.5;32;101;0.4939271;210;237.7921;23;0
10733;108;23;0.6;0.5;33;101;0.541502;238;238.6733;23;0
10734;108;23;0.6;0.5;34;101;0.5072464;269;235.3465;23;0
10735;108;23;0.6;0.5;35;105;0.4758065;246;236.3238;23;4
10736;108;23;0.6;0.5;36;101;0.5043103;264;238.4158;23;0
10737;108;23;0.6;0.5;37;103;0.4761905;256;237.7476;23;2
10738;108;23;0.6;0.5;38;101;0.5965665;217;234.8416;23;0
10739;108;23;0.6;0.5;39;101;0.4937238;238;236.6931;23;0
10740;108;23;0.6;0.5;40;104;0.5138889;243;238.0481;23;3
10741;108;23;0.6;0.5;41;105;0.4705882;241;237.4381;23;4
10742;108;23;0.6;0.5;42;102;0.5119048;229;235.6176;23;1
10743;108;23;0.6;0.5;43;104;0.5111111;251;237.9808;23;3
10744;108;23;0.6;0.5;44;105;0.4705882;256;236.381;23;4
10745;108;23;0.6;0.5;45;103;0.5555556;228;236.5049;23;2
10746;108;23;0.6;0.5;46;101;0.5042735;239;237.0495;23;0
10747;108;23;0.6;0.5;47;101;0.4935622;246;237.3267;23;0
10748;108;23;0.6;0.5;48;101;0.4887892;238;236.5842;23;0
10749;108;23;0.6;0.5;49;101;0.5263158;245;236.0693;23;0
10750;108;23;0.6;0.5;50;104;0.5540541;243;239.1346;23;3
10751;108;23;0.6;0.5;51;103;0.5416667;244;236.6699;23;2
10752;108;23;0.6;0.5;52;103;0.4599156;221;238.0874;23;2
10753;108;23;0.6;0.5;53;103;0.4755556;229;235.0485;23;2
10754;108;23;0.6;0.5;54;101;0.5023474;257;236.3366;23;0
10755;108;23;0.6;0.5;55;102;0.4304348;228;236.2549;23;1
10756;108;23;0.6;0.5;56;103;0.4459459;254;236.8932;23;2
10757;108;23;0.6;0.5;57;101;0.504065;244;236.6733;23;0
10758;108;23;0.6;0.5;58;105;0.4681648;231;237.6762;23;4
10759;108;23;0.6;0.5;59;101;0.5663717;240;235.396;23;0
10760;108;23;0.6;0.5;60;101;0.5439331;210;238.4653;23;0
10761;108;23;0.6;0.5;61;101;0.4885496;230;235.396;23;0
10762;108;23;0.6;0.5;62;102;0.5037594;204;237.5098;23;1
10763;108;23;0.6;0.5;63;102;0.5081301;243;236.6863;23;1
10764;108;23;0.6;0.5;64;101;0.4697674;225;237.3069;23;0
10765;108;23;0.6;0.5;65;101;0.4308943;234;234.5149;23;0
10766;108;23;0.6;0.5;66;101;0.397541;241;237.396;23;0
10767;108;23;0.6;0.5;67;105;0.5466102;244;236.3905;23;4
10768;108;23;0.6;0.5;68;106;0.534188;230;237.2453;23;5
10769;108;23;0.6;0.5;69;103;0.4692982;258;237.7864;23;2
10770;108;23;0.6;0.5;70;101;0.5802469;238;236.9406;23;0
10771;108;23;0.6;0.5;71;101;0.5696203;216;237.5842;23;0
10772;108;23;0.6;0.5;72;102;0.5066079;245;236.4412;23;1
10773;108;23;0.6;0.5;73;101;0.5425101;228;235.3069;23;0
10774;108;23;0.6;0.5;74;101;0.5040984;204;235.703;23;0
10775;108;23;0.6;0.5;75;103;0.5301724;233;235.5243;23;2
10776;108;23;0.6;0.5;76;105;0.5;226;236.8095;23;4
10777;108;23;0.6;0.5;77;101;0.5210728;199;237.4257;23;0
10778;108;23;0.6;0.5;78;102;0.4763948;251;237.0882;23;1
10779;108;23;0.6;0.5;79;101;0.5638767;253;234.5149;23;0
10780;108;23;0.6;0.5;80;101;0.5327869;242;236.9802;23;0
10781;108;23;0.6;0.5;81;101;0.5208333;234;236.2376;23;0
10782;108;23;0.6;0.5;82;101;0.5432692;240;235.5941;23;0
10783;108;23;0.6;0.5;83;101;0.5466102;243;234.198;23;0
10784;108;23;0.6;0.5;84;102;0.4932127;240;237.549;23;1
10785;108;23;0.6;0.5;85;106;0.4833333;229;236.1415;23;5
10786;108;23;0.6;0.5;86;101;0.4318182;215;235.8119;23;0
10787;108;23;0.6;0.5;87;101;0.4938776;240;236.6436;23;0
10788;108;23;0.6;0.5;88;101;0.4956897;243;236.9604;23;0
10789;108;23;0.6;0.5;89;101;0.4953271;247;236.6535;23;0
10790;108;23;0.6;0.5;90;102;0.5106383;242;236.2843;23;1
10791;108;23;0.6;0.5;91;101;0.4363636;226;236.0693;23;0
10792;108;23;0.6;0.5;92;103;0.4449339;258;236.0971;23;2
10793;108;23;0.6;0.5;93;101;0.4265403;236;235.6733;23;0
10794;108;23;0.6;0.5;94;105;0.5256917;240;235.7429;23;4
10795;108;23;0.6;0.5;95;104;0.5154185;239;236.0673;23;3
10796;108;23;0.6;0.5;96;101;0.4506438;237;234.6634;23;0
10797;108;23;0.6;0.5;97;112;0.4956522;223;234.3929;23;11
10798;108;23;0.6;0.5;98;102;0.5378486;233;237.049;23;1
10799;108;23;0.6;0.5;99;102;0.4910714;232;235.9804;23;1
10800;108;23;0.6;0.5;100;101;0.4266667;243;236.5644;23;0
10801;109;25;0.6;0.5;1;103;0.4791667;230;236.2816;25;2
10802;109;25;0.6;0.5;2;101;0.5458015;239;235.7822;25;0
10803;109;25;0.6;0.5;3;102;0.4741379;234;236.2745;25;1
10804;109;25;0.6;0.5;4;102;0.4439655;238;237.4216;25;1
10805;109;25;0.6;0.5;5;102;0.5;247;237.0784;25;1
10806;109;25;0.6;0.5;6;101;0.5185185;232;235.8416;25;0
10807;109;25;0.6;0.5;7;101;0.4553191;238;235.6139;25;0
10808;109;25;0.6;0.5;8;101;0.5362903;243;238.2574;25;0
10809;109;25;0.6;0.5;9;103;0.5833333;238;236.2913;25;2
10810;109;25;0.6;0.5;10;102;0.4453125;238;238.2353;25;1
10811;109;25;0.6;0.5;11;102;0.5104603;255;235.8922;25;1
10812;109;25;0.6;0.5;12;101;0.5173745;218;237.1881;25;0
10813;109;25;0.6;0.5;13;102;0.4810127;212;234.8235;25;1
10814;109;25;0.6;0.5;14;101;0.4884615;259;237.5941;25;0
10815;109;25;0.6;0.5;15;102;0.4765957;241;236.1471;25;1
10816;109;25;0.6;0.5;16;102;0.4251012;234;237.2255;25;1
10817;109;25;0.6;0.5;17;101;0.4880383;243;235.6634;25;0
10818;109;25;0.6;0.5;18;101;0.5638767;248;236.8713;25;0
10819;109;25;0.6;0.5;19;102;0.5574468;229;236.6667;25;1
10820;109;25;0.6;0.5;20;101;0.525;242;237.5248;25;0
10821;109;25;0.6;0.5;21;105;0.5;224;235.9429;25;4
10822;109;25;0.6;0.5;22;104;0.5366795;247;234.7692;25;3
10823;109;25;0.6;0.5;23;103;0.5191489;240;235.8058;25;2
10824;109;25;0.6;0.5;24;102;0.5377778;235;236.098;25;1
10825;109;25;0.6;0.5;25;104;0.5638767;241;235.9231;25;3
10826;109;25;0.6;0.5;26;104;0.493617;250;238.9327;25;3
10827;109;25;0.6;0.5;27;104;0.5083333;236;237.7981;25;3
10828;109;25;0.6;0.5;28;105;0.5583333;262;237.3619;25;4
10829;109;25;0.6;0.5;29;104;0.4869565;239;237.1154;25;3
10830;109;25;0.6;0.5;30;101;0.4734513;241;234.1188;25;0
10831;109;25;0.6;0.5;31;101;0.501992;231;234.802;25;0
10832;109;25;0.6;0.5;32;101;0.4672489;246;236.5644;25;0
10833;109;25;0.6;0.5;33;101;0.5191489;243;236.2871;25;0
10834;109;25;0.6;0.5;34;101;0.5414847;215;236.8317;25;0
10835;109;25;0.6;0.5;35;102;0.5381526;229;235.7745;25;1
10836;109;25;0.6;0.5;36;101;0.5;240;237.604;25;0
10837;109;25;0.6;0.5;37;103;0.4202335;222;235.4757;25;2
10838;109;25;0.6;0.5;38;110;0.5643154;229;237.9545;25;9
10839;109;25;0.6;0.5;39;101;0.5256917;243;238.6733;25;0
10840;109;25;0.6;0.5;40;101;0.4886878;243;237.0297;25;0
10841;109;25;0.6;0.5;41;102;0.4691358;244;237.2549;25;1
10842;109;25;0.6;0.5;42;103;0.4674797;241;236.7961;25;2
10843;109;25;0.6;0.5;43;104;0.5311203;216;235.9038;25;3
10844;109;25;0.6;0.5;44;101;0.4852321;219;236.1485;25;0
10845;109;25;0.6;0.5;45;101;0.5555556;245;238.0693;25;0
10846;109;25;0.6;0.5;46;101;0.5362903;237;237.4554;25;0
10847;109;25;0.6;0.5;47;101;0.4886364;236;235.6535;25;0
10848;109;25;0.6;0.5;48;101;0.4308943;245;237.5644;25;0
10849;109;25;0.6;0.5;49;104;0.4612069;242;236.7692;25;3
10850;109;25;0.6;0.5;50;103;0.5720339;227;236.8835;25;2
10851;109;25;0.6;0.5;51;101;0.5196507;260;235.9109;25;0
10852;109;25;0.6;0.5;52;101;0.5665399;218;236.7822;25;0
10853;109;25;0.6;0.5;53;101;0.5186722;246;238.198;25;0
10854;109;25;0.6;0.5;54;101;0.5333333;224;236.6436;25;0
10855;109;25;0.6;0.5;55;101;0.5152838;244;236.4257;25;0
10856;109;25;0.6;0.5;56;105;0.4100418;250;236.0095;25;4
10857;109;25;0.6;0.5;57;101;0.4831933;228;235.297;25;0
10858;109;25;0.6;0.5;58;101;0.5039683;238;237.7624;25;0
10859;109;25;0.6;0.5;59;104;0.4619048;249;237.0385;25;3
10860;109;25;0.6;0.5;60;101;0.4621514;229;236.396;25;0
10861;109;25;0.6;0.5;61;102;0.5269231;221;234.9706;25;1
10862;109;25;0.6;0.5;62;102;0.493617;220;235.3627;25;1
10863;109;25;0.6;0.5;63;101;0.4920635;213;236.9505;25;0
10864;109;25;0.6;0.5;64;101;0.4770992;242;236.8713;25;0
10865;109;25;0.6;0.5;65;102;0.482906;232;238.5;25;1
10866;109;25;0.6;0.5;66;101;0.56917;255;235.4356;25;0
10867;109;25;0.6;0.5;67;104;0.4144144;247;235.0865;25;3
10868;109;25;0.6;0.5;68;101;0.5095785;234;236.2772;25;0
10869;109;25;0.6;0.5;69;103;0.4831933;224;237.9709;25;2
10870;109;25;0.6;0.5;70;102;0.5839695;233;236.8235;25;1
10871;109;25;0.6;0.5;71;102;0.5136364;241;238.049;25;1
10872;109;25;0.6;0.5;72;102;0.483871;236;236.1078;25;1
10873;109;25;0.6;0.5;73;101;0.45;234;236.6238;25;0
10874;109;25;0.6;0.5;74;101;0.5409836;241;237.9406;25;0
10875;109;25;0.6;0.5;75;101;0.5069767;238;236.0099;25;0
10876;109;25;0.6;0.5;76;101;0.5486726;220;236.0594;25;0
10877;109;25;0.6;0.5;77;103;0.404878;241;236.8252;25;2
10878;109;25;0.6;0.5;78;104;0.48;245;233.7115;25;3
10879;109;25;0.6;0.5;79;102;0.5020576;257;237.0882;25;1
10880;109;25;0.6;0.5;80;102;0.5250965;230;238.7647;25;1
10881;109;25;0.6;0.5;81;101;0.5105485;251;238.1683;25;0
10882;109;25;0.6;0.5;82;101;0.473029;229;236.4158;25;0
10883;109;25;0.6;0.5;83;101;0.4419643;262;236.495;25;0
10884;109;25;0.6;0.5;84;101;0.5652174;230;236.8614;25;0
10885;109;25;0.6;0.5;85;102;0.4871795;224;235.3529;25;1
10886;109;25;0.6;0.5;86;101;0.5377778;225;234.9802;25;0
10887;109;25;0.6;0.5;87;101;0.4680851;253;236.901;25;0
10888;109;25;0.6;0.5;88;106;0.5423729;224;236.6509;25;5
10889;109;25;0.6;0.5;89;101;0.529661;224;236.2475;25;0
10890;109;25;0.6;0.5;90;102;0.5367965;233;238.4118;25;1
10891;109;25;0.6;0.5;91;103;0.454955;217;234.9709;25;2
10892;109;25;0.6;0.5;92;101;0.5081967;246;236.3465;25;0
10893;109;25;0.6;0.5;93;101;0.4403292;235;237.2772;25;0
10894;109;25;0.6;0.5;94;102;0.4570136;243;235.1275;25;1
10895;109;25;0.6;0.5;95;106;0.444898;217;237.3113;25;5
10896;109;25;0.6;0.5;96;104;0.5630252;243;234.7788;25;3
10897;109;25;0.6;0.5;97;101;0.4645669;237;235.8713;25;0
10898;109;25;0.6;0.5;98;104;0.4958678;233;236.9423;25;3
10899;109;25;0.6;0.5;99;102;0.4434783;228;235.3431;25;1
10900;109;25;0.6;0.5;100;102;0.48583;251;236.098;25;1
10901;110;27;0.6;0.5;1;101;0.5396825;233;235.1188;27;0
10902;110;27;0.6;0.5;2;101;0.4585153;237;236.8515;27;0
10903;110;27;0.6;0.5;3;103;0.4638298;236;236.7282;27;2
10904;110;27;0.6;0.5;4;101;0.5258964;245;236.7525;27;0
10905;110;27;0.6;0.5;5;102;0.4650206;259;236.3824;27;1
10906;110;27;0.6;0.5;6;105;0.4417671;240;237.4857;27;4
10907;110;27;0.6;0.5;7;102;0.5307018;229;237.9412;27;1
10908;110;27;0.6;0.5;8;107;0.529661;260;236.5327;27;6
10909;110;27;0.6;0.5;9;101;0.4248927;227;235.4455;27;0
10910;110;27;0.6;0.5;10;102;0.5530973;225;236.0294;27;1
10911;110;27;0.6;0.5;11;101;0.489083;237;236.5149;27;0
10912;110;27;0.6;0.5;12;103;0.4257812;237;236.0097;27;2
10913;110;27;0.6;0.5;13;101;0.5517241;246;235.7723;27;0
10914;110;27;0.6;0.5;14;102;0.5;247;236.7647;27;1
10915;110;27;0.6;0.5;15;101;0.4672131;242;236.5149;27;0
10916;110;27;0.6;0.5;16;101;0.475;236;235.7723;27;0
10917;110;27;0.6;0.5;17;106;0.5236052;223;238.0849;27;5
10918;110;27;0.6;0.5;18;102;0.4242424;238;234.951;27;1
10919;110;27;0.6;0.5;19;101;0.5178571;229;237.4851;27;0
10920;110;27;0.6;0.5;20;101;0.5087719;264;236.9109;27;0
10921;110;27;0.6;0.5;21;102;0.4563492;218;235.7353;27;1
10922;110;27;0.6;0.5;22;101;0.5108225;236;235.8317;27;0
10923;110;27;0.6;0.5;23;103;0.4703557;236;237.2621;27;2
10924;110;27;0.6;0.5;24;101;0.5136187;221;236.1386;27;0
10925;110;27;0.6;0.5;25;101;0.4439462;240;237.5644;27;0
10926;110;27;0.6;0.5;26;101;0.529661;233;237.198;27;0
10927;110;27;0.6;0.5;27;101;0.4980989;241;235.0396;27;0
10928;110;27;0.6;0.5;28;101;0.5062241;263;237.4653;27;0
10929;110;27;0.6;0.5;29;101;0.4700855;246;233.5644;27;0
10930;110;27;0.6;0.5;30;102;0.535865;217;237.1961;27;1
10931;110;27;0.6;0.5;31;101;0.5645161;242;234.6535;27;0
10932;110;27;0.6;0.5;32;101;0.5622318;247;237.6436;27;0
10933;110;27;0.6;0.5;33;101;0.4576271;268;236.8317;27;0
10934;110;27;0.6;0.5;34;101;0.5400844;248;237.3267;27;0
10935;110;27;0.6;0.5;35;102;0.4576271;231;236.7059;27;1
10936;110;27;0.6;0.5;36;101;0.4708333;235;235.901;27;0
10937;110;27;0.6;0.5;37;101;0.4732143;245;239.0198;27;0
10938;110;27;0.6;0.5;38;101;0.5098814;232;238.4752;27;0
10939;110;27;0.6;0.5;39;102;0.4565217;246;236.1275;27;1
10940;110;27;0.6;0.5;40;101;0.4553191;237;236.3069;27;0
10941;110;27;0.6;0.5;41;101;0.4645669;232;235.8515;27;0
10942;110;27;0.6;0.5;42;101;0.4608696;242;235.0198;27;0
10943;110;27;0.6;0.5;43;107;0.5308642;261;237.5234;27;6
10944;110;27;0.6;0.5;44;101;0.4170213;250;237.0297;27;0
10945;110;27;0.6;0.5;45;101;0.4788732;231;237.6832;27;0
10946;110;27;0.6;0.5;46;104;0.5045045;244;237.2115;27;3
10947;110;27;0.6;0.5;47;101;0.4784483;216;236.1386;27;0
10948;110;27;0.6;0.5;48;102;0.5;233;235.6765;27;1
10949;110;27;0.6;0.5;49;101;0.588;224;237.2178;27;0
10950;110;27;0.6;0.5;50;102;0.4801762;244;238.2255;27;1
10951;110;27;0.6;0.5;51;102;0.5107296;244;236.0294;27;1
10952;110;27;0.6;0.5;52;102;0.5310078;220;238.0784;27;1
10953;110;27;0.6;0.5;53;101;0.5477178;235;235.0198;27;0
10954;110;27;0.6;0.5;54;102;0.4210526;229;238.0784;27;1
10955;110;27;0.6;0.5;55;101;0.5606695;247;237.8119;27;0
10956;110;27;0.6;0.5;56;103;0.5560345;245;235.7087;27;2
10957;110;27;0.6;0.5;57;101;0.4917355;228;235.6535;27;0
10958;110;27;0.6;0.5;58;102;0.5555556;220;237.9706;27;1
10959;110;27;0.6;0.5;59;101;0.4756098;230;236.9802;27;0
10960;110;27;0.6;0.5;60;101;0.4958333;238;237.4455;27;0
10961;110;27;0.6;0.5;61;101;0.432;222;237.3861;27;0
10962;110;27;0.6;0.5;62;102;0.5887097;233;238.8333;27;1
10963;110;27;0.6;0.5;63;103;0.4705882;238;236.0874;27;2
10964;110;27;0.6;0.5;64;101;0.5234043;237;235.099;27;0
10965;110;27;0.6;0.5;65;101;0.4622222;222;235.9505;27;0
10966;110;27;0.6;0.5;66;101;0.4710744;245;238.4059;27;0
10967;110;27;0.6;0.5;67;104;0.5644444;234;235.4615;27;3
10968;110;27;0.6;0.5;68;101;0.4719626;266;237.703;27;0
10969;110;27;0.6;0.5;69;101;0.4695652;216;234.3069;27;0
10970;110;27;0.6;0.5;70;102;0.5018727;244;239.098;27;1
10971;110;27;0.6;0.5;71;105;0.4590909;236;236.9524;27;4
10972;110;27;0.6;0.5;72;101;0.6069869;231;236.5941;27;0
10973;110;27;0.6;0.5;73;101;0.5489362;248;236.2871;27;0
10974;110;27;0.6;0.5;74;101;0.4902724;210;237.495;27;0
10975;110;27;0.6;0.5;75;104;0.539823;232;235.8365;27;3
10976;110;27;0.6;0.5;76;102;0.4521739;248;235.3039;27;1
10977;110;27;0.6;0.5;77;105;0.5165289;236;234.1429;27;4
10978;110;27;0.6;0.5;78;104;0.479638;267;236.9712;27;3
10979;110;27;0.6;0.5;79;102;0.4292453;252;236.6176;27;1
10980;110;27;0.6;0.5;80;110;0.5546218;244;236.1909;27;9
10981;110;27;0.6;0.5;81;101;0.5062762;240;236.5941;27;0
10982;110;27;0.6;0.5;82;102;0.446281;251;236.8137;27;1
10983;110;27;0.6;0.5;83;101;0.4899598;238;238.2178;27;0
10984;110;27;0.6;0.5;84;101;0.5111111;241;237.3069;27;0
10985;110;27;0.6;0.5;85;101;0.5057915;224;236.5347;27;0
10986;110;27;0.6;0.5;86;101;0.465812;234;235.9505;27;0
10987;110;27;0.6;0.5;87;101;0.4849785;261;236.5941;27;0
10988;110;27;0.6;0.5;88;101;0.479638;231;234.8812;27;0
10989;110;27;0.6;0.5;89;101;0.5165877;253;234.505;27;0
10990;110;27;0.6;0.5;90;104;0.5112108;243;237.7308;27;3
10991;110;27;0.6;0.5;91;102;0.5253456;253;236.8922;27;1
10992;110;27;0.6;0.5;92;101;0.4467213;240;237.7624;27;0
10993;110;27;0.6;0.5;93;101;0.5100402;236;237.495;27;0
10994;110;27;0.6;0.5;94;103;0.4782609;242;236.6505;27;2
10995;110;27;0.6;0.5;95;101;0.5374449;242;235.901;27;0
10996;110;27;0.6;0.5;96;104;0.4612245;231;237.0385;27;3
10997;110;27;0.6;0.5;97;101;0.4570136;236;236.8713;27;0
10998;110;27;0.6;0.5;98;101;0.5555556;226;235.099;27;0
10999;110;27;0.6;0.5;99;103;0.5135135;214;235.8738;27;2
11000;110;27;0.6;0.5;100;103;0.4784483;242;236.2136;27;2
11001;111;29;0.6;0.5;1;101;0.5387931;253;235.8515;29;0
11002;111;29;0.6;0.5;2;102;0.5177866;217;236.1471;29;1
11003;111;29;0.6;0.5;3;101;0.5531915;229;235.495;29;0
11004;111;29;0.6;0.5;4;101;0.5252525;258;235.6139;29;0
11005;111;29;0.6;0.5;5;102;0.5591837;217;237.4412;29;1
11006;111;29;0.6;0.5;6;102;0.5506073;219;236.9902;29;1
11007;111;29;0.6;0.5;7;101;0.5482625;235;236.1584;29;0
11008;111;29;0.6;0.5;8;103;0.4383562;267;238.0097;29;2
11009;111;29;0.6;0.5;9;102;0.4795082;247;236.902;29;1
11010;111;29;0.6;0.5;10;101;0.4385246;236;236.495;29;0
11011;111;29;0.6;0.5;11;101;0.5223214;223;236.6139;29;0
11012;111;29;0.6;0.5;12;101;0.5132743;251;235.4257;29;0
11013;111;29;0.6;0.5;13;101;0.5919283;260;236.6535;29;0
11014;111;29;0.6;0.5;14;103;0.4444444;240;237.165;29;2
11015;111;29;0.6;0.5;15;102;0.4854772;231;237.0588;29;1
11016;111;29;0.6;0.5;16;102;0.4096386;238;236.4706;29;1
11017;111;29;0.6;0.5;17;101;0.4713115;238;235.9802;29;0
11018;111;29;0.6;0.5;18;101;0.5193798;249;236.495;29;0
11019;111;29;0.6;0.5;19;102;0.5196507;242;237.1863;29;1
11020;111;29;0.6;0.5;20;101;0.4675926;235;235.8317;29;0
11021;111;29;0.6;0.5;21;101;0.5657895;231;237.1188;29;0
11022;111;29;0.6;0.5;22;101;0.5232068;207;235.0198;29;0
11023;111;29;0.6;0.5;23;102;0.5234043;224;238.2745;29;1
11024;111;29;0.6;0.5;24;101;0.526971;257;236.2772;29;0
11025;111;29;0.6;0.5;25;101;0.4361233;240;237.0792;29;0
11026;111;29;0.6;0.5;26;101;0.5432099;262;236.2772;29;0
11027;111;29;0.6;0.5;27;102;0.5022422;255;236.451;29;1
11028;111;29;0.6;0.5;28;103;0.5341365;259;236.9806;29;2
11029;111;29;0.6;0.5;29;101;0.4329004;245;237.2178;29;0
11030;111;29;0.6;0.5;30;101;0.4937238;215;235.4752;29;0
11031;111;29;0.6;0.5;31;102;0.5254237;224;236.2941;29;1
11032;111;29;0.6;0.5;32;101;0.5240175;228;236.3267;29;0
11033;111;29;0.6;0.5;33;102;0.547619;226;238.1176;29;1
11034;111;29;0.6;0.5;34;101;0.4663462;251;236.9802;29;0
11035;111;29;0.6;0.5;35;104;0.5;242;235.2308;29;3
11036;111;29;0.6;0.5;36;101;0.5;246;236.3267;29;0
11037;111;29;0.6;0.5;37;104;0.4386792;245;236.3942;29;3
11038;111;29;0.6;0.5;38;101;0.5;253;235.297;29;0
11039;111;29;0.6;0.5;39;106;0.5854701;258;235.934;29;5
11040;111;29;0.6;0.5;40;101;0.5204918;228;236.9505;29;0
11041;111;29;0.6;0.5;41;101;0.5811966;230;237.0594;29;0
11042;111;29;0.6;0.5;42;101;0.6081633;229;236.0594;29;0
11043;111;29;0.6;0.5;43;101;0.583691;212;236.4851;29;0
11044;111;29;0.6;0.5;44;105;0.4788136;237;237.8;29;4
11045;111;29;0.6;0.5;45;107;0.4978355;243;237.6075;29;6
11046;111;29;0.6;0.5;46;101;0.4954545;256;237.5347;29;0
11047;111;29;0.6;0.5;47;103;0.399061;247;234.9515;29;2
11048;111;29;0.6;0.5;48;101;0.5524194;242;237.9505;29;0
11049;111;29;0.6;0.5;49;101;0.4814815;244;238.703;29;0
11050;111;29;0.6;0.5;50;102;0.5080645;247;236.3137;29;1
11051;111;29;0.6;0.5;51;101;0.5594714;220;235.9109;29;0
11052;111;29;0.6;0.5;52;102;0.5550847;224;236.098;29;1
11053;111;29;0.6;0.5;53;101;0.5481172;232;235.0594;29;0
11054;111;29;0.6;0.5;54;101;0.4875;232;234.8713;29;0
11055;111;29;0.6;0.5;55;101;0.484;221;237.7426;29;0
11056;111;29;0.6;0.5;56;109;0.4833333;228;237.1284;29;8
11057;111;29;0.6;0.5;57;102;0.491453;232;235.8824;29;1
11058;111;29;0.6;0.5;58;101;0.4977974;248;235.8317;29;0
11059;111;29;0.6;0.5;59;101;0.443299;256;235.2673;29;0
11060;111;29;0.6;0.5;60;102;0.4595745;210;234.9118;29;1
11061;111;29;0.6;0.5;61;101;0.452;241;235.7426;29;0
11062;111;29;0.6;0.5;62;102;0.5083333;242;236.8431;29;1
11063;111;29;0.6;0.5;63;104;0.56;244;237.2404;29;3
11064;111;29;0.6;0.5;64;102;0.4484305;251;237.1078;29;1
11065;111;29;0.6;0.5;65;101;0.5609756;214;237.4851;29;0
11066;111;29;0.6;0.5;66;101;0.5219512;251;237.9109;29;0
11067;111;29;0.6;0.5;67;101;0.4700855;246;237.2673;29;0
11068;111;29;0.6;0.5;68;103;0.4457364;221;234.3398;29;2
11069;111;29;0.6;0.5;69;103;0.4496124;248;235.3883;29;2
11070;111;29;0.6;0.5;70;101;0.5585586;250;236.8119;29;0
11071;111;29;0.6;0.5;71;101;0.5403226;238;236.3168;29;0
11072;111;29;0.6;0.5;72;103;0.527897;244;235.4854;29;2
11073;111;29;0.6;0.5;73;101;0.4285714;218;236.7129;29;0
11074;111;29;0.6;0.5;74;101;0.5022026;237;238.7921;29;0
11075;111;29;0.6;0.5;75;101;0.4977974;237;237.6535;29;0
11076;111;29;0.6;0.5;76;101;0.4844961;237;237.604;29;0
11077;111;29;0.6;0.5;77;101;0.53125;240;235.3564;29;0
11078;111;29;0.6;0.5;78;101;0.4690265;234;235.8416;29;0
11079;111;29;0.6;0.5;79;102;0.4728033;226;236.1569;29;1
11080;111;29;0.6;0.5;80;102;0.4863813;250;237.0098;29;1
11081;111;29;0.6;0.5;81;101;0.5341365;231;235.7426;29;0
11082;111;29;0.6;0.5;82;101;0.4830508;252;237.8218;29;0
11083;111;29;0.6;0.5;83;101;0.5;270;234.1683;29;0
11084;111;29;0.6;0.5;84;104;0.5720721;223;237.8173;29;3
11085;111;29;0.6;0.5;85;104;0.4353448;231;234.9519;29;3
11086;111;29;0.6;0.5;86;102;0.4875;245;237.8824;29;1
11087;111;29;0.6;0.5;87;102;0.4831933;232;236.6275;29;1
11088;111;29;0.6;0.5;88;112;0.5527426;217;237.4911;29;11
11089;111;29;0.6;0.5;89;104;0.4369369;245;236.9038;29;3
11090;111;29;0.6;0.5;90;102;0.4932735;247;234.9804;29;1
11091;111;29;0.6;0.5;91;101;0.5333333;232;235.6733;29;0
11092;111;29;0.6;0.5;92;101;0.4435798;226;238.3861;29;0
11093;111;29;0.6;0.5;93;101;0.4545455;240;235.7525;29;0
11094;111;29;0.6;0.5;94;101;0.5811966;232;236.9901;29;0
11095;111;29;0.6;0.5;95;102;0.5493562;230;238.2059;29;1
11096;111;29;0.6;0.5;96;103;0.5189873;218;237.3398;29;2
11097;111;29;0.6;0.5;97;101;0.5;244;237.9802;29;0
11098;111;29;0.6;0.5;98;101;0.5414847;254;236.6634;29;0
11099;111;29;0.6;0.5;99;101;0.3905579;221;237.6139;29;0
11100;111;29;0.6;0.5;100;102;0.4538745;231;236.8137;29;1
11101;112;224;0.6;0.5;1;101;0.4808511;262;236.7525;223.0693;0
11102;112;224;0.6;0.5;2;101;0.5770751;244;236.8317;222.802;0
11103;112;224;0.6;0.5;3;105;0.4434389;230;237.5238;222.9333;4
11104;112;224;0.6;0.5;4;107;0.4938776;257;236.4486;223.0374;6
11105;112;224;0.6;0.5;5;102;0.4938272;230;236.2157;223.098;1
11106;112;224;0.6;0.5;6;102;0.5148936;218;235.6961;222.5784;1
11107;112;224;0.6;0.5;7;103;0.4653846;253;238.0971;223.3398;2
11108;112;224;0.6;0.5;8;101;0.52657;253;236.2871;222.1287;0
11109;112;224;0.6;0.5;9;101;0.4529915;237;235.8713;223;0
11110;112;224;0.6;0.5;10;102;0.5576923;227;236.6471;222.9804;1
11111;112;224;0.6;0.5;11;101;0.509009;232;234.8713;221.6733;0
11112;112;224;0.6;0.5;12;101;0.5677966;251;237.8515;223.0198;0
11113;112;224;0.6;0.5;13;103;0.5525292;250;236.9417;223.0291;2
11114;112;224;0.6;0.5;14;102;0.545098;230;236.7745;222.549;1
11115;112;224;0.6;0.5;15;102;0.4953704;246;237.3529;222.049;1
11116;112;224;0.6;0.5;16;102;0.5043478;221;235.2353;222.2941;1
11117;112;224;0.6;0.5;17;102;0.5263158;255;236.5588;222.7353;1
11118;112;224;0.6;0.5;18;101;0.5877551;250;238.5545;223.2178;0
11119;112;224;0.6;0.5;19;102;0.5060241;221;237.5784;223.1275;1
11120;112;224;0.6;0.5;20;101;0.5403226;255;236.5842;223.3861;0
11121;112;224;0.6;0.5;21;105;0.4553571;240;237.9714;222.5714;4
11122;112;224;0.6;0.5;22;101;0.5267857;232;238;222.1881;0
11123;112;224;0.6;0.5;23;103;0.5251142;256;238.1942;223.2524;2
11124;112;224;0.6;0.5;24;103;0.4861111;239;237.3301;222.7961;2
11125;112;224;0.6;0.5;25;102;0.4765625;226;236.598;223.4216;1
11126;112;224;0.6;0.5;26;103;0.4566929;220;236.6311;222.2913;2
11127;112;224;0.6;0.5;27;101;0.4102564;235;236.4356;223.0693;0
11128;112;224;0.6;0.5;28;101;0.492126;229;237.2673;223.3267;0
11129;112;224;0.6;0.5;29;102;0.5;234;234.8431;222.6176;1
11130;112;224;0.6;0.5;30;102;0.5450644;223;236.8431;223.2941;1
11131;112;224;0.6;0.5;31;101;0.5306122;223;236.3663;223.099;0
11132;112;224;0.6;0.5;32;101;0.4628099;236;237.6634;223.4752;0
11133;112;224;0.6;0.5;33;101;0.5215517;241;237.396;222.9208;0
11134;112;224;0.6;0.5;34;101;0.4163424;217;236.2178;222.7723;0
11135;112;224;0.6;0.5;35;103;0.5569106;262;237.9806;223.0194;2
11136;112;224;0.6;0.5;36;102;0.4913043;240;237.5196;223.0294;1
11137;112;224;0.6;0.5;37;104;0.4805825;251;236.9038;223.2788;3
11138;112;224;0.6;0.5;38;101;0.3927126;244;237.1782;223.2079;0
11139;112;224;0.6;0.5;39;101;0.541502;220;237.2079;223.0099;0
11140;112;224;0.6;0.5;40;103;0.52;239;236.8544;222.9612;2
11141;112;224;0.6;0.5;41;102;0.5063291;232;236.0196;223.0882;1
11142;112;224;0.6;0.5;42;105;0.4773663;241;238.4667;223.0286;4
11143;112;224;0.6;0.5;43;102;0.5510204;230;235.1373;222.5294;1
11144;112;224;0.6;0.5;44;102;0.4761905;260;235.8039;222.2059;1
11145;112;224;0.6;0.5;45;104;0.5690377;235;236.9327;223.0385;3
11146;112;224;0.6;0.5;46;103;0.387931;219;236.2816;222.6699;2
11147;112;224;0.6;0.5;47;101;0.4896266;215;237.0792;222.198;0
11148;112;224;0.6;0.5;48;102;0.4826087;237;236.8824;222.1373;1
11149;112;224;0.6;0.5;49;101;0.5147679;205;237.6139;223.1188;0
11150;112;224;0.6;0.5;50;102;0.4669604;235;235.3824;222.7451;1
11151;112;224;0.6;0.5;51;101;0.479638;270;235.802;222.3069;0
11152;112;224;0.6;0.5;52;102;0.5159817;240;234.3431;221.7353;1
11153;112;224;0.6;0.5;53;101;0.5128205;229;235.4158;222.7822;0
11154;112;224;0.6;0.5;54;101;0.480315;233;236.2277;222.0198;0
11155;112;224;0.6;0.5;55;102;0.4611872;229;237.2059;222.9216;1
11156;112;224;0.6;0.5;56;102;0.453271;258;237.2157;222.8137;1
11157;112;224;0.6;0.5;57;101;0.5219298;264;237.9505;223.1485;0
11158;112;224;0.6;0.5;58;101;0.4425532;220;236.198;221.802;0
11159;112;224;0.6;0.5;59;102;0.4977974;249;237.1078;221.6961;1
11160;112;224;0.6;0.5;60;101;0.5166667;225;237.4752;222.6139;0
11161;112;224;0.6;0.5;61;101;0.487069;238;238.1881;223.0792;0
11162;112;224;0.6;0.5;62;101;0.4608696;225;236.0891;222.7723;0
11163;112;224;0.6;0.5;63;101;0.4957627;244;238.2871;222.6139;0
11164;112;224;0.6;0.5;64;101;0.4895397;220;235.4059;222.5644;0
11165;112;224;0.6;0.5;65;101;0.5875;249;236.3168;222.8614;0
11166;112;224;0.6;0.5;66;102;0.4274809;230;236.5098;223.1373;1
11167;112;224;0.6;0.5;67;112;0.5335968;222;238.4732;222.7411;11
11168;112;224;0.6;0.5;68;102;0.5333333;266;237.7549;222.5294;1
11169;112;224;0.6;0.5;69;108;0.479638;263;238.7222;223.2407;7
11170;112;224;0.6;0.5;70;106;0.4444444;220;236.5566;222.8962;5
11171;112;224;0.6;0.5;71;102;0.555102;237;237.0098;222.6275;1
11172;112;224;0.6;0.5;72;101;0.4977169;228;236.0693;222.5248;0
11173;112;224;0.6;0.5;73;101;0.4893617;256;236.099;222.5941;0
11174;112;224;0.6;0.5;74;101;0.5;222;236.1089;223.2079;0
11175;112;224;0.6;0.5;75;102;0.5252101;221;233.9902;221.7745;1
11176;112;224;0.6;0.5;76;101;0.4435146;242;237.4653;222.495;0
11177;112;224;0.6;0.5;77;101;0.5189873;231;235.6733;222.6139;0
11178;112;224;0.6;0.5;78;101;0.5044248;247;237.198;222.9307;0
11179;112;224;0.6;0.5;79;102;0.4481328;233;236.8922;222.5686;1
11180;112;224;0.6;0.5;80;101;0.4824561;242;235.0099;222.4356;0
11181;112;224;0.6;0.5;81;104;0.5545852;243;237.625;222.7115;3
11182;112;224;0.6;0.5;82;101;0.4834711;239;235.7426;222.9901;0
11183;112;224;0.6;0.5;83;101;0.5338983;237;235.6337;222.8812;0
11184;112;224;0.6;0.5;84;101;0.4857143;236;236.0693;222.7426;0
11185;112;224;0.6;0.5;85;101;0.5176991;249;236.0495;222.7426;0
11186;112;224;0.6;0.5;86;103;0.4345992;231;237.4854;223.2524;2
11187;112;224;0.6;0.5;87;101;0.506383;233;236.2277;223.1485;0
11188;112;224;0.6;0.5;88;103;0.4683544;241;235.8738;223.1165;2
11189;112;224;0.6;0.5;89;103;0.442623;248;234.1553;222.1068;2
11190;112;224;0.6;0.5;90;102;0.6;253;237.2157;222.7745;1
11191;112;224;0.6;0.5;91;102;0.5;234;235.8431;222.7059;1
11192;112;224;0.6;0.5;92;101;0.5;235;238.2277;222.9802;0
11193;112;224;0.6;0.5;93;104;0.4854772;225;236.9519;222.3654;3
11194;112;224;0.6;0.5;94;106;0.5;232;236.4717;222.6226;5
11195;112;224;0.6;0.5;95;101;0.486166;225;237.099;223.3861;0
11196;112;224;0.6;0.5;96;101;0.4469027;248;236.0396;221.8911;0
11197;112;224;0.6;0.5;97;101;0.3813559;230;237.1683;222.4455;0
11198;112;224;0.6;0.5;98;102;0.4479638;242;235.3137;222.1961;1
11199;112;224;0.6;0.5;99;101;0.5042017;213;236.7921;222.9802;0
11200;112;224;0.6;0.5;100;103;0.5136187;212;237.4757;222.9417;2
11201;113;1;0.7;0.5;1;102;0.5;241;236.3137;1;1
11202;113;1;0.7;0.5;2;101;0.4790698;214;236.2376;1;0
11203;113;1;0.7;0.5;3;101;0.529661;221;238.3366;1;0
11204;113;1;0.7;0.5;4;101;0.5336134;231;236.9406;1;0
11205;113;1;0.7;0.5;5;101;0.5122951;226;235.9604;1;0
11206;113;1;0.7;0.5;6;101;0.4317343;217;236.604;1;0
11207;113;1;0.7;0.5;7;101;0.5333333;236;235.9307;1;0
11208;113;1;0.7;0.5;8;101;0.4664032;240;237.2871;1;0
11209;113;1;0.7;0.5;9;103;0.5168067;234;237.1748;1;2
11210;113;1;0.7;0.5;10;101;0.5183673;250;236.0792;1;0
11211;113;1;0.7;0.5;11;105;0.4705882;213;236.5429;1;4
11212;113;1;0.7;0.5;12;103;0.454918;226;236.0874;1;2
11213;113;1;0.7;0.5;13;101;0.4979592;227;235.5446;1;0
11214;113;1;0.7;0.5;14;104;0.453125;235;237.7212;1;3
11215;113;1;0.7;0.5;15;106;0.4950495;240;233.1415;1;5
11216;113;1;0.7;0.5;16;103;0.4487179;234;237.068;1;2
11217;113;1;0.7;0.5;17;102;0.4166667;255;236.6765;1;1
11218;113;1;0.7;0.5;18;102;0.4889868;244;237.7941;1;1
11219;113;1;0.7;0.5;19;102;0.4416667;244;237.5196;1;1
11220;113;1;0.7;0.5;20;101;0.512;253;236.9703;1;0
11221;113;1;0.7;0.5;21;102;0.4876847;237;235.7941;1;1
11222;113;1;0.7;0.5;22;102;0.4552529;249;237.0588;1;1
11223;113;1;0.7;0.5;23;101;0.4752066;207;235.3762;1;0
11224;113;1;0.7;0.5;24;101;0.4418605;233;236.7426;1;0
11225;113;1;0.7;0.5;25;101;0.4516129;244;237.3069;1;0
11226;113;1;0.7;0.5;26;102;0.5720524;243;237.4902;1;1
11227;113;1;0.7;0.5;27;105;0.5726496;234;237.5714;1;4
11228;113;1;0.7;0.5;28;101;0.5411255;236;235.8911;1;0
11229;113;1;0.7;0.5;29;103;0.4522822;247;238.0971;1;2
11230;113;1;0.7;0.5;30;101;0.4859438;244;237.4554;1;0
11231;113;1;0.7;0.5;31;101;0.4824561;206;235.7327;1;0
11232;113;1;0.7;0.5;32;101;0.5215517;216;235.7624;1;0
11233;113;1;0.7;0.5;33;101;0.493617;245;234.5941;1;0
11234;113;1;0.7;0.5;34;102;0.4765957;231;236.2843;1;1
11235;113;1;0.7;0.5;35;108;0.5193133;232;236.4259;1;7
11236;113;1;0.7;0.5;36;107;0.5816733;215;235.486;1;6
11237;113;1;0.7;0.5;37;102;0.4929577;247;237.8039;1;1
11238;113;1;0.7;0.5;38;101;0.5350877;222;235.0396;1;0
11239;113;1;0.7;0.5;39;105;0.4459459;242;237.3524;1;4
11240;113;1;0.7;0.5;40;101;0.4485294;220;235.7723;1;0
11241;113;1;0.7;0.5;41;102;0.4329004;234;237.3529;1;1
11242;113;1;0.7;0.5;42;101;0.4876033;246;237.5941;1;0
11243;113;1;0.7;0.5;43;101;0.4808511;262;238.7327;1;0
11244;113;1;0.7;0.5;44;101;0.5327511;239;236.8515;1;0
11245;113;1;0.7;0.5;45;102;0.4449541;242;238.1765;1;1
11246;113;1;0.7;0.5;46;102;0.5151515;222;235.3431;1;1
11247;113;1;0.7;0.5;47;101;0.573913;237;237.1485;1;0
11248;113;1;0.7;0.5;48;101;0.5289256;229;236.8317;1;0
11249;113;1;0.7;0.5;49;101;0.4609053;221;236.0891;1;0
11250;113;1;0.7;0.5;50;102;0.4782609;233;237.3922;1;1
11251;113;1;0.7;0.5;51;104;0.5066079;261;236.9519;1;3
11252;113;1;0.7;0.5;52;103;0.481982;227;235.7573;1;2
11253;113;1;0.7;0.5;53;102;0.4628821;229;238.1667;1;1
11254;113;1;0.7;0.5;54;102;0.495614;259;235.7549;1;1
11255;113;1;0.7;0.5;55;101;0.5123967;266;238.8515;1;0
11256;113;1;0.7;0.5;56;101;0.477551;228;237.1485;1;0
11257;113;1;0.7;0.5;57;101;0.503876;217;235.8812;1;0
11258;113;1;0.7;0.5;58;106;0.5525292;248;239.5755;1;5
11259;113;1;0.7;0.5;59;101;0.5454545;225;234.7624;1;0
11260;113;1;0.7;0.5;60;102;0.5258621;246;236.8039;1;1
11261;113;1;0.7;0.5;61;101;0.4834711;243;235.2772;1;0
11262;113;1;0.7;0.5;62;102;0.504065;247;238.8529;1;1
11263;113;1;0.7;0.5;63;102;0.437788;220;235.8922;1;1
11264;113;1;0.7;0.5;64;101;0.513834;255;237.4059;1;0
11265;113;1;0.7;0.5;65;101;0.4979592;239;237.1584;1;0
11266;113;1;0.7;0.5;66;102;0.5873786;252;235.549;1;1
11267;113;1;0.7;0.5;67;104;0.468254;244;235.9904;1;3
11268;113;1;0.7;0.5;68;101;0.5485232;249;236.7228;1;0
11269;113;1;0.7;0.5;69;101;0.4347826;231;236.4059;1;0
11270;113;1;0.7;0.5;70;105;0.5407725;239;236.219;1;4
11271;113;1;0.7;0.5;71;101;0.4761905;242;234.3366;1;0
11272;113;1;0.7;0.5;72;101;0.5336134;226;235.5644;1;0
11273;113;1;0.7;0.5;73;101;0.5125;221;236;1;0
11274;113;1;0.7;0.5;74;101;0.5144033;221;236.8812;1;0
11275;113;1;0.7;0.5;75;101;0.5308642;231;234.7129;1;0
11276;113;1;0.7;0.5;76;101;0.5251142;268;238.3762;1;0
11277;113;1;0.7;0.5;77;102;0.457265;248;237.4118;1;1
11278;113;1;0.7;0.5;78;103;0.5550847;223;237.7767;1;2
11279;113;1;0.7;0.5;79;101;0.4751131;258;238.6436;1;0
11280;113;1;0.7;0.5;80;101;0.4708171;206;238.4455;1;0
11281;113;1;0.7;0.5;81;102;0.4485981;241;238.3431;1;1
11282;113;1;0.7;0.5;82;101;0.5144033;233;236.8317;1;0
11283;113;1;0.7;0.5;83;102;0.5407725;241;238.7941;1;1
11284;113;1;0.7;0.5;84;103;0.4661355;235;237.6893;1;2
11285;113;1;0.7;0.5;85;103;0.5254237;245;237.1553;1;2
11286;113;1;0.7;0.5;86;109;0.4978355;229;235.422;1;8
11287;113;1;0.7;0.5;87;103;0.5425101;243;234.9417;1;2
11288;113;1;0.7;0.5;88;104;0.5173913;248;236.2788;1;3
11289;113;1;0.7;0.5;89;101;0.4935622;217;236.7129;1;0
11290;113;1;0.7;0.5;90;101;0.4747899;238;235.8911;1;0
11291;113;1;0.7;0.5;91;102;0.4752852;224;237.2255;1;1
11292;113;1;0.7;0.5;92;101;0.4391304;235;235.8218;1;0
11293;113;1;0.7;0.5;93;106;0.4037559;237;235.066;1;5
11294;113;1;0.7;0.5;94;101;0.4375;228;237.0396;1;0
11295;113;1;0.7;0.5;95;101;0.504386;230;235.3861;1;0
11296;113;1;0.7;0.5;96;101;0.4636364;257;236.505;1;0
11297;113;1;0.7;0.5;97;101;0.4364407;232;235.4356;1;0
11298;113;1;0.7;0.5;98;110;0.4208333;236;235.5545;1;9
11299;113;1;0.7;0.5;99;102;0.4912281;266;237.3627;1;1
11300;113;1;0.7;0.5;100;101;0.4978166;250;238.4158;1;0
11301;114;3;0.7;0.5;1;103;0.4769874;232;237.0194;3;2
11302;114;3;0.7;0.5;2;103;0.5435685;231;236.1068;3;2
11303;114;3;0.7;0.5;3;103;0.4067797;232;235.9417;3;2
11304;114;3;0.7;0.5;4;102;0.5;250;238.9216;3;1
11305;114;3;0.7;0.5;5;101;0.531401;227;236.4356;3;0
11306;114;3;0.7;0.5;6;105;0.4117647;236;236.6571;3;4
11307;114;3;0.7;0.5;7;101;0.4813278;247;236.0594;3;0
11308;114;3;0.7;0.5;8;101;0.4649123;256;237.0792;3;0
11309;114;3;0.7;0.5;9;104;0.5193133;231;237.4808;3;3
11310;114;3;0.7;0.5;10;101;0.5701357;220;236.2277;3;0
11311;114;3;0.7;0.5;11;101;0.5604839;219;234.4851;3;0
11312;114;3;0.7;0.5;12;101;0.4763948;266;237.9406;3;0
11313;114;3;0.7;0.5;13;107;0.4811715;255;236.7103;3;6
11314;114;3;0.7;0.5;14;101;0.5550661;236;238.1881;3;0
11315;114;3;0.7;0.5;15;101;0.4484305;235;236.8515;3;0
11316;114;3;0.7;0.5;16;102;0.4851064;241;237.3137;3;1
11317;114;3;0.7;0.5;17;102;0.5265306;212;237.8235;3;1
11318;114;3;0.7;0.5;18;101;0.3793103;219;236.703;3;0
11319;114;3;0.7;0.5;19;102;0.4472574;241;236.1275;3;1
11320;114;3;0.7;0.5;20;104;0.5907173;229;235.6538;3;3
11321;114;3;0.7;0.5;21;101;0.5222672;233;237.0099;3;0
11322;114;3;0.7;0.5;22;102;0.4327731;229;237.5098;3;1
11323;114;3;0.7;0.5;23;101;0.5;243;234.8317;3;0
11324;114;3;0.7;0.5;24;102;0.5045045;240;235.951;3;1
11325;114;3;0.7;0.5;25;101;0.4876033;239;236.6733;3;0
11326;114;3;0.7;0.5;26;102;0.5374449;280;237.3824;3;1
11327;114;3;0.7;0.5;27;101;0.5579399;220;237.0594;3;0
11328;114;3;0.7;0.5;28;101;0.5537849;274;235.8812;3;0
11329;114;3;0.7;0.5;29;103;0.5324675;223;235.6893;3;2
11330;114;3;0.7;0.5;30;102;0.5022222;238;235.951;3;1
11331;114;3;0.7;0.5;31;101;0.4979757;236;236.7129;3;0
11332;114;3;0.7;0.5;32;101;0.4529148;229;237.2079;3;0
11333;114;3;0.7;0.5;33;103;0.5;224;237.0777;3;2
11334;114;3;0.7;0.5;34;103;0.4449153;248;237.1165;3;2
11335;114;3;0.7;0.5;35;101;0.4501992;239;237.8812;3;0
11336;114;3;0.7;0.5;36;101;0.5390625;227;237.802;3;0
11337;114;3;0.7;0.5;37;101;0.5208333;214;235.198;3;0
11338;114;3;0.7;0.5;38;101;0.5951417;227;236.5842;3;0
11339;114;3;0.7;0.5;39;103;0.4553191;225;238.165;3;2
11340;114;3;0.7;0.5;40;103;0.4661017;267;235.7282;3;2
11341;114;3;0.7;0.5;41;101;0.6196078;228;237.0297;3;0
11342;114;3;0.7;0.5;42;101;0.5204918;219;236.9307;3;0
11343;114;3;0.7;0.5;43;102;0.4857143;233;235.2353;3;1
11344;114;3;0.7;0.5;44;101;0.5696721;260;237.9703;3;0
11345;114;3;0.7;0.5;45;105;0.4415584;245;235.7333;3;4
11346;114;3;0.7;0.5;46;101;0.4552529;205;236.604;3;0
11347;114;3;0.7;0.5;47;102;0.4909091;232;236.0686;3;1
11348;114;3;0.7;0.5;48;103;0.513834;222;237.4078;3;2
11349;114;3;0.7;0.5;49;104;0.4765957;216;236.5;3;3
11350;114;3;0.7;0.5;50;101;0.4725738;250;237.9406;3;0
11351;114;3;0.7;0.5;51;101;0.4956897;222;237;3;0
11352;114;3;0.7;0.5;52;101;0.5065502;255;236.8119;3;0
11353;114;3;0.7;0.5;53;102;0.5236052;250;238.3431;3;1
11354;114;3;0.7;0.5;54;101;0.4840183;253;233.5545;3;0
11355;114;3;0.7;0.5;55;102;0.5630631;244;238.2647;3;1
11356;114;3;0.7;0.5;56;101;0.5242291;248;237.6931;3;0
11357;114;3;0.7;0.5;57;101;0.4935065;234;236.2772;3;0
11358;114;3;0.7;0.5;58;103;0.4130435;226;236.8544;3;2
11359;114;3;0.7;0.5;59;102;0.5481481;228;237.0392;3;1
11360;114;3;0.7;0.5;60;101;0.5495868;246;238.0495;3;0
11361;114;3;0.7;0.5;61;101;0.426087;250;236.6931;3;0
11362;114;3;0.7;0.5;62;108;0.4958678;228;236.8148;3;7
11363;114;3;0.7;0.5;63;101;0.4764151;238;235.5545;3;0
11364;114;3;0.7;0.5;64;105;0.5846774;229;236.8;3;4
11365;114;3;0.7;0.5;65;101;0.5555556;220;236.8218;3;0
11366;114;3;0.7;0.5;66;102;0.5142857;228;237.1078;3;1
11367;114;3;0.7;0.5;67;102;0.44;238;237.1275;3;1
11368;114;3;0.7;0.5;68;103;0.4933921;223;235.4175;3;2
11369;114;3;0.7;0.5;69;102;0.534413;240;236.6373;3;1
11370;114;3;0.7;0.5;70;101;0.460251;244;238.3366;3;0
11371;114;3;0.7;0.5;71;101;0.4570312;214;237.6139;3;0
11372;114;3;0.7;0.5;72;101;0.4618834;269;236.9703;3;0
11373;114;3;0.7;0.5;73;102;0.4954128;222;236.6078;3;1
11374;114;3;0.7;0.5;74;103;0.5180723;220;237.8738;3;2
11375;114;3;0.7;0.5;75;102;0.4494382;197;237.2255;3;1
11376;114;3;0.7;0.5;76;102;0.5595238;246;237.1275;3;1
11377;114;3;0.7;0.5;77;101;0.5248869;258;235.2277;3;0
11378;114;3;0.7;0.5;78;101;0.5632653;223;235.6436;3;0
11379;114;3;0.7;0.5;79;101;0.5;204;237.2673;3;0
11380;114;3;0.7;0.5;80;105;0.4773663;235;237.5048;3;4
11381;114;3;0.7;0.5;81;101;0.4895397;234;236.6436;3;0
11382;114;3;0.7;0.5;82;101;0.54;259;236.9307;3;0
11383;114;3;0.7;0.5;83;108;0.5758929;217;237.0741;3;7
11384;114;3;0.7;0.5;84;101;0.504065;235;237.3465;3;0
11385;114;3;0.7;0.5;85;102;0.5783582;233;236.0882;3;1
11386;114;3;0.7;0.5;86;103;0.4128788;211;237.3883;3;2
11387;114;3;0.7;0.5;87;104;0.5529412;227;237.7885;3;3
11388;114;3;0.7;0.5;88;104;0.5020747;224;235.6635;3;3
11389;114;3;0.7;0.5;89;101;0.4692982;234;238.0396;3;0
11390;114;3;0.7;0.5;90;102;0.5288889;254;237.0784;3;1
11391;114;3;0.7;0.5;91;101;0.4590909;226;234.2673;3;0
11392;114;3;0.7;0.5;92;102;0.4351145;245;236.3137;3;1
11393;114;3;0.7;0.5;93;102;0.5022422;253;237.3922;3;1
11394;114;3;0.7;0.5;94;104;0.5371901;237;235.9519;3;3
11395;114;3;0.7;0.5;95;101;0.4615385;243;238.0693;3;0
11396;114;3;0.7;0.5;96;102;0.5223214;230;236.5784;3;1
11397;114;3;0.7;0.5;97;101;0.5435685;226;234.2574;3;0
11398;114;3;0.7;0.5;98;101;0.5284553;231;236.5149;3;0
11399;114;3;0.7;0.5;99;101;0.5191489;241;236.8218;3;0
11400;114;3;0.7;0.5;100;101;0.4900398;225;235.5149;3;0
11401;115;5;0.7;0.5;1;102;0.5238095;241;238.402;5;1
11402;115;5;0.7;0.5;2;104;0.4463519;240;237.0481;5;3
11403;115;5;0.7;0.5;3;102;0.525;245;237.0196;5;1
11404;115;5;0.7;0.5;4;101;0.5517241;233;237.2475;5;0
11405;115;5;0.7;0.5;5;101;0.4919355;251;237.2772;5;0
11406;115;5;0.7;0.5;6;103;0.4618834;228;237.0874;5;2
11407;115;5;0.7;0.5;7;105;0.4758065;247;236.7143;5;4
11408;115;5;0.7;0.5;8;102;0.4347826;245;236.598;5;1
11409;115;5;0.7;0.5;9;103;0.4241245;254;237.0097;5;2
11410;115;5;0.7;0.5;10;101;0.5095238;239;236.7723;5;0
11411;115;5;0.7;0.5;11;102;0.5203252;225;236.8333;5;1
11412;115;5;0.7;0.5;12;101;0.5507812;235;237.505;5;0
11413;115;5;0.7;0.5;13;103;0.5527426;240;235.6019;5;2
11414;115;5;0.7;0.5;14;104;0.5890411;227;235.6731;5;3
11415;115;5;0.7;0.5;15;102;0.484375;248;236.9412;5;1
11416;115;5;0.7;0.5;16;101;0.5168067;238;236.9703;5;0
11417;115;5;0.7;0.5;17;102;0.5826087;232;237.7647;5;1
11418;115;5;0.7;0.5;18;104;0.493617;229;235.7115;5;3
11419;115;5;0.7;0.5;19;102;0.4314516;255;236.4804;5;1
11420;115;5;0.7;0.5;20;102;0.4636364;238;237.6176;5;1
11421;115;5;0.7;0.5;21;101;0.4741036;246;237.6832;5;0
11422;115;5;0.7;0.5;22;103;0.5411765;230;237.835;5;2
11423;115;5;0.7;0.5;23;103;0.5614754;231;236.5728;5;2
11424;115;5;0.7;0.5;24;102;0.529661;243;236.6275;5;1
11425;115;5;0.7;0.5;25;101;0.5512821;211;236.2475;5;0
11426;115;5;0.7;0.5;26;103;0.4675325;255;236.8544;5;2
11427;115;5;0.7;0.5;27;101;0.528;237;239.9208;5;0
11428;115;5;0.7;0.5;28;102;0.4907407;223;237.3431;5;1
11429;115;5;0.7;0.5;29;102;0.5;258;236.1765;5;1
11430;115;5;0.7;0.5;30;104;0.5708333;226;235.8269;5;3
11431;115;5;0.7;0.5;31;101;0.5153846;240;239.0891;5;0
11432;115;5;0.7;0.5;32;101;0.4309623;257;238.1089;5;0
11433;115;5;0.7;0.5;33;101;0.44;207;235.9703;5;0
11434;115;5;0.7;0.5;34;103;0.4937759;257;236.9417;5;2
11435;115;5;0.7;0.5;35;101;0.536;201;235.2772;5;0
11436;115;5;0.7;0.5;36;103;0.38;239;235.5243;5;2
11437;115;5;0.7;0.5;37;101;0.4852941;248;236.7723;5;0
11438;115;5;0.7;0.5;38;103;0.4892704;253;236.7184;5;2
11439;115;5;0.7;0.5;39;102;0.4979757;229;238.8039;5;1
11440;115;5;0.7;0.5;40;101;0.5696721;231;234.495;5;0
11441;115;5;0.7;0.5;41;101;0.5670996;245;238.7228;5;0
11442;115;5;0.7;0.5;42;103;0.4961832;215;236.4951;5;2
11443;115;5;0.7;0.5;43;102;0.5069124;261;237.6078;5;1
11444;115;5;0.7;0.5;44;105;0.5393258;229;238.6095;5;4
11445;115;5;0.7;0.5;45;101;0.4444444;239;237.297;5;0
11446;115;5;0.7;0.5;46;104;0.5371179;241;235.6346;5;3
11447;115;5;0.7;0.5;47;101;0.5622318;245;236.0396;5;0
11448;115;5;0.7;0.5;48;101;0.4578313;236;236.6238;5;0
11449;115;5;0.7;0.5;49;102;0.4734694;243;237.3235;5;1
11450;115;5;0.7;0.5;50;102;0.5478261;236;236.4216;5;1
11451;115;5;0.7;0.5;51;102;0.5381679;225;237.5;5;1
11452;115;5;0.7;0.5;52;101;0.495614;230;236.3465;5;0
11453;115;5;0.7;0.5;53;103;0.5063291;229;236.6019;5;2
11454;115;5;0.7;0.5;54;103;0.4516129;221;235.7961;5;2
11455;115;5;0.7;0.5;55;101;0.4225941;229;235.6733;5;0
11456;115;5;0.7;0.5;56;106;0.4743083;244;237.6698;5;5
11457;115;5;0.7;0.5;57;101;0.4433962;242;236.6931;5;0
11458;115;5;0.7;0.5;58;103;0.4841629;245;237.1942;5;2
11459;115;5;0.7;0.5;59;101;0.479638;242;236.6832;5;0
11460;115;5;0.7;0.5;60;104;0.5248869;244;237.6538;5;3
11461;115;5;0.7;0.5;61;104;0.4796748;222;235.0865;5;3
11462;115;5;0.7;0.5;62;102;0.5689655;255;235.7451;5;1
11463;115;5;0.7;0.5;63;101;0.4466403;227;237.7723;5;0
11464;115;5;0.7;0.5;64;104;0.5601852;232;236.6538;5;3
11465;115;5;0.7;0.5;65;103;0.5366972;234;236.233;5;2
11466;115;5;0.7;0.5;66;101;0.4599156;242;236.2475;5;0
11467;115;5;0.7;0.5;67;103;0.6090909;244;238.8932;5;2
11468;115;5;0.7;0.5;68;102;0.4705882;218;236.9314;5;1
11469;115;5;0.7;0.5;69;104;0.4501992;220;234.8365;5;3
11470;115;5;0.7;0.5;70;102;0.4471545;215;234.7353;5;1
11471;115;5;0.7;0.5;71;101;0.473251;197;236.6436;5;0
11472;115;5;0.7;0.5;72;101;0.4911504;237;235.9901;5;0
11473;115;5;0.7;0.5;73;103;0.5045872;245;235.9029;5;2
11474;115;5;0.7;0.5;74;101;0.4801762;252;237.5248;5;0
11475;115;5;0.7;0.5;75;104;0.5574468;231;235.5192;5;3
11476;115;5;0.7;0.5;76;101;0.5245902;240;236.0396;5;0
11477;115;5;0.7;0.5;77;102;0.4385246;263;236.5196;5;1
11478;115;5;0.7;0.5;78;101;0.5458333;225;235.1485;5;0
11479;115;5;0.7;0.5;79;102;0.5258964;234;237.2843;5;1
11480;115;5;0.7;0.5;80;101;0.5443548;242;235.3465;5;0
11481;115;5;0.7;0.5;81;103;0.5378486;243;237.0291;5;2
11482;115;5;0.7;0.5;82;103;0.535865;231;237.5437;5;2
11483;115;5;0.7;0.5;83;101;0.5;252;235.0198;5;0
11484;115;5;0.7;0.5;84;102;0.5518672;229;237.0784;5;1
11485;115;5;0.7;0.5;85;101;0.5;236;236.0792;5;0
11486;115;5;0.7;0.5;86;102;0.4915966;225;234.951;5;1
11487;115;5;0.7;0.5;87;101;0.4102564;243;236.495;5;0
11488;115;5;0.7;0.5;88;105;0.5019011;225;237.2;5;4
11489;115;5;0.7;0.5;89;103;0.4978355;243;236.3689;5;2
11490;115;5;0.7;0.5;90;102;0.5127119;254;237.0098;5;1
11491;115;5;0.7;0.5;91;102;0.4625;227;238.098;5;1
11492;115;5;0.7;0.5;92;101;0.5040984;229;238.1188;5;0
11493;115;5;0.7;0.5;93;104;0.5477178;240;236.4519;5;3
11494;115;5;0.7;0.5;94;103;0.4661017;220;237.0388;5;2
11495;115;5;0.7;0.5;95;102;0.4771784;241;234.9804;5;1
11496;115;5;0.7;0.5;96;107;0.508547;255;236.7103;5;6
11497;115;5;0.7;0.5;97;103;0.4837209;238;237.3689;5;2
11498;115;5;0.7;0.5;98;101;0.5063291;233;235.3168;5;0
11499;115;5;0.7;0.5;99;101;0.491453;255;237.2178;5;0
11500;115;5;0.7;0.5;100;102;0.4745763;265;236.0392;5;1
11501;116;7;0.7;0.5;1;101;0.460177;226;237.4257;7;0
11502;116;7;0.7;0.5;2;102;0.4669421;239;236.4804;7;1
11503;116;7;0.7;0.5;3;102;0.477551;220;234.6176;7;1
11504;116;7;0.7;0.5;4;103;0.5493562;230;236.233;7;2
11505;116;7;0.7;0.5;5;101;0.4958678;218;238.5446;7;0
11506;116;7;0.7;0.5;6;102;0.4956897;248;235.9706;7;1
11507;116;7;0.7;0.5;7;103;0.4104803;249;235.7282;7;2
11508;116;7;0.7;0.5;8;101;0.52;231;235.6139;7;0
11509;116;7;0.7;0.5;9;102;0.4129555;216;233.7353;7;1
11510;116;7;0.7;0.5;10;104;0.4977578;259;236.7019;7;3
11511;116;7;0.7;0.5;11;104;0.4594595;242;236.0865;7;3
11512;116;7;0.7;0.5;12;101;0.4444444;231;235.901;7;0
11513;116;7;0.7;0.5;13;105;0.5325203;220;238.219;7;4
11514;116;7;0.7;0.5;14;101;0.5362903;248;236.4752;7;0
11515;116;7;0.7;0.5;15;102;0.4976526;213;238.402;7;1
11516;116;7;0.7;0.5;16;101;0.5381526;221;236.7426;7;0
11517;116;7;0.7;0.5;17;103;0.5169492;248;235.4272;7;2
11518;116;7;0.7;0.5;18;101;0.4458333;242;236.6832;7;0
11519;116;7;0.7;0.5;19;101;0.5588235;228;237.0099;7;0
11520;116;7;0.7;0.5;20;101;0.5350877;243;235.8515;7;0
11521;116;7;0.7;0.5;21;101;0.5485232;227;235.9901;7;0
11522;116;7;0.7;0.5;22;103;0.5855513;224;236.1942;7;2
11523;116;7;0.7;0.5;23;101;0.4955357;250;235.0594;7;0
11524;116;7;0.7;0.5;24;103;0.5955556;240;236.4369;7;2
11525;116;7;0.7;0.5;25;101;0.4834711;223;238.495;7;0
11526;116;7;0.7;0.5;26;101;0.5387755;214;236.4752;7;0
11527;116;7;0.7;0.5;27;104;0.5243902;247;235.5481;7;3
11528;116;7;0.7;0.5;28;102;0.5189873;265;237.6078;7;1
11529;116;7;0.7;0.5;29;101;0.5058366;233;236.0693;7;0
11530;116;7;0.7;0.5;30;101;0.5308057;263;236.0396;7;0
11531;116;7;0.7;0.5;31;102;0.5353982;241;233.8529;7;1
11532;116;7;0.7;0.5;32;102;0.5368852;223;237.098;7;1
11533;116;7;0.7;0.5;33;101;0.581749;252;236.9307;7;0
11534;116;7;0.7;0.5;34;101;0.4941634;249;238.2871;7;0
11535;116;7;0.7;0.5;35;102;0.4618834;243;236.6373;7;1
11536;116;7;0.7;0.5;36;102;0.4156863;238;236.1176;7;1
11537;116;7;0.7;0.5;37;101;0.4936709;241;234.9406;7;0
11538;116;7;0.7;0.5;38;101;0.5443548;241;237.5842;7;0
11539;116;7;0.7;0.5;39;101;0.4377682;231;236.8317;7;0
11540;116;7;0.7;0.5;40;101;0.4675325;211;236.3564;7;0
11541;116;7;0.7;0.5;41;104;0.4342105;236;236.3462;7;3
11542;116;7;0.7;0.5;42;101;0.530303;224;237.0693;7;0
11543;116;7;0.7;0.5;43;102;0.5413223;232;238.4804;7;1
11544;116;7;0.7;0.5;44;101;0.5211268;251;237.1386;7;0
11545;116;7;0.7;0.5;45;104;0.425;217;236.8846;7;3
11546;116;7;0.7;0.5;46;101;0.5442478;277;237.8416;7;0
11547;116;7;0.7;0.5;47;102;0.5491071;226;235.451;7;1
11548;116;7;0.7;0.5;48;102;0.4977778;233;236.9804;7;1
11549;116;7;0.7;0.5;49;103;0.4415094;251;236.6311;7;2
11550;116;7;0.7;0.5;50;102;0.4420601;257;239.5392;7;1
11551;116;7;0.7;0.5;51;103;0.4869565;254;236.5922;7;2
11552;116;7;0.7;0.5;52;106;0.4954128;237;236.3868;7;5
11553;116;7;0.7;0.5;53;105;0.4624506;238;235;7;4
11554;116;7;0.7;0.5;54;101;0.5137255;241;237.5644;7;0
11555;116;7;0.7;0.5;55;101;0.5481172;231;235.5446;7;0
11556;116;7;0.7;0.5;56;104;0.5254902;229;236.3077;7;3
11557;116;7;0.7;0.5;57;103;0.4325397;228;235.8058;7;2
11558;116;7;0.7;0.5;58;101;0.4808511;236;237.7822;7;0
11559;116;7;0.7;0.5;59;102;0.4067797;251;234.4804;7;1
11560;116;7;0.7;0.5;60;103;0.5255814;225;236.2136;7;2
11561;116;7;0.7;0.5;61;103;0.4467213;243;237.5049;7;2
11562;116;7;0.7;0.5;62;101;0.4700855;239;237.4752;7;0
11563;116;7;0.7;0.5;63;104;0.4863636;257;236.7212;7;3
11564;116;7;0.7;0.5;64;101;0.4930233;229;237.1386;7;0
11565;116;7;0.7;0.5;65;101;0.4139535;230;236.0792;7;0
11566;116;7;0.7;0.5;66;111;0.3936652;257;235.6396;7;10
11567;116;7;0.7;0.5;67;102;0.5273438;223;237.3235;7;1
11568;116;7;0.7;0.5;68;102;0.5247148;242;236.0686;7;1
11569;116;7;0.7;0.5;69;101;0.5912698;221;236.2871;7;0
11570;116;7;0.7;0.5;70;104;0.4176707;230;237.5962;7;3
11571;116;7;0.7;0.5;71;101;0.5180723;231;237.2772;7;0
11572;116;7;0.7;0.5;72;102;0.5333333;220;236.3333;7;1
11573;116;7;0.7;0.5;73;103;0.5431034;252;237.1456;7;2
11574;116;7;0.7;0.5;74;101;0.5823293;259;237.0495;7;0
11575;116;7;0.7;0.5;75;103;0.5130435;233;237.5534;7;2
11576;116;7;0.7;0.5;76;101;0.5058366;243;235.0693;7;0
11577;116;7;0.7;0.5;77;101;0.4935065;213;236.0792;7;0
11578;116;7;0.7;0.5;78;101;0.5246637;238;237.396;7;0
11579;116;7;0.7;0.5;79;101;0.5622318;225;235.1089;7;0
11580;116;7;0.7;0.5;80;101;0.5473251;225;234.3465;7;0
11581;116;7;0.7;0.5;81;102;0.4676806;224;237.5588;7;1
11582;116;7;0.7;0.5;82;102;0.4750958;226;236.2451;7;1
11583;116;7;0.7;0.5;83;101;0.5287356;220;236.5248;7;0
11584;116;7;0.7;0.5;84;104;0.4631148;248;239.1635;7;3
11585;116;7;0.7;0.5;85;104;0.4847162;213;235;7;3
11586;116;7;0.7;0.5;86;104;0.4956897;214;238.7019;7;3
11587;116;7;0.7;0.5;87;101;0.4724409;243;236.5446;7;0
11588;116;7;0.7;0.5;88;101;0.4820717;240;236.1287;7;0
11589;116;7;0.7;0.5;89;101;0.5327869;257;237.7624;7;0
11590;116;7;0.7;0.5;90;101;0.5274262;227;236.6931;7;0
11591;116;7;0.7;0.5;91;103;0.5546559;242;236.0971;7;2
11592;116;7;0.7;0.5;92;103;0.5368852;240;236.6796;7;2
11593;116;7;0.7;0.5;93;101;0.5622318;229;236.0693;7;0
11594;116;7;0.7;0.5;94;102;0.5346939;236;238.0686;7;1
11595;116;7;0.7;0.5;95;102;0.5201794;258;237.4706;7;1
11596;116;7;0.7;0.5;96;107;0.5084746;233;234.972;7;6
11597;116;7;0.7;0.5;97;102;0.4535316;211;235.5196;7;1
11598;116;7;0.7;0.5;98;103;0.4666667;220;236.3495;7;2
11599;116;7;0.7;0.5;99;106;0.4508929;229;237.1038;7;5
11600;116;7;0.7;0.5;100;103;0.5211864;218;237.1165;7;2
11601;117;9;0.7;0.5;1;102;0.5043478;233;237.2353;9;1
11602;117;9;0.7;0.5;2;101;0.5416667;277;235.3861;9;0
11603;117;9;0.7;0.5;3;101;0.4867257;240;235.9505;9;0
11604;117;9;0.7;0.5;4;106;0.5;248;237.6509;9;5
11605;117;9;0.7;0.5;5;102;0.4937238;252;237.5784;9;1
11606;117;9;0.7;0.5;6;101;0.5400844;238;235.505;9;0
11607;117;9;0.7;0.5;7;102;0.5560748;246;238.5882;9;1
11608;117;9;0.7;0.5;8;105;0.4516129;244;236.4286;9;4
11609;117;9;0.7;0.5;9;101;0.3873874;261;236.5644;9;0
11610;117;9;0.7;0.5;10;104;0.5306122;218;235.9904;9;3
11611;117;9;0.7;0.5;11;106;0.4761905;204;236.6981;9;5
11612;117;9;0.7;0.5;12;102;0.5862069;255;235.0686;9;1
11613;117;9;0.7;0.5;13;106;0.5096525;240;237.5377;9;5
11614;117;9;0.7;0.5;14;102;0.5703125;225;237.098;9;1
11615;117;9;0.7;0.5;15;101;0.6066946;226;238.0693;9;0
11616;117;9;0.7;0.5;16;101;0.4637097;233;234.8614;9;0
11617;117;9;0.7;0.5;17;101;0.4977376;248;235;9;0
11618;117;9;0.7;0.5;18;101;0.4537037;273;236.2772;9;0
11619;117;9;0.7;0.5;19;104;0.4669604;258;238.8462;9;3
11620;117;9;0.7;0.5;20;101;0.5064935;226;237.5149;9;0
11621;117;9;0.7;0.5;21;106;0.4444444;250;237.566;9;5
11622;117;9;0.7;0.5;22;103;0.5037879;223;237.2621;9;2
11623;117;9;0.7;0.5;23;101;0.5;241;237.6238;9;0
11624;117;9;0.7;0.5;24;101;0.5590551;242;237.5644;9;0
11625;117;9;0.7;0.5;25;101;0.4042553;259;236.2871;9;0
11626;117;9;0.7;0.5;26;105;0.4851064;228;235.0667;9;4
11627;117;9;0.7;0.5;27;105;0.5095057;219;236.5333;9;4
11628;117;9;0.7;0.5;28;102;0.5390947;248;238.3627;9;1
11629;117;9;0.7;0.5;29;101;0.5108225;248;236.5149;9;0
11630;117;9;0.7;0.5;30;101;0.4979253;216;235.2772;9;0
11631;117;9;0.7;0.5;31;101;0.503937;245;237.8911;9;0
11632;117;9;0.7;0.5;32;102;0.3941909;214;235.0294;9;1
11633;117;9;0.7;0.5;33;102;0.554717;229;236.6176;9;1
11634;117;9;0.7;0.5;34;101;0.5230126;238;236.7822;9;0
11635;117;9;0.7;0.5;35;101;0.5;221;235.703;9;0
11636;117;9;0.7;0.5;36;101;0.4887218;233;236.1485;9;0
11637;117;9;0.7;0.5;37;103;0.4937759;247;236.699;9;2
11638;117;9;0.7;0.5;38;104;0.4977974;249;237.0192;9;3
11639;117;9;0.7;0.5;39;101;0.6;243;236.3762;9;0
11640;117;9;0.7;0.5;40;103;0.4789916;245;236.2913;9;2
11641;117;9;0.7;0.5;41;102;0.4780702;238;237.7451;9;1
11642;117;9;0.7;0.5;42;101;0.5315315;215;235.3069;9;0
11643;117;9;0.7;0.5;43;102;0.5514403;232;237.2255;9;1
11644;117;9;0.7;0.5;44;105;0.4464286;255;235.7524;9;4
11645;117;9;0.7;0.5;45;103;0.5095238;250;235.8641;9;2
11646;117;9;0.7;0.5;46;102;0.444;238;237.8824;9;1
11647;117;9;0.7;0.5;47;105;0.5127119;249;237.1143;9;4
11648;117;9;0.7;0.5;48;103;0.4252336;258;238.0388;9;2
11649;117;9;0.7;0.5;49;101;0.4268293;224;236.1782;9;0
11650;117;9;0.7;0.5;50;105;0.4358974;231;236.6571;9;4
11651;117;9;0.7;0.5;51;101;0.4846154;236;236.1485;9;0
11652;117;9;0.7;0.5;52;106;0.5333333;236;237.1509;9;5
11653;117;9;0.7;0.5;53;101;0.4980545;247;237.5941;9;0
11654;117;9;0.7;0.5;54;105;0.4769874;261;238.6476;9;4
11655;117;9;0.7;0.5;55;101;0.540856;227;235.7723;9;0
11656;117;9;0.7;0.5;56;101;0.5803571;235;238.4554;9;0
11657;117;9;0.7;0.5;57;105;0.4978903;241;237.2286;9;4
11658;117;9;0.7;0.5;58;101;0.4960317;227;237.4653;9;0
11659;117;9;0.7;0.5;59;103;0.4939271;242;235.9029;9;2
11660;117;9;0.7;0.5;60;104;0.5078125;240;237.2692;9;3
11661;117;9;0.7;0.5;61;102;0.5409836;231;235.9412;9;1
11662;117;9;0.7;0.5;62;101;0.539749;252;235.2079;9;0
11663;117;9;0.7;0.5;63;103;0.5084746;216;238.0971;9;2
11664;117;9;0.7;0.5;64;104;0.5751073;223;235.8942;9;3
11665;117;9;0.7;0.5;65;101;0.483871;239;235.5644;9;0
11666;117;9;0.7;0.5;66;102;0.5208333;250;236.9804;9;1
11667;117;9;0.7;0.5;67;101;0.4830918;225;238.6238;9;0
11668;117;9;0.7;0.5;68;102;0.4556962;239;235.3824;9;1
11669;117;9;0.7;0.5;69;101;0.4099617;220;238.6634;9;0
11670;117;9;0.7;0.5;70;101;0.4758065;240;236.7525;9;0
11671;117;9;0.7;0.5;71;101;0.5789474;227;236.2574;9;0
11672;117;9;0.7;0.5;72;102;0.4958678;254;237.3824;9;1
11673;117;9;0.7;0.5;73;103;0.4978903;237;238.2913;9;2
11674;117;9;0.7;0.5;74;101;0.5322581;230;237.1287;9;0
11675;117;9;0.7;0.5;75;101;0.4955752;232;236.6238;9;0
11676;117;9;0.7;0.5;76;103;0.5694444;231;237.233;9;2
11677;117;9;0.7;0.5;77;101;0.573991;218;235.505;9;0
11678;117;9;0.7;0.5;78;101;0.5528455;244;237.7129;9;0
11679;117;9;0.7;0.5;79;103;0.456621;226;234.8447;9;2
11680;117;9;0.7;0.5;80;101;0.4402985;251;238.2079;9;0
11681;117;9;0.7;0.5;81;101;0.5;232;236.1485;9;0
11682;117;9;0.7;0.5;82;102;0.4652174;217;236.7647;9;1
11683;117;9;0.7;0.5;83;101;0.4935622;237;237.7921;9;0
11684;117;9;0.7;0.5;84;102;0.5521739;242;236.5882;9;1
11685;117;9;0.7;0.5;85;105;0.4563492;235;234.5238;9;4
11686;117;9;0.7;0.5;86;101;0.5081301;238;235.0891;9;0
11687;117;9;0.7;0.5;87;103;0.4923077;219;238.5631;9;2
11688;117;9;0.7;0.5;88;101;0.438247;215;238.6238;9;0
11689;117;9;0.7;0.5;89;104;0.5662651;250;237.5769;9;3
11690;117;9;0.7;0.5;90;102;0.4907749;229;236.9412;9;1
11691;117;9;0.7;0.5;91;102;0.517094;250;237.0196;9;1
11692;117;9;0.7;0.5;92;103;0.4669421;227;236.5922;9;2
11693;117;9;0.7;0.5;93;102;0.5840336;238;236.5098;9;1
11694;117;9;0.7;0.5;94;102;0.5527426;255;236.9608;9;1
11695;117;9;0.7;0.5;95;101;0.5744681;221;236.0297;9;0
11696;117;9;0.7;0.5;96;104;0.5889831;236;236.5673;9;3
11697;117;9;0.7;0.5;97;101;0.4695652;231;236.3366;9;0
11698;117;9;0.7;0.5;98;101;0.5407725;244;236.5941;9;0
11699;117;9;0.7;0.5;99;101;0.4481132;231;236.6931;9;0
11700;117;9;0.7;0.5;100;101;0.5659574;238;238.495;9;0
11701;118;11;0.7;0.5;1;102;0.5962963;214;234.4902;11;1
11702;118;11;0.7;0.5;2;101;0.5322581;205;235.5347;11;0
11703;118;11;0.7;0.5;3;102;0.5;258;237.4804;11;1
11704;118;11;0.7;0.5;4;101;0.4675325;259;235.8317;11;0
11705;118;11;0.7;0.5;5;101;0.5022624;227;235.7822;11;0
11706;118;11;0.7;0.5;6;101;0.5;220;236.2673;11;0
11707;118;11;0.7;0.5;7;101;0.544186;249;237.9802;11;0
11708;118;11;0.7;0.5;8;102;0.5080645;228;235.8431;11;1
11709;118;11;0.7;0.5;9;101;0.5291667;237;233.3861;11;0
11710;118;11;0.7;0.5;10;101;0.5336323;242;235.0693;11;0
11711;118;11;0.7;0.5;11;104;0.5521739;257;236.3558;11;3
11712;118;11;0.7;0.5;12;101;0.4868421;249;235.5347;11;0
11713;118;11;0.7;0.5;13;104;0.5;259;237.125;11;3
11714;118;11;0.7;0.5;14;101;0.5135135;231;238.2178;11;0
11715;118;11;0.7;0.5;15;106;0.4681818;255;237.0094;11;5
11716;118;11;0.7;0.5;16;101;0.4978723;231;237.1485;11;0
11717;118;11;0.7;0.5;17;103;0.4871795;266;238.6408;11;2
11718;118;11;0.7;0.5;18;101;0.4625;224;237.3762;11;0
11719;118;11;0.7;0.5;19;101;0.4261603;238;238.4752;11;0
11720;118;11;0.7;0.5;20;105;0.4405286;261;236.4;11;4
11721;118;11;0.7;0.5;21;101;0.4212598;253;237.8911;11;0
11722;118;11;0.7;0.5;22;101;0.4723404;221;235.8713;11;0
11723;118;11;0.7;0.5;23;101;0.4959016;227;237.4455;11;0
11724;118;11;0.7;0.5;24;102;0.5;231;236.6961;11;1
11725;118;11;0.7;0.5;25;101;0.5732218;239;238.7624;11;0
11726;118;11;0.7;0.5;26;101;0.5;219;236.4752;11;0
11727;118;11;0.7;0.5;27;103;0.4502165;259;236.4951;11;2
11728;118;11;0.7;0.5;28;101;0.5555556;258;235.8218;11;0
11729;118;11;0.7;0.5;29;103;0.559322;232;236.0874;11;2
11730;118;11;0.7;0.5;30;102;0.443038;223;237.8235;11;1
11731;118;11;0.7;0.5;31;102;0.4830508;259;237.9608;11;1
11732;118;11;0.7;0.5;32;101;0.4899598;216;236.5248;11;0
11733;118;11;0.7;0.5;33;104;0.4325397;250;237.4038;11;3
11734;118;11;0.7;0.5;34;101;0.4537037;233;237.3663;11;0
11735;118;11;0.7;0.5;35;104;0.5301205;219;237.5385;11;3
11736;118;11;0.7;0.5;36;101;0.5;249;238.4554;11;0
11737;118;11;0.7;0.5;37;102;0.5327511;263;237.6765;11;1
11738;118;11;0.7;0.5;38;103;0.6064257;216;235.9223;11;2
11739;118;11;0.7;0.5;39;101;0.4604651;215;235.0396;11;0
11740;118;11;0.7;0.5;40;101;0.4915966;231;235.3861;11;0
11741;118;11;0.7;0.5;41;101;0.4590164;248;235.6931;11;0
11742;118;11;0.7;0.5;42;101;0.4642857;234;233.9802;11;0
11743;118;11;0.7;0.5;43;101;0.5374449;239;238.2277;11;0
11744;118;11;0.7;0.5;44;102;0.538835;264;234.7059;11;1
11745;118;11;0.7;0.5;45;101;0.5217391;194;236.0099;11;0
11746;118;11;0.7;0.5;46;101;0.4459459;232;235.5545;11;0
11747;118;11;0.7;0.5;47;101;0.4937759;239;236.505;11;0
11748;118;11;0.7;0.5;48;102;0.4769874;262;237.5392;11;1
11749;118;11;0.7;0.5;49;101;0.5472441;219;237.1386;11;0
11750;118;11;0.7;0.5;50;102;0.4453782;226;236.2549;11;1
11751;118;11;0.7;0.5;51;105;0.5918367;225;236.1524;11;4
11752;118;11;0.7;0.5;52;102;0.5511811;236;237.402;11;1
11753;118;11;0.7;0.5;53;102;0.5466102;218;233.7451;11;1
11754;118;11;0.7;0.5;54;102;0.5372549;219;235.7157;11;1
11755;118;11;0.7;0.5;55;101;0.5473251;231;236.3861;11;0
11756;118;11;0.7;0.5;56;103;0.4746544;243;234.8252;11;2
11757;118;11;0.7;0.5;57;103;0.55;230;237.7476;11;2
11758;118;11;0.7;0.5;58;101;0.56;221;235.9208;11;0
11759;118;11;0.7;0.5;59;101;0.4605263;219;235.7723;11;0
11760;118;11;0.7;0.5;60;101;0.4957983;229;237.3267;11;0
11761;118;11;0.7;0.5;61;102;0.4622642;249;236.4118;11;1
11762;118;11;0.7;0.5;62;102;0.5487805;218;235.7255;11;1
11763;118;11;0.7;0.5;63;101;0.5284553;237;237.2475;11;0
11764;118;11;0.7;0.5;64;101;0.6079295;248;239.7129;11;0
11765;118;11;0.7;0.5;65;110;0.4669421;227;234.9364;11;9
11766;118;11;0.7;0.5;66;102;0.4917355;241;239.2941;11;1
11767;118;11;0.7;0.5;67;104;0.4727273;246;234.2596;11;3
11768;118;11;0.7;0.5;68;101;0.5182186;240;237.396;11;0
11769;118;11;0.7;0.5;69;103;0.4921875;226;235.5922;11;2
11770;118;11;0.7;0.5;70;101;0.5069124;251;237.7426;11;0
11771;118;11;0.7;0.5;71;101;0.4454148;249;235.297;11;0
11772;118;11;0.7;0.5;72;101;0.5265306;242;235.2871;11;0
11773;118;11;0.7;0.5;73;101;0.529148;249;237.6139;11;0
11774;118;11;0.7;0.5;74;102;0.480916;252;237.5686;11;1
11775;118;11;0.7;0.5;75;101;0.5060241;238;238.9505;11;0
11776;118;11;0.7;0.5;76;102;0.4557522;256;235.7647;11;1
11777;118;11;0.7;0.5;77;102;0.5265306;213;234.6078;11;1
11778;118;11;0.7;0.5;78;101;0.4506438;251;237.2277;11;0
11779;118;11;0.7;0.5;79;105;0.489083;238;237.7048;11;4
11780;118;11;0.7;0.5;80;103;0.4822134;230;236.4466;11;2
11781;118;11;0.7;0.5;81;101;0.5;246;236.6733;11;0
11782;118;11;0.7;0.5;82;102;0.5136364;250;236.8431;11;1
11783;118;11;0.7;0.5;83;101;0.5429688;229;236.6832;11;0
11784;118;11;0.7;0.5;84;101;0.4595745;216;237.0495;11;0
11785;118;11;0.7;0.5;85;104;0.5135135;239;236.7885;11;3
11786;118;11;0.7;0.5;86;102;0.5039683;250;238.5588;11;1
11787;118;11;0.7;0.5;87;102;0.5283843;218;235.8039;11;1
11788;118;11;0.7;0.5;88;102;0.4642857;210;235.8235;11;1
11789;118;11;0.7;0.5;89;101;0.4444444;256;236.5842;11;0
11790;118;11;0.7;0.5;90;108;0.5844156;250;235.1667;11;7
11791;118;11;0.7;0.5;91;101;0.5284553;244;235.6238;11;0
11792;118;11;0.7;0.5;92;106;0.544186;240;236.2925;11;5
11793;118;11;0.7;0.5;93;101;0.473029;240;237.4059;11;0
11794;118;11;0.7;0.5;94;102;0.5497835;243;236.0588;11;1
11795;118;11;0.7;0.5;95;101;0.4741379;260;236.5446;11;0
11796;118;11;0.7;0.5;96;103;0.4864865;243;237.6505;11;2
11797;118;11;0.7;0.5;97;101;0.536036;260;236.3663;11;0
11798;118;11;0.7;0.5;98;103;0.4139344;238;236.3689;11;2
11799;118;11;0.7;0.5;99;102;0.5431034;247;238.1078;11;1
11800;118;11;0.7;0.5;100;101;0.4953271;242;237.505;11;0
11801;119;13;0.7;0.5;1;104;0.4798387;244;236.8173;13;3
11802;119;13;0.7;0.5;2;101;0.4458333;238;238.1782;13;0
11803;119;13;0.7;0.5;3;101;0.5755102;230;238.099;13;0
11804;119;13;0.7;0.5;4;101;0.5258621;227;237.4851;13;0
11805;119;13;0.7;0.5;5;101;0.5849802;223;237.7525;13;0
11806;119;13;0.7;0.5;6;101;0.4521073;222;236.7624;13;0
11807;119;13;0.7;0.5;7;101;0.5789474;238;237.2673;13;0
11808;119;13;0.7;0.5;8;102;0.4862745;224;237.0686;13;1
11809;119;13;0.7;0.5;9;104;0.587156;251;237.3846;13;3
11810;119;13;0.7;0.5;10;105;0.562753;227;237.2381;13;4
11811;119;13;0.7;0.5;11;101;0.5226337;235;237.0594;13;0
11812;119;13;0.7;0.5;12;101;0.4953704;223;236.4455;13;0
11813;119;13;0.7;0.5;13;104;0.5083333;253;236.4519;13;3
11814;119;13;0.7;0.5;14;101;0.5059761;232;236.8218;13;0
11815;119;13;0.7;0.5;15;101;0.5477178;256;236.7525;13;0
11816;119;13;0.7;0.5;16;104;0.4916667;237;237.4231;13;3
11817;119;13;0.7;0.5;17;101;0.4937759;247;237.1089;13;0
11818;119;13;0.7;0.5;18;101;0.4094828;211;235.9208;13;0
11819;119;13;0.7;0.5;19;101;0.5;224;235.5149;13;0
11820;119;13;0.7;0.5;20;101;0.4329004;229;236.3069;13;0
11821;119;13;0.7;0.5;21;106;0.5061728;220;236;13;5
11822;119;13;0.7;0.5;22;105;0.51417;242;238.6762;13;4
11823;119;13;0.7;0.5;23;102;0.5361702;221;235.5;13;1
11824;119;13;0.7;0.5;24;101;0.4934498;251;238.7624;13;0
11825;119;13;0.7;0.5;25;104;0.4771784;236;236.3365;13;3
11826;119;13;0.7;0.5;26;101;0.4208333;242;236.4059;13;0
11827;119;13;0.7;0.5;27;101;0.465587;224;237.1881;13;0
11828;119;13;0.7;0.5;28;103;0.4915254;269;236.699;13;2
11829;119;13;0.7;0.5;29;101;0.465812;240;237.1782;13;0
11830;119;13;0.7;0.5;30;101;0.6392157;204;237.5545;13;0
11831;119;13;0.7;0.5;31;105;0.5062762;226;237.2286;13;4
11832;119;13;0.7;0.5;32;103;0.4493927;235;235.5437;13;2
11833;119;13;0.7;0.5;33;101;0.5225225;242;233.4752;13;0
11834;119;13;0.7;0.5;34;101;0.5313808;244;238.3366;13;0
11835;119;13;0.7;0.5;35;101;0.512605;223;236.1683;13;0
11836;119;13;0.7;0.5;36;101;0.5196507;259;235.7228;13;0
11837;119;13;0.7;0.5;37;101;0.4959016;235;235.8911;13;0
11838;119;13;0.7;0.5;38;101;0.5414847;242;237.4059;13;0
11839;119;13;0.7;0.5;39;111;0.487395;226;237.1532;13;10
11840;119;13;0.7;0.5;40;101;0.5103734;247;236.4554;13;0
11841;119;13;0.7;0.5;41;101;0.4420601;236;237.0396;13;0
11842;119;13;0.7;0.5;42;101;0.5341365;230;237.198;13;0
11843;119;13;0.7;0.5;43;101;0.5060729;220;236.6337;13;0
11844;119;13;0.7;0.5;44;101;0.5875;251;235.7327;13;0
11845;119;13;0.7;0.5;45;101;0.4567901;243;237.3762;13;0
11846;119;13;0.7;0.5;46;103;0.508547;236;235.0777;13;2
11847;119;13;0.7;0.5;47;102;0.5378788;226;236.4216;13;1
11848;119;13;0.7;0.5;48;101;0.4813278;236;237.4059;13;0
11849;119;13;0.7;0.5;49;101;0.4688797;229;235.505;13;0
11850;119;13;0.7;0.5;50;105;0.5175439;247;234.619;13;4
11851;119;13;0.7;0.5;51;101;0.5061224;237;238.1881;13;0
11852;119;13;0.7;0.5;52;101;0.5357143;215;237.0594;13;0
11853;119;13;0.7;0.5;53;104;0.5781991;244;237.0288;13;3
11854;119;13;0.7;0.5;54;101;0.4784314;227;235.0792;13;0
11855;119;13;0.7;0.5;55;103;0.4353448;224;236.4854;13;2
11856;119;13;0.7;0.5;56;101;0.4878049;258;235.7822;13;0
11857;119;13;0.7;0.5;57;102;0.5388128;232;236.1471;13;1
11858;119;13;0.7;0.5;58;101;0.4917355;247;236.6634;13;0
11859;119;13;0.7;0.5;59;102;0.5271318;220;237.598;13;1
11860;119;13;0.7;0.5;60;105;0.4854772;244;236.2381;13;4
11861;119;13;0.7;0.5;61;101;0.4887892;248;235.901;13;0
11862;119;13;0.7;0.5;62;105;0.5614754;247;237.3333;13;4
11863;119;13;0.7;0.5;63;101;0.534413;241;235.7327;13;0
11864;119;13;0.7;0.5;64;101;0.475;236;238.6139;13;0
11865;119;13;0.7;0.5;65;102;0.4855967;230;235.2941;13;1
11866;119;13;0.7;0.5;66;101;0.4593496;241;236.8812;13;0
11867;119;13;0.7;0.5;67;102;0.5420168;226;235.9412;13;1
11868;119;13;0.7;0.5;68;101;0.4351464;208;236.6139;13;0
11869;119;13;0.7;0.5;69;101;0.4285714;245;238.1188;13;0
11870;119;13;0.7;0.5;70;101;0.5236052;273;237.8812;13;0
11871;119;13;0.7;0.5;71;102;0.507109;231;238.7745;13;1
11872;119;13;0.7;0.5;72;101;0.5;237;236.8911;13;0
11873;119;13;0.7;0.5;73;101;0.529148;247;235.901;13;0
11874;119;13;0.7;0.5;74;101;0.5;217;236.4356;13;0
11875;119;13;0.7;0.5;75;101;0.5282258;249;237.5842;13;0
11876;119;13;0.7;0.5;76;103;0.5428571;247;236.7476;13;2
11877;119;13;0.7;0.5;77;101;0.497561;243;237.4752;13;0
11878;119;13;0.7;0.5;78;103;0.4255319;238;236.9223;13;2
11879;119;13;0.7;0.5;79;101;0.511194;230;236.198;13;0
11880;119;13;0.7;0.5;80;101;0.4672131;228;238;13;0
11881;119;13;0.7;0.5;81;104;0.5458515;230;236.2212;13;3
11882;119;13;0.7;0.5;82;101;0.5140187;230;236.6139;13;0
11883;119;13;0.7;0.5;83;101;0.4581498;223;237.099;13;0
11884;119;13;0.7;0.5;84;101;0.5281385;257;235.8812;13;0
11885;119;13;0.7;0.5;85;101;0.5144033;215;236.7525;13;0
11886;119;13;0.7;0.5;86;102;0.5335968;238;237.6765;13;1
11887;119;13;0.7;0.5;87;101;0.4380531;215;236.3366;13;0
11888;119;13;0.7;0.5;88;104;0.4806867;230;235.875;13;3
11889;119;13;0.7;0.5;89;103;0.4059829;242;234.9709;13;2
11890;119;13;0.7;0.5;90;107;0.562212;232;238.2617;13;6
11891;119;13;0.7;0.5;91;106;0.4261603;242;236.0943;13;5
11892;119;13;0.7;0.5;92;103;0.4957627;255;236.4757;13;2
11893;119;13;0.7;0.5;93;101;0.4681818;236;236.9307;13;0
11894;119;13;0.7;0.5;94;101;0.420354;225;237.1287;13;0
11895;119;13;0.7;0.5;95;105;0.4565217;228;238.0667;13;4
11896;119;13;0.7;0.5;96;105;0.4918033;223;235.4571;13;4
11897;119;13;0.7;0.5;97;103;0.5384615;235;236;13;2
11898;119;13;0.7;0.5;98;101;0.5113122;244;235.3861;13;0
11899;119;13;0.7;0.5;99;101;0.4763948;259;237.0198;13;0
11900;119;13;0.7;0.5;100;101;0.5045455;253;237.3069;13;0
11901;120;15;0.7;0.5;1;103;0.5248869;256;235.4757;15;2
11902;120;15;0.7;0.5;2;102;0.5762712;228;237.9902;15;1
11903;120;15;0.7;0.5;3;101;0.5349794;234;238.7129;15;0
11904;120;15;0.7;0.5;4;105;0.4684685;243;236.2381;15;4
11905;120;15;0.7;0.5;5;101;0.496;230;237.2871;15;0
11906;120;15;0.7;0.5;6;104;0.5469388;239;235.0192;15;3
11907;120;15;0.7;0.5;7;102;0.5330396;204;233.8039;15;1
11908;120;15;0.7;0.5;8;101;0.4727273;254;236.297;15;0
11909;120;15;0.7;0.5;9;102;0.4745098;211;235.0196;15;1
11910;120;15;0.7;0.5;10;101;0.4935622;240;236.9109;15;0
11911;120;15;0.7;0.5;11;103;0.537037;231;236.7864;15;2
11912;120;15;0.7;0.5;12;103;0.5868545;272;237.1456;15;2
11913;120;15;0.7;0.5;13;104;0.5732218;226;236.5673;15;3
11914;120;15;0.7;0.5;14;103;0.4489796;225;237.767;15;2
11915;120;15;0.7;0.5;15;102;0.5226337;238;234.6961;15;1
11916;120;15;0.7;0.5;16;102;0.495;244;237.1373;15;1
11917;120;15;0.7;0.5;17;101;0.5454545;246;237.6139;15;0
11918;120;15;0.7;0.5;18;101;0.4773663;222;233.8911;15;0
11919;120;15;0.7;0.5;19;101;0.4980237;232;236.7723;15;0
11920;120;15;0.7;0.5;20;102;0.5525292;207;235.8529;15;1
11921;120;15;0.7;0.5;21;101;0.4958678;236;236.7921;15;0
11922;120;15;0.7;0.5;22;101;0.4936709;229;237.505;15;0
11923;120;15;0.7;0.5;23;104;0.4751131;262;235.7308;15;3
11924;120;15;0.7;0.5;24;101;0.4568966;258;235.6931;15;0
11925;120;15;0.7;0.5;25;101;0.5081301;233;236.2673;15;0
11926;120;15;0.7;0.5;26;102;0.4957627;261;235.6471;15;1
11927;120;15;0.7;0.5;27;101;0.4429224;243;237.1584;15;0
11928;120;15;0.7;0.5;28;101;0.5152838;252;237.6733;15;0
11929;120;15;0.7;0.5;29;101;0.519685;233;238.2574;15;0
11930;120;15;0.7;0.5;30;102;0.5486726;234;237.3039;15;1
11931;120;15;0.7;0.5;31;104;0.5348837;242;235.5;15;3
11932;120;15;0.7;0.5;32;101;0.5635593;240;236.802;15;0
11933;120;15;0.7;0.5;33;101;0.534188;246;236.9307;15;0
11934;120;15;0.7;0.5;34;105;0.5263158;245;236.9238;15;4
11935;120;15;0.7;0.5;35;101;0.4913793;249;236.5644;15;0
11936;120;15;0.7;0.5;36;102;0.4285714;253;236.2451;15;1
11937;120;15;0.7;0.5;37;106;0.5684647;233;237.7925;15;5
11938;120;15;0.7;0.5;38;101;0.5646552;263;236.4356;15;0
11939;120;15;0.7;0.5;39;101;0.4872881;225;237.2376;15;0
11940;120;15;0.7;0.5;40;101;0.5092593;220;236.8911;15;0
11941;120;15;0.7;0.5;41;101;0.443038;229;237.6139;15;0
11942;120;15;0.7;0.5;42;102;0.462963;241;235.7353;15;1
11943;120;15;0.7;0.5;43;101;0.4664032;205;236.6931;15;0
11944;120;15;0.7;0.5;44;101;0.438247;257;237;15;0
11945;120;15;0.7;0.5;45;101;0.473913;210;235.1287;15;0
11946;120;15;0.7;0.5;46;103;0.4170213;216;235.2816;15;2
11947;120;15;0.7;0.5;47;102;0.5443548;230;237.4216;15;1
11948;120;15;0.7;0.5;48;103;0.5;235;236.5631;15;2
11949;120;15;0.7;0.5;49;103;0.4663677;240;235.6699;15;2
11950;120;15;0.7;0.5;50;101;0.4672131;233;236.2178;15;0
11951;120;15;0.7;0.5;51;101;0.4636364;225;237.2079;15;0
11952;120;15;0.7;0.5;52;101;0.5471014;211;238.1485;15;0
11953;120;15;0.7;0.5;53;101;0.4439655;241;236.3465;15;0
11954;120;15;0.7;0.5;54;102;0.5541126;263;236.5882;15;1
11955;120;15;0.7;0.5;55;101;0.5361702;230;234.8119;15;0
11956;120;15;0.7;0.5;56;102;0.5377778;236;236.3137;15;1
11957;120;15;0.7;0.5;57;101;0.4769874;243;236.8614;15;0
11958;120;15;0.7;0.5;58;102;0.4541485;252;235.3922;15;1
11959;120;15;0.7;0.5;59;106;0.4889868;246;237.4434;15;5
11960;120;15;0.7;0.5;60;101;0.5039683;239;236.7228;15;0
11961;120;15;0.7;0.5;61;105;0.4936709;251;235.0095;15;4
11962;120;15;0.7;0.5;62;105;0.4724771;257;238.6381;15;4
11963;120;15;0.7;0.5;63;107;0.5321888;213;235.9346;15;6
11964;120;15;0.7;0.5;64;101;0.491453;265;237.3168;15;0
11965;120;15;0.7;0.5;65;101;0.4319066;231;236.4554;15;0
11966;120;15;0.7;0.5;66;101;0.5135135;241;235.0396;15;0
11967;120;15;0.7;0.5;67;104;0.4415584;242;236.1827;15;3
11968;120;15;0.7;0.5;68;102;0.5720339;242;236.9902;15;1
11969;120;15;0.7;0.5;69;104;0.5204918;221;237.2115;15;3
11970;120;15;0.7;0.5;70;102;0.5122951;243;237.1373;15;1
11971;120;15;0.7;0.5;71;101;0.5252918;234;235.8317;15;0
11972;120;15;0.7;0.5;72;102;0.4852321;232;235.6176;15;1
11973;120;15;0.7;0.5;73;101;0.5110132;231;236.5248;15;0
11974;120;15;0.7;0.5;74;101;0.4556962;220;237.6139;15;0
11975;120;15;0.7;0.5;75;101;0.5045872;243;238.2079;15;0
11976;120;15;0.7;0.5;76;101;0.5324675;227;234.0693;15;0
11977;120;15;0.7;0.5;77;102;0.4628099;233;234.4216;15;1
11978;120;15;0.7;0.5;78;105;0.5679012;248;237.019;15;4
11979;120;15;0.7;0.5;79;103;0.4398148;268;238.9515;15;2
11980;120;15;0.7;0.5;80;102;0.5058366;240;236.3333;15;1
11981;120;15;0.7;0.5;81;101;0.5364807;231;237.9901;15;0
11982;120;15;0.7;0.5;82;102;0.5211864;240;237.4314;15;1
11983;120;15;0.7;0.5;83;101;0.4585153;233;236.7921;15;0
11984;120;15;0.7;0.5;84;105;0.4700855;229;237.3238;15;4
11985;120;15;0.7;0.5;85;104;0.5352697;230;237.1442;15;3
11986;120;15;0.7;0.5;86;102;0.4903475;229;238.5882;15;1
11987;120;15;0.7;0.5;87;105;0.5992063;249;237.3619;15;4
11988;120;15;0.7;0.5;88;104;0.5422222;241;237;15;3
11989;120;15;0.7;0.5;89;101;0.5655431;211;234.7624;15;0
11990;120;15;0.7;0.5;90;101;0.4960317;255;236.9307;15;0
11991;120;15;0.7;0.5;91;106;0.573913;228;235.9245;15;5
11992;120;15;0.7;0.5;92;101;0.516129;223;236.7426;15;0
11993;120;15;0.7;0.5;93;101;0.3927126;211;236.4356;15;0
11994;120;15;0.7;0.5;94;101;0.4683544;239;237.396;15;0
11995;120;15;0.7;0.5;95;103;0.4897119;219;236.5437;15;2
11996;120;15;0.7;0.5;96;101;0.4353448;247;236.8614;15;0
11997;120;15;0.7;0.5;97;102;0.5454545;227;237.0098;15;1
11998;120;15;0.7;0.5;98;101;0.5077519;237;237.0198;15;0
11999;120;15;0.7;0.5;99;101;0.5696721;225;235.5149;15;0
12000;120;15;0.7;0.5;100;102;0.495935;223;238.1373;15;1
12001;121;17;0.7;0.5;1;106;0.4497608;225;236.1509;17;5
12002;121;17;0.7;0.5;2;101;0.4710425;207;237.3564;17;0
12003;121;17;0.7;0.5;3;101;0.529661;232;235.0198;17;0
12004;121;17;0.7;0.5;4;101;0.5416667;275;238.0396;17;0
12005;121;17;0.7;0.5;5;101;0.4258555;243;237.4158;17;0
12006;121;17;0.7;0.5;6;101;0.5286885;256;237.8515;17;0
12007;121;17;0.7;0.5;7;101;0.4910714;232;236.2574;17;0
12008;121;17;0.7;0.5;8;101;0.4661017;217;237.7327;17;0
12009;121;17;0.7;0.5;9;104;0.4902724;227;236.4327;17;3
12010;121;17;0.7;0.5;10;101;0.4771784;251;238.0792;17;0
12011;121;17;0.7;0.5;11;101;0.506383;221;236.1386;17;0
12012;121;17;0.7;0.5;12;102;0.4637681;239;236.6961;17;1
12013;121;17;0.7;0.5;13;101;0.4683544;220;237.8515;17;0
12014;121;17;0.7;0.5;14;101;0.4837545;224;236.4455;17;0
12015;121;17;0.7;0.5;15;101;0.480315;217;236.2277;17;0
12016;121;17;0.7;0.5;16;101;0.4615385;236;235.8317;17;0
12017;121;17;0.7;0.5;17;101;0.448;226;235.8911;17;0
12018;121;17;0.7;0.5;18;105;0.5339367;230;236.1333;17;4
12019;121;17;0.7;0.5;19;105;0.476;217;235.6952;17;4
12020;121;17;0.7;0.5;20;101;0.4906542;253;238.297;17;0
12021;121;17;0.7;0.5;21;102;0.4821429;243;237.7451;17;1
12022;121;17;0.7;0.5;22;102;0.5299539;258;236.9608;17;1
12023;121;17;0.7;0.5;23;104;0.5133929;231;236.1538;17;3
12024;121;17;0.7;0.5;24;101;0.4439834;224;238.4059;17;0
12025;121;17;0.7;0.5;25;101;0.5319149;252;236.2871;17;0
12026;121;17;0.7;0.5;26;102;0.5127119;236;237.3627;17;1
12027;121;17;0.7;0.5;27;102;0.5421687;240;237.9216;17;1
12028;121;17;0.7;0.5;28;101;0.5390947;235;237.7129;17;0
12029;121;17;0.7;0.5;29;103;0.5541126;231;237.4563;17;2
12030;121;17;0.7;0.5;30;101;0.5674603;214;236.3861;17;0
12031;121;17;0.7;0.5;31;102;0.4803493;239;236.2647;17;1
12032;121;17;0.7;0.5;32;101;0.5135135;218;236.8515;17;0
12033;121;17;0.7;0.5;33;103;0.4017857;244;235.4175;17;2
12034;121;17;0.7;0.5;34;101;0.5318182;232;237.9109;17;0
12035;121;17;0.7;0.5;35;103;0.5450644;226;235.7767;17;2
12036;121;17;0.7;0.5;36;101;0.407563;213;233.3663;17;0
12037;121;17;0.7;0.5;37;102;0.4827586;225;238.0784;17;1
12038;121;17;0.7;0.5;38;103;0.5286344;243;237.5437;17;2
12039;121;17;0.7;0.5;39;102;0.5067265;254;237.7157;17;1
12040;121;17;0.7;0.5;40;101;0.4755556;257;237.0495;17;0
12041;121;17;0.7;0.5;41;102;0.5125;248;236.5;17;1
12042;121;17;0.7;0.5;42;101;0.4269231;212;234.6337;17;0
12043;121;17;0.7;0.5;43;101;0.4810127;238;236;17;0
12044;121;17;0.7;0.5;44;101;0.4370079;224;236.1485;17;0
12045;121;17;0.7;0.5;45;102;0.473029;246;236.7157;17;1
12046;121;17;0.7;0.5;46;101;0.4586777;219;236.8812;17;0
12047;121;17;0.7;0.5;47;101;0.4791667;235;234.9307;17;0
12048;121;17;0.7;0.5;48;102;0.4754098;242;235.3235;17;1
12049;121;17;0.7;0.5;49;101;0.5245283;229;235.7624;17;0
12050;121;17;0.7;0.5;50;102;0.5384615;242;236.8333;17;1
12051;121;17;0.7;0.5;51;101;0.5938865;239;236.1683;17;0
12052;121;17;0.7;0.5;52;102;0.6525822;244;236.1275;17;1
12053;121;17;0.7;0.5;53;102;0.4957265;254;236.1765;17;1
12054;121;17;0.7;0.5;54;104;0.4958333;248;235.2212;17;3
12055;121;17;0.7;0.5;55;101;0.4910714;230;237.0693;17;0
12056;121;17;0.7;0.5;56;101;0.5066667;249;238.1683;17;0
12057;121;17;0.7;0.5;57;104;0.5399061;233;236.5;17;3
12058;121;17;0.7;0.5;58;103;0.539749;227;237.1553;17;2
12059;121;17;0.7;0.5;59;101;0.5546559;243;236.7327;17;0
12060;121;17;0.7;0.5;60;102;0.4634146;221;238.0098;17;1
12061;121;17;0.7;0.5;61;101;0.4458874;240;235.9604;17;0
12062;121;17;0.7;0.5;62;107;0.56;233;236.9159;17;6
12063;121;17;0.7;0.5;63;101;0.4256198;249;237.7129;17;0
12064;121;17;0.7;0.5;64;101;0.5147679;252;235.6436;17;0
12065;121;17;0.7;0.5;65;101;0.5306122;228;236.8119;17;0
12066;121;17;0.7;0.5;66;103;0.4817814;232;237.7573;17;2
12067;121;17;0.7;0.5;67;101;0.5291667;224;236.7228;17;0
12068;121;17;0.7;0.5;68;101;0.4814815;234;234.4752;17;0
12069;121;17;0.7;0.5;69;104;0.5123153;236;236.25;17;3
12070;121;17;0.7;0.5;70;104;0.5355649;235;238.9135;17;3
12071;121;17;0.7;0.5;71;101;0.4618474;242;236.9901;17;0
12072;121;17;0.7;0.5;72;101;0.5244444;235;235.7624;17;0
12073;121;17;0.7;0.5;73;104;0.4893617;252;236.6731;17;3
12074;121;17;0.7;0.5;74;101;0.504386;235;236.1881;17;0
12075;121;17;0.7;0.5;75;103;0.472103;229;234.9126;17;2
12076;121;17;0.7;0.5;76;101;0.4859438;241;238.3663;17;0
12077;121;17;0.7;0.5;77;101;0.5208333;241;236.9406;17;0
12078;121;17;0.7;0.5;78;104;0.4836066;252;236.7981;17;3
12079;121;17;0.7;0.5;79;101;0.5232068;235;236.7426;17;0
12080;121;17;0.7;0.5;80;102;0.5330579;225;237.4608;17;1
12081;121;17;0.7;0.5;81;101;0.4449153;248;237.9307;17;0
12082;121;17;0.7;0.5;82;102;0.5388128;232;236.0098;17;1
12083;121;17;0.7;0.5;83;102;0.5275229;240;236.0588;17;1
12084;121;17;0.7;0.5;84;102;0.6299559;219;237.6765;17;1
12085;121;17;0.7;0.5;85;101;0.5;225;237.901;17;0
12086;121;17;0.7;0.5;86;101;0.5061224;233;236.5446;17;0
12087;121;17;0.7;0.5;87;102;0.4912281;248;234.9216;17;1
12088;121;17;0.7;0.5;88;102;0.443038;238;237.098;17;1
12089;121;17;0.7;0.5;89;101;0.4897119;251;237.297;17;0
12090;121;17;0.7;0.5;90;105;0.5043103;254;236.2571;17;4
12091;121;17;0.7;0.5;91;104;0.503937;226;237.9135;17;3
12092;121;17;0.7;0.5;92;104;0.4449339;223;237.6154;17;3
12093;121;17;0.7;0.5;93;106;0.4744186;251;236.1038;17;5
12094;121;17;0.7;0.5;94;104;0.5263158;255;234.7212;17;3
12095;121;17;0.7;0.5;95;103;0.4568966;257;235.2621;17;2
12096;121;17;0.7;0.5;96;101;0.6037736;245;236.8119;17;0
12097;121;17;0.7;0.5;97;101;0.4333333;222;235.7723;17;0
12098;121;17;0.7;0.5;98;105;0.5860465;250;235.5143;17;4
12099;121;17;0.7;0.5;99;102;0.4833333;239;237.8235;17;1
12100;121;17;0.7;0.5;100;101;0.5336134;242;235.0198;17;0
12101;122;19;0.7;0.5;1;101;0.5357143;241;238;19;0
12102;122;19;0.7;0.5;2;101;0.5943396;238;235.505;19;0
12103;122;19;0.7;0.5;3;101;0.4;223;238.3663;19;0
12104;122;19;0.7;0.5;4;101;0.4008621;222;234.6238;19;0
12105;122;19;0.7;0.5;5;104;0.5236052;224;237.2019;19;3
12106;122;19;0.7;0.5;6;101;0.5641026;222;238.4752;19;0
12107;122;19;0.7;0.5;7;101;0.4501992;230;236.495;19;0
12108;122;19;0.7;0.5;8;101;0.5425101;254;236.8812;19;0
12109;122;19;0.7;0.5;9;101;0.4708333;240;238.0792;19;0
12110;122;19;0.7;0.5;10;102;0.4573991;222;235.1275;19;1
12111;122;19;0.7;0.5;11;103;0.5882353;249;235.3107;19;2
12112;122;19;0.7;0.5;12;102;0.4882629;262;236.8039;19;1
12113;122;19;0.7;0.5;13;101;0.4418605;245;236.4257;19;0
12114;122;19;0.7;0.5;14;102;0.4692308;241;237.5;19;1
12115;122;19;0.7;0.5;15;102;0.515873;234;235.7451;19;1
12116;122;19;0.7;0.5;16;101;0.4269231;229;238.1188;19;0
12117;122;19;0.7;0.5;17;103;0.5083333;216;235.4757;19;2
12118;122;19;0.7;0.5;18;101;0.4688797;243;236;19;0
12119;122;19;0.7;0.5;19;109;0.4754098;214;236.8716;19;8
12120;122;19;0.7;0.5;20;101;0.4635193;227;236.7129;19;0
12121;122;19;0.7;0.5;21;102;0.4956897;243;237.4804;19;1
12122;122;19;0.7;0.5;22;101;0.4700461;247;237.2673;19;0
12123;122;19;0.7;0.5;23;101;0.5098039;224;237.8119;19;0
12124;122;19;0.7;0.5;24;104;0.5060241;229;236.9808;19;3
12125;122;19;0.7;0.5;25;102;0.4556962;231;236.5784;19;1
12126;122;19;0.7;0.5;26;102;0.506383;259;237.6863;19;1
12127;122;19;0.7;0.5;27;106;0.4675926;246;236.6321;19;5
12128;122;19;0.7;0.5;28;101;0.4425532;242;237.2376;19;0
12129;122;19;0.7;0.5;29;102;0.5232558;224;237.2549;19;1
12130;122;19;0.7;0.5;30;107;0.5283019;245;236.3458;19;6
12131;122;19;0.7;0.5;31;101;0.4222222;244;237.6535;19;0
12132;122;19;0.7;0.5;32;101;0.4574899;212;236.9307;19;0
12133;122;19;0.7;0.5;33;103;0.4810127;213;235.3883;19;2
12134;122;19;0.7;0.5;34;101;0.527897;232;235.7723;19;0
12135;122;19;0.7;0.5;35;104;0.5;253;237.125;19;3
12136;122;19;0.7;0.5;36;101;0.4458874;219;239.2277;19;0
12137;122;19;0.7;0.5;37;102;0.5737705;229;237.451;19;1
12138;122;19;0.7;0.5;38;101;0.5087719;233;236.0297;19;0
12139;122;19;0.7;0.5;39;101;0.5714286;226;237.0594;19;0
12140;122;19;0.7;0.5;40;101;0.498008;216;237.7426;19;0
12141;122;19;0.7;0.5;41;102;0.5102881;256;236.951;19;1
12142;122;19;0.7;0.5;42;101;0.5168067;264;237.2178;19;0
12143;122;19;0.7;0.5;43;101;0.5186722;260;236.1683;19;0
12144;122;19;0.7;0.5;44;103;0.566787;221;237.534;19;2
12145;122;19;0.7;0.5;45;101;0.5242291;263;238.8416;19;0
12146;122;19;0.7;0.5;46;101;0.4603175;250;239;19;0
12147;122;19;0.7;0.5;47;102;0.5461847;209;236.5392;19;1
12148;122;19;0.7;0.5;48;108;0.4362934;215;237.2407;19;7
12149;122;19;0.7;0.5;49;103;0.443038;224;237.6699;19;2
12150;122;19;0.7;0.5;50;101;0.4903475;212;237.6634;19;0
12151;122;19;0.7;0.5;51;103;0.3933054;219;235.1845;19;2
12152;122;19;0.7;0.5;52;101;0.4297521;226;236.3366;19;0
12153;122;19;0.7;0.5;53;102;0.529661;212;237.6667;19;1
12154;122;19;0.7;0.5;54;101;0.5272727;232;236.8713;19;0
12155;122;19;0.7;0.5;55;111;0.4751131;236;237.2523;19;10
12156;122;19;0.7;0.5;56;101;0.5401786;251;236.5743;19;0
12157;122;19;0.7;0.5;57;103;0.4605809;213;236.1942;19;2
12158;122;19;0.7;0.5;58;101;0.4645669;251;238.0099;19;0
12159;122;19;0.7;0.5;59;102;0.5605381;219;238.0294;19;1
12160;122;19;0.7;0.5;60;102;0.4932735;234;237.1765;19;1
12161;122;19;0.7;0.5;61;103;0.506383;216;235.2136;19;2
12162;122;19;0.7;0.5;62;101;0.5;232;235.0792;19;0
12163;122;19;0.7;0.5;63;101;0.4978355;252;237.3663;19;0
12164;122;19;0.7;0.5;64;101;0.5441176;244;238;19;0
12165;122;19;0.7;0.5;65;103;0.454918;218;236.0874;19;2
12166;122;19;0.7;0.5;66;102;0.4524887;238;238.2941;19;1
12167;122;19;0.7;0.5;67;101;0.5;236;238.0792;19;0
12168;122;19;0.7;0.5;68;101;0.3826087;244;237.1485;19;0
12169;122;19;0.7;0.5;69;102;0.4675926;252;235.2059;19;1
12170;122;19;0.7;0.5;70;102;0.4911504;268;236.4804;19;1
12171;122;19;0.7;0.5;71;101;0.4871795;248;236.198;19;0
12172;122;19;0.7;0.5;72;102;0.5172414;242;237.1765;19;1
12173;122;19;0.7;0.5;73;110;0.4196078;250;235.4182;19;9
12174;122;19;0.7;0.5;74;101;0.4843049;242;236.901;19;0
12175;122;19;0.7;0.5;75;102;0.5429864;237;235.4118;19;1
12176;122;19;0.7;0.5;76;105;0.5507812;229;236.5429;19;4
12177;122;19;0.7;0.5;77;101;0.4562212;232;237.2178;19;0
12178;122;19;0.7;0.5;78;101;0.4915966;217;236.6238;19;0
12179;122;19;0.7;0.5;79;105;0.523622;263;237.5714;19;4
12180;122;19;0.7;0.5;80;101;0.4663462;258;236.3564;19;0
12181;122;19;0.7;0.5;81;103;0.48;238;237.6019;19;2
12182;122;19;0.7;0.5;82;101;0.4449339;208;235.2376;19;0
12183;122;19;0.7;0.5;83;102;0.4979253;255;236.451;19;1
12184;122;19;0.7;0.5;84;101;0.6140351;240;235.8911;19;0
12185;122;19;0.7;0.5;85;101;0.4827586;246;238.703;19;0
12186;122;19;0.7;0.5;86;101;0.445283;216;239.0297;19;0
12187;122;19;0.7;0.5;87;101;0.5732759;258;237.1584;19;0
12188;122;19;0.7;0.5;88;101;0.5283843;226;237.5644;19;0
12189;122;19;0.7;0.5;89;101;0.5733333;246;236.6238;19;0
12190;122;19;0.7;0.5;90;104;0.4792453;218;235.5865;19;3
12191;122;19;0.7;0.5;91;103;0.5113122;246;237.5631;19;2
12192;122;19;0.7;0.5;92;103;0.4430894;219;237.4466;19;2
12193;122;19;0.7;0.5;93;101;0.4979757;226;236.802;19;0
12194;122;19;0.7;0.5;94;102;0.5533597;253;236.9902;19;1
12195;122;19;0.7;0.5;95;101;0.5265306;220;235.3465;19;0
12196;122;19;0.7;0.5;96;102;0.4791667;228;234.549;19;1
12197;122;19;0.7;0.5;97;102;0.5044643;251;237.9314;19;1
12198;122;19;0.7;0.5;98;101;0.4615385;235;236.4455;19;0
12199;122;19;0.7;0.5;99;102;0.495614;233;235.6176;19;1
12200;122;19;0.7;0.5;100;105;0.5414847;222;236.3143;19;4
12201;123;21;0.7;0.5;1;101;0.5152672;216;236.8218;21;0
12202;123;21;0.7;0.5;2;104;0.3922414;237;236.4904;21;3
12203;123;21;0.7;0.5;3;101;0.6192469;243;236.7129;21;0
12204;123;21;0.7;0.5;4;101;0.4761905;251;236.2673;21;0
12205;123;21;0.7;0.5;5;102;0.5502183;266;236.1765;21;1
12206;123;21;0.7;0.5;6;101;0.4715447;228;236.8317;21;0
12207;123;21;0.7;0.5;7;102;0.5098814;230;237.5392;21;1
12208;123;21;0.7;0.5;8;101;0.4072398;250;237.2772;21;0
12209;123;21;0.7;0.5;9;103;0.4393305;235;235.9709;21;2
12210;123;21;0.7;0.5;10;101;0.5443038;219;236.5743;21;0
12211;123;21;0.7;0.5;11;101;0.513834;240;237.4356;21;0
12212;123;21;0.7;0.5;12;103;0.5107296;239;237.8447;21;2
12213;123;21;0.7;0.5;13;105;0.4705882;254;236.8571;21;4
12214;123;21;0.7;0.5;14;101;0.4628099;244;237.8911;21;0
12215;123;21;0.7;0.5;15;104;0.4813278;217;235.125;21;3
12216;123;21;0.7;0.5;16;104;0.4504505;251;236.1635;21;3
12217;123;21;0.7;0.5;17;102;0.5117371;239;236.6569;21;1
12218;123;21;0.7;0.5;18;101;0.5274262;225;236.2376;21;0
12219;123;21;0.7;0.5;19;101;0.4470046;230;236.6436;21;0
12220;123;21;0.7;0.5;20;104;0.5093633;208;238.1538;21;3
12221;123;21;0.7;0.5;21;101;0.537594;243;235.4851;21;0
12222;123;21;0.7;0.5;22;101;0.5502008;234;237.4257;21;0
12223;123;21;0.7;0.5;23;101;0.5439331;239;239.2772;21;0
12224;123;21;0.7;0.5;24;104;0.4957265;223;236.0962;21;3
12225;123;21;0.7;0.5;25;101;0.4326531;214;235.6931;21;0
12226;123;21;0.7;0.5;26;101;0.5168067;235;238.2277;21;0
12227;123;21;0.7;0.5;27;103;0.4934498;235;236.9223;21;2
12228;123;21;0.7;0.5;28;104;0.5226337;223;235.1346;21;3
12229;123;21;0.7;0.5;29;101;0.5041667;223;236.2376;21;0
12230;123;21;0.7;0.5;30;103;0.5066079;223;236;21;2
12231;123;21;0.7;0.5;31;102;0.4788136;228;235.5098;21;1
12232;123;21;0.7;0.5;32;102;0.4316239;249;237.9118;21;1
12233;123;21;0.7;0.5;33;103;0.5422222;254;235.9903;21;2
12234;123;21;0.7;0.5;34;101;0.4444444;232;237.3069;21;0
12235;123;21;0.7;0.5;35;101;0.5067265;215;236.1584;21;0
12236;123;21;0.7;0.5;36;102;0.4722222;241;237.8824;21;1
12237;123;21;0.7;0.5;37;101;0.4916667;236;236.8812;21;0
12238;123;21;0.7;0.5;38;102;0.5691057;243;235.9216;21;1
12239;123;21;0.7;0.5;39;103;0.5023041;249;236.3786;21;2
12240;123;21;0.7;0.5;40;102;0.5357143;235;236.3137;21;1
12241;123;21;0.7;0.5;41;101;0.5067873;246;237.6634;21;0
12242;123;21;0.7;0.5;42;101;0.5221239;245;237.0891;21;0
12243;123;21;0.7;0.5;43;102;0.5022422;227;236.1176;21;1
12244;123;21;0.7;0.5;44;103;0.4705882;210;233.9223;21;2
12245;123;21;0.7;0.5;45;101;0.4690265;237;235.4851;21;0
12246;123;21;0.7;0.5;46;101;0.529661;218;237.4455;21;0
12247;123;21;0.7;0.5;47;102;0.473251;235;236.1667;21;1
12248;123;21;0.7;0.5;48;101;0.5225225;251;235.7525;21;0
12249;123;21;0.7;0.5;49;102;0.5378151;256;236.2941;21;1
12250;123;21;0.7;0.5;50;101;0.5925926;231;235.9109;21;0
12251;123;21;0.7;0.5;51;101;0.5040984;236;237.9505;21;0
12252;123;21;0.7;0.5;52;101;0.4773869;253;237.6535;21;0
12253;123;21;0.7;0.5;53;106;0.5501859;231;237.3585;21;5
12254;123;21;0.7;0.5;54;102;0.4435798;222;235.9314;21;1
12255;123;21;0.7;0.5;55;101;0.5116279;243;237;21;0
12256;123;21;0.7;0.5;56;102;0.5909091;246;235.5392;21;1
12257;123;21;0.7;0.5;57;103;0.5063291;226;235.2233;21;2
12258;123;21;0.7;0.5;58;101;0.4684685;244;237.5545;21;0
12259;123;21;0.7;0.5;59;101;0.5223214;237;236;21;0
12260;123;21;0.7;0.5;60;105;0.4279661;249;238.1714;21;4
12261;123;21;0.7;0.5;61;102;0.5458937;252;236.1667;21;1
12262;123;21;0.7;0.5;62;101;0.4183267;251;237.1287;21;0
12263;123;21;0.7;0.5;63;102;0.521327;215;235.0588;21;1
12264;123;21;0.7;0.5;64;101;0.4804688;220;236.0198;21;0
12265;123;21;0.7;0.5;65;101;0.5107296;251;237.8911;21;0
12266;123;21;0.7;0.5;66;102;0.5;252;235.6078;21;1
12267;123;21;0.7;0.5;67;101;0.5949367;247;238.0297;21;0
12268;123;21;0.7;0.5;68;102;0.5254237;260;235.451;21;1
12269;123;21;0.7;0.5;69;102;0.5100402;237;238.0882;21;1
12270;123;21;0.7;0.5;70;101;0.4618644;225;235.7228;21;0
12271;123;21;0.7;0.5;71;102;0.5466667;250;236.9216;21;1
12272;123;21;0.7;0.5;72;103;0.4763948;243;235.6602;21;2
12273;123;21;0.7;0.5;73;104;0.5024155;240;237.2885;21;3
12274;123;21;0.7;0.5;74;106;0.4977974;239;238.3585;21;5
12275;123;21;0.7;0.5;75;105;0.4248927;231;236.6857;21;4
12276;123;21;0.7;0.5;76;103;0.4596774;224;234.7087;21;2
12277;123;21;0.7;0.5;77;105;0.5192308;254;235.781;21;4
12278;123;21;0.7;0.5;78;101;0.513834;212;237.1287;21;0
12279;123;21;0.7;0.5;79;102;0.5;260;236.6176;21;1
12280;123;21;0.7;0.5;80;101;0.4655172;238;236.9406;21;0
12281;123;21;0.7;0.5;81;102;0.5201794;247;236.9804;21;1
12282;123;21;0.7;0.5;82;104;0.5478261;228;236.9038;21;3
12283;123;21;0.7;0.5;83;102;0.5494071;262;235.8529;21;1
12284;123;21;0.7;0.5;84;101;0.4979592;229;238.7228;21;0
12285;123;21;0.7;0.5;85;102;0.5083333;245;237.2353;21;1
12286;123;21;0.7;0.5;86;101;0.488;235;237.0891;21;0
12287;123;21;0.7;0.5;87;101;0.527897;228;235.4257;21;0
12288;123;21;0.7;0.5;88;107;0.5208333;233;235.1869;21;6
12289;123;21;0.7;0.5;89;104;0.5495495;231;236.4712;21;3
12290;123;21;0.7;0.5;90;103;0.4142259;229;236.2621;21;2
12291;123;21;0.7;0.5;91;105;0.5495868;228;236.7429;21;4
12292;123;21;0.7;0.5;92;101;0.4622222;245;236.1485;21;0
12293;123;21;0.7;0.5;93;102;0.5381356;254;234.902;21;1
12294;123;21;0.7;0.5;94;101;0.4186047;238;235.7525;21;0
12295;123;21;0.7;0.5;95;104;0.5673469;250;237.1442;21;3
12296;123;21;0.7;0.5;96;101;0.5319149;227;238.0495;21;0
12297;123;21;0.7;0.5;97;103;0.5084034;232;235.165;21;2
12298;123;21;0.7;0.5;98;101;0.5111111;245;234.8218;21;0
12299;123;21;0.7;0.5;99;101;0.5662651;219;237.495;21;0
12300;123;21;0.7;0.5;100;103;0.5462185;219;237.9029;21;2
12301;124;23;0.7;0.5;1;101;0.4933333;242;237.2673;23;0
12302;124;23;0.7;0.5;2;108;0.5245902;245;237.0093;23;7
12303;124;23;0.7;0.5;3;101;0.4698795;246;238.2574;23;0
12304;124;23;0.7;0.5;4;101;0.4595745;212;237.1287;23;0
12305;124;23;0.7;0.5;5;101;0.5206612;214;234.5347;23;0
12306;124;23;0.7;0.5;6;101;0.4895397;245;236.2178;23;0
12307;124;23;0.7;0.5;7;101;0.5401786;253;236.5644;23;0
12308;124;23;0.7;0.5;8;102;0.4810127;212;237.0098;23;1
12309;124;23;0.7;0.5;9;101;0.4511628;249;235.2079;23;0
12310;124;23;0.7;0.5;10;101;0.4912281;254;238;23;0
12311;124;23;0.7;0.5;11;101;0.52;212;236.5743;23;0
12312;124;23;0.7;0.5;12;102;0.5067265;223;233.7941;23;1
12313;124;23;0.7;0.5;13;102;0.4652174;213;235.4216;23;1
12314;124;23;0.7;0.5;14;101;0.5465587;217;236.7822;23;0
12315;124;23;0.7;0.5;15;106;0.4979757;233;235.8113;23;5
12316;124;23;0.7;0.5;16;101;0.4773663;246;235.5149;23;0
12317;124;23;0.7;0.5;17;102;0.493617;211;239.0294;23;1
12318;124;23;0.7;0.5;18;101;0.5076923;239;237.1782;23;0
12319;124;23;0.7;0.5;19;103;0.5627706;229;237.5728;23;2
12320;124;23;0.7;0.5;20;101;0.4088889;257;238.4455;23;0
12321;124;23;0.7;0.5;21;105;0.416309;237;237.0762;23;4
12322;124;23;0.7;0.5;22;101;0.5306122;253;238.4554;23;0
12323;124;23;0.7;0.5;23;102;0.5243902;232;236.5588;23;1
12324;124;23;0.7;0.5;24;101;0.508;247;237.9307;23;0
12325;124;23;0.7;0.5;25;103;0.4489796;258;237.0777;23;2
12326;124;23;0.7;0.5;26;102;0.5043478;235;236.1275;23;1
12327;124;23;0.7;0.5;27;101;0.5228216;253;236.9802;23;0
12328;124;23;0.7;0.5;28;101;0.4462151;223;237.7921;23;0
12329;124;23;0.7;0.5;29;101;0.5409836;241;237.1782;23;0
12330;124;23;0.7;0.5;30;101;0.4349593;247;235.7426;23;0
12331;124;23;0.7;0.5;31;101;0.4923664;234;237.0099;23;0
12332;124;23;0.7;0.5;32;102;0.4529915;230;235.3922;23;1
12333;124;23;0.7;0.5;33;105;0.4637681;244;234.9333;23;4
12334;124;23;0.7;0.5;34;102;0.4342105;246;236.6471;23;1
12335;124;23;0.7;0.5;35;101;0.5512195;240;237.3762;23;0
12336;124;23;0.7;0.5;36;101;0.4897119;232;235.1089;23;0
12337;124;23;0.7;0.5;37;103;0.5909091;220;235.9903;23;2
12338;124;23;0.7;0.5;38;101;0.4816327;242;234.2277;23;0
12339;124;23;0.7;0.5;39;101;0.5102881;251;237.2178;23;0
12340;124;23;0.7;0.5;40;102;0.3838863;239;235.5686;23;1
12341;124;23;0.7;0.5;41;103;0.4769231;230;236.8252;23;2
12342;124;23;0.7;0.5;42;101;0.4935065;253;235.5545;23;0
12343;124;23;0.7;0.5;43;103;0.4568966;240;237.9126;23;2
12344;124;23;0.7;0.5;44;102;0.4692982;252;236.6569;23;1
12345;124;23;0.7;0.5;45;101;0.515625;236;236.6535;23;0
12346;124;23;0.7;0.5;46;101;0.4843049;227;236.4356;23;0
12347;124;23;0.7;0.5;47;101;0.5231481;228;236.0693;23;0
12348;124;23;0.7;0.5;48;103;0.5041667;247;236.3398;23;2
12349;124;23;0.7;0.5;49;101;0.454902;220;237.9901;23;0
12350;124;23;0.7;0.5;50;103;0.5560345;243;237.5049;23;2
12351;124;23;0.7;0.5;51;103;0.4789916;252;237.4563;23;2
12352;124;23;0.7;0.5;52;102;0.5299145;230;237.5392;23;1
12353;124;23;0.7;0.5;53;101;0.4421488;224;238.7228;23;0
12354;124;23;0.7;0.5;54;101;0.5063291;230;237.3366;23;0
12355;124;23;0.7;0.5;55;105;0.4181818;232;236.3619;23;4
12356;124;23;0.7;0.5;56;102;0.477551;247;238.2451;23;1
12357;124;23;0.7;0.5;57;101;0.5020408;252;236.5644;23;0
12358;124;23;0.7;0.5;58;102;0.5428571;234;235.8922;23;1
12359;124;23;0.7;0.5;59;101;0.5059761;244;236.9307;23;0
12360;124;23;0.7;0.5;60;101;0.5020747;216;236.1881;23;0
12361;124;23;0.7;0.5;61;102;0.4979253;238;235.7451;23;1
12362;124;23;0.7;0.5;62;102;0.5400844;256;238.2059;23;1
12363;124;23;0.7;0.5;63;102;0.5406504;225;235.7157;23;1
12364;124;23;0.7;0.5;64;107;0.529661;227;234.5794;23;6
12365;124;23;0.7;0.5;65;104;0.5098039;223;236.7404;23;3
12366;124;23;0.7;0.5;66;102;0.5414847;217;235.7059;23;1
12367;124;23;0.7;0.5;67;102;0.5163934;241;235.8725;23;1
12368;124;23;0.7;0.5;68;102;0.5282258;227;239.6373;23;1
12369;124;23;0.7;0.5;69;101;0.5288889;254;236.4851;23;0
12370;124;23;0.7;0.5;70;102;0.531401;242;237.3725;23;1
12371;124;23;0.7;0.5;71;101;0.5168067;241;238.0297;23;0
12372;124;23;0.7;0.5;72;101;0.4793388;230;235.9703;23;0
12373;124;23;0.7;0.5;73;102;0.5461255;209;236.451;23;1
12374;124;23;0.7;0.5;74;101;0.5087719;256;234.505;23;0
12375;124;23;0.7;0.5;75;101;0.4830508;215;235.505;23;0
12376;124;23;0.7;0.5;76;103;0.4019139;242;237.6311;23;2
12377;124;23;0.7;0.5;77;101;0.4485597;253;237.8119;23;0
12378;124;23;0.7;0.5;78;104;0.5487805;221;235.8462;23;3
12379;124;23;0.7;0.5;79;102;0.464135;259;234.1176;23;1
12380;124;23;0.7;0.5;80;101;0.4273859;233;235.802;23;0
12381;124;23;0.7;0.5;81;102;0.5294118;222;237.1863;23;1
12382;124;23;0.7;0.5;82;101;0.5146444;241;236.2376;23;0
12383;124;23;0.7;0.5;83;101;0.4915966;240;237.4356;23;0
12384;124;23;0.7;0.5;84;102;0.5403226;228;237.7353;23;1
12385;124;23;0.7;0.5;85;101;0.4834123;240;237.5347;23;0
12386;124;23;0.7;0.5;86;101;0.6063348;252;237.4455;23;0
12387;124;23;0.7;0.5;87;103;0.4342105;238;236.3495;23;2
12388;124;23;0.7;0.5;88;101;0.5263158;252;237.1881;23;0
12389;124;23;0.7;0.5;89;104;0.545082;215;236.5577;23;3
12390;124;23;0.7;0.5;90;101;0.5339367;246;235.9604;23;0
12391;124;23;0.7;0.5;91;101;0.5764192;256;238.0198;23;0
12392;124;23;0.7;0.5;92;101;0.5021645;241;234.6337;23;0
12393;124;23;0.7;0.5;93;101;0.4820717;230;235.9703;23;0
12394;124;23;0.7;0.5;94;103;0.4507042;234;235.4466;23;2
12395;124;23;0.7;0.5;95;101;0.4672131;232;238.3267;23;0
12396;124;23;0.7;0.5;96;102;0.5654008;238;237.0686;23;1
12397;124;23;0.7;0.5;97;101;0.4860558;224;235.1188;23;0
12398;124;23;0.7;0.5;98;102;0.5147679;226;234.8333;23;1
12399;124;23;0.7;0.5;99;102;0.5575221;236;236.5686;23;1
12400;124;23;0.7;0.5;100;101;0.510917;207;235.0297;23;0
12401;125;25;0.7;0.5;1;101;0.4845815;231;235.297;25;0
12402;125;25;0.7;0.5;2;102;0.5176471;217;235.9902;25;1
12403;125;25;0.7;0.5;3;101;0.4072398;252;236.5248;25;0
12404;125;25;0.7;0.5;4;101;0.5;212;236.5347;25;0
12405;125;25;0.7;0.5;5;101;0.491453;233;237.2673;25;0
12406;125;25;0.7;0.5;6;102;0.5076336;232;238.2647;25;1
12407;125;25;0.7;0.5;7;102;0.4960317;221;238.1863;25;1
12408;125;25;0.7;0.5;8;101;0.450495;260;238.1287;25;0
12409;125;25;0.7;0.5;9;101;0.4978541;242;236.6238;25;0
12410;125;25;0.7;0.5;10;102;0.4677419;232;235.451;25;1
12411;125;25;0.7;0.5;11;101;0.5125;210;236.5446;25;0
12412;125;25;0.7;0.5;12;105;0.5154185;233;235.6952;25;4
12413;125;25;0.7;0.5;13;106;0.4859438;227;238.3491;25;5
12414;125;25;0.7;0.5;14;103;0.490991;233;237.4369;25;2
12415;125;25;0.7;0.5;15;103;0.4674797;262;236.9903;25;2
12416;125;25;0.7;0.5;16;103;0.4692308;213;234.932;25;2
12417;125;25;0.7;0.5;17;103;0.4934498;233;235.7184;25;2
12418;125;25;0.7;0.5;18;102;0.5193133;237;234.5686;25;1
12419;125;25;0.7;0.5;19;102;0.5176991;254;237.2745;25;1
12420;125;25;0.7;0.5;20;101;0.5307018;253;235.7426;25;0
12421;125;25;0.7;0.5;21;107;0.4886878;222;235.3551;25;6
12422;125;25;0.7;0.5;22;103;0.522449;224;236.1456;25;2
12423;125;25;0.7;0.5;23;102;0.5155556;254;235.3039;25;1
12424;125;25;0.7;0.5;24;101;0.4741784;285;236.4059;25;0
12425;125;25;0.7;0.5;25;104;0.4444444;242;236.1923;25;3
12426;125;25;0.7;0.5;26;102;0.4615385;236;235.6765;25;1
12427;125;25;0.7;0.5;27;101;0.5823293;234;236.495;25;0
12428;125;25;0.7;0.5;28;101;0.5810811;225;234.7624;25;0
12429;125;25;0.7;0.5;29;101;0.5520362;261;236.2574;25;0
12430;125;25;0.7;0.5;30;101;0.6121495;218;237.5644;25;0
12431;125;25;0.7;0.5;31;101;0.4308943;237;236.7921;25;0
12432;125;25;0.7;0.5;32;101;0.4776786;237;234.9406;25;0
12433;125;25;0.7;0.5;33;102;0.56917;246;235.2941;25;1
12434;125;25;0.7;0.5;34;102;0.4708333;240;237.5784;25;1
12435;125;25;0.7;0.5;35;102;0.4388186;241;235.9804;25;1
12436;125;25;0.7;0.5;36;102;0.612069;282;238.8235;25;1
12437;125;25;0.7;0.5;37;102;0.5433962;204;234.6765;25;1
12438;125;25;0.7;0.5;38;103;0.4889868;207;236.4951;25;2
12439;125;25;0.7;0.5;39;103;0.5707763;230;237.165;25;2
12440;125;25;0.7;0.5;40;101;0.3745174;220;236.1188;25;0
12441;125;25;0.7;0.5;41;104;0.4713115;231;236.7212;25;3
12442;125;25;0.7;0.5;42;101;0.5215517;237;236.7129;25;0
12443;125;25;0.7;0.5;43;101;0.4710744;219;236.4059;25;0
12444;125;25;0.7;0.5;44;101;0.5271967;233;236.703;25;0
12445;125;25;0.7;0.5;45;102;0.440367;224;237.1667;25;1
12446;125;25;0.7;0.5;46;101;0.5327103;263;239.4554;25;0
12447;125;25;0.7;0.5;47;101;0.516129;274;236.495;25;0
12448;125;25;0.7;0.5;48;101;0.5648855;236;236.7426;25;0
12449;125;25;0.7;0.5;49;101;0.4824561;241;236.5347;25;0
12450;125;25;0.7;0.5;50;101;0.5020576;240;238.4356;25;0
12451;125;25;0.7;0.5;51;105;0.4409449;232;238.4476;25;4
12452;125;25;0.7;0.5;52;101;0.4510638;253;236.8119;25;0
12453;125;25;0.7;0.5;53;101;0.4754098;232;238.2673;25;0
12454;125;25;0.7;0.5;54;101;0.4537037;256;237.6337;25;0
12455;125;25;0.7;0.5;55;101;0.4414414;255;234.198;25;0
12456;125;25;0.7;0.5;56;101;0.4837398;259;237.495;25;0
12457;125;25;0.7;0.5;57;101;0.5450644;251;236.5446;25;0
12458;125;25;0.7;0.5;58;101;0.4976959;241;236.3663;25;0
12459;125;25;0.7;0.5;59;110;0.4867257;249;236.3909;25;9
12460;125;25;0.7;0.5;60;101;0.4683544;229;235.0198;25;0
12461;125;25;0.7;0.5;61;102;0.5286885;230;236.1373;25;1
12462;125;25;0.7;0.5;62;104;0.5914894;238;236.5;25;3
12463;125;25;0.7;0.5;63;101;0.4296578;236;237.0495;25;0
12464;125;25;0.7;0.5;64;102;0.4957627;230;237.098;25;1
12465;125;25;0.7;0.5;65;101;0.5064378;244;237.3663;25;0
12466;125;25;0.7;0.5;66;102;0.48;232;239.549;25;1
12467;125;25;0.7;0.5;67;102;0.5371901;226;236.951;25;1
12468;125;25;0.7;0.5;68;102;0.5545455;251;235.9902;25;1
12469;125;25;0.7;0.5;69;102;0.4932127;225;236.4412;25;1
12470;125;25;0.7;0.5;70;106;0.5333333;228;235.9151;25;5
12471;125;25;0.7;0.5;71;101;0.4225941;233;235.9901;25;0
12472;125;25;0.7;0.5;72;102;0.478673;262;235.049;25;1
12473;125;25;0.7;0.5;73;102;0.516;223;235.5392;25;1
12474;125;25;0.7;0.5;74;107;0.5780591;237;236.9346;25;6
12475;125;25;0.7;0.5;75;102;0.519084;234;237.549;25;1
12476;125;25;0.7;0.5;76;101;0.5041322;242;237.7327;25;0
12477;125;25;0.7;0.5;77;101;0.5469388;244;239.3564;25;0
12478;125;25;0.7;0.5;78;101;0.4545455;218;235.1188;25;0
12479;125;25;0.7;0.5;79;101;0.4338843;269;238;25;0
12480;125;25;0.7;0.5;80;103;0.58159;240;236.6311;25;2
12481;125;25;0.7;0.5;81;101;0.5137615;254;237.6238;25;0
12482;125;25;0.7;0.5;82;104;0.5506608;241;235.1442;25;3
12483;125;25;0.7;0.5;83;101;0.5661157;219;236.198;25;0
12484;125;25;0.7;0.5;84;103;0.4758065;206;235.7379;25;2
12485;125;25;0.7;0.5;85;105;0.4936709;239;236.7714;25;4
12486;125;25;0.7;0.5;86;102;0.4774436;223;236.1667;25;1
12487;125;25;0.7;0.5;87;101;0.512931;237;237.396;25;0
12488;125;25;0.7;0.5;88;102;0.4061135;268;237.1176;25;1
12489;125;25;0.7;0.5;89;101;0.4778761;244;235.7426;25;0
12490;125;25;0.7;0.5;90;102;0.5023923;243;235.6176;25;1
12491;125;25;0.7;0.5;91;104;0.5271318;227;236.9712;25;3
12492;125;25;0.7;0.5;92;106;0.5045045;221;236.3585;25;5
12493;125;25;0.7;0.5;93;106;0.47343;249;235.7358;25;5
12494;125;25;0.7;0.5;94;101;0.5242718;263;238.8218;25;0
12495;125;25;0.7;0.5;95;101;0.543379;246;234.1584;25;0
12496;125;25;0.7;0.5;96;108;0.4385246;237;235.8981;25;7
12497;125;25;0.7;0.5;97;102;0.4285714;208;235.4314;25;1
12498;125;25;0.7;0.5;98;103;0.4612546;215;236.7864;25;2
12499;125;25;0.7;0.5;99;101;0.5128205;234;236.2772;25;0
12500;125;25;0.7;0.5;100;101;0.5022422;244;235.7426;25;0
12501;126;27;0.7;0.5;1;102;0.5148936;245;236.8333;27;1
12502;126;27;0.7;0.5;2;101;0.4736842;235;237.5545;27;0
12503;126;27;0.7;0.5;3;102;0.526971;235;238.902;27;1
12504;126;27;0.7;0.5;4;101;0.473251;219;239.1683;27;0
12505;126;27;0.7;0.5;5;101;0.5432099;233;237.2178;27;0
12506;126;27;0.7;0.5;6;102;0.5744681;227;236.2451;27;1
12507;126;27;0.7;0.5;7;101;0.4824561;244;235.2079;27;0
12508;126;27;0.7;0.5;8;101;0.4874372;247;235.1386;27;0
12509;126;27;0.7;0.5;9;113;0.4351145;212;238.3009;27;12
12510;126;27;0.7;0.5;10;101;0.4678112;226;237.2376;27;0
12511;126;27;0.7;0.5;11;101;0.4144144;207;234.7327;27;0
12512;126;27;0.7;0.5;12;102;0.5851528;242;236.6176;27;1
12513;126;27;0.7;0.5;13;101;0.5431034;247;237.0495;27;0
12514;126;27;0.7;0.5;14;101;0.5123967;203;237.5644;27;0
12515;126;27;0.7;0.5;15;101;0.5021834;225;233.9406;27;0
12516;126;27;0.7;0.5;16;101;0.5258621;245;235.0792;27;0
12517;126;27;0.7;0.5;17;102;0.509009;258;234.7255;27;1
12518;126;27;0.7;0.5;18;101;0.5852713;215;236.5842;27;0
12519;126;27;0.7;0.5;19;101;0.5416667;223;236.3465;27;0
12520;126;27;0.7;0.5;20;101;0.4747899;233;237.297;27;0
12521;126;27;0.7;0.5;21;103;0.5396226;218;236.7476;27;2
12522;126;27;0.7;0.5;22;103;0.4868421;244;237.4369;27;2
12523;126;27;0.7;0.5;23;107;0.4782609;240;237.3832;27;6
12524;126;27;0.7;0.5;24;104;0.5147679;249;237.2212;27;3
12525;126;27;0.7;0.5;25;101;0.4723404;242;235.0495;27;0
12526;126;27;0.7;0.5;26;101;0.5;229;237.6238;27;0
12527;126;27;0.7;0.5;27;101;0.4650206;226;236.7624;27;0
12528;126;27;0.7;0.5;28;110;0.5150215;229;237.4182;27;9
12529;126;27;0.7;0.5;29;101;0.4915254;232;237.1782;27;0
12530;126;27;0.7;0.5;30;101;0.5163934;242;235.1089;27;0
12531;126;27;0.7;0.5;31;103;0.4439462;222;235.2718;27;2
12532;126;27;0.7;0.5;32;101;0.443038;251;236.5644;27;0
12533;126;27;0.7;0.5;33;102;0.5990991;256;236.9118;27;1
12534;126;27;0.7;0.5;34;103;0.4347826;245;234.4854;27;2
12535;126;27;0.7;0.5;35;101;0.5080645;222;234.6436;27;0
12536;126;27;0.7;0.5;36;102;0.527027;267;237.6863;27;1
12537;126;27;0.7;0.5;37;103;0.4264706;226;237.7476;27;2
12538;126;27;0.7;0.5;38;101;0.4795082;237;236.505;27;0
12539;126;27;0.7;0.5;39;108;0.4851852;212;236.6204;27;7
12540;126;27;0.7;0.5;40;102;0.5361702;236;235.5392;27;1
12541;126;27;0.7;0.5;41;101;0.5307018;235;235.4356;27;0
12542;126;27;0.7;0.5;42;102;0.5021459;244;238.7843;27;1
12543;126;27;0.7;0.5;43;101;0.4869565;235;236.0297;27;0
12544;126;27;0.7;0.5;44;101;0.5222672;231;236.099;27;0
12545;126;27;0.7;0.5;45;103;0.4180328;210;236.068;27;2
12546;126;27;0.7;0.5;46;102;0.4920635;244;239.0098;27;1
12547;126;27;0.7;0.5;47;101;0.5;239;236.0198;27;0
12548;126;27;0.7;0.5;48;106;0.5;253;237.7264;27;5
12549;126;27;0.7;0.5;49;103;0.4618644;234;236.3786;27;2
12550;126;27;0.7;0.5;50;101;0.5813953;247;236.8218;27;0
12551;126;27;0.7;0.5;51;102;0.484127;246;235.6471;27;1
12552;126;27;0.7;0.5;52;102;0.5;250;237.6765;27;1
12553;126;27;0.7;0.5;53;104;0.5045045;228;237.4904;27;3
12554;126;27;0.7;0.5;54;101;0.512605;238;237.4554;27;0
12555;126;27;0.7;0.5;55;101;0.4669604;236;236.7723;27;0
12556;126;27;0.7;0.5;56;101;0.5022422;220;235.4455;27;0
12557;126;27;0.7;0.5;57;101;0.5650407;227;237.198;27;0
12558;126;27;0.7;0.5;58;102;0.5114504;223;236.7157;27;1
12559;126;27;0.7;0.5;59;103;0.559322;231;237.3786;27;2
12560;126;27;0.7;0.5;60;102;0.4517375;229;237.1373;27;1
12561;126;27;0.7;0.5;61;101;0.5106383;229;235.6238;27;0
12562;126;27;0.7;0.5;62;101;0.5146444;249;236.7723;27;0
12563;126;27;0.7;0.5;63;101;0.4319066;241;237.5149;27;0
12564;126;27;0.7;0.5;64;102;0.5044643;254;236.0098;27;1
12565;126;27;0.7;0.5;65;101;0.5265487;231;236.9406;27;0
12566;126;27;0.7;0.5;66;101;0.4644351;245;237.5743;27;0
12567;126;27;0.7;0.5;67;101;0.534188;230;236.198;27;0
12568;126;27;0.7;0.5;68;101;0.5159817;240;238.3663;27;0
12569;126;27;0.7;0.5;69;101;0.4574899;253;237;27;0
12570;126;27;0.7;0.5;70;102;0.5404255;217;235.2843;27;1
12571;126;27;0.7;0.5;71;104;0.510917;216;235.4808;27;3
12572;126;27;0.7;0.5;72;101;0.4585153;246;234.901;27;0
12573;126;27;0.7;0.5;73;104;0.4847162;238;237.1346;27;3
12574;126;27;0.7;0.5;74;103;0.4753363;245;234.8641;27;2
12575;126;27;0.7;0.5;75;103;0.5132743;267;235.9612;27;2
12576;126;27;0.7;0.5;76;101;0.4836066;249;238.0396;27;0
12577;126;27;0.7;0.5;77;101;0.457265;233;236.3564;27;0
12578;126;27;0.7;0.5;78;105;0.5783133;214;236.7238;27;4
12579;126;27;0.7;0.5;79;101;0.44;221;233.9505;27;0
12580;126;27;0.7;0.5;80;101;0.5021097;246;235.5545;27;0
12581;126;27;0.7;0.5;81;101;0.4891775;243;236.7327;27;0
12582;126;27;0.7;0.5;82;103;0.4801762;235;235.1845;27;2
12583;126;27;0.7;0.5;83;101;0.4935622;237;236.7525;27;0
12584;126;27;0.7;0.5;84;103;0.5063291;238;236.2524;27;2
12585;126;27;0.7;0.5;85;101;0.5338645;242;236.3267;27;0
12586;126;27;0.7;0.5;86;101;0.5338983;232;238.9901;27;0
12587;126;27;0.7;0.5;87;101;0.4757709;248;236.1584;27;0
12588;126;27;0.7;0.5;88;103;0.5105485;224;235.6796;27;2
12589;126;27;0.7;0.5;89;102;0.5636364;240;237.3824;27;1
12590;126;27;0.7;0.5;90;102;0.4468085;225;235.6176;27;1
12591;126;27;0.7;0.5;91;102;0.515748;207;237.4118;27;1
12592;126;27;0.7;0.5;92;101;0.5113122;263;236.5149;27;0
12593;126;27;0.7;0.5;93;101;0.5146444;235;237.3861;27;0
12594;126;27;0.7;0.5;94;102;0.4954545;247;236.8725;27;1
12595;126;27;0.7;0.5;95;101;0.470339;217;236.396;27;0
12596;126;27;0.7;0.5;96;102;0.4541284;225;235.5196;27;1
12597;126;27;0.7;0.5;97;103;0.5342466;267;236.8835;27;2
12598;126;27;0.7;0.5;98;102;0.5;236;236.3039;27;1
12599;126;27;0.7;0.5;99;102;0.5205479;247;236.0098;27;1
12600;126;27;0.7;0.5;100;101;0.5696721;223;236.4653;27;0
12601;127;29;0.7;0.5;1;111;0.4638298;283;235.1892;29;10
12602;127;29;0.7;0.5;2;101;0.476;223;237.1287;29;0
12603;127;29;0.7;0.5;3;101;0.4935065;228;236.8911;29;0
12604;127;29;0.7;0.5;4;102;0.5155556;249;236.549;29;1
12605;127;29;0.7;0.5;5;104;0.5079365;227;236.7404;29;3
12606;127;29;0.7;0.5;6;103;0.4497992;240;235.9417;29;2
12607;127;29;0.7;0.5;7;101;0.5044248;256;236.5347;29;0
12608;127;29;0.7;0.5;8;101;0.5116279;242;237.1881;29;0
12609;127;29;0.7;0.5;9;102;0.4747899;219;235.598;29;1
12610;127;29;0.7;0.5;10;101;0.5538462;225;237.2376;29;0
12611;127;29;0.7;0.5;11;104;0.5482625;241;236.7404;29;3
12612;127;29;0.7;0.5;12;101;0.5347826;241;235.5941;29;0
12613;127;29;0.7;0.5;13;101;0.4504505;257;237.3366;29;0
12614;127;29;0.7;0.5;14;102;0.5486381;200;237.6961;29;1
12615;127;29;0.7;0.5;15;104;0.5357143;247;234.875;29;3
12616;127;29;0.7;0.5;16;101;0.5294118;230;234.9109;29;0
12617;127;29;0.7;0.5;17;102;0.4758065;232;235.7059;29;1
12618;127;29;0.7;0.5;18;105;0.4669421;225;237.1048;29;4
12619;127;29;0.7;0.5;19;103;0.4896266;239;237.4854;29;2
12620;127;29;0.7;0.5;20;101;0.5470852;255;236.5743;29;0
12621;127;29;0.7;0.5;21;104;0.5116279;220;234.8942;29;3
12622;127;29;0.7;0.5;22;101;0.4586777;260;237.4455;29;0
12623;127;29;0.7;0.5;23;101;0.5420168;238;237.6535;29;0
12624;127;29;0.7;0.5;24;101;0.4978166;233;238.1683;29;0
12625;127;29;0.7;0.5;25;102;0.5400844;248;236.9804;29;1
12626;127;29;0.7;0.5;26;102;0.5483871;227;236.2059;29;1
12627;127;29;0.7;0.5;27;101;0.4810127;237;237.6634;29;0
12628;127;29;0.7;0.5;28;101;0.5367965;238;235.7426;29;0
12629;127;29;0.7;0.5;29;101;0.5335968;219;236.9505;29;0
12630;127;29;0.7;0.5;30;101;0.4545455;227;235.8911;29;0
12631;127;29;0.7;0.5;31;103;0.4495798;232;237.8932;29;2
12632;127;29;0.7;0.5;32;102;0.4919355;245;239.402;29;1
12633;127;29;0.7;0.5;33;101;0.4654378;237;236.6931;29;0
12634;127;29;0.7;0.5;34;101;0.4784483;251;238.4851;29;0
12635;127;29;0.7;0.5;35;102;0.5102881;241;235.7745;29;1
12636;127;29;0.7;0.5;36;101;0.5213675;213;237.2277;29;0
12637;127;29;0.7;0.5;37;102;0.5;232;237.5294;29;1
12638;127;29;0.7;0.5;38;101;0.4919355;242;238.4257;29;0
12639;127;29;0.7;0.5;39;113;0.573913;256;236.3805;29;12
12640;127;29;0.7;0.5;40;101;0.4977974;228;235.7525;29;0
12641;127;29;0.7;0.5;41;103;0.5570175;247;236.9126;29;2
12642;127;29;0.7;0.5;42;103;0.4537445;237;235.3592;29;2
12643;127;29;0.7;0.5;43;101;0.4977778;226;235.3762;29;0
12644;127;29;0.7;0.5;44;101;0.5057915;258;236.7228;29;0
12645;127;29;0.7;0.5;45;101;0.4024896;239;236.8515;29;0
12646;127;29;0.7;0.5;46;102;0.4730769;238;237.4902;29;1
12647;127;29;0.7;0.5;47;101;0.5122951;223;235.9109;29;0
12648;127;29;0.7;0.5;48;102;0.5565611;247;237.2647;29;1
12649;127;29;0.7;0.5;49;103;0.428;229;236.3786;29;2
12650;127;29;0.7;0.5;50;101;0.4150198;251;236.2376;29;0
12651;127;29;0.7;0.5;51;103;0.5245902;254;238.2718;29;2
12652;127;29;0.7;0.5;52;101;0.4976526;246;236.6931;29;0
12653;127;29;0.7;0.5;53;103;0.4663677;255;236.7379;29;2
12654;127;29;0.7;0.5;54;101;0.4711111;230;237.0594;29;0
12655;127;29;0.7;0.5;55;101;0.5470085;223;237.3663;29;0
12656;127;29;0.7;0.5;56;101;0.4393939;220;236.099;29;0
12657;127;29;0.7;0.5;57;101;0.484375;266;235.0099;29;0
12658;127;29;0.7;0.5;58;101;0.4394619;229;235.7426;29;0
12659;127;29;0.7;0.5;59;105;0.5303644;226;237.5905;29;4
12660;127;29;0.7;0.5;60;103;0.473251;217;233.7184;29;2
12661;127;29;0.7;0.5;61;104;0.443038;241;238.4038;29;3
12662;127;29;0.7;0.5;62;101;0.5465116;225;238.1089;29;0
12663;127;29;0.7;0.5;63;103;0.5;263;236.6796;29;2
12664;127;29;0.7;0.5;64;101;0.5044643;239;237.6238;29;0
12665;127;29;0.7;0.5;65;101;0.4919355;218;238.1683;29;0
12666;127;29;0.7;0.5;66;101;0.5458333;225;234.9109;29;0
12667;127;29;0.7;0.5;67;101;0.5069124;234;235.5545;29;0
12668;127;29;0.7;0.5;68;101;0.4722222;230;237.0594;29;0
12669;127;29;0.7;0.5;69;102;0.5045045;237;235.9412;29;1
12670;127;29;0.7;0.5;70;103;0.5720165;248;234.8835;29;2
12671;127;29;0.7;0.5;71;104;0.5454545;238;237.2019;29;3
12672;127;29;0.7;0.5;72;101;0.5742188;227;239.1485;29;0
12673;127;29;0.7;0.5;73;104;0.4902724;234;235.6635;29;3
12674;127;29;0.7;0.5;74;103;0.44;225;237.0971;29;2
12675;127;29;0.7;0.5;75;105;0.496124;241;236.4476;29;4
12676;127;29;0.7;0.5;76;102;0.6026201;263;235.5294;29;1
12677;127;29;0.7;0.5;77;101;0.490991;245;237.1485;29;0
12678;127;29;0.7;0.5;78;102;0.5191489;230;238.3725;29;1
12679;127;29;0.7;0.5;79;102;0.4897959;250;235.1863;29;1
12680;127;29;0.7;0.5;80;101;0.4980695;207;235.9208;29;0
12681;127;29;0.7;0.5;81;104;0.541502;254;238.4135;29;3
12682;127;29;0.7;0.5;82;102;0.4723618;259;236.951;29;1
12683;127;29;0.7;0.5;83;103;0.4541485;251;238.2524;29;2
12684;127;29;0.7;0.5;84;101;0.5104603;246;237.3267;29;0
12685;127;29;0.7;0.5;85;101;0.5477178;202;237.099;29;0
12686;127;29;0.7;0.5;86;101;0.5091743;233;235.4257;29;0
12687;127;29;0.7;0.5;87;105;0.5186722;226;236.3429;29;4
12688;127;29;0.7;0.5;88;101;0.4581673;220;237.6337;29;0
12689;127;29;0.7;0.5;89;101;0.5434783;246;236.4059;29;0
12690;127;29;0.7;0.5;90;102;0.4385965;243;235.8725;29;1
12691;127;29;0.7;0.5;91;103;0.4556452;230;235.699;29;2
12692;127;29;0.7;0.5;92;101;0.5330739;215;237.4455;29;0
12693;127;29;0.7;0.5;93;102;0.5164319;252;236.8039;29;1
12694;127;29;0.7;0.5;94;102;0.4635193;244;238.5588;29;1
12695;127;29;0.7;0.5;95;103;0.4806867;234;236.068;29;2
12696;127;29;0.7;0.5;96;101;0.470852;248;236.5842;29;0
12697;127;29;0.7;0.5;97;101;0.5045045;238;235.6832;29;0
12698;127;29;0.7;0.5;98;105;0.5;254;237.2286;29;4
12699;127;29;0.7;0.5;99;102;0.5;221;238.1863;29;1
12700;127;29;0.7;0.5;100;101;0.4435798;221;237.8317;29;0
12701;128;224;0.7;0.5;1;101;0.5555556;226;236.8911;222.6535;0
12702;128;224;0.7;0.5;2;101;0.4776786;223;233.901;222.3267;0
12703;128;224;0.7;0.5;3;101;0.553719;231;236.7327;222.1683;0
12704;128;224;0.7;0.5;4;103;0.4524887;244;238.0485;223.0971;2
12705;128;224;0.7;0.5;5;101;0.4978723;215;235.9604;222.2871;0
12706;128;224;0.7;0.5;6;101;0.5301724;236;237.1485;222.5446;0
12707;128;224;0.7;0.5;7;114;0.548;238;236.7018;222.2807;13
12708;128;224;0.7;0.5;8;101;0.4650206;248;237.297;223.1782;0
12709;128;224;0.7;0.5;9;101;0.4655172;225;235.3366;222.5149;0
12710;128;224;0.7;0.5;10;101;0.5252101;236;237.0198;222.9901;0
12711;128;224;0.7;0.5;11;101;0.5346939;243;238.9406;223.4059;0
12712;128;224;0.7;0.5;12;101;0.517094;258;236.9604;222.1881;0
12713;128;224;0.7;0.5;13;109;0.5215517;230;236.4312;221.9266;8
12714;128;224;0.7;0.5;14;106;0.4180328;221;237.283;223.0472;5
12715;128;224;0.7;0.5;15;101;0.4844444;233;236.1188;222.4158;0
12716;128;224;0.7;0.5;16;108;0.4581498;239;235.4074;222.3981;7
12717;128;224;0.7;0.5;17;102;0.4941634;206;237.4118;222.4706;1
12718;128;224;0.7;0.5;18;101;0.4931507;266;239.0891;223.0495;0
12719;128;224;0.7;0.5;19;101;0.4777328;255;235.703;222.703;0
12720;128;224;0.7;0.5;20;101;0.4508197;241;235.0891;222.7426;0
12721;128;224;0.7;0.5;21;101;0.6064815;248;238.0099;222.297;0
12722;128;224;0.7;0.5;22;102;0.4738956;230;236.902;222.9314;1
12723;128;224;0.7;0.5;23;105;0.5194805;244;235.7143;222.6857;4
12724;128;224;0.7;0.5;24;102;0.5133929;234;237.1078;222.4412;1
12725;128;224;0.7;0.5;25;102;0.5258964;235;238.5588;222.7255;1
12726;128;224;0.7;0.5;26;102;0.5135135;205;236.7745;222.3824;1
12727;128;224;0.7;0.5;27;102;0.4743083;237;235.7255;222.2843;1
12728;128;224;0.7;0.5;28;104;0.4723404;218;235.9904;222.3942;3
12729;128;224;0.7;0.5;29;101;0.4957983;228;237.6139;223.2772;0
12730;128;224;0.7;0.5;30;101;0.4871795;223;238.2673;223.4455;0
12731;128;224;0.7;0.5;31;103;0.5288889;228;236.9515;221.6019;2
12732;128;224;0.7;0.5;32;103;0.5965665;234;235.5631;223.0971;2
12733;128;224;0.7;0.5;33;101;0.473029;235;236.4059;222.6139;0
12734;128;224;0.7;0.5;34;101;0.5598291;246;235.8416;222.5446;0
12735;128;224;0.7;0.5;35;101;0.5474453;210;238;222.5545;0
12736;128;224;0.7;0.5;36;107;0.5125;231;236.1963;222.757;6
12737;128;224;0.7;0.5;37;101;0.5281385;234;238.0099;223.0396;0
12738;128;224;0.7;0.5;38;101;0.5852713;226;236.8416;223.2574;0
12739;128;224;0.7;0.5;39;101;0.5186722;215;235.2772;222.7129;0
12740;128;224;0.7;0.5;40;102;0.4522822;237;237.451;222.5294;1
12741;128;224;0.7;0.5;41;101;0.524;230;237.3861;223.2673;0
12742;128;224;0.7;0.5;42;101;0.5322581;259;237.3663;223.2475;0
12743;128;224;0.7;0.5;43;103;0.4618644;254;235.4951;222.4757;2
12744;128;224;0.7;0.5;44;101;0.4893617;220;235.505;222.1584;0
12745;128;224;0.7;0.5;45;104;0.4221311;231;237.2404;222.3462;3
12746;128;224;0.7;0.5;46;101;0.4506438;227;236.4554;222.2376;0
12747;128;224;0.7;0.5;47;101;0.4956897;218;237.8812;223.3366;0
12748;128;224;0.7;0.5;48;103;0.5022026;219;237.5437;223.0291;2
12749;128;224;0.7;0.5;49;101;0.5798319;221;236.1683;222.9307;0
12750;128;224;0.7;0.5;50;102;0.4686192;245;236.3725;222.9608;1
12751;128;224;0.7;0.5;51;101;0.557377;231;238.5644;223.3663;0
12752;128;224;0.7;0.5;52;106;0.5462555;239;237.217;222.8396;5
12753;128;224;0.7;0.5;53;102;0.5574468;221;238.1961;223.0784;1
12754;128;224;0.7;0.5;54;102;0.5022422;242;236.7451;222.7059;1
12755;128;224;0.7;0.5;55;107;0.5238095;244;236.6168;223.1589;6
12756;128;224;0.7;0.5;56;101;0.56;249;235.2475;222.5446;0
12757;128;224;0.7;0.5;57;103;0.546875;238;236.2621;223.068;2
12758;128;224;0.7;0.5;58;101;0.5498155;212;237.2079;222.9109;0
12759;128;224;0.7;0.5;59;102;0.5733333;242;236;222.9608;1
12760;128;224;0.7;0.5;60;103;0.5374449;206;236.835;223.2718;2
12761;128;224;0.7;0.5;61;101;0.4449339;231;235.8614;223.3564;0
12762;128;224;0.7;0.5;62;105;0.5333333;234;236.019;222.8952;4
12763;128;224;0.7;0.5;63;101;0.511811;223;235.0099;222.5941;0
12764;128;224;0.7;0.5;64;101;0.4444444;248;235.7426;221.7624;0
12765;128;224;0.7;0.5;65;101;0.5696203;235;237.1683;222.8515;0
12766;128;224;0.7;0.5;66;103;0.4852321;226;237.9709;222.5534;2
12767;128;224;0.7;0.5;67;101;0.517094;251;236.4059;223.0594;0
12768;128;224;0.7;0.5;68;103;0.4757709;231;236.5243;223.1068;2
12769;128;224;0.7;0.5;69;101;0.5;245;235.7624;222.5644;0
12770;128;224;0.7;0.5;70;102;0.526971;252;236.3333;222.7549;1
12771;128;224;0.7;0.5;71;101;0.5210084;241;236.1782;223.2673;0
12772;128;224;0.7;0.5;72;101;0.5219124;243;236.2079;223.2376;0
12773;128;224;0.7;0.5;73;101;0.4588235;226;236.5446;223.2178;0
12774;128;224;0.7;0.5;74;107;0.4162896;236;237.7103;222.514;6
12775;128;224;0.7;0.5;75;103;0.460251;235;238.1456;223.1845;2
12776;128;224;0.7;0.5;76;104;0.4790875;207;235.0577;222.7308;3
12777;128;224;0.7;0.5;77;101;0.4454148;229;237.3069;222.2772;0
12778;128;224;0.7;0.5;78;101;0.5060241;226;235.7525;222.5644;0
12779;128;224;0.7;0.5;79;101;0.4316239;238;237.0495;222.8911;0
12780;128;224;0.7;0.5;80;101;0.5400844;247;237.1089;222.505;0
12781;128;224;0.7;0.5;81;101;0.4798387;229;236.495;222.7426;0
12782;128;224;0.7;0.5;82;102;0.463964;219;235.4412;223.049;1
12783;128;224;0.7;0.5;83;101;0.472;258;238.1386;222.6238;0
12784;128;224;0.7;0.5;84;103;0.5493562;228;237.0388;222.4078;2
12785;128;224;0.7;0.5;85;101;0.5178571;227;236.9802;222.7624;0
12786;128;224;0.7;0.5;86;102;0.4625;234;237.4412;223.2549;1
12787;128;224;0.7;0.5;87;101;0.4612069;231;233.9802;222.6436;0
12788;128;224;0.7;0.5;88;101;0.5462555;225;235.2277;222.5347;0
12789;128;224;0.7;0.5;89;102;0.5041322;278;236.3627;222.598;1
12790;128;224;0.7;0.5;90;103;0.5174129;251;236.7282;222.7379;2
12791;128;224;0.7;0.5;91;104;0.5430712;220;237.0673;222.6154;3
12792;128;224;0.7;0.5;92;101;0.5276596;245;237.0495;223.3168;0
12793;128;224;0.7;0.5;93;104;0.4537445;254;235.6154;222;3
12794;128;224;0.7;0.5;94;101;0.4510638;249;236.7822;223.0396;0
12795;128;224;0.7;0.5;95;103;0.5483871;232;239.3398;222.8544;2
12796;128;224;0.7;0.5;96;103;0.5044643;259;238.5243;223.0971;2
12797;128;224;0.7;0.5;97;105;0.5065502;235;237.3429;223.2667;4
12798;128;224;0.7;0.5;98;102;0.46875;237;235.549;221.8235;1
12799;128;224;0.7;0.5;99;101;0.4596774;226;236.8416;222.802;0
12800;128;224;0.7;0.5;100;101;0.4834711;256;237.297;222.2574;0
12801;129;1;0.8;0.5;1;102;0.4936709;240;237.9608;1;1
12802;129;1;0.8;0.5;2;101;0.4769874;233;236.5347;1;0
12803;129;1;0.8;0.5;3;105;0.4750958;213;235;1;4
12804;129;1;0.8;0.5;4;102;0.4872881;216;236.902;1;1
12805;129;1;0.8;0.5;5;104;0.5298507;220;235.75;1;3
12806;129;1;0.8;0.5;6;101;0.4463519;243;237.1089;1;0
12807;129;1;0.8;0.5;7;103;0.4549356;243;237.3398;1;2
12808;129;1;0.8;0.5;8;102;0.6157205;230;235.7157;1;1
12809;129;1;0.8;0.5;9;101;0.5470852;240;234.2277;1;0
12810;129;1;0.8;0.5;10;102;0.483871;233;236.8137;1;1
12811;129;1;0.8;0.5;11;105;0.3884615;214;234.3143;1;4
12812;129;1;0.8;0.5;12;102;0.53125;239;235.0294;1;1
12813;129;1;0.8;0.5;13;101;0.5646552;263;239.3267;1;0
12814;129;1;0.8;0.5;14;101;0.4980237;198;237.0396;1;0
12815;129;1;0.8;0.5;15;101;0.5240175;217;234.6238;1;0
12816;129;1;0.8;0.5;16;103;0.4940711;278;238.2427;1;2
12817;129;1;0.8;0.5;17;101;0.4669604;252;237.4455;1;0
12818;129;1;0.8;0.5;18;102;0.4960317;236;234.5882;1;1
12819;129;1;0.8;0.5;19;104;0.4979592;239;235.7308;1;3
12820;129;1;0.8;0.5;20;102;0.4188679;230;236.451;1;1
12821;129;1;0.8;0.5;21;101;0.4793388;231;236.9604;1;0
12822;129;1;0.8;0.5;22;102;0.5564854;232;237.1373;1;1
12823;129;1;0.8;0.5;23;102;0.5023041;257;235.6176;1;1
12824;129;1;0.8;0.5;24;103;0.4580153;239;236.2913;1;2
12825;129;1;0.8;0.5;25;102;0.4115044;228;234.8235;1;1
12826;129;1;0.8;0.5;26;102;0.4734694;208;235.6275;1;1
12827;129;1;0.8;0.5;27;101;0.5238095;277;238.8812;1;0
12828;129;1;0.8;0.5;28;103;0.475;233;236.5243;1;2
12829;129;1;0.8;0.5;29;101;0.4598214;255;235.3564;1;0
12830;129;1;0.8;0.5;30;101;0.5299539;221;236.8317;1;0
12831;129;1;0.8;0.5;31;103;0.5;225;236.7767;1;2
12832;129;1;0.8;0.5;32;103;0.4526749;259;236.2136;1;2
12833;129;1;0.8;0.5;33;103;0.5117188;237;237.0583;1;2
12834;129;1;0.8;0.5;34;102;0.5153846;244;237.9706;1;1
12835;129;1;0.8;0.5;35;102;0.5789474;228;235.4412;1;1
12836;129;1;0.8;0.5;36;103;0.5062762;200;234.3301;1;2
12837;129;1;0.8;0.5;37;101;0.4608696;229;236.5248;1;0
12838;129;1;0.8;0.5;38;102;0.5942623;225;236.6373;1;1
12839;129;1;0.8;0.5;39;102;0.497992;226;235.1667;1;1
12840;129;1;0.8;0.5;40;101;0.4380531;220;237.0099;1;0
12841;129;1;0.8;0.5;41;102;0.5020408;240;236.7941;1;1
12842;129;1;0.8;0.5;42;101;0.6117647;260;237.8713;1;0
12843;129;1;0.8;0.5;43;101;0.4924623;250;236.2871;1;0
12844;129;1;0.8;0.5;44;101;0.5252101;241;237.5248;1;0
12845;129;1;0.8;0.5;45;101;0.474359;270;236.8119;1;0
12846;129;1;0.8;0.5;46;103;0.5059289;242;236.3883;1;2
12847;129;1;0.8;0.5;47;105;0.4908257;216;237.219;1;4
12848;129;1;0.8;0.5;48;103;0.4669421;243;237.0874;1;2
12849;129;1;0.8;0.5;49;102;0.4879032;244;236.0882;1;1
12850;129;1;0.8;0.5;50;102;0.4843049;249;234.9118;1;1
12851;129;1;0.8;0.5;51;102;0.547619;232;237.9902;1;1
12852;129;1;0.8;0.5;52;102;0.4954128;240;236.4216;1;1
12853;129;1;0.8;0.5;53;102;0.4979253;234;235.3431;1;1
12854;129;1;0.8;0.5;54;107;0.5043103;216;235.2804;1;6
12855;129;1;0.8;0.5;55;102;0.453271;242;234.3431;1;1
12856;129;1;0.8;0.5;56;101;0.5148936;251;237.9208;1;0
12857;129;1;0.8;0.5;57;101;0.5470852;239;235.4851;1;0
12858;129;1;0.8;0.5;58;101;0.5082645;226;235.4653;1;0
12859;129;1;0.8;0.5;59;104;0.5735849;208;234.5673;1;3
12860;129;1;0.8;0.5;60;101;0.4666667;228;235.7228;1;0
12861;129;1;0.8;0.5;61;103;0.4323144;212;234.3495;1;2
12862;129;1;0.8;0.5;62;108;0.5641026;253;235.5463;1;7
12863;129;1;0.8;0.5;63;104;0.4444444;236;237.5385;1;3
12864;129;1;0.8;0.5;64;101;0.4273504;226;237.1683;1;0
12865;129;1;0.8;0.5;65;101;0.5614754;259;236.7426;1;0
12866;129;1;0.8;0.5;66;101;0.5062762;248;238.3663;1;0
12867;129;1;0.8;0.5;67;102;0.4618321;232;237.8725;1;1
12868;129;1;0.8;0.5;68;102;0.4849785;239;235.8725;1;1
12869;129;1;0.8;0.5;69;106;0.4458874;230;236.6698;1;5
12870;129;1;0.8;0.5;70;101;0.5644444;244;236.604;1;0
12871;129;1;0.8;0.5;71;102;0.4130435;244;235.9902;1;1
12872;129;1;0.8;0.5;72;101;0.5019157;228;237.5842;1;0
12873;129;1;0.8;0.5;73;102;0.504;216;236.7451;1;1
12874;129;1;0.8;0.5;74;103;0.5598291;230;238.9612;1;2
12875;129;1;0.8;0.5;75;101;0.3818898;226;237.6931;1;0
12876;129;1;0.8;0.5;76;102;0.4860558;245;236.598;1;1
12877;129;1;0.8;0.5;77;101;0.421875;269;236.4356;1;0
12878;129;1;0.8;0.5;78;102;0.4938776;241;237.5588;1;1
12879;129;1;0.8;0.5;79;103;0.4497992;222;235.2816;1;2
12880;129;1;0.8;0.5;80;106;0.5289575;225;235.2075;1;5
12881;129;1;0.8;0.5;81;101;0.496063;236;238.2475;1;0
12882;129;1;0.8;0.5;82;103;0.5204918;220;234.7573;1;2
12883;129;1;0.8;0.5;83;102;0.4857143;224;236.0294;1;1
12884;129;1;0.8;0.5;84;102;0.5661157;250;235.8039;1;1
12885;129;1;0.8;0.5;85;101;0.4655172;221;236.495;1;0
12886;129;1;0.8;0.5;86;102;0.5267857;220;238.1176;1;1
12887;129;1;0.8;0.5;87;105;0.5688889;233;235.981;1;4
12888;129;1;0.8;0.5;88;103;0.515748;219;236.7379;1;2
12889;129;1;0.8;0.5;89;101;0.4666667;201;236.802;1;0
12890;129;1;0.8;0.5;90;101;0.5020576;257;237.4257;1;0
12891;129;1;0.8;0.5;91;101;0.4830508;242;236.4752;1;0
12892;129;1;0.8;0.5;92;104;0.5;208;234.8942;1;3
12893;129;1;0.8;0.5;93;101;0.5316456;222;236.396;1;0
12894;129;1;0.8;0.5;94;101;0.5042017;238;236.1485;1;0
12895;129;1;0.8;0.5;95;105;0.4778761;254;238.3143;1;4
12896;129;1;0.8;0.5;96;102;0.4493392;217;237.5196;1;1
12897;129;1;0.8;0.5;97;104;0.5;236;238.4135;1;3
12898;129;1;0.8;0.5;98;102;0.4369369;241;235.2353;1;1
12899;129;1;0.8;0.5;99;101;0.5020243;214;236.4158;1;0
12900;129;1;0.8;0.5;100;104;0.4618644;229;236.8942;1;3
12901;130;3;0.8;0.5;1;101;0.4342105;248;237.2772;3;0
12902;130;3;0.8;0.5;2;101;0.491453;237;238.5446;3;0
12903;130;3;0.8;0.5;3;102;0.5333333;244;238.0686;3;1
12904;130;3;0.8;0.5;4;101;0.4253394;256;237.0099;3;0
12905;130;3;0.8;0.5;5;104;0.5102041;253;238.1731;3;3
12906;130;3;0.8;0.5;6;101;0.5151515;274;236.6634;3;0
12907;130;3;0.8;0.5;7;102;0.4503817;233;235.7843;3;1
12908;130;3;0.8;0.5;8;101;0.5458333;230;236.6337;3;0
12909;130;3;0.8;0.5;9;101;0.4692982;224;236.5545;3;0
12910;130;3;0.8;0.5;10;103;0.507874;228;234.9806;3;2
12911;130;3;0.8;0.5;11;103;0.4661355;220;235.6214;3;2
12912;130;3;0.8;0.5;12;101;0.5673469;241;235.2079;3;0
12913;130;3;0.8;0.5;13;104;0.4139344;217;235.8269;3;3
12914;130;3;0.8;0.5;14;101;0.493617;239;235.4158;3;0
12915;130;3;0.8;0.5;15;101;0.4609375;251;239.3861;3;0
12916;130;3;0.8;0.5;16;101;0.5082645;242;236.3663;3;0
12917;130;3;0.8;0.5;17;102;0.5183673;236;236.8922;3;1
12918;130;3;0.8;0.5;18;102;0.5443038;208;238.0588;3;1
12919;130;3;0.8;0.5;19;102;0.4322034;249;236.3725;3;1
12920;130;3;0.8;0.5;20;101;0.4933333;214;234.4455;3;0
12921;130;3;0.8;0.5;21;104;0.4695652;243;238.3654;3;3
12922;130;3;0.8;0.5;22;101;0.4957983;234;236.4356;3;0
12923;130;3;0.8;0.5;23;101;0.5;242;235.7129;3;0
12924;130;3;0.8;0.5;24;101;0.412037;255;238.3069;3;0
12925;130;3;0.8;0.5;25;103;0.484127;237;236.7961;3;2
12926;130;3;0.8;0.5;26;102;0.4367347;228;238.0294;3;1
12927;130;3;0.8;0.5;27;101;0.5165289;242;236.9406;3;0
12928;130;3;0.8;0.5;28;101;0.5930736;265;237.2277;3;0
12929;130;3;0.8;0.5;29;102;0.5080645;256;238.098;3;1
12930;130;3;0.8;0.5;30;102;0.4678899;244;237.0686;3;1
12931;130;3;0.8;0.5;31;101;0.4958678;241;235.495;3;0
12932;130;3;0.8;0.5;32;102;0.4363636;222;236.3431;3;1
12933;130;3;0.8;0.5;33;101;0.5106383;256;234.2673;3;0
12934;130;3;0.8;0.5;34;101;0.4488889;229;235.8515;3;0
12935;130;3;0.8;0.5;35;101;0.5291667;223;236.3267;3;0
12936;130;3;0.8;0.5;36;103;0.587156;236;235.9126;3;2
12937;130;3;0.8;0.5;37;102;0.4708333;247;236.2353;3;1
12938;130;3;0.8;0.5;38;101;0.4864865;265;235.6436;3;0
12939;130;3;0.8;0.5;39;101;0.4747082;217;236.1188;3;0
12940;130;3;0.8;0.5;40;101;0.5975104;224;236.2673;3;0
12941;130;3;0.8;0.5;41;102;0.5138889;219;237.3922;3;1
12942;130;3;0.8;0.5;42;101;0.4980695;241;237.0891;3;0
12943;130;3;0.8;0.5;43;101;0.5361702;249;237.1089;3;0
12944;130;3;0.8;0.5;44;101;0.4624506;254;236.901;3;0
12945;130;3;0.8;0.5;45;101;0.6113537;242;237.0495;3;0
12946;130;3;0.8;0.5;46;101;0.5022831;256;236.4653;3;0
12947;130;3;0.8;0.5;47;102;0.563786;230;236.6667;3;1
12948;130;3;0.8;0.5;48;101;0.4778761;226;235.9109;3;0
12949;130;3;0.8;0.5;49;101;0.5241935;234;237.5545;3;0
12950;130;3;0.8;0.5;50;101;0.4822134;219;235.198;3;0
12951;130;3;0.8;0.5;51;101;0.5512821;242;237.1287;3;0
12952;130;3;0.8;0.5;52;104;0.472103;262;236.0096;3;3
12953;130;3;0.8;0.5;53;105;0.4848485;202;235.2762;3;4
12954;130;3;0.8;0.5;54;101;0.4893617;213;236.5347;3;0
12955;130;3;0.8;0.5;55;101;0.5151515;237;237.5545;3;0
12956;130;3;0.8;0.5;56;102;0.5022026;260;236.5392;3;1
12957;130;3;0.8;0.5;57;101;0.5059761;244;235.8218;3;0
12958;130;3;0.8;0.5;58;107;0.4;245;238.4953;3;6
12959;130;3;0.8;0.5;59;101;0.4884615;201;236.8218;3;0
12960;130;3;0.8;0.5;60;101;0.4780702;241;235.2475;3;0
12961;130;3;0.8;0.5;61;101;0.5696203;222;237.0792;3;0
12962;130;3;0.8;0.5;62;101;0.5433962;216;235.0297;3;0
12963;130;3;0.8;0.5;63;101;0.5110132;250;235.2178;3;0
12964;130;3;0.8;0.5;64;101;0.5105485;228;236.9802;3;0
12965;130;3;0.8;0.5;65;101;0.4478764;248;236.7129;3;0
12966;130;3;0.8;0.5;66;106;0.4754098;241;234.8491;3;5
12967;130;3;0.8;0.5;67;104;0.509009;250;235.5577;3;3
12968;130;3;0.8;0.5;68;101;0.608871;228;234.7525;3;0
12969;130;3;0.8;0.5;69;101;0.4444444;257;237.4752;3;0
12970;130;3;0.8;0.5;70;101;0.5466102;221;236.604;3;0
12971;130;3;0.8;0.5;71;102;0.5299145;252;238.3235;3;1
12972;130;3;0.8;0.5;72;104;0.5847458;257;237.0481;3;3
12973;130;3;0.8;0.5;73;101;0.4678112;224;236.9208;3;0
12974;130;3;0.8;0.5;74;104;0.5627706;235;235.7596;3;3
12975;130;3;0.8;0.5;75;101;0.493617;254;235.8515;3;0
12976;130;3;0.8;0.5;76;102;0.5020576;235;235.3039;3;1
12977;130;3;0.8;0.5;77;102;0.4548736;206;235.5196;3;1
12978;130;3;0.8;0.5;78;101;0.5461847;243;237.2277;3;0
12979;130;3;0.8;0.5;79;102;0.4338843;212;236.0196;3;1
12980;130;3;0.8;0.5;80;103;0.5294118;241;236.2136;3;2
12981;130;3;0.8;0.5;81;103;0.4666667;247;238.2816;3;2
12982;130;3;0.8;0.5;82;102;0.4849785;245;236.8039;3;1
12983;130;3;0.8;0.5;83;101;0.5569106;224;236.4752;3;0
12984;130;3;0.8;0.5;84;101;0.4911504;243;237.5446;3;0
12985;130;3;0.8;0.5;85;101;0.5362903;243;235.0396;3;0
12986;130;3;0.8;0.5;86;101;0.524;223;234.8911;3;0
12987;130;3;0.8;0.5;87;101;0.5333333;216;237.7525;3;0
12988;130;3;0.8;0.5;88;103;0.4935622;229;237.2136;3;2
12989;130;3;0.8;0.5;89;101;0.5325203;229;236.9604;3;0
12990;130;3;0.8;0.5;90;101;0.4955752;258;235.7624;3;0
12991;130;3;0.8;0.5;91;101;0.5384615;238;234.7426;3;0
12992;130;3;0.8;0.5;92;101;0.495935;220;236.9307;3;0
12993;130;3;0.8;0.5;93;101;0.4951456;236;237.3762;3;0
12994;130;3;0.8;0.5;94;101;0.4977974;248;237.2376;3;0
12995;130;3;0.8;0.5;95;101;0.52;219;234.9802;3;0
12996;130;3;0.8;0.5;96;102;0.4681818;229;234.0196;3;1
12997;130;3;0.8;0.5;97;102;0.4876033;227;237.9804;3;1
12998;130;3;0.8;0.5;98;104;0.5241935;235;236.2019;3;3
12999;130;3;0.8;0.5;99;102;0.5483871;226;237.6176;3;1
13000;130;3;0.8;0.5;100;101;0.5110132;244;236.8218;3;0
13001;131;5;0.8;0.5;1;101;0.4522822;245;237.6832;5;0
13002;131;5;0.8;0.5;2;101;0.4484127;250;235.3762;5;0
13003;131;5;0.8;0.5;3;102;0.425;255;234.4804;5;1
13004;131;5;0.8;0.5;4;101;0.535865;242;235.9208;5;0
13005;131;5;0.8;0.5;5;101;0.4703196;202;236.2673;5;0
13006;131;5;0.8;0.5;6;102;0.4479638;248;236.1667;5;1
13007;131;5;0.8;0.5;7;101;0.472119;221;237.3861;5;0
13008;131;5;0.8;0.5;8;103;0.4508929;229;235.7573;5;2
13009;131;5;0.8;0.5;9;101;0.5682819;245;236.9604;5;0
13010;131;5;0.8;0.5;10;101;0.4555985;231;237.4752;5;0
13011;131;5;0.8;0.5;11;102;0.5362903;223;236.5882;5;1
13012;131;5;0.8;0.5;12;102;0.5550239;238;236.2745;5;1
13013;131;5;0.8;0.5;13;104;0.4745763;237;237.2212;5;3
13014;131;5;0.8;0.5;14;102;0.4877049;258;238.5588;5;1
13015;131;5;0.8;0.5;15;101;0.5210084;245;236.2574;5;0
13016;131;5;0.8;0.5;16;106;0.5787402;238;237.7075;5;5
13017;131;5;0.8;0.5;17;104;0.4705882;250;237.25;5;3
13018;131;5;0.8;0.5;18;101;0.5061728;246;235.7921;5;0
13019;131;5;0.8;0.5;19;101;0.5540541;246;236.5149;5;0
13020;131;5;0.8;0.5;20;101;0.5426009;244;235.5941;5;0
13021;131;5;0.8;0.5;21;102;0.4508197;230;235.2451;5;1
13022;131;5;0.8;0.5;22;101;0.5225225;264;236.9406;5;0
13023;131;5;0.8;0.5;23;101;0.5594714;233;238.7129;5;0
13024;131;5;0.8;0.5;24;103;0.507109;242;235.4757;5;2
13025;131;5;0.8;0.5;25;101;0.504;217;236.2079;5;0
13026;131;5;0.8;0.5;26;102;0.5387755;252;236.8725;5;1
13027;131;5;0.8;0.5;27;102;0.5222672;236;237.4314;5;1
13028;131;5;0.8;0.5;28;102;0.5444015;260;236.1078;5;1
13029;131;5;0.8;0.5;29;104;0.5195312;222;234.7308;5;3
13030;131;5;0.8;0.5;30;102;0.4291045;234;236.0392;5;1
13031;131;5;0.8;0.5;31;102;0.460251;239;233.549;5;1
13032;131;5;0.8;0.5;32;101;0.5381356;235;237.396;5;0
13033;131;5;0.8;0.5;33;101;0.4169884;222;236.3366;5;0
13034;131;5;0.8;0.5;34;103;0.4310345;233;237.2427;5;2
13035;131;5;0.8;0.5;35;104;0.4930876;217;235.5769;5;3
13036;131;5;0.8;0.5;36;104;0.4612245;253;236.8173;5;3
13037;131;5;0.8;0.5;37;102;0.5067265;231;234.0686;5;1
13038;131;5;0.8;0.5;38;101;0.4789916;266;235.9307;5;0
13039;131;5;0.8;0.5;39;101;0.5239852;252;236.1485;5;0
13040;131;5;0.8;0.5;40;102;0.5061224;243;236.0294;5;1
13041;131;5;0.8;0.5;41;101;0.5387755;226;236.2871;5;0
13042;131;5;0.8;0.5;42;102;0.5205993;229;235.9314;5;1
13043;131;5;0.8;0.5;43;101;0.5432099;261;236.9109;5;0
13044;131;5;0.8;0.5;44;101;0.4891775;228;235.901;5;0
13045;131;5;0.8;0.5;45;102;0.4650206;240;235.6078;5;1
13046;131;5;0.8;0.5;46;102;0.4885845;244;234.9608;5;1
13047;131;5;0.8;0.5;47;101;0.4878049;219;234.6832;5;0
13048;131;5;0.8;0.5;48;101;0.5702811;220;234.6634;5;0
13049;131;5;0.8;0.5;49;101;0.5673469;235;235.8812;5;0
13050;131;5;0.8;0.5;50;102;0.4806867;228;236;5;1
13051;131;5;0.8;0.5;51;102;0.5407725;271;236.9216;5;1
13052;131;5;0.8;0.5;52;101;0.4642857;233;236.3267;5;0
13053;131;5;0.8;0.5;53;105;0.5263158;245;236.5714;5;4
13054;131;5;0.8;0.5;54;104;0.4906542;267;235.9519;5;3
13055;131;5;0.8;0.5;55;104;0.5394191;247;236.9615;5;3
13056;131;5;0.8;0.5;56;101;0.5020243;244;236.9703;5;0
13057;131;5;0.8;0.5;57;102;0.5102881;242;236.4412;5;1
13058;131;5;0.8;0.5;58;101;0.4979079;242;237.2475;5;0
13059;131;5;0.8;0.5;59;103;0.5144231;236;236.6408;5;2
13060;131;5;0.8;0.5;60;101;0.5470852;262;237.9406;5;0
13061;131;5;0.8;0.5;61;101;0.504065;215;235.0792;5;0
13062;131;5;0.8;0.5;62;102;0.4537037;239;236.2941;5;1
13063;131;5;0.8;0.5;63;102;0.472;224;235.8529;5;1
13064;131;5;0.8;0.5;64;101;0.4960938;221;236.9901;5;0
13065;131;5;0.8;0.5;65;101;0.4065041;231;236.7723;5;0
13066;131;5;0.8;0.5;66;102;0.4849785;247;237.3922;5;1
13067;131;5;0.8;0.5;67;102;0.4956522;237;236.951;5;1
13068;131;5;0.8;0.5;68;102;0.5263158;261;236.3824;5;1
13069;131;5;0.8;0.5;69;102;0.55;256;237.5392;5;1
13070;131;5;0.8;0.5;70;102;0.4545455;221;235.8137;5;1
13071;131;5;0.8;0.5;71;102;0.4162679;228;236.0196;5;1
13072;131;5;0.8;0.5;72;102;0.4579832;226;236.7059;5;1
13073;131;5;0.8;0.5;73;102;0.4938272;226;235.1765;5;1
13074;131;5;0.8;0.5;74;101;0.4918033;245;237.9406;5;0
13075;131;5;0.8;0.5;75;101;0.4219409;223;236.7822;5;0
13076;131;5;0.8;0.5;76;103;0.5972851;250;236.2427;5;2
13077;131;5;0.8;0.5;77;101;0.5364807;248;238.6733;5;0
13078;131;5;0.8;0.5;78;101;0.5840708;226;236.8515;5;0
13079;131;5;0.8;0.5;79;102;0.4611872;244;237.6765;5;1
13080;131;5;0.8;0.5;80;102;0.4877049;245;235.5;5;1
13081;131;5;0.8;0.5;81;105;0.438914;241;236.6762;5;4
13082;131;5;0.8;0.5;82;101;0.5020243;213;236.0495;5;0
13083;131;5;0.8;0.5;83;103;0.5304348;244;236.8155;5;2
13084;131;5;0.8;0.5;84;101;0.487069;223;235.2871;5;0
13085;131;5;0.8;0.5;85;106;0.5217391;260;235.8491;5;5
13086;131;5;0.8;0.5;86;103;0.4580153;247;237.8932;5;2
13087;131;5;0.8;0.5;87;102;0.5493562;231;235.9216;5;1
13088;131;5;0.8;0.5;88;106;0.5350877;236;239.4151;5;5
13089;131;5;0.8;0.5;89;101;0.5261044;235;236.2277;5;0
13090;131;5;0.8;0.5;90;102;0.4935622;233;237.6765;5;1
13091;131;5;0.8;0.5;91;101;0.5178571;228;235.9208;5;0
13092;131;5;0.8;0.5;92;101;0.5367965;229;237.1584;5;0
13093;131;5;0.8;0.5;93;105;0.4724409;230;235.9714;5;4
13094;131;5;0.8;0.5;94;102;0.4680851;230;236.7843;5;1
13095;131;5;0.8;0.5;95;102;0.4634146;252;236.2745;5;1
13096;131;5;0.8;0.5;96;101;0.5432099;232;237.1881;5;0
13097;131;5;0.8;0.5;97;103;0.5677966;248;235.6505;5;2
13098;131;5;0.8;0.5;98;102;0.4553571;230;234.9118;5;1
13099;131;5;0.8;0.5;99;104;0.5061224;223;236.2692;5;3
13100;131;5;0.8;0.5;100;101;0.5023041;246;236.9406;5;0
13101;132;7;0.8;0.5;1;103;0.5481172;237;235.9806;7;2
13102;132;7;0.8;0.5;2;102;0.5023923;251;237.4412;7;1
13103;132;7;0.8;0.5;3;102;0.5020921;234;236.5392;7;1
13104;132;7;0.8;0.5;4;105;0.5021277;246;236.419;7;4
13105;132;7;0.8;0.5;5;101;0.4958333;256;236.7723;7;0
13106;132;7;0.8;0.5;6;103;0.5308642;232;237.2621;7;2
13107;132;7;0.8;0.5;7;104;0.4552846;242;237.7596;7;3
13108;132;7;0.8;0.5;8;101;0.4761905;242;237.4653;7;0
13109;132;7;0.8;0.5;9;101;0.4852321;236;236.5644;7;0
13110;132;7;0.8;0.5;10;102;0.5078125;238;236.4706;7;1
13111;132;7;0.8;0.5;11;101;0.4954545;218;236.198;7;0
13112;132;7;0.8;0.5;12;103;0.5570175;236;237.2816;7;2
13113;132;7;0.8;0.5;13;102;0.4243697;218;234.3627;7;1
13114;132;7;0.8;0.5;14;101;0.4593496;224;236.0495;7;0
13115;132;7;0.8;0.5;15;103;0.5142857;222;235.7573;7;2
13116;132;7;0.8;0.5;16;103;0.4044444;260;235.699;7;2
13117;132;7;0.8;0.5;17;103;0.4894515;241;236.3883;7;2
13118;132;7;0.8;0.5;18;102;0.4434783;251;235.8235;7;1
13119;132;7;0.8;0.5;19;103;0.4957265;242;237.6117;7;2
13120;132;7;0.8;0.5;20;102;0.4896266;253;239.1078;7;1
13121;132;7;0.8;0.5;21;102;0.504386;237;236.1176;7;1
13122;132;7;0.8;0.5;22;102;0.4018265;249;235.4804;7;1
13123;132;7;0.8;0.5;23;101;0.4816327;239;236;7;0
13124;132;7;0.8;0.5;24;101;0.4375;250;235.8614;7;0
13125;132;7;0.8;0.5;25;102;0.5;231;236.2647;7;1
13126;132;7;0.8;0.5;26;101;0.5210084;224;236;7;0
13127;132;7;0.8;0.5;27;104;0.4708333;225;238.0481;7;3
13128;132;7;0.8;0.5;28;101;0.4801762;227;236.3564;7;0
13129;132;7;0.8;0.5;29;119;0.4734694;241;238.5546;7;18
13130;132;7;0.8;0.5;30;101;0.5409836;230;236.9604;7;0
13131;132;7;0.8;0.5;31;102;0.4195122;249;238.2549;7;1
13132;132;7;0.8;0.5;32;101;0.495614;252;235.0891;7;0
13133;132;7;0.8;0.5;33;101;0.5258621;242;236.0495;7;0
13134;132;7;0.8;0.5;34;105;0.4521739;239;235.6667;7;4
13135;132;7;0.8;0.5;35;101;0.4780702;233;234.8713;7;0
13136;132;7;0.8;0.5;36;102;0.4218009;267;236.5;7;1
13137;132;7;0.8;0.5;37;106;0.4025974;233;237.2736;7;5
13138;132;7;0.8;0.5;38;102;0.5106383;233;237.8824;7;1
13139;132;7;0.8;0.5;39;101;0.5431034;233;236.901;7;0
13140;132;7;0.8;0.5;40;106;0.4790698;258;235.3491;7;5
13141;132;7;0.8;0.5;41;101;0.4785992;225;237.7921;7;0
13142;132;7;0.8;0.5;42;101;0.5634921;245;234.6337;7;0
13143;132;7;0.8;0.5;43;101;0.5166667;232;238.0693;7;0
13144;132;7;0.8;0.5;44;103;0.482906;240;237.5146;7;2
13145;132;7;0.8;0.5;45;101;0.4810127;242;235.2871;7;0
13146;132;7;0.8;0.5;46;101;0.4700855;229;236.7822;7;0
13147;132;7;0.8;0.5;47;101;0.4508197;231;235.604;7;0
13148;132;7;0.8;0.5;48;104;0.5357143;225;237.125;7;3
13149;132;7;0.8;0.5;49;101;0.542735;240;235.9208;7;0
13150;132;7;0.8;0.5;50;101;0.5465587;234;234.495;7;0
13151;132;7;0.8;0.5;51;101;0.4729242;222;235.6634;7;0
13152;132;7;0.8;0.5;52;104;0.4956522;229;237.7308;7;3
13153;132;7;0.8;0.5;53;101;0.492891;241;235.8416;7;0
13154;132;7;0.8;0.5;54;101;0.5353982;240;237.4356;7;0
13155;132;7;0.8;0.5;55;101;0.4745763;228;237.7624;7;0
13156;132;7;0.8;0.5;56;103;0.5081301;237;235.767;7;2
13157;132;7;0.8;0.5;57;103;0.487069;253;238.2718;7;2
13158;132;7;0.8;0.5;58;104;0.4349593;248;236.4423;7;3
13159;132;7;0.8;0.5;59;101;0.5162602;248;236.8119;7;0
13160;132;7;0.8;0.5;60;101;0.5482456;229;236.8812;7;0
13161;132;7;0.8;0.5;61;101;0.6081081;248;235.5941;7;0
13162;132;7;0.8;0.5;62;103;0.4493927;260;237;7;2
13163;132;7;0.8;0.5;63;102;0.5384615;241;237.3824;7;1
13164;132;7;0.8;0.5;64;102;0.4529915;257;236.9412;7;1
13165;132;7;0.8;0.5;65;101;0.457265;246;235.7327;7;0
13166;132;7;0.8;0.5;66;101;0.4343891;263;237.8218;7;0
13167;132;7;0.8;0.5;67;102;0.432;235;237.5098;7;1
13168;132;7;0.8;0.5;68;101;0.488;232;235.0792;7;0
13169;132;7;0.8;0.5;69;104;0.5330579;234;236.0865;7;3
13170;132;7;0.8;0.5;70;102;0.460251;225;238.2549;7;1
13171;132;7;0.8;0.5;71;102;0.510917;225;237.7745;7;1
13172;132;7;0.8;0.5;72;103;0.4072398;264;235.6019;7;2
13173;132;7;0.8;0.5;73;101;0.4821429;230;238.1089;7;0
13174;132;7;0.8;0.5;74;101;0.5086207;246;237.2871;7;0
13175;132;7;0.8;0.5;75;105;0.4418605;244;238.019;7;4
13176;132;7;0.8;0.5;76;101;0.4057377;260;234.9208;7;0
13177;132;7;0.8;0.5;77;101;0.4338843;237;236.6238;7;0
13178;132;7;0.8;0.5;78;102;0.4434389;243;235.1373;7;1
13179;132;7;0.8;0.5;79;102;0.496;244;236.5;7;1
13180;132;7;0.8;0.5;80;101;0.5384615;236;237.0099;7;0
13181;132;7;0.8;0.5;81;101;0.5874439;260;237.9307;7;0
13182;132;7;0.8;0.5;82;101;0.5338346;220;236.0099;7;0
13183;132;7;0.8;0.5;83;105;0.4727273;248;237.5619;7;4
13184;132;7;0.8;0.5;84;101;0.5694444;254;236.2574;7;0
13185;132;7;0.8;0.5;85;106;0.5462185;253;237.8774;7;5
13186;132;7;0.8;0.5;86;103;0.5151515;224;236.3689;7;2
13187;132;7;0.8;0.5;87;105;0.5;243;236.0095;7;4
13188;132;7;0.8;0.5;88;102;0.5491803;239;237.0784;7;1
13189;132;7;0.8;0.5;89;102;0.4960938;217;235.6667;7;1
13190;132;7;0.8;0.5;90;103;0.5447154;233;236.6019;7;2
13191;132;7;0.8;0.5;91;101;0.5493562;228;238.1287;7;0
13192;132;7;0.8;0.5;92;101;0.5156951;257;237.5347;7;0
13193;132;7;0.8;0.5;93;101;0.4939759;223;236.505;7;0
13194;132;7;0.8;0.5;94;101;0.4085106;273;239.8713;7;0
13195;132;7;0.8;0.5;95;101;0.4388186;247;237.505;7;0
13196;132;7;0.8;0.5;96;102;0.493617;241;236.5882;7;1
13197;132;7;0.8;0.5;97;102;0.4497992;223;238.1569;7;1
13198;132;7;0.8;0.5;98;103;0.468;234;235.767;7;2
13199;132;7;0.8;0.5;99;104;0.5247934;241;236.9712;7;3
13200;132;7;0.8;0.5;100;101;0.5585586;235;239.5842;7;0
13201;133;9;0.8;0.5;1;102;0.5062241;229;237.3039;9;1
13202;133;9;0.8;0.5;2;103;0.5333333;213;237.9709;9;2
13203;133;9;0.8;0.5;3;101;0.4573991;260;237.4653;9;0
13204;133;9;0.8;0.5;4;102;0.426009;238;238.1961;9;1
13205;133;9;0.8;0.5;5;102;0.5708155;244;236.402;9;1
13206;133;9;0.8;0.5;6;102;0.510917;243;236.2451;9;1
13207;133;9;0.8;0.5;7;103;0.4957265;246;237.5146;9;2
13208;133;9;0.8;0.5;8;101;0.5042373;220;236.9703;9;0
13209;133;9;0.8;0.5;9;101;0.5344828;226;237.3168;9;0
13210;133;9;0.8;0.5;10;103;0.5046296;230;234.2039;9;2
13211;133;9;0.8;0.5;11;104;0.4902913;245;236.1731;9;3
13212;133;9;0.8;0.5;12;104;0.4955752;235;236.7115;9;3
13213;133;9;0.8;0.5;13;101;0.4711111;265;235.1782;9;0
13214;133;9;0.8;0.5;14;105;0.4700855;250;236.7429;9;4
13215;133;9;0.8;0.5;15;106;0.4885496;238;236.5755;9;5
13216;133;9;0.8;0.5;16;103;0.4418605;221;238.0194;9;2
13217;133;9;0.8;0.5;17;101;0.5037879;232;235.5149;9;0
13218;133;9;0.8;0.5;18;102;0.5440613;240;236.6471;9;1
13219;133;9;0.8;0.5;19;105;0.4957983;233;237.5333;9;4
13220;133;9;0.8;0.5;20;102;0.4625;257;237.2647;9;1
13221;133;9;0.8;0.5;21;105;0.5347826;254;235.419;9;4
13222;133;9;0.8;0.5;22;104;0.509434;252;235.7019;9;3
13223;133;9;0.8;0.5;23;102;0.4741379;233;235.1176;9;1
13224;133;9;0.8;0.5;24;101;0.532;228;237.1386;9;0
13225;133;9;0.8;0.5;25;103;0.5314961;246;236.6019;9;2
13226;133;9;0.8;0.5;26;102;0.5061728;229;234.7843;9;1
13227;133;9;0.8;0.5;27;102;0.515748;230;234.5196;9;1
13228;133;9;0.8;0.5;28;102;0.5285171;220;237.1373;9;1
13229;133;9;0.8;0.5;29;104;0.5546218;244;237.4327;9;3
13230;133;9;0.8;0.5;30;104;0.5512821;226;237.5481;9;3
13231;133;9;0.8;0.5;31;101;0.5;223;235.6139;9;0
13232;133;9;0.8;0.5;32;103;0.517094;235;237.5049;9;2
13233;133;9;0.8;0.5;33;101;0.5021834;218;234.9505;9;0
13234;133;9;0.8;0.5;34;103;0.6169355;226;236.6602;9;2
13235;133;9;0.8;0.5;35;103;0.5330579;236;235.5049;9;2
13236;133;9;0.8;0.5;36;102;0.4981413;229;236.402;9;1
13237;133;9;0.8;0.5;37;102;0.4388186;235;235.7745;9;1
13238;133;9;0.8;0.5;38;102;0.4761905;232;238.3431;9;1
13239;133;9;0.8;0.5;39;101;0.4044944;224;237.5941;9;0
13240;133;9;0.8;0.5;40;101;0.4703196;234;239.3861;9;0
13241;133;9;0.8;0.5;41;101;0.5391705;256;237.4059;9;0
13242;133;9;0.8;0.5;42;101;0.4377682;250;235.5941;9;0
13243;133;9;0.8;0.5;43;101;0.4605263;245;236.7624;9;0
13244;133;9;0.8;0.5;44;105;0.5688889;235;236.0571;9;4
13245;133;9;0.8;0.5;45;104;0.4915254;248;237.5769;9;3
13246;133;9;0.8;0.5;46;101;0.5487805;214;235.1386;9;0
13247;133;9;0.8;0.5;47;102;0.4979757;252;237.098;9;1
13248;133;9;0.8;0.5;48;102;0.56;257;236.5882;9;1
13249;133;9;0.8;0.5;49;103;0.5481172;233;237.6699;9;2
13250;133;9;0.8;0.5;50;103;0.518018;242;237.3592;9;2
13251;133;9;0.8;0.5;51;101;0.5592417;235;236.3366;9;0
13252;133;9;0.8;0.5;52;103;0.5454545;218;236.2233;9;2
13253;133;9;0.8;0.5;53;103;0.4805195;245;235.0097;9;2
13254;133;9;0.8;0.5;54;101;0.5439331;237;236.6535;9;0
13255;133;9;0.8;0.5;55;101;0.4957983;213;238.1089;9;0
13256;133;9;0.8;0.5;56;101;0.4937759;232;236.1386;9;0
13257;133;9;0.8;0.5;57;101;0.4417671;268;236.8416;9;0
13258;133;9;0.8;0.5;58;101;0.5113122;238;234.7228;9;0
13259;133;9;0.8;0.5;59;101;0.5585586;228;236.8713;9;0
13260;133;9;0.8;0.5;60;102;0.5060729;205;236.9608;9;1
13261;133;9;0.8;0.5;61;104;0.4755556;251;235.1058;9;3
13262;133;9;0.8;0.5;62;103;0.4900398;257;236.7961;9;2
13263;133;9;0.8;0.5;63;104;0.4279476;252;238.1058;9;3
13264;133;9;0.8;0.5;64;103;0.491453;227;238.2718;9;2
13265;133;9;0.8;0.5;65;101;0.5081967;237;236.7426;9;0
13266;133;9;0.8;0.5;66;103;0.5;233;235.4563;9;2
13267;133;9;0.8;0.5;67;102;0.5639098;247;238.1176;9;1
13268;133;9;0.8;0.5;68;102;0.5686275;226;235.3824;9;1
13269;133;9;0.8;0.5;69;101;0.4637097;233;235.1287;9;0
13270;133;9;0.8;0.5;70;101;0.4937238;236;238.198;9;0
13271;133;9;0.8;0.5;71;101;0.474359;212;237.5743;9;0
13272;133;9;0.8;0.5;72;101;0.4380165;248;235.604;9;0
13273;133;9;0.8;0.5;73;105;0.548;233;235.2095;9;4
13274;133;9;0.8;0.5;74;101;0.4471545;217;237.3267;9;0
13275;133;9;0.8;0.5;75;115;0.4893617;255;235.4174;9;14
13276;133;9;0.8;0.5;76;103;0.4980392;240;236.8641;9;2
13277;133;9;0.8;0.5;77;101;0.5062241;231;236.4356;9;0
13278;133;9;0.8;0.5;78;102;0.4634146;219;237.2451;9;1
13279;133;9;0.8;0.5;79;103;0.5084034;227;235.9709;9;2
13280;133;9;0.8;0.5;80;103;0.5357143;233;235.3107;9;2
13281;133;9;0.8;0.5;81;103;0.4431818;239;236.8641;9;2
13282;133;9;0.8;0.5;82;102;0.4279279;240;234.5;9;1
13283;133;9;0.8;0.5;83;101;0.498008;234;235.8416;9;0
13284;133;9;0.8;0.5;84;103;0.4933921;257;236.5922;9;2
13285;133;9;0.8;0.5;85;101;0.4444444;232;236.6634;9;0
13286;133;9;0.8;0.5;86;101;0.5;223;236.9901;9;0
13287;133;9;0.8;0.5;87;101;0.5338346;247;239.8911;9;0
13288;133;9;0.8;0.5;88;101;0.4722222;211;237.4455;9;0
13289;133;9;0.8;0.5;89;101;0.5042735;251;237.4653;9;0
13290;133;9;0.8;0.5;90;101;0.5208333;227;233.297;9;0
13291;133;9;0.8;0.5;91;101;0.5152838;255;237;9;0
13292;133;9;0.8;0.5;92;101;0.5220588;230;235.9604;9;0
13293;133;9;0.8;0.5;93;107;0.44;217;237.1776;9;6
13294;133;9;0.8;0.5;94;102;0.4698795;211;234.6667;9;1
13295;133;9;0.8;0.5;95;102;0.5106383;250;236.1373;9;1
13296;133;9;0.8;0.5;96;103;0.5321888;230;237.1942;9;2
13297;133;9;0.8;0.5;97;103;0.6055777;226;238.0194;9;2
13298;133;9;0.8;0.5;98;102;0.5097276;232;237.8235;9;1
13299;133;9;0.8;0.5;99;104;0.5243902;229;237.125;9;3
13300;133;9;0.8;0.5;100;101;0.4467213;239;237.3267;9;0
13301;134;11;0.8;0.5;1;101;0.4978903;256;238.5347;11;0
13302;134;11;0.8;0.5;2;102;0.4859813;241;235.7353;11;1
13303;134;11;0.8;0.5;3;104;0.470339;239;237.9423;11;3
13304;134;11;0.8;0.5;4;101;0.4526749;228;237.0396;11;0
13305;134;11;0.8;0.5;5;101;0.5288462;244;237.3366;11;0
13306;134;11;0.8;0.5;6;101;0.5619469;255;236.4455;11;0
13307;134;11;0.8;0.5;7;101;0.4586777;231;236.3762;11;0
13308;134;11;0.8;0.5;8;102;0.5708333;235;237.8529;11;1
13309;134;11;0.8;0.5;9;102;0.504;228;236.8333;11;1
13310;134;11;0.8;0.5;10;102;0.5038168;223;236.098;11;1
13311;134;11;0.8;0.5;11;105;0.5041667;235;237.8286;11;4
13312;134;11;0.8;0.5;12;102;0.4819277;231;238.4608;11;1
13313;134;11;0.8;0.5;13;102;0.5630631;252;238.4804;11;1
13314;134;11;0.8;0.5;14;103;0.4875;199;236.4466;11;2
13315;134;11;0.8;0.5;15;103;0.5204918;236;237.3981;11;2
13316;134;11;0.8;0.5;16;102;0.4530612;236;238.1569;11;1
13317;134;11;0.8;0.5;17;101;0.4156379;246;235.7129;11;0
13318;134;11;0.8;0.5;18;101;0.5271967;239;234.2475;11;0
13319;134;11;0.8;0.5;19;102;0.4463519;247;237.6569;11;1
13320;134;11;0.8;0.5;20;103;0.4875;223;236.1553;11;2
13321;134;11;0.8;0.5;21;102;0.529148;228;235.5686;11;1
13322;134;11;0.8;0.5;22;102;0.4773663;224;237.5588;11;1
13323;134;11;0.8;0.5;23;102;0.4753363;241;235.3824;11;1
13324;134;11;0.8;0.5;24;101;0.4747899;236;235.7129;11;0
13325;134;11;0.8;0.5;25;102;0.5726496;219;235.7549;11;1
13326;134;11;0.8;0.5;26;103;0.5478927;233;238.3495;11;2
13327;134;11;0.8;0.5;27;103;0.4960317;214;236.0583;11;2
13328;134;11;0.8;0.5;28;101;0.4237288;229;235.8317;11;0
13329;134;11;0.8;0.5;29;101;0.4579439;238;237.2772;11;0
13330;134;11;0.8;0.5;30;101;0.463035;239;235.6931;11;0
13331;134;11;0.8;0.5;31;102;0.4759825;237;235.6471;11;1
13332;134;11;0.8;0.5;32;101;0.5514403;223;237.4554;11;0
13333;134;11;0.8;0.5;33;102;0.526971;225;236.3431;11;1
13334;134;11;0.8;0.5;34;101;0.4649123;234;237.2673;11;0
13335;134;11;0.8;0.5;35;101;0.5116279;243;238.1485;11;0
13336;134;11;0.8;0.5;36;104;0.5131579;258;237.4231;11;3
13337;134;11;0.8;0.5;37;106;0.4482759;241;233.9245;11;5
13338;134;11;0.8;0.5;38;101;0.4896266;247;236.5842;11;0
13339;134;11;0.8;0.5;39;102;0.4050633;222;234.8627;11;1
13340;134;11;0.8;0.5;40;101;0.5147679;234;238.2475;11;0
13341;134;11;0.8;0.5;41;102;0.4308943;266;237.4216;11;1
13342;134;11;0.8;0.5;42;102;0.5308057;251;236.3824;11;1
13343;134;11;0.8;0.5;43;102;0.5818182;237;235.7059;11;1
13344;134;11;0.8;0.5;44;101;0.5223881;243;236.198;11;0
13345;134;11;0.8;0.5;45;101;0.5;251;237.2376;11;0
13346;134;11;0.8;0.5;46;102;0.4524715;232;236.5294;11;1
13347;134;11;0.8;0.5;47;101;0.5542169;232;236.9901;11;0
13348;134;11;0.8;0.5;48;102;0.4816176;223;236.7255;11;1
13349;134;11;0.8;0.5;49;101;0.4902913;262;237.2277;11;0
13350;134;11;0.8;0.5;50;101;0.5330579;226;235.6139;11;0
13351;134;11;0.8;0.5;51;101;0.5261044;235;237.2178;11;0
13352;134;11;0.8;0.5;52;101;0.5303644;250;236.396;11;0
13353;134;11;0.8;0.5;53;101;0.498008;244;234.3564;11;0
13354;134;11;0.8;0.5;54;101;0.4932127;233;237.8812;11;0
13355;134;11;0.8;0.5;55;103;0.5474138;221;235.0777;11;2
13356;134;11;0.8;0.5;56;101;0.4459459;239;236.8218;11;0
13357;134;11;0.8;0.5;57;101;0.5349794;235;237.1287;11;0
13358;134;11;0.8;0.5;58;101;0.5107296;265;238.297;11;0
13359;134;11;0.8;0.5;59;101;0.51417;243;237.5842;11;0
13360;134;11;0.8;0.5;60;103;0.4847162;233;235.6214;11;2
13361;134;11;0.8;0.5;61;102;0.4976303;271;236.8137;11;1
13362;134;11;0.8;0.5;62;103;0.4851064;257;237.3689;11;2
13363;134;11;0.8;0.5;63;102;0.4723404;238;236.6176;11;1
13364;134;11;0.8;0.5;64;101;0.5243902;263;238.5842;11;0
13365;134;11;0.8;0.5;65;102;0.5462963;255;235.6176;11;1
13366;134;11;0.8;0.5;66;101;0.5191489;233;235.5644;11;0
13367;134;11;0.8;0.5;67;105;0.5930736;247;234.7714;11;4
13368;134;11;0.8;0.5;68;101;0.5140562;220;235.5941;11;0
13369;134;11;0.8;0.5;69;101;0.5508475;250;235.5347;11;0
13370;134;11;0.8;0.5;70;101;0.4142259;223;236.0198;11;0
13371;134;11;0.8;0.5;71;102;0.513308;215;237.3431;11;1
13372;134;11;0.8;0.5;72;104;0.5412844;249;235.7885;11;3
13373;134;11;0.8;0.5;73;103;0.5188285;240;236.0388;11;2
13374;134;11;0.8;0.5;74;103;0.4837398;218;234.9709;11;2
13375;134;11;0.8;0.5;75;101;0.4325397;230;236.6832;11;0
13376;134;11;0.8;0.5;76;101;0.424;248;236.8416;11;0
13377;134;11;0.8;0.5;77;103;0.4803493;236;235.2136;11;2
13378;134;11;0.8;0.5;78;101;0.54;242;236.099;11;0
13379;134;11;0.8;0.5;79;101;0.6033058;219;236.4356;11;0
13380;134;11;0.8;0.5;80;102;0.4618644;255;236.6667;11;1
13381;134;11;0.8;0.5;81;106;0.5411255;236;236.4434;11;5
13382;134;11;0.8;0.5;82;102;0.5194805;215;237.0196;11;1
13383;134;11;0.8;0.5;83;101;0.4506438;240;238.2871;11;0
13384;134;11;0.8;0.5;84;101;0.556391;217;237.901;11;0
13385;134;11;0.8;0.5;85;103;0.4508929;232;235.1068;11;2
13386;134;11;0.8;0.5;86;101;0.4567901;218;235.7129;11;0
13387;134;11;0.8;0.5;87;101;0.3972603;247;236.1782;11;0
13388;134;11;0.8;0.5;88;103;0.5956522;204;235.2816;11;2
13389;134;11;0.8;0.5;89;102;0.5067873;252;236.1569;11;1
13390;134;11;0.8;0.5;90;101;0.5429688;250;236.2574;11;0
13391;134;11;0.8;0.5;91;102;0.4444444;228;237.0882;11;1
13392;134;11;0.8;0.5;92;105;0.4009009;226;236.4381;11;4
13393;134;11;0.8;0.5;93;101;0.504386;232;236.3267;11;0
13394;134;11;0.8;0.5;94;101;0.4958333;232;237.3762;11;0
13395;134;11;0.8;0.5;95;101;0.4628099;245;236.6337;11;0
13396;134;11;0.8;0.5;96;101;0.4801762;248;238;11;0
13397;134;11;0.8;0.5;97;102;0.4677419;244;237.3627;11;1
13398;134;11;0.8;0.5;98;101;0.4843049;228;236.6337;11;0
13399;134;11;0.8;0.5;99;104;0.5733333;235;237.1635;11;3
13400;134;11;0.8;0.5;100;101;0.5047619;247;235.9109;11;0
13401;135;13;0.8;0.5;1;101;0.5146444;248;235.4455;13;0
13402;135;13;0.8;0.5;2;101;0.512931;253;237.1089;13;0
13403;135;13;0.8;0.5;3;101;0.4482759;224;237.4851;13;0
13404;135;13;0.8;0.5;4;102;0.5023474;230;237.3431;13;1
13405;135;13;0.8;0.5;5;103;0.5186722;216;236.6893;13;2
13406;135;13;0.8;0.5;6;102;0.5;239;237.7549;13;1
13407;135;13;0.8;0.5;7;102;0.5109489;229;236.1863;13;1
13408;135;13;0.8;0.5;8;104;0.4031621;268;238.0962;13;3
13409;135;13;0.8;0.5;9;102;0.5525114;234;236.1373;13;1
13410;135;13;0.8;0.5;10;101;0.4621849;241;235.7129;13;0
13411;135;13;0.8;0.5;11;101;0.5189873;229;234.2673;13;0
13412;135;13;0.8;0.5;12;101;0.4666667;241;237.1089;13;0
13413;135;13;0.8;0.5;13;101;0.4646018;235;235.3663;13;0
13414;135;13;0.8;0.5;14;109;0.4618644;235;238.4587;13;8
13415;135;13;0.8;0.5;15;103;0.4977778;250;237.0291;13;2
13416;135;13;0.8;0.5;16;101;0.5022422;236;236.4554;13;0
13417;135;13;0.8;0.5;17;101;0.508;231;236.505;13;0
13418;135;13;0.8;0.5;18;102;0.5194805;249;235.8039;13;1
13419;135;13;0.8;0.5;19;102;0.5166667;229;237.1373;13;1
13420;135;13;0.8;0.5;20;102;0.5357143;241;237.0784;13;1
13421;135;13;0.8;0.5;21;102;0.534188;236;236.2941;13;1
13422;135;13;0.8;0.5;22;101;0.468254;232;236.3267;13;0
13423;135;13;0.8;0.5;23;102;0.5;252;239.0098;13;1
13424;135;13;0.8;0.5;24;101;0.4365079;239;238.2178;13;0
13425;135;13;0.8;0.5;25;105;0.4016064;226;238.6571;13;4
13426;135;13;0.8;0.5;26;101;0.5281385;232;236.6832;13;0
13427;135;13;0.8;0.5;27;101;0.442623;231;235.5644;13;0
13428;135;13;0.8;0.5;28;103;0.444;239;236.5922;13;2
13429;135;13;0.8;0.5;29;101;0.5352113;240;236.5545;13;0
13430;135;13;0.8;0.5;30;102;0.4909091;256;237.6275;13;1
13431;135;13;0.8;0.5;31;103;0.5335968;237;238.8058;13;2
13432;135;13;0.8;0.5;32;101;0.4646018;249;236.9703;13;0
13433;135;13;0.8;0.5;33;102;0.4784314;212;236.6078;13;1
13434;135;13;0.8;0.5;34;101;0.4791667;258;237.0495;13;0
13435;135;13;0.8;0.5;35;103;0.4766355;233;237.3398;13;2
13436;135;13;0.8;0.5;36;101;0.529148;263;237.3069;13;0
13437;135;13;0.8;0.5;37;101;0.4814815;211;236.1287;13;0
13438;135;13;0.8;0.5;38;101;0.475;223;235.8515;13;0
13439;135;13;0.8;0.5;39;101;0.4959677;224;234.6436;13;0
13440;135;13;0.8;0.5;40;105;0.459144;234;237.019;13;4
13441;135;13;0.8;0.5;41;102;0.4887892;260;235.549;13;1
13442;135;13;0.8;0.5;42;101;0.5309735;234;236.0594;13;0
13443;135;13;0.8;0.5;43;101;0.4564315;222;237.5842;13;0
13444;135;13;0.8;0.5;44;101;0.4976744;251;237.5941;13;0
13445;135;13;0.8;0.5;45;102;0.5198238;252;236.6471;13;1
13446;135;13;0.8;0.5;46;102;0.5042373;258;236.0392;13;1
13447;135;13;0.8;0.5;47;101;0.4522822;245;234.9703;13;0
13448;135;13;0.8;0.5;48;103;0.5555556;223;237.1748;13;2
13449;135;13;0.8;0.5;49;101;0.5242291;233;238.2574;13;0
13450;135;13;0.8;0.5;50;101;0.4803493;222;237.2673;13;0
13451;135;13;0.8;0.5;51;102;0.4137931;227;237.7451;13;1
13452;135;13;0.8;0.5;52;101;0.5;235;235.7426;13;0
13453;135;13;0.8;0.5;53;105;0.5428571;252;236.4571;13;4
13454;135;13;0.8;0.5;54;103;0.5021097;259;236.7573;13;2
13455;135;13;0.8;0.5;55;101;0.587156;253;236.6238;13;0
13456;135;13;0.8;0.5;56;106;0.4618321;249;235.7925;13;5
13457;135;13;0.8;0.5;57;102;0.4621849;238;235.8824;13;1
13458;135;13;0.8;0.5;58;101;0.5702811;251;237.7426;13;0
13459;135;13;0.8;0.5;59;105;0.4416667;233;236.6476;13;4
13460;135;13;0.8;0.5;60;101;0.4849785;237;236.2178;13;0
13461;135;13;0.8;0.5;61;103;0.5106383;240;238.5049;13;2
13462;135;13;0.8;0.5;62;101;0.5284553;237;237.3861;13;0
13463;135;13;0.8;0.5;63;102;0.5502183;245;237.3529;13;1
13464;135;13;0.8;0.5;64;101;0.624031;229;238.4455;13;0
13465;135;13;0.8;0.5;65;101;0.5061224;224;237.8317;13;0
13466;135;13;0.8;0.5;66;101;0.5115207;248;236.0495;13;0
13467;135;13;0.8;0.5;67;101;0.4329004;248;236.3861;13;0
13468;135;13;0.8;0.5;68;104;0.5204918;255;236.9135;13;3
13469;135;13;0.8;0.5;69;101;0.51;255;236.5743;13;0
13470;135;13;0.8;0.5;70;101;0.5252101;232;236.9901;13;0
13471;135;13;0.8;0.5;71;105;0.5847458;237;236.5619;13;4
13472;135;13;0.8;0.5;72;101;0.4750958;238;235.6139;13;0
13473;135;13;0.8;0.5;73;101;0.46875;215;237.2673;13;0
13474;135;13;0.8;0.5;74;101;0.468254;256;237.703;13;0
13475;135;13;0.8;0.5;75;101;0.4481328;236;235.3663;13;0
13476;135;13;0.8;0.5;76;101;0.4385246;222;237.6337;13;0
13477;135;13;0.8;0.5;77;101;0.5555556;205;238.1683;13;0
13478;135;13;0.8;0.5;78;102;0.4710744;239;234.7451;13;1
13479;135;13;0.8;0.5;79;103;0.4632035;252;235.0777;13;2
13480;135;13;0.8;0.5;80;101;0.5037879;231;234.8713;13;0
13481;135;13;0.8;0.5;81;102;0.4790875;226;235.3431;13;1
13482;135;13;0.8;0.5;82;102;0.5444015;224;234.9314;13;1
13483;135;13;0.8;0.5;83;102;0.4291845;230;237.7451;13;1
13484;135;13;0.8;0.5;84;106;0.4852321;238;236.9906;13;5
13485;135;13;0.8;0.5;85;101;0.524;262;238.0891;13;0
13486;135;13;0.8;0.5;86;101;0.5696721;242;237.4356;13;0
13487;135;13;0.8;0.5;87;105;0.4918699;230;238.3429;13;4
13488;135;13;0.8;0.5;88;101;0.5938865;260;236.8218;13;0
13489;135;13;0.8;0.5;89;101;0.5082645;224;235.7822;13;0
13490;135;13;0.8;0.5;90;102;0.4845815;230;236.5392;13;1
13491;135;13;0.8;0.5;91;101;0.5783133;243;236.5842;13;0
13492;135;13;0.8;0.5;92;101;0.5344828;257;236.8614;13;0
13493;135;13;0.8;0.5;93;102;0.4516129;240;236.902;13;1
13494;135;13;0.8;0.5;94;101;0.4868421;213;234.6931;13;0
13495;135;13;0.8;0.5;95;106;0.5298805;240;235.1698;13;5
13496;135;13;0.8;0.5;96;103;0.5140562;235;237.0971;13;2
13497;135;13;0.8;0.5;97;101;0.5219298;251;236.8515;13;0
13498;135;13;0.8;0.5;98;103;0.4314516;243;236.835;13;2
13499;135;13;0.8;0.5;99;101;0.5546875;234;237.6337;13;0
13500;135;13;0.8;0.5;100;102;0.5045455;261;238.2843;13;1
13501;136;15;0.8;0.5;1;101;0.5685484;244;237.505;15;0
13502;136;15;0.8;0.5;2;102;0.4765625;234;235.6863;15;1
13503;136;15;0.8;0.5;3;104;0.5020576;227;235.8269;15;3
13504;136;15;0.8;0.5;4;108;0.509434;227;235.2315;15;7
13505;136;15;0.8;0.5;5;101;0.5298805;241;236.5842;15;0
13506;136;15;0.8;0.5;6;103;0.4696356;240;234.534;15;2
13507;136;15;0.8;0.5;7;102;0.5495868;232;237.3235;15;1
13508;136;15;0.8;0.5;8;101;0.5967078;219;238.802;15;0
13509;136;15;0.8;0.5;9;101;0.4763948;244;236.9406;15;0
13510;136;15;0.8;0.5;10;101;0.5403226;216;236.6535;15;0
13511;136;15;0.8;0.5;11;106;0.5;227;236.434;15;5
13512;136;15;0.8;0.5;12;101;0.5384615;246;235.8416;15;0
13513;136;15;0.8;0.5;13;101;0.5744681;234;237.1584;15;0
13514;136;15;0.8;0.5;14;101;0.4684685;246;235.6139;15;0
13515;136;15;0.8;0.5;15;102;0.4453782;231;235.7549;15;1
13516;136;15;0.8;0.5;16;103;0.498008;234;234.2233;15;2
13517;136;15;0.8;0.5;17;101;0.5189873;234;236.5644;15;0
13518;136;15;0.8;0.5;18;103;0.4857143;238;234.6602;15;2
13519;136;15;0.8;0.5;19;101;0.5247934;249;237.901;15;0
13520;136;15;0.8;0.5;20;102;0.4279835;238;237.9412;15;1
13521;136;15;0.8;0.5;21;102;0.5;240;235.5098;15;1
13522;136;15;0.8;0.5;22;102;0.5405405;249;236.5882;15;1
13523;136;15;0.8;0.5;23;102;0.4291339;247;236.8431;15;1
13524;136;15;0.8;0.5;24;104;0.4666667;242;237.0192;15;3
13525;136;15;0.8;0.5;25;101;0.5207373;254;238.6238;15;0
13526;136;15;0.8;0.5;26;111;0.4979424;243;236.2793;15;10
13527;136;15;0.8;0.5;27;101;0.5274262;240;237.8713;15;0
13528;136;15;0.8;0.5;28;102;0.6100386;226;236.4118;15;1
13529;136;15;0.8;0.5;29;101;0.4363636;253;237.5743;15;0
13530;136;15;0.8;0.5;30;101;0.5508475;229;238.2772;15;0
13531;136;15;0.8;0.5;31;101;0.4072581;245;237.7723;15;0
13532;136;15;0.8;0.5;32;102;0.5371901;233;237.8824;15;1
13533;136;15;0.8;0.5;33;102;0.3920705;257;238.1961;15;1
13534;136;15;0.8;0.5;34;101;0.5020408;247;237.2277;15;0
13535;136;15;0.8;0.5;35;101;0.4302789;217;234.8317;15;0
13536;136;15;0.8;0.5;36;101;0.4304348;235;236.0693;15;0
13537;136;15;0.8;0.5;37;101;0.5333333;239;234.6832;15;0
13538;136;15;0.8;0.5;38;101;0.4798206;244;237.1584;15;0
13539;136;15;0.8;0.5;39;101;0.4772727;241;235.4752;15;0
13540;136;15;0.8;0.5;40;101;0.5150215;234;236.703;15;0
13541;136;15;0.8;0.5;41;101;0.4246032;228;237.8119;15;0
13542;136;15;0.8;0.5;42;105;0.5698113;214;236.4952;15;4
13543;136;15;0.8;0.5;43;103;0.5366972;250;237.0194;15;2
13544;136;15;0.8;0.5;44;101;0.5353982;238;236.5248;15;0
13545;136;15;0.8;0.5;45;102;0.4788732;249;235.0882;15;1
13546;136;15;0.8;0.5;46;104;0.541502;250;236.2885;15;3
13547;136;15;0.8;0.5;47;101;0.535865;255;237.2178;15;0
13548;136;15;0.8;0.5;48;101;0.4612245;239;235.7426;15;0
13549;136;15;0.8;0.5;49;105;0.5410628;252;236.9143;15;4
13550;136;15;0.8;0.5;50;102;0.4340426;264;236.2451;15;1
13551;136;15;0.8;0.5;51;102;0.4683544;212;237.1863;15;1
13552;136;15;0.8;0.5;52;102;0.5294118;237;238.6765;15;1
13553;136;15;0.8;0.5;53;102;0.4222222;243;236.4608;15;1
13554;136;15;0.8;0.5;54;103;0.4817814;250;236.4466;15;2
13555;136;15;0.8;0.5;55;101;0.492126;253;238.1485;15;0
13556;136;15;0.8;0.5;56;102;0.5350877;264;238.0588;15;1
13557;136;15;0.8;0.5;57;101;0.4957627;218;237.8416;15;0
13558;136;15;0.8;0.5;58;102;0.5560166;234;235.8039;15;1
13559;136;15;0.8;0.5;59;103;0.53125;240;235.5825;15;2
13560;136;15;0.8;0.5;60;101;0.5604839;217;235.1089;15;0
13561;136;15;0.8;0.5;61;102;0.5394737;242;236.5588;15;1
13562;136;15;0.8;0.5;62;103;0.5323383;244;234.5728;15;2
13563;136;15;0.8;0.5;63;105;0.4710744;227;236.8095;15;4
13564;136;15;0.8;0.5;64;101;0.548;239;237.4059;15;0
13565;136;15;0.8;0.5;65;101;0.526749;253;238.0198;15;0
13566;136;15;0.8;0.5;66;106;0.5412844;245;236.7264;15;5
13567;136;15;0.8;0.5;67;101;0.3984375;229;236.0297;15;0
13568;136;15;0.8;0.5;68;101;0.5198238;228;236.0198;15;0
13569;136;15;0.8;0.5;69;107;0.4615385;240;234.3832;15;6
13570;136;15;0.8;0.5;70;101;0.5391304;246;237.5941;15;0
13571;136;15;0.8;0.5;71;101;0.5669291;230;236.1782;15;0
13572;136;15;0.8;0.5;72;103;0.4291845;246;234.8835;15;2
13573;136;15;0.8;0.5;73;101;0.5021097;224;236.9208;15;0
13574;136;15;0.8;0.5;74;101;0.5209302;225;236.5545;15;0
13575;136;15;0.8;0.5;75;102;0.5152838;241;236.3235;15;1
13576;136;15;0.8;0.5;76;102;0.5607477;252;236.4118;15;1
13577;136;15;0.8;0.5;77;102;0.5115385;229;236.6373;15;1
13578;136;15;0.8;0.5;78;101;0.5204918;231;238.3069;15;0
13579;136;15;0.8;0.5;79;101;0.5443038;243;235.2772;15;0
13580;136;15;0.8;0.5;80;101;0.5584906;253;237.5446;15;0
13581;136;15;0.8;0.5;81;103;0.5684647;246;234.8932;15;2
13582;136;15;0.8;0.5;82;102;0.4780876;250;237.8431;15;1
13583;136;15;0.8;0.5;83;101;0.527027;246;235.9307;15;0
13584;136;15;0.8;0.5;84;102;0.5057034;243;237.9608;15;1
13585;136;15;0.8;0.5;85;106;0.5841121;238;235.0283;15;5
13586;136;15;0.8;0.5;86;101;0.4538153;218;237.2475;15;0
13587;136;15;0.8;0.5;87;101;0.5;222;236.9802;15;0
13588;136;15;0.8;0.5;88;102;0.4083333;237;237.5882;15;1
13589;136;15;0.8;0.5;89;101;0.5137615;223;235.8614;15;0
13590;136;15;0.8;0.5;90;101;0.45;227;234.099;15;0
13591;136;15;0.8;0.5;91;102;0.5514403;241;237.4902;15;1
13592;136;15;0.8;0.5;92;102;0.5387931;234;236.2157;15;1
13593;136;15;0.8;0.5;93;103;0.4489796;218;237.4078;15;2
13594;136;15;0.8;0.5;94;101;0.4322034;244;236.4059;15;0
13595;136;15;0.8;0.5;95;101;0.4149378;259;235.8416;15;0
13596;136;15;0.8;0.5;96;104;0.5286344;236;234.625;15;3
13597;136;15;0.8;0.5;97;103;0.5154185;244;236.3495;15;2
13598;136;15;0.8;0.5;98;101;0.5375;233;238.0693;15;0
13599;136;15;0.8;0.5;99;101;0.4484127;225;236.7129;15;0
13600;136;15;0.8;0.5;100;101;0.5550847;261;238.0693;15;0
13601;137;17;0.8;0.5;1;101;0.5617978;237;237.2871;17;0
13602;137;17;0.8;0.5;2;103;0.522449;197;234.7767;17;2
13603;137;17;0.8;0.5;3;101;0.4222222;246;239.0396;17;0
13604;137;17;0.8;0.5;4;101;0.529661;209;234.9604;17;0
13605;137;17;0.8;0.5;5;101;0.5275229;242;236.3366;17;0
13606;137;17;0.8;0.5;6;102;0.4475806;231;238.5098;17;1
13607;137;17;0.8;0.5;7;101;0.5172414;243;238.099;17;0
13608;137;17;0.8;0.5;8;103;0.5532787;249;236.9903;17;2
13609;137;17;0.8;0.5;9;102;0.5127119;241;236.6961;17;1
13610;137;17;0.8;0.5;10;103;0.5364807;240;237.2136;17;2
13611;137;17;0.8;0.5;11;103;0.5862069;209;236.0485;17;2
13612;137;17;0.8;0.5;12;102;0.4416667;257;236.1961;17;1
13613;137;17;0.8;0.5;13;101;0.5225564;206;235.0297;17;0
13614;137;17;0.8;0.5;14;103;0.5158371;232;235.8738;17;2
13615;137;17;0.8;0.5;15;102;0.4977578;237;237.2941;17;1
13616;137;17;0.8;0.5;16;101;0.553719;244;235.9109;17;0
13617;137;17;0.8;0.5;17;103;0.5045045;243;236.2816;17;2
13618;137;17;0.8;0.5;18;101;0.5020747;245;235.8317;17;0
13619;137;17;0.8;0.5;19;101;0.5391304;246;237.5743;17;0
13620;137;17;0.8;0.5;20;103;0.5474138;268;235.3786;17;2
13621;137;17;0.8;0.5;21;101;0.4663866;202;235.5149;17;0
13622;137;17;0.8;0.5;22;102;0.527897;239;239.902;17;1
13623;137;17;0.8;0.5;23;101;0.5306122;240;238.0099;17;0
13624;137;17;0.8;0.5;24;103;0.5707965;241;237.1553;17;2
13625;137;17;0.8;0.5;25;101;0.5403226;233;238.9802;17;0
13626;137;17;0.8;0.5;26;101;0.460177;245;235.1386;17;0
13627;137;17;0.8;0.5;27;104;0.4736842;231;234.9423;17;3
13628;137;17;0.8;0.5;28;102;0.4932127;246;236.1863;17;1
13629;137;17;0.8;0.5;29;101;0.4976959;230;237.3168;17;0
13630;137;17;0.8;0.5;30;101;0.4487179;231;236.297;17;0
13631;137;17;0.8;0.5;31;101;0.476;243;238.2178;17;0
13632;137;17;0.8;0.5;32;101;0.4367347;233;237.505;17;0
13633;137;17;0.8;0.5;33;103;0.5384615;231;236.165;17;2
13634;137;17;0.8;0.5;34;101;0.4652174;236;237.4653;17;0
13635;137;17;0.8;0.5;35;104;0.4977778;252;236.7115;17;3
13636;137;17;0.8;0.5;36;101;0.5273632;241;233.8812;17;0
13637;137;17;0.8;0.5;37;101;0.4411765;252;234.2574;17;0
13638;137;17;0.8;0.5;38;102;0.4680851;225;236.6569;17;1
13639;137;17;0.8;0.5;39;101;0.5625;224;237.7426;17;0
13640;137;17;0.8;0.5;40;101;0.454902;226;235.1485;17;0
13641;137;17;0.8;0.5;41;101;0.5189873;234;237.4653;17;0
13642;137;17;0.8;0.5;42;101;0.439834;238;236.8218;17;0
13643;137;17;0.8;0.5;43;102;0.5669643;242;236.2843;17;1
13644;137;17;0.8;0.5;44;101;0.4937759;229;235.9703;17;0
13645;137;17;0.8;0.5;45;103;0.4637681;230;237.165;17;2
13646;137;17;0.8;0.5;46;101;0.5795918;234;238.396;17;0
13647;137;17;0.8;0.5;47;101;0.4343891;257;237.3267;17;0
13648;137;17;0.8;0.5;48;104;0.4826255;237;236.2885;17;3
13649;137;17;0.8;0.5;49;101;0.5953307;221;235.9604;17;0
13650;137;17;0.8;0.5;50;103;0.4652174;236;236.233;17;2
13651;137;17;0.8;0.5;51;101;0.4644351;228;236.8713;17;0
13652;137;17;0.8;0.5;52;101;0.5206612;231;237.703;17;0
13653;137;17;0.8;0.5;53;101;0.5183673;220;237.6634;17;0
13654;137;17;0.8;0.5;54;101;0.484127;225;236.5743;17;0
13655;137;17;0.8;0.5;55;110;0.5226337;208;236.5455;17;9
13656;137;17;0.8;0.5;56;101;0.5406504;239;235.8416;17;0
13657;137;17;0.8;0.5;57;106;0.5108225;241;236.8019;17;5
13658;137;17;0.8;0.5;58;101;0.5084746;234;237.4752;17;0
13659;137;17;0.8;0.5;59;101;0.4556452;247;237.1782;17;0
13660;137;17;0.8;0.5;60;101;0.516129;221;237.8515;17;0
13661;137;17;0.8;0.5;61;101;0.5144033;227;236.505;17;0
13662;137;17;0.8;0.5;62;101;0.5263158;230;237.0891;17;0
13663;137;17;0.8;0.5;63;101;0.5238095;248;236.2079;17;0
13664;137;17;0.8;0.5;64;101;0.4537815;229;238.3663;17;0
13665;137;17;0.8;0.5;65;101;0.5857741;236;236.7723;17;0
13666;137;17;0.8;0.5;66;101;0.5694444;238;235.4257;17;0
13667;137;17;0.8;0.5;67;103;0.4938776;248;235.2913;17;2
13668;137;17;0.8;0.5;68;102;0.4736842;232;237.6373;17;1
13669;137;17;0.8;0.5;69;102;0.4827586;242;236.3725;17;1
13670;137;17;0.8;0.5;70;101;0.5092251;229;235.505;17;0
13671;137;17;0.8;0.5;71;101;0.5465116;234;237.9406;17;0
13672;137;17;0.8;0.5;72;101;0.4776786;232;237.8218;17;0
13673;137;17;0.8;0.5;73;101;0.4713115;221;236.2178;17;0
13674;137;17;0.8;0.5;74;102;0.5454545;222;236.2353;17;1
13675;137;17;0.8;0.5;75;101;0.5144033;238;237.6832;17;0
13676;137;17;0.8;0.5;76;101;0.5221239;252;238.2277;17;0
13677;137;17;0.8;0.5;77;105;0.5148936;216;238.0476;17;4
13678;137;17;0.8;0.5;78;102;0.5825688;240;236.8039;17;1
13679;137;17;0.8;0.5;79;102;0.5022026;229;235.1275;17;1
13680;137;17;0.8;0.5;80;103;0.4612245;229;234.9515;17;2
13681;137;17;0.8;0.5;81;101;0.4691358;232;234.4851;17;0
13682;137;17;0.8;0.5;82;101;0.4957627;241;236.3564;17;0
13683;137;17;0.8;0.5;83;102;0.5646552;242;236.8627;17;1
13684;137;17;0.8;0.5;84;103;0.5166052;220;235.6019;17;2
13685;137;17;0.8;0.5;85;102;0.4517544;250;236.7941;17;1
13686;137;17;0.8;0.5;86;102;0.4420601;264;236.6275;17;1
13687;137;17;0.8;0.5;87;101;0.5371179;214;234.198;17;0
13688;137;17;0.8;0.5;88;101;0.5348837;239;236.7822;17;0
13689;137;17;0.8;0.5;89;104;0.4895397;265;236.0192;17;3
13690;137;17;0.8;0.5;90;102;0.4795082;228;237.2255;17;1
13691;137;17;0.8;0.5;91;102;0.5673077;257;237.9314;17;1
13692;137;17;0.8;0.5;92;104;0.4678112;251;236.5865;17;3
13693;137;17;0.8;0.5;93;103;0.5322581;234;235.6019;17;2
13694;137;17;0.8;0.5;94;103;0.4776786;250;237.8932;17;2
13695;137;17;0.8;0.5;95;101;0.5307692;233;237.0693;17;0
13696;137;17;0.8;0.5;96;101;0.5194805;261;236.8614;17;0
13697;137;17;0.8;0.5;97;102;0.5131579;253;235.2843;17;1
13698;137;17;0.8;0.5;98;102;0.5696203;244;236.4902;17;1
13699;137;17;0.8;0.5;99;101;0.5276596;252;237.5743;17;0
13700;137;17;0.8;0.5;100;101;0.5;223;237.2178;17;0
13701;138;19;0.8;0.5;1;103;0.4636364;256;239.0583;19;2
13702;138;19;0.8;0.5;2;101;0.5411255;246;236.5446;19;0
13703;138;19;0.8;0.5;3;101;0.4717742;239;238.5545;19;0
13704;138;19;0.8;0.5;4;101;0.5127119;251;236.6634;19;0
13705;138;19;0.8;0.5;5;102;0.4743083;232;235.4902;19;1
13706;138;19;0.8;0.5;6;101;0.5381166;236;236.1683;19;0
13707;138;19;0.8;0.5;7;101;0.5021277;245;236.9703;19;0
13708;138;19;0.8;0.5;8;105;0.475;213;235.6286;19;4
13709;138;19;0.8;0.5;9;101;0.4889868;260;236.396;19;0
13710;138;19;0.8;0.5;10;101;0.4318182;219;239.2772;19;0
13711;138;19;0.8;0.5;11;110;0.509009;239;237.7545;19;9
13712;138;19;0.8;0.5;12;102;0.5020243;222;235.7353;19;1
13713;138;19;0.8;0.5;13;106;0.4957983;212;236.717;19;5
13714;138;19;0.8;0.5;14;101;0.5434783;260;236.1683;19;0
13715;138;19;0.8;0.5;15;101;0.5225225;254;235.6238;19;0
13716;138;19;0.8;0.5;16;102;0.5137255;241;235.2941;19;1
13717;138;19;0.8;0.5;17;101;0.5081301;235;236.9208;19;0
13718;138;19;0.8;0.5;18;102;0.55;248;236.098;19;1
13719;138;19;0.8;0.5;19;101;0.5391304;226;237.8713;19;0
13720;138;19;0.8;0.5;20;103;0.5902256;229;237.301;19;2
13721;138;19;0.8;0.5;21;102;0.4790698;248;236.4412;19;1
13722;138;19;0.8;0.5;22;101;0.5390947;258;238.3564;19;0
13723;138;19;0.8;0.5;23;103;0.5390625;227;236.534;19;2
13724;138;19;0.8;0.5;24;101;0.5478261;246;237.8416;19;0
13725;138;19;0.8;0.5;25;102;0.546729;246;236.1176;19;1
13726;138;19;0.8;0.5;26;102;0.5627706;231;235.6863;19;1
13727;138;19;0.8;0.5;27;102;0.468;229;236.1373;19;1
13728;138;19;0.8;0.5;28;103;0.5692884;220;234.3883;19;2
13729;138;19;0.8;0.5;29;103;0.4541985;234;237.1068;19;2
13730;138;19;0.8;0.5;30;101;0.4868421;238;236.4257;19;0
13731;138;19;0.8;0.5;31;107;0.5321101;234;236.7477;19;6
13732;138;19;0.8;0.5;32;101;0.5349794;243;237.3366;19;0
13733;138;19;0.8;0.5;33;104;0.4977974;253;235.6346;19;3
13734;138;19;0.8;0.5;34;105;0.5208333;211;236.2952;19;4
13735;138;19;0.8;0.5;35;104;0.534188;235;237.0673;19;3
13736;138;19;0.8;0.5;36;101;0.4934498;248;234.7525;19;0
13737;138;19;0.8;0.5;37;101;0.4913043;238;236.8812;19;0
13738;138;19;0.8;0.5;38;104;0.4434389;227;237.6923;19;3
13739;138;19;0.8;0.5;39;103;0.4818182;266;237.1553;19;2
13740;138;19;0.8;0.5;40;101;0.5019608;245;235.8713;19;0
13741;138;19;0.8;0.5;41;102;0.5625;237;238.0392;19;1
13742;138;19;0.8;0.5;42;102;0.51417;222;236.8137;19;1
13743;138;19;0.8;0.5;43;103;0.469697;238;236.8641;19;2
13744;138;19;0.8;0.5;44;101;0.4886878;234;237.3168;19;0
13745;138;19;0.8;0.5;45;101;0.5080645;248;236.0297;19;0
13746;138;19;0.8;0.5;46;102;0.4826255;223;234.7941;19;1
13747;138;19;0.8;0.5;47;106;0.4525862;250;237.4151;19;5
13748;138;19;0.8;0.5;48;101;0.5144033;248;238.2376;19;0
13749;138;19;0.8;0.5;49;101;0.4562212;246;237.3267;19;0
13750;138;19;0.8;0.5;50;103;0.463964;231;236.3204;19;2
13751;138;19;0.8;0.5;51;101;0.4698795;236;238.099;19;0
13752;138;19;0.8;0.5;52;101;0.4344262;232;236.5347;19;0
13753;138;19;0.8;0.5;53;102;0.5687023;235;236.2843;19;1
13754;138;19;0.8;0.5;54;102;0.52;235;235.7255;19;1
13755;138;19;0.8;0.5;55;104;0.5327511;229;235.8173;19;3
13756;138;19;0.8;0.5;56;101;0.5130435;229;235.6733;19;0
13757;138;19;0.8;0.5;57;101;0.4771784;238;236.5743;19;0
13758;138;19;0.8;0.5;58;101;0.5465587;253;237.1782;19;0
13759;138;19;0.8;0.5;59;101;0.4777328;237;235.8713;19;0
13760;138;19;0.8;0.5;60;101;0.5308642;229;235.5446;19;0
13761;138;19;0.8;0.5;61;101;0.492823;245;234.4752;19;0
13762;138;19;0.8;0.5;62;107;0.4579832;245;238.514;19;6
13763;138;19;0.8;0.5;63;101;0.4810127;222;237.5743;19;0
13764;138;19;0.8;0.5;64;101;0.5142857;251;235.5941;19;0
13765;138;19;0.8;0.5;65;101;0.5617021;209;236.8119;19;0
13766;138;19;0.8;0.5;66;101;0.4273859;243;237.099;19;0
13767;138;19;0.8;0.5;67;101;0.5426357;232;237.7723;19;0
13768;138;19;0.8;0.5;68;101;0.4767932;240;237.198;19;0
13769;138;19;0.8;0.5;69;101;0.4956897;218;236.5941;19;0
13770;138;19;0.8;0.5;70;102;0.5404255;228;236.2745;19;1
13771;138;19;0.8;0.5;71;101;0.5400844;252;237.8317;19;0
13772;138;19;0.8;0.5;72;101;0.5181818;239;234.5149;19;0
13773;138;19;0.8;0.5;73;101;0.4772727;222;235.0792;19;0
13774;138;19;0.8;0.5;74;101;0.4935065;257;237.4554;19;0
13775;138;19;0.8;0.5;75;101;0.5;229;236.8218;19;0
13776;138;19;0.8;0.5;76;101;0.5178571;251;237.1386;19;0
13777;138;19;0.8;0.5;77;101;0.54;234;237.0198;19;0
13778;138;19;0.8;0.5;78;101;0.4779116;234;236.8713;19;0
13779;138;19;0.8;0.5;79;101;0.4408163;238;236.5644;19;0
13780;138;19;0.8;0.5;80;101;0.4242424;235;236.7129;19;0
13781;138;19;0.8;0.5;81;102;0.4681818;255;238.0686;19;1
13782;138;19;0.8;0.5;82;101;0.5296804;258;235.4653;19;0
13783;138;19;0.8;0.5;83;102;0.5442478;234;235.8431;19;1
13784;138;19;0.8;0.5;84;102;0.5021277;250;236.8922;19;1
13785;138;19;0.8;0.5;85;101;0.5168067;227;237.4752;19;0
13786;138;19;0.8;0.5;86;101;0.5221239;242;236.9604;19;0
13787;138;19;0.8;0.5;87;102;0.4764151;279;236.4314;19;1
13788;138;19;0.8;0.5;88;103;0.537037;264;237.5534;19;2
13789;138;19;0.8;0.5;89;103;0.487069;239;235.4272;19;2
13790;138;19;0.8;0.5;90;101;0.5065502;235;237.5248;19;0
13791;138;19;0.8;0.5;91;103;0.45;236;237.4757;19;2
13792;138;19;0.8;0.5;92;101;0.5084746;222;235.198;19;0
13793;138;19;0.8;0.5;93;103;0.470852;231;236.6117;19;2
13794;138;19;0.8;0.5;94;103;0.4960317;229;235.8738;19;2
13795;138;19;0.8;0.5;95;101;0.4932127;261;235.3762;19;0
13796;138;19;0.8;0.5;96;101;0.5166667;249;237.2277;19;0
13797;138;19;0.8;0.5;97;101;0.5082645;256;236.9406;19;0
13798;138;19;0.8;0.5;98;103;0.5877193;241;236.9029;19;2
13799;138;19;0.8;0.5;99;102;0.4955357;235;236.2059;19;1
13800;138;19;0.8;0.5;100;101;0.5167464;232;237.5545;19;0
13801;139;21;0.8;0.5;1;102;0.4439834;226;237.6078;21;1
13802;139;21;0.8;0.5;2;101;0.5654008;260;237.8416;21;0
13803;139;21;0.8;0.5;3;102;0.506383;239;235;21;1
13804;139;21;0.8;0.5;4;101;0.476378;235;237.8515;21;0
13805;139;21;0.8;0.5;5;102;0.4170213;241;235.9412;21;1
13806;139;21;0.8;0.5;6;103;0.5932203;238;235.2816;21;2
13807;139;21;0.8;0.5;7;105;0.5211268;229;238.0381;21;4
13808;139;21;0.8;0.5;8;105;0.4801762;218;237.3619;21;4
13809;139;21;0.8;0.5;9;102;0.5518672;230;238.1373;21;1
13810;139;21;0.8;0.5;10;101;0.476;211;237.2475;21;0
13811;139;21;0.8;0.5;11;103;0.5635593;250;234.8932;21;2
13812;139;21;0.8;0.5;12;101;0.5;247;236.0495;21;0
13813;139;21;0.8;0.5;13;101;0.4752066;225;237.3762;21;0
13814;139;21;0.8;0.5;14;101;0.4880952;246;235.3762;21;0
13815;139;21;0.8;0.5;15;101;0.4814815;243;236.3267;21;0
13816;139;21;0.8;0.5;16;102;0.5372549;216;238.2647;21;1
13817;139;21;0.8;0.5;17;101;0.534413;210;235.2574;21;0
13818;139;21;0.8;0.5;18;104;0.5183673;224;238.0481;21;3
13819;139;21;0.8;0.5;19;102;0.4556962;233;236.5882;21;1
13820;139;21;0.8;0.5;20;104;0.4631148;233;238.2212;21;3
13821;139;21;0.8;0.5;21;102;0.4647303;251;239.4216;21;1
13822;139;21;0.8;0.5;22;104;0.5633188;225;237.1442;21;3
13823;139;21;0.8;0.5;23;101;0.5173913;232;235.7822;21;0
13824;139;21;0.8;0.5;24;101;0.5343137;256;235.3762;21;0
13825;139;21;0.8;0.5;25;101;0.4813278;246;236.8119;21;0
13826;139;21;0.8;0.5;26;101;0.5255814;258;235;21;0
13827;139;21;0.8;0.5;27;101;0.5064935;254;237.1485;21;0
13828;139;21;0.8;0.5;28;101;0.5440613;247;237.4554;21;0
13829;139;21;0.8;0.5;29;102;0.5690377;240;238.2157;21;1
13830;139;21;0.8;0.5;30;101;0.5630252;227;236;21;0
13831;139;21;0.8;0.5;31;102;0.487069;250;237.6863;21;1
13832;139;21;0.8;0.5;32;101;0.4958333;260;236.2574;21;0
13833;139;21;0.8;0.5;33;105;0.4912281;226;235.5238;21;4
13834;139;21;0.8;0.5;34;102;0.5565217;228;234.7843;21;1
13835;139;21;0.8;0.5;35;103;0.5079365;241;236.2427;21;2
13836;139;21;0.8;0.5;36;110;0.4891775;209;236.2909;21;9
13837;139;21;0.8;0.5;37;108;0.4718615;258;237.6019;21;7
13838;139;21;0.8;0.5;38;108;0.5215517;268;239.3889;21;7
13839;139;21;0.8;0.5;39;101;0.540856;221;235.9604;21;0
13840;139;21;0.8;0.5;40;101;0.5222672;216;237.495;21;0
13841;139;21;0.8;0.5;41;101;0.5236052;267;238.0099;21;0
13842;139;21;0.8;0.5;42;101;0.5133929;230;236.5248;21;0
13843;139;21;0.8;0.5;43;101;0.477551;235;237.2871;21;0
13844;139;21;0.8;0.5;44;101;0.4836066;224;236.1188;21;0
13845;139;21;0.8;0.5;45;103;0.5101215;221;236.2427;21;2
13846;139;21;0.8;0.5;46;101;0.4961832;224;238.1089;21;0
13847;139;21;0.8;0.5;47;101;0.5421687;237;238.1683;21;0
13848;139;21;0.8;0.5;48;102;0.4937759;250;237.1275;21;1
13849;139;21;0.8;0.5;49;101;0.4759825;243;236.1287;21;0
13850;139;21;0.8;0.5;50;105;0.5061224;262;236.0857;21;4
13851;139;21;0.8;0.5;51;102;0.4841629;242;236.6863;21;1
13852;139;21;0.8;0.5;52;102;0.4454148;240;235.6765;21;1
13853;139;21;0.8;0.5;53;103;0.4470588;224;236.466;21;2
13854;139;21;0.8;0.5;54;101;0.5418327;229;237.5644;21;0
13855;139;21;0.8;0.5;55;102;0.5108225;231;236.1961;21;1
13856;139;21;0.8;0.5;56;102;0.4642857;238;235.9412;21;1
13857;139;21;0.8;0.5;57;101;0.464135;237;236.604;21;0
13858;139;21;0.8;0.5;58;102;0.4979592;229;235.4706;21;1
13859;139;21;0.8;0.5;59;101;0.487069;228;237.5941;21;0
13860;139;21;0.8;0.5;60;106;0.4593496;230;234.8302;21;5
13861;139;21;0.8;0.5;61;102;0.5021459;240;235.902;21;1
13862;139;21;0.8;0.5;62;102;0.5207547;223;236.7647;21;1
13863;139;21;0.8;0.5;63;101;0.5152838;236;238.2574;21;0
13864;139;21;0.8;0.5;64;101;0.5421687;215;235.7921;21;0
13865;139;21;0.8;0.5;65;101;0.4285714;238;236.901;21;0
13866;139;21;0.8;0.5;66;103;0.46875;223;236.4854;21;2
13867;139;21;0.8;0.5;67;102;0.5020243;272;235.4314;21;1
13868;139;21;0.8;0.5;68;101;0.4806867;252;236.9109;21;0
13869;139;21;0.8;0.5;69;101;0.4669261;236;238.0099;21;0
13870;139;21;0.8;0.5;70;105;0.5836576;220;236.1524;21;4
13871;139;21;0.8;0.5;71;102;0.4632035;235;237.9216;21;1
13872;139;21;0.8;0.5;72;101;0.4166667;243;235.5743;21;0
13873;139;21;0.8;0.5;73;102;0.5180723;236;237.0882;21;1
13874;139;21;0.8;0.5;74;105;0.4327731;226;236.1429;21;4
13875;139;21;0.8;0.5;75;101;0.5136364;236;237.7624;21;0
13876;139;21;0.8;0.5;76;101;0.4291339;245;236.9802;21;0
13877;139;21;0.8;0.5;77;101;0.5454545;253;236.6238;21;0
13878;139;21;0.8;0.5;78;105;0.4648438;232;236.1524;21;4
13879;139;21;0.8;0.5;79;103;0.5;233;233.8058;21;2
13880;139;21;0.8;0.5;80;105;0.4937238;259;234.1238;21;4
13881;139;21;0.8;0.5;81;101;0.4918033;248;236.0891;21;0
13882;139;21;0.8;0.5;82;101;0.5162602;220;236.6535;21;0
13883;139;21;0.8;0.5;83;101;0.4695652;239;235.7921;21;0
13884;139;21;0.8;0.5;84;102;0.5595238;220;236.5686;21;1
13885;139;21;0.8;0.5;85;102;0.5313808;203;234.7647;21;1
13886;139;21;0.8;0.5;86;101;0.573913;233;238;21;0
13887;139;21;0.8;0.5;87;107;0.5416667;251;237.3458;21;6
13888;139;21;0.8;0.5;88;103;0.3933054;262;236.3592;21;2
13889;139;21;0.8;0.5;89;102;0.5515873;194;236.3039;21;1
13890;139;21;0.8;0.5;90;102;0.4370079;250;238.0784;21;1
13891;139;21;0.8;0.5;91;101;0.4439834;214;235.8713;21;0
13892;139;21;0.8;0.5;92;101;0.520362;249;235.9901;21;0
13893;139;21;0.8;0.5;93;101;0.5064935;233;237.4158;21;0
13894;139;21;0.8;0.5;94;101;0.5168067;222;236.0396;21;0
13895;139;21;0.8;0.5;95;101;0.5434783;255;236.3267;21;0
13896;139;21;0.8;0.5;96;102;0.539749;233;234.4216;21;1
13897;139;21;0.8;0.5;97;101;0.4962963;238;237.9406;21;0
13898;139;21;0.8;0.5;98;102;0.5574468;211;237.2941;21;1
13899;139;21;0.8;0.5;99;101;0.5755102;252;237.8416;21;0
13900;139;21;0.8;0.5;100;101;0.4877049;248;234.9901;21;0
13901;140;23;0.8;0.5;1;102;0.4869565;228;237.098;23;1
13902;140;23;0.8;0.5;2;101;0.4754098;246;239.2376;23;0
13903;140;23;0.8;0.5;3;102;0.4502165;232;234.7353;23;1
13904;140;23;0.8;0.5;4;107;0.4910714;224;235.2617;23;6
13905;140;23;0.8;0.5;5;101;0.504386;278;236.9109;23;0
13906;140;23;0.8;0.5;6;102;0.5755102;240;237.5784;23;1
13907;140;23;0.8;0.5;7;101;0.5676856;252;237.6337;23;0
13908;140;23;0.8;0.5;8;101;0.5232558;234;235.1485;23;0
13909;140;23;0.8;0.5;9;101;0.5294118;243;235.4158;23;0
13910;140;23;0.8;0.5;10;101;0.4848485;262;236.495;23;0
13911;140;23;0.8;0.5;11;102;0.5183486;255;236.7843;23;1
13912;140;23;0.8;0.5;12;101;0.5194805;248;234.8713;23;0
13913;140;23;0.8;0.5;13;102;0.4864865;233;235.4706;23;1
13914;140;23;0.8;0.5;14;103;0.4023904;226;236.767;23;2
13915;140;23;0.8;0.5;15;101;0.5037037;211;235.6436;23;0
13916;140;23;0.8;0.5;16;101;0.5165289;225;237.3069;23;0
13917;140;23;0.8;0.5;17;102;0.5625;263;236.1863;23;1
13918;140;23;0.8;0.5;18;102;0.5065502;225;237.5686;23;1
13919;140;23;0.8;0.5;19;101;0.4955752;221;237.7327;23;0
13920;140;23;0.8;0.5;20;101;0.5311203;232;236.1782;23;0
13921;140;23;0.8;0.5;21;103;0.5478261;234;236.1165;23;2
13922;140;23;0.8;0.5;22;103;0.4791667;217;236.9903;23;2
13923;140;23;0.8;0.5;23;101;0.5609756;247;237.4257;23;0
13924;140;23;0.8;0.5;24;104;0.4553991;256;237.875;23;3
13925;140;23;0.8;0.5;25;101;0.557377;247;239.3168;23;0
13926;140;23;0.8;0.5;26;102;0.4935065;221;236.9314;23;1
13927;140;23;0.8;0.5;27;102;0.555102;243;235.6961;23;1
13928;140;23;0.8;0.5;28;101;0.4635193;242;237.3663;23;0
13929;140;23;0.8;0.5;29;101;0.476378;233;236.5149;23;0
13930;140;23;0.8;0.5;30;103;0.5240175;221;236.9223;23;2
13931;140;23;0.8;0.5;31;102;0.5133929;218;235.2451;23;1
13932;140;23;0.8;0.5;32;101;0.5;254;236.3267;23;0
13933;140;23;0.8;0.5;33;106;0.472;246;237.3868;23;5
13934;140;23;0.8;0.5;34;101;0.5078125;274;236.6535;23;0
13935;140;23;0.8;0.5;35;101;0.5695652;208;235.6436;23;0
13936;140;23;0.8;0.5;36;101;0.4755556;235;236.9307;23;0
13937;140;23;0.8;0.5;37;102;0.4621514;226;236.3627;23;1
13938;140;23;0.8;0.5;38;101;0.474359;217;235.4851;23;0
13939;140;23;0.8;0.5;39;102;0.4912281;217;235.3627;23;1
13940;140;23;0.8;0.5;40;101;0.4922481;209;236.297;23;0
13941;140;23;0.8;0.5;41;103;0.55;228;235.9417;23;2
13942;140;23;0.8;0.5;42;102;0.4728033;239;235.9706;23;1
13943;140;23;0.8;0.5;43;103;0.5315315;239;236.2136;23;2
13944;140;23;0.8;0.5;44;101;0.5104603;252;235.604;23;0
13945;140;23;0.8;0.5;45;102;0.5243902;238;236.4608;23;1
13946;140;23;0.8;0.5;46;101;0.5215686;221;237.4455;23;0
13947;140;23;0.8;0.5;47;106;0.4913793;235;237.6981;23;5
13948;140;23;0.8;0.5;48;102;0.5189873;252;236.9412;23;1
13949;140;23;0.8;0.5;49;106;0.5361702;230;236.7642;23;5
13950;140;23;0.8;0.5;50;103;0.5315315;244;236.7864;23;2
13951;140;23;0.8;0.5;51;101;0.4906542;251;238.2178;23;0
13952;140;23;0.8;0.5;52;101;0.4672489;237;238.0891;23;0
13953;140;23;0.8;0.5;53;104;0.5122951;238;236.3462;23;3
13954;140;23;0.8;0.5;54;102;0.4078947;254;237.8235;23;1
13955;140;23;0.8;0.5;55;101;0.523622;214;236.2772;23;0
13956;140;23;0.8;0.5;56;102;0.4868421;251;236.451;23;1
13957;140;23;0.8;0.5;57;101;0.5223214;239;236.0396;23;0
13958;140;23;0.8;0.5;58;102;0.5311203;224;236.549;23;1
13959;140;23;0.8;0.5;59;101;0.4877049;207;236.9109;23;0
13960;140;23;0.8;0.5;60;101;0.5913462;261;234.2871;23;0
13961;140;23;0.8;0.5;61;101;0.51417;244;237.4356;23;0
13962;140;23;0.8;0.5;62;108;0.4774775;245;237.2593;23;7
13963;140;23;0.8;0.5;63;101;0.4813433;233;236.9208;23;0
13964;140;23;0.8;0.5;64;101;0.5394191;247;236.5248;23;0
13965;140;23;0.8;0.5;65;101;0.5058824;233;235.8416;23;0
13966;140;23;0.8;0.5;66;102;0.4508929;279;236.9902;23;1
13967;140;23;0.8;0.5;67;102;0.5213675;216;235.4706;23;1
13968;140;23;0.8;0.5;68;101;0.4297521;248;236.4752;23;0
13969;140;23;0.8;0.5;69;101;0.4684685;254;235.8713;23;0
13970;140;23;0.8;0.5;70;101;0.5372549;228;237.4752;23;0
13971;140;23;0.8;0.5;71;102;0.5193798;221;237.3235;23;1
13972;140;23;0.8;0.5;72;101;0.4634146;236;237.9802;23;0
13973;140;23;0.8;0.5;73;102;0.4689922;233;236.3235;23;1
13974;140;23;0.8;0.5;74;101;0.518018;234;238.2376;23;0
13975;140;23;0.8;0.5;75;101;0.5394191;243;237.6931;23;0
13976;140;23;0.8;0.5;76;101;0.5155556;247;235.9703;23;0
13977;140;23;0.8;0.5;77;104;0.545045;240;237.8558;23;3
13978;140;23;0.8;0.5;78;108;0.4017467;248;234.4815;23;7
13979;140;23;0.8;0.5;79;101;0.4980237;221;237.0396;23;0
13980;140;23;0.8;0.5;80;103;0.4716981;243;236.8932;23;2
13981;140;23;0.8;0.5;81;101;0.4897959;245;235.6634;23;0
13982;140;23;0.8;0.5;82;101;0.4663462;221;234.901;23;0
13983;140;23;0.8;0.5;83;103;0.5316456;239;236.4078;23;2
13984;140;23;0.8;0.5;84;103;0.3953488;229;238.3204;23;2
13985;140;23;0.8;0.5;85;102;0.512605;244;238.0294;23;1
13986;140;23;0.8;0.5;86;101;0.5103734;240;236.4356;23;0
13987;140;23;0.8;0.5;87;101;0.4487179;230;235.5545;23;0
13988;140;23;0.8;0.5;88;101;0.5207373;222;234.3861;23;0
13989;140;23;0.8;0.5;89;103;0.5274262;268;238.8447;23;2
13990;140;23;0.8;0.5;90;101;0.4725738;252;236.2178;23;0
13991;140;23;0.8;0.5;91;108;0.5186722;223;236.5556;23;7
13992;140;23;0.8;0.5;92;101;0.5045045;247;236.4257;23;0
13993;140;23;0.8;0.5;93;101;0.5531915;257;237.6436;23;0
13994;140;23;0.8;0.5;94;101;0.4466403;213;237.5743;23;0
13995;140;23;0.8;0.5;95;101;0.529661;257;237.3663;23;0
13996;140;23;0.8;0.5;96;102;0.489083;240;236.5;23;1
13997;140;23;0.8;0.5;97;101;0.4725738;223;235.7129;23;0
13998;140;23;0.8;0.5;98;101;0.4201681;229;236.1683;23;0
13999;140;23;0.8;0.5;99;103;0.4897959;234;235.301;23;2
14000;140;23;0.8;0.5;100;101;0.5204918;230;236.3564;23;0
14001;141;25;0.8;0.5;1;101;0.4747082;229;236.505;25;0
14002;141;25;0.8;0.5;2;101;0.5564854;254;235.8812;25;0
14003;141;25;0.8;0.5;3;101;0.5942623;240;237.4752;25;0
14004;141;25;0.8;0.5;4;101;0.4823009;230;236.7327;25;0
14005;141;25;0.8;0.5;5;101;0.4863813;226;234.2772;25;0
14006;141;25;0.8;0.5;6;101;0.465812;251;237.8812;25;0
14007;141;25;0.8;0.5;7;101;0.4518828;255;238.1683;25;0
14008;141;25;0.8;0.5;8;103;0.5701754;250;235.4175;25;2
14009;141;25;0.8;0.5;9;101;0.4334975;236;234.9901;25;0
14010;141;25;0.8;0.5;10;103;0.512931;249;235.5146;25;2
14011;141;25;0.8;0.5;11;102;0.5470085;243;234.9608;25;1
14012;141;25;0.8;0.5;12;104;0.5458333;224;235.7981;25;3
14013;141;25;0.8;0.5;13;101;0.5327511;259;236.8317;25;0
14014;141;25;0.8;0.5;14;102;0.4938776;233;234.7647;25;1
14015;141;25;0.8;0.5;15;101;0.4705882;238;236.3762;25;0
14016;141;25;0.8;0.5;16;102;0.5225225;232;235.7843;25;1
14017;141;25;0.8;0.5;17;101;0.4939271;201;234.495;25;0
14018;141;25;0.8;0.5;18;101;0.4976303;237;238.099;25;0
14019;141;25;0.8;0.5;19;102;0.4216867;236;236.2157;25;1
14020;141;25;0.8;0.5;20;101;0.5079365;234;236.6535;25;0
14021;141;25;0.8;0.5;21;102;0.4454148;220;235.402;25;1
14022;141;25;0.8;0.5;22;101;0.506383;237;236.3663;25;0
14023;141;25;0.8;0.5;23;102;0.5818182;242;237.0098;25;1
14024;141;25;0.8;0.5;24;102;0.5355649;227;235.9118;25;1
14025;141;25;0.8;0.5;25;103;0.4439655;217;238.1165;25;2
14026;141;25;0.8;0.5;26;101;0.481982;246;237.6139;25;0
14027;141;25;0.8;0.5;27;103;0.5308642;229;235.7573;25;2
14028;141;25;0.8;0.5;28;104;0.4768519;229;237.7404;25;3
14029;141;25;0.8;0.5;29;101;0.5412844;241;236.5248;25;0
14030;141;25;0.8;0.5;30;101;0.4764151;236;236.6634;25;0
14031;141;25;0.8;0.5;31;102;0.4913793;234;235.7549;25;1
14032;141;25;0.8;0.5;32;101;0.5;237;235.5743;25;0
14033;141;25;0.8;0.5;33;101;0.4489796;222;237.5347;25;0
14034;141;25;0.8;0.5;34;101;0.43379;229;237.3267;25;0
14035;141;25;0.8;0.5;35;104;0.5041667;224;237.0673;25;3
14036;141;25;0.8;0.5;36;101;0.4872881;246;238.2574;25;0
14037;141;25;0.8;0.5;37;101;0.5502183;263;237.6139;25;0
14038;141;25;0.8;0.5;38;102;0.4221311;228;236.3824;25;1
14039;141;25;0.8;0.5;39;101;0.4933921;258;237.3861;25;0
14040;141;25;0.8;0.5;40;101;0.5316456;238;234.7228;25;0
14041;141;25;0.8;0.5;41;101;0.5491071;255;238.6535;25;0
14042;141;25;0.8;0.5;42;101;0.4370079;237;236.5446;25;0
14043;141;25;0.8;0.5;43;103;0.5342466;252;236.466;25;2
14044;141;25;0.8;0.5;44;102;0.4979253;248;236.4412;25;1
14045;141;25;0.8;0.5;45;101;0.509009;234;236.5644;25;0
14046;141;25;0.8;0.5;46;102;0.4959016;240;236.4412;25;1
14047;141;25;0.8;0.5;47;101;0.489083;208;235.0099;25;0
14048;141;25;0.8;0.5;48;101;0.5285171;216;238.4257;25;0
14049;141;25;0.8;0.5;49;101;0.4763948;249;236.8812;25;0
14050;141;25;0.8;0.5;50;102;0.4867257;241;237;25;1
14051;141;25;0.8;0.5;51;102;0.5474138;244;236.8824;25;1
14052;141;25;0.8;0.5;52;103;0.470339;217;238.8155;25;2
14053;141;25;0.8;0.5;53;101;0.5203252;239;234.8218;25;0
14054;141;25;0.8;0.5;54;101;0.5081967;220;236.0099;25;0
14055;141;25;0.8;0.5;55;103;0.5405405;257;236.8058;25;2
14056;141;25;0.8;0.5;56;101;0.4625551;242;237.7723;25;0
14057;141;25;0.8;0.5;57;101;0.4678112;245;236.2574;25;0
14058;141;25;0.8;0.5;58;103;0.4166667;238;236.2718;25;2
14059;141;25;0.8;0.5;59;101;0.5371179;260;238.505;25;0
14060;141;25;0.8;0.5;60;101;0.5020576;218;237.0792;25;0
14061;141;25;0.8;0.5;61;101;0.4343891;234;236.9505;25;0
14062;141;25;0.8;0.5;62;101;0.4285714;262;235.198;25;0
14063;141;25;0.8;0.5;63;101;0.4487179;218;239.0396;25;0
14064;141;25;0.8;0.5;64;101;0.4329004;237;236.2178;25;0
14065;141;25;0.8;0.5;65;102;0.492891;237;236.7647;25;1
14066;141;25;0.8;0.5;66;102;0.4925373;233;236.1078;25;1
14067;141;25;0.8;0.5;67;104;0.4493927;216;238.8942;25;3
14068;141;25;0.8;0.5;68;102;0.4388186;225;236.7157;25;1
14069;141;25;0.8;0.5;69;104;0.4115044;255;235.8846;25;3
14070;141;25;0.8;0.5;70;101;0.4646018;226;232.7426;25;0
14071;141;25;0.8;0.5;71;102;0.4434389;254;237.4118;25;1
14072;141;25;0.8;0.5;72;106;0.455814;249;237.217;25;5
14073;141;25;0.8;0.5;73;101;0.5261044;230;235.9109;25;0
14074;141;25;0.8;0.5;74;101;0.4745763;223;237.0693;25;0
14075;141;25;0.8;0.5;75;105;0.4769874;230;237.1524;25;4
14076;141;25;0.8;0.5;76;101;0.4471545;220;233.1782;25;0
14077;141;25;0.8;0.5;77;110;0.5642202;216;239;25;9
14078;141;25;0.8;0.5;78;105;0.4393305;236;236.0762;25;4
14079;141;25;0.8;0.5;79;102;0.4369369;253;236.9118;25;1
14080;141;25;0.8;0.5;80;103;0.5309735;237;236.5728;25;2
14081;141;25;0.8;0.5;81;101;0.5150215;267;236.2871;25;0
14082;141;25;0.8;0.5;82;102;0.4916667;215;235.9314;25;1
14083;141;25;0.8;0.5;83;101;0.5042373;263;236.4455;25;0
14084;141;25;0.8;0.5;84;101;0.5511811;226;235.8614;25;0
14085;141;25;0.8;0.5;85;101;0.3944954;251;233.604;25;0
14086;141;25;0.8;0.5;86;101;0.5377778;240;237.5842;25;0
14087;141;25;0.8;0.5;87;102;0.5068493;246;237.4804;25;1
14088;141;25;0.8;0.5;88;102;0.506383;232;235.2745;25;1
14089;141;25;0.8;0.5;89;102;0.3819742;250;237.4118;25;1
14090;141;25;0.8;0.5;90;106;0.5411765;227;238.3113;25;5
14091;141;25;0.8;0.5;91;102;0.5489362;240;238.8529;25;1
14092;141;25;0.8;0.5;92;102;0.4166667;255;237.4216;25;1
14093;141;25;0.8;0.5;93;101;0.532;230;236.3366;25;0
14094;141;25;0.8;0.5;94;101;0.4678112;216;236.2772;25;0
14095;141;25;0.8;0.5;95;102;0.4561404;221;237.6765;25;1
14096;141;25;0.8;0.5;96;101;0.5432099;236;236.703;25;0
14097;141;25;0.8;0.5;97;101;0.4894515;252;234.5842;25;0
14098;141;25;0.8;0.5;98;101;0.4979592;237;235.5446;25;0
14099;141;25;0.8;0.5;99;101;0.5188285;240;238.6535;25;0
14100;141;25;0.8;0.5;100;101;0.4322034;249;235.9307;25;0
14101;142;27;0.8;0.5;1;101;0.4518828;242;237.6832;27;0
14102;142;27;0.8;0.5;2;101;0.4395161;223;238.1683;27;0
14103;142;27;0.8;0.5;3;101;0.4806867;241;235.802;27;0
14104;142;27;0.8;0.5;4;103;0.5247934;224;234.2136;27;2
14105;142;27;0.8;0.5;5;101;0.4492188;227;236.1485;27;0
14106;142;27;0.8;0.5;6;104;0.5211268;238;237.3077;27;3
14107;142;27;0.8;0.5;7;101;0.4553191;269;234.8614;27;0
14108;142;27;0.8;0.5;8;104;0.5020576;241;235.9808;27;3
14109;142;27;0.8;0.5;9;102;0.5823755;241;237.2549;27;1
14110;142;27;0.8;0.5;10;105;0.4845815;246;236.781;27;4
14111;142;27;0.8;0.5;11;102;0.4645669;223;238.0196;27;1
14112;142;27;0.8;0.5;12;101;0.4440299;243;239.6535;27;0
14113;142;27;0.8;0.5;13;101;0.4177778;212;234.505;27;0
14114;142;27;0.8;0.5;14;104;0.5394737;221;233.9712;27;3
14115;142;27;0.8;0.5;15;101;0.5520362;226;235.6535;27;0
14116;142;27;0.8;0.5;16;103;0.5;229;238.3883;27;2
14117;142;27;0.8;0.5;17;101;0.4830508;234;237.8416;27;0
14118;142;27;0.8;0.5;18;102;0.513834;219;236.402;27;1
14119;142;27;0.8;0.5;19;102;0.547619;236;235.1275;27;1
14120;142;27;0.8;0.5;20;101;0.3984064;230;236.604;27;0
14121;142;27;0.8;0.5;21;103;0.5123967;247;236.5243;27;2
14122;142;27;0.8;0.5;22;101;0.5043478;240;236.8812;27;0
14123;142;27;0.8;0.5;23;103;0.512605;238;234.7961;27;2
14124;142;27;0.8;0.5;24;101;0.5489362;219;238.0594;27;0
14125;142;27;0.8;0.5;25;101;0.5;241;239.1188;27;0
14126;142;27;0.8;0.5;26;103;0.4872881;243;235.9029;27;2
14127;142;27;0.8;0.5;27;101;0.5022222;230;237.297;27;0
14128;142;27;0.8;0.5;28;102;0.4345992;214;236.0882;27;1
14129;142;27;0.8;0.5;29;101;0.4725738;227;234.6238;27;0
14130;142;27;0.8;0.5;30;101;0.5042017;243;236.7624;27;0
14131;142;27;0.8;0.5;31;101;0.5517241;233;238.6832;27;0
14132;142;27;0.8;0.5;32;104;0.4529148;233;236.4615;27;3
14133;142;27;0.8;0.5;33;101;0.4330709;235;237.6337;27;0
14134;142;27;0.8;0.5;34;101;0.4534884;215;238.0099;27;0
14135;142;27;0.8;0.5;35;101;0.4703196;254;236.802;27;0
14136;142;27;0.8;0.5;36;101;0.51417;230;235.7723;27;0
14137;142;27;0.8;0.5;37;101;0.5643154;252;237.8911;27;0
14138;142;27;0.8;0.5;38;103;0.4784314;256;235.4563;27;2
14139;142;27;0.8;0.5;39;101;0.4638298;239;236.7624;27;0
14140;142;27;0.8;0.5;40;101;0.4918699;243;236.2277;27;0
14141;142;27;0.8;0.5;41;106;0.4872881;242;236.7925;27;5
14142;142;27;0.8;0.5;42;104;0.4463519;221;236.8077;27;3
14143;142;27;0.8;0.5;43;102;0.5362903;250;237.8137;27;1
14144;142;27;0.8;0.5;44;101;0.5330579;247;235.8614;27;0
14145;142;27;0.8;0.5;45;101;0.45;259;235.5644;27;0
14146;142;27;0.8;0.5;46;101;0.5194805;232;235.7921;27;0
14147;142;27;0.8;0.5;47;101;0.5117371;247;238.6139;27;0
14148;142;27;0.8;0.5;48;101;0.5384615;226;234.8317;27;0
14149;142;27;0.8;0.5;49;101;0.4882629;269;239.0495;27;0
14150;142;27;0.8;0.5;50;103;0.4962963;257;234.7767;27;2
14151;142;27;0.8;0.5;51;102;0.5524194;222;237.1863;27;1
14152;142;27;0.8;0.5;52;103;0.5642202;251;236.7087;27;2
14153;142;27;0.8;0.5;53;104;0.4501992;240;236.1827;27;3
14154;142;27;0.8;0.5;54;103;0.4827586;242;236.3689;27;2
14155;142;27;0.8;0.5;55;101;0.5319149;237;237.3168;27;0
14156;142;27;0.8;0.5;56;101;0.506383;255;237.3267;27;0
14157;142;27;0.8;0.5;57;103;0.5043103;241;234.8835;27;2
14158;142;27;0.8;0.5;58;102;0.4780702;241;237.0784;27;1
14159;142;27;0.8;0.5;59;102;0.5309735;222;238.3725;27;1
14160;142;27;0.8;0.5;60;101;0.4934498;224;238.0891;27;0
14161;142;27;0.8;0.5;61;104;0.446281;228;234.8654;27;3
14162;142;27;0.8;0.5;62;104;0.5877551;219;238.2308;27;3
14163;142;27;0.8;0.5;63;104;0.4814815;246;236.9135;27;3
14164;142;27;0.8;0.5;64;103;0.5135135;243;234.1553;27;2
14165;142;27;0.8;0.5;65;101;0.4876033;242;237.9505;27;0
14166;142;27;0.8;0.5;66;101;0.4844961;207;234.7921;27;0
14167;142;27;0.8;0.5;67;103;0.5198413;236;235.8544;27;2
14168;142;27;0.8;0.5;68;103;0.5811966;244;237.5534;27;2
14169;142;27;0.8;0.5;69;102;0.4267782;246;236.0784;27;1
14170;142;27;0.8;0.5;70;101;0.5265306;216;236.8119;27;0
14171;142;27;0.8;0.5;71;103;0.5512821;243;237.1068;27;2
14172;142;27;0.8;0.5;72;109;0.4887892;236;237.4312;27;8
14173;142;27;0.8;0.5;73;102;0.5242291;244;236.7157;27;1
14174;142;27;0.8;0.5;74;102;0.4979079;250;238.9706;27;1
14175;142;27;0.8;0.5;75;102;0.5201613;248;238.4412;27;1
14176;142;27;0.8;0.5;76;102;0.5458515;261;235.5882;27;1
14177;142;27;0.8;0.5;77;103;0.5313808;239;237.6602;27;2
14178;142;27;0.8;0.5;78;101;0.5598086;242;235.703;27;0
14179;142;27;0.8;0.5;79;101;0.4465116;231;235.604;27;0
14180;142;27;0.8;0.5;80;101;0.5364807;224;236.8515;27;0
14181;142;27;0.8;0.5;81;101;0.439834;240;235.3465;27;0
14182;142;27;0.8;0.5;82;101;0.4759825;274;239.5446;27;0
14183;142;27;0.8;0.5;83;101;0.5301724;247;236.7624;27;0
14184;142;27;0.8;0.5;84;102;0.5822785;235;235.9902;27;1
14185;142;27;0.8;0.5;85;102;0.4508197;262;234.5294;27;1
14186;142;27;0.8;0.5;86;102;0.5594714;242;238.4216;27;1
14187;142;27;0.8;0.5;87;101;0.5226337;256;238.2376;27;0
14188;142;27;0.8;0.5;88;101;0.535865;237;236.6634;27;0
14189;142;27;0.8;0.5;89;101;0.5156951;220;236.2079;27;0
14190;142;27;0.8;0.5;90;101;0.5268293;274;236.0099;27;0
14191;142;27;0.8;0.5;91;101;0.5690377;273;238.7525;27;0
14192;142;27;0.8;0.5;92;101;0.4672489;249;235.0495;27;0
14193;142;27;0.8;0.5;93;103;0.5;216;236.0583;27;2
14194;142;27;0.8;0.5;94;101;0.5859031;231;236.5842;27;0
14195;142;27;0.8;0.5;95;101;0.4508197;237;235.0891;27;0
14196;142;27;0.8;0.5;96;101;0.5132743;243;234.495;27;0
14197;142;27;0.8;0.5;97;101;0.4716157;251;237.6139;27;0
14198;142;27;0.8;0.5;98;102;0.562753;234;236.2157;27;1
14199;142;27;0.8;0.5;99;103;0.4811715;251;237.3883;27;2
14200;142;27;0.8;0.5;100;102;0.5422222;227;236.0882;27;1
14201;143;29;0.8;0.5;1;101;0.483871;224;235.2079;29;0
14202;143;29;0.8;0.5;2;102;0.5236052;235;235.6569;29;1
14203;143;29;0.8;0.5;3;101;0.4695652;245;235.8812;29;0
14204;143;29;0.8;0.5;4;101;0.5019305;213;237.901;29;0
14205;143;29;0.8;0.5;5;102;0.495935;235;237.5098;29;1
14206;143;29;0.8;0.5;6;101;0.5863454;245;236.7624;29;0
14207;143;29;0.8;0.5;7;101;0.5105485;231;237.2673;29;0
14208;143;29;0.8;0.5;8;102;0.504065;225;235.3627;29;1
14209;143;29;0.8;0.5;9;103;0.4976744;245;236.4175;29;2
14210;143;29;0.8;0.5;10;101;0.5521739;244;236.6436;29;0
14211;143;29;0.8;0.5;11;101;0.522449;242;236;29;0
14212;143;29;0.8;0.5;12;101;0.4230769;242;237.0594;29;0
14213;143;29;0.8;0.5;13;102;0.4845815;228;238.3431;29;1
14214;143;29;0.8;0.5;14;101;0.4769874;229;238.0594;29;0
14215;143;29;0.8;0.5;15;103;0.5330396;224;236.9417;29;2
14216;143;29;0.8;0.5;16;101;0.472103;233;236.8614;29;0
14217;143;29;0.8;0.5;17;101;0.5104603;213;235.8416;29;0
14218;143;29;0.8;0.5;18;101;0.4780702;251;237.5248;29;0
14219;143;29;0.8;0.5;19;105;0.4514768;244;238.2476;29;4
14220;143;29;0.8;0.5;20;103;0.4435484;223;236.1748;29;2
14221;143;29;0.8;0.5;21;101;0.5099602;242;236.9901;29;0
14222;143;29;0.8;0.5;22;102;0.52;252;239.1471;29;1
14223;143;29;0.8;0.5;23;104;0.5040323;220;237.9423;29;3
14224;143;29;0.8;0.5;24;103;0.5375;229;237.9806;29;2
14225;143;29;0.8;0.5;25;105;0.4469027;231;237.3143;29;4
14226;143;29;0.8;0.5;26;102;0.4691358;228;238.902;29;1
14227;143;29;0.8;0.5;27;103;0.5163934;248;236.6019;29;2
14228;143;29;0.8;0.5;28;101;0.4375;219;235.9703;29;0
14229;143;29;0.8;0.5;29;101;0.464135;229;235.1881;29;0
14230;143;29;0.8;0.5;30;102;0.5789474;238;235.6569;29;1
14231;143;29;0.8;0.5;31;101;0.5062762;244;234.7426;29;0
14232;143;29;0.8;0.5;32;102;0.5378486;222;236.3725;29;1
14233;143;29;0.8;0.5;33;102;0.5215517;241;235.3824;29;1
14234;143;29;0.8;0.5;34;101;0.5230126;231;237.6139;29;0
14235;143;29;0.8;0.5;35;104;0.524;230;236.2981;29;3
14236;143;29;0.8;0.5;36;104;0.4899598;245;236.9038;29;3
14237;143;29;0.8;0.5;37;101;0.5521739;256;235.8218;29;0
14238;143;29;0.8;0.5;38;101;0.4501992;218;237.4851;29;0
14239;143;29;0.8;0.5;39;101;0.4487179;256;235.8911;29;0
14240;143;29;0.8;0.5;40;106;0.4393305;242;237.066;29;5
14241;143;29;0.8;0.5;41;102;0.4979757;220;236;29;1
14242;143;29;0.8;0.5;42;105;0.5707763;246;235.7048;29;4
14243;143;29;0.8;0.5;43;102;0.4718615;257;236.1176;29;1
14244;143;29;0.8;0.5;44;101;0.4811715;269;237.0891;29;0
14245;143;29;0.8;0.5;45;101;0.5555556;233;235.2673;29;0
14246;143;29;0.8;0.5;46;101;0.5313808;240;236.1287;29;0
14247;143;29;0.8;0.5;47;103;0.5127119;240;235.9417;29;2
14248;143;29;0.8;0.5;48;101;0.5021645;256;237.3168;29;0
14249;143;29;0.8;0.5;49;101;0.513834;237;235.3267;29;0
14250;143;29;0.8;0.5;50;101;0.4741379;217;237.3069;29;0
14251;143;29;0.8;0.5;51;101;0.5082645;229;234.5545;29;0
14252;143;29;0.8;0.5;52;101;0.4957983;234;235.7426;29;0
14253;143;29;0.8;0.5;53;107;0.5286885;236;238.3645;29;6
14254;143;29;0.8;0.5;54;101;0.5535714;232;236.7822;29;0
14255;143;29;0.8;0.5;55;103;0.4893617;242;237.7379;29;2
14256;143;29;0.8;0.5;56;103;0.4605263;246;235.1748;29;2
14257;143;29;0.8;0.5;57;103;0.4866071;225;234.165;29;2
14258;143;29;0.8;0.5;58;101;0.5541126;226;236.7327;29;0
14259;143;29;0.8;0.5;59;101;0.4692982;217;235.7525;29;0
14260;143;29;0.8;0.5;60;103;0.5650407;214;237.6408;29;2
14261;143;29;0.8;0.5;61;103;0.4686192;258;238.6214;29;2
14262;143;29;0.8;0.5;62;101;0.4778761;238;237.5446;29;0
14263;143;29;0.8;0.5;63;101;0.5148936;240;235.6733;29;0
14264;143;29;0.8;0.5;64;102;0.3849372;223;239.4118;29;1
14265;143;29;0.8;0.5;65;102;0.4798206;230;236.8529;29;1
14266;143;29;0.8;0.5;66;102;0.5565217;241;235.8824;29;1
14267;143;29;0.8;0.5;67;102;0.5789474;246;236.7059;29;1
14268;143;29;0.8;0.5;68;105;0.4810127;212;235.0952;29;4
14269;143;29;0.8;0.5;69;102;0.5669643;252;237.2647;29;1
14270;143;29;0.8;0.5;70;101;0.4745763;230;237.5644;29;0
14271;143;29;0.8;0.5;71;104;0.5447471;225;235.0962;29;3
14272;143;29;0.8;0.5;72;102;0.5192308;249;236.5392;29;1
14273;143;29;0.8;0.5;73;101;0.4738956;220;237.7228;29;0
14274;143;29;0.8;0.5;74;102;0.4734694;216;235.9314;29;1
14275;143;29;0.8;0.5;75;101;0.4955357;246;236.3069;29;0
14276;143;29;0.8;0.5;76;102;0.59375;240;237.3137;29;1
14277;143;29;0.8;0.5;77;102;0.588785;255;235.4902;29;1
14278;143;29;0.8;0.5;78;102;0.5189873;252;238.2941;29;1
14279;143;29;0.8;0.5;79;102;0.5866667;232;235.6569;29;1
14280;143;29;0.8;0.5;80;101;0.4577778;232;234.2871;29;0
14281;143;29;0.8;0.5;81;103;0.4708333;212;236.1359;29;2
14282;143;29;0.8;0.5;82;101;0.4710425;236;238.7327;29;0
14283;143;29;0.8;0.5;83;103;0.529661;244;237.4175;29;2
14284;143;29;0.8;0.5;84;103;0.4958678;219;238.0291;29;2
14285;143;29;0.8;0.5;85;107;0.5283843;242;235.6729;29;6
14286;143;29;0.8;0.5;86;101;0.536965;216;234.5347;29;0
14287;143;29;0.8;0.5;87;104;0.5245902;230;238.2019;29;3
14288;143;29;0.8;0.5;88;101;0.5942623;250;237.1386;29;0
14289;143;29;0.8;0.5;89;101;0.4560669;244;235.1188;29;0
14290;143;29;0.8;0.5;90;101;0.4444444;238;238.1584;29;0
14291;143;29;0.8;0.5;91;103;0.4492188;247;237.767;29;2
14292;143;29;0.8;0.5;92;103;0.5175097;235;237.6214;29;2
14293;143;29;0.8;0.5;93;105;0.4869888;220;238.4;29;4
14294;143;29;0.8;0.5;94;109;0.508547;233;235.3303;29;8
14295;143;29;0.8;0.5;95;102;0.5469388;240;235.0784;29;1
14296;143;29;0.8;0.5;96;101;0.4592275;243;236.5842;29;0
14297;143;29;0.8;0.5;97;102;0.4678112;237;236.8627;29;1
14298;143;29;0.8;0.5;98;101;0.5167464;242;236.7525;29;0
14299;143;29;0.8;0.5;99;102;0.4592275;236;238.0588;29;1
14300;143;29;0.8;0.5;100;101;0.473251;229;234.9802;29;0
14301;144;224;0.8;0.5;1;101;0.5742972;220;238.2376;223.1386;0
14302;144;224;0.8;0.5;2;101;0.4101382;241;238.0099;223.3663;0
14303;144;224;0.8;0.5;3;104;0.45;238;237.5385;222.0385;3
14304;144;224;0.8;0.5;4;102;0.4423077;226;236.9412;221.9902;1
14305;144;224;0.8;0.5;5;106;0.5294118;236;237.5283;222.934;5
14306;144;224;0.8;0.5;6;102;0.4826087;252;237.1863;222.5882;1
14307;144;224;0.8;0.5;7;101;0.4588235;234;236.3465;222.7327;0
14308;144;224;0.8;0.5;8;101;0.5446809;251;239.0594;223.4158;0
14309;144;224;0.8;0.5;9;101;0.486166;233;235.3861;222.8515;0
14310;144;224;0.8;0.5;10;102;0.4942085;215;234.7549;222.5196;1
14311;144;224;0.8;0.5;11;101;0.4935065;239;235.5842;222.4158;0
14312;144;224;0.8;0.5;12;102;0.5756458;216;237.7255;223.2647;1
14313;144;224;0.8;0.5;13;102;0.5121951;232;236.6569;222.7745;1
14314;144;224;0.8;0.5;14;101;0.4741379;240;236.6733;222.5743;0
14315;144;224;0.8;0.5;15;101;0.496;237;236.5149;222.2277;0
14316;144;224;0.8;0.5;16;101;0.5373832;250;238.1683;223.396;0
14317;144;224;0.8;0.5;17;102;0.4872881;235;235.8725;222.1961;1
14318;144;224;0.8;0.5;18;102;0.487069;233;237.049;222.549;1
14319;144;224;0.8;0.5;19;101;0.4059829;241;234.2574;222.2871;0
14320;144;224;0.8;0.5;20;101;0.5276596;237;234.1386;222.4356;0
14321;144;224;0.8;0.5;21;105;0.4573643;236;235.9905;221.8095;4
14322;144;224;0.8;0.5;22;101;0.4567901;245;236.7624;222.2673;0
14323;144;224;0.8;0.5;23;101;0.5615764;265;238.1089;222.9505;0
14324;144;224;0.8;0.5;24;103;0.5544554;246;238.4369;222.6408;2
14325;144;224;0.8;0.5;25;101;0.4722222;246;237.3168;222.802;0
14326;144;224;0.8;0.5;26;102;0.5541126;234;238.1275;223.0686;1
14327;144;224;0.8;0.5;27;101;0.531401;246;237.3564;222.9703;0
14328;144;224;0.8;0.5;28;102;0.4789272;242;236.2157;223.049;1
14329;144;224;0.8;0.5;29;101;0.4978166;242;235.2871;222.8812;0
14330;144;224;0.8;0.5;30;102;0.48;230;235.3137;222.3627;1
14331;144;224;0.8;0.5;31;101;0.5265487;222;237;223.2178;0
14332;144;224;0.8;0.5;32;101;0.4595745;239;236.297;222.2475;0
14333;144;224;0.8;0.5;33;101;0.5130435;220;236.1584;222.099;0
14334;144;224;0.8;0.5;34;102;0.4382979;231;235.2451;222.2745;1
14335;144;224;0.8;0.5;35;101;0.5183486;262;237.1287;223.4356;0
14336;144;224;0.8;0.5;36;102;0.4801762;250;234.0098;222.1078;1
14337;144;224;0.8;0.5;37;106;0.5614035;218;235.5472;222.4906;5
14338;144;224;0.8;0.5;38;103;0.5676856;223;236.9515;223.0388;2
14339;144;224;0.8;0.5;39;101;0.5450644;228;235.3465;222.3564;0
14340;144;224;0.8;0.5;40;101;0.5040323;231;236.8713;223.1782;0
14341;144;224;0.8;0.5;41;101;0.5176991;230;236.4158;223.2574;0
14342;144;224;0.8;0.5;42;101;0.552;223;236.9703;222.9307;0
14343;144;224;0.8;0.5;43;101;0.556;233;236.5446;223.0099;0
14344;144;224;0.8;0.5;44;102;0.4938272;252;236.4804;222.9412;1
14345;144;224;0.8;0.5;45;101;0.4956522;274;238.3663;222.7426;0
14346;144;224;0.8;0.5;46;101;0.4541485;226;235.2178;222.8218;0
14347;144;224;0.8;0.5;47;102;0.5211268;241;237.1667;222.6667;1
14348;144;224;0.8;0.5;48;102;0.5390947;201;234.5294;221.9412;1
14349;144;224;0.8;0.5;49;106;0.515748;242;235.9906;222.8019;5
14350;144;224;0.8;0.5;50;103;0.5590551;239;235.4466;223;2
14351;144;224;0.8;0.5;51;101;0.5208333;233;237.1386;222.8416;0
14352;144;224;0.8;0.5;52;104;0.5221239;259;236.6058;222.2692;3
14353;144;224;0.8;0.5;53;102;0.5217391;254;235.4314;223.3333;1
14354;144;224;0.8;0.5;54;102;0.4756098;237;235.6667;222.8137;1
14355;144;224;0.8;0.5;55;102;0.4142259;233;234.8333;222.1176;1
14356;144;224;0.8;0.5;56;103;0.5041667;255;236.9029;223.3786;2
14357;144;224;0.8;0.5;57;101;0.5743802;236;236.4653;223.2673;0
14358;144;224;0.8;0.5;58;104;0.5462185;231;236.4808;221.4519;3
14359;144;224;0.8;0.5;59;102;0.5265306;251;237.3333;222.3725;1
14360;144;224;0.8;0.5;60;103;0.5466102;249;236.5146;222.9806;2
14361;144;224;0.8;0.5;61;103;0.5696203;223;236.6602;222.0388;2
14362;144;224;0.8;0.5;62;101;0.4789916;232;235.0594;222.6634;0
14363;144;224;0.8;0.5;63;102;0.4911504;233;237.0392;222.9412;1
14364;144;224;0.8;0.5;64;101;0.5069124;240;236.099;221.9901;0
14365;144;224;0.8;0.5;65;103;0.4871795;225;237.5534;222.7864;2
14366;144;224;0.8;0.5;66;101;0.4681818;232;237.505;223.1485;0
14367;144;224;0.8;0.5;67;101;0.4724409;240;237.9604;223.1287;0
14368;144;224;0.8;0.5;68;101;0.460251;218;238.2772;222.7525;0
14369;144;224;0.8;0.5;69;101;0.4713656;256;236.4554;222.8119;0
14370;144;224;0.8;0.5;70;101;0.557377;203;236.0594;222.8812;0
14371;144;224;0.8;0.5;71;101;0.4696356;239;236.5446;222.9208;0
14372;144;224;0.8;0.5;72;102;0.5506608;235;235.7059;223.2941;1
14373;144;224;0.8;0.5;73;102;0.4833333;249;235.0098;222.5196;1
14374;144;224;0.8;0.5;74;101;0.4573991;230;237.0693;222.9505;0
14375;144;224;0.8;0.5;75;101;0.4545455;226;237.3861;222.3762;0
14376;144;224;0.8;0.5;76;101;0.5021097;244;238.0099;223.495;0
14377;144;224;0.8;0.5;77;104;0.4201681;230;236.3846;222.9904;3
14378;144;224;0.8;0.5;78;101;0.5657895;211;234.6733;221.9703;0
14379;144;224;0.8;0.5;79;101;0.4622642;235;236.7129;222.6634;0
14380;144;224;0.8;0.5;80;105;0.5176991;261;237.2952;223.0286;4
14381;144;224;0.8;0.5;81;103;0.4688797;250;237.6699;222.9612;2
14382;144;224;0.8;0.5;82;103;0.5384615;243;236.4175;222.7767;2
14383;144;224;0.8;0.5;83;101;0.4590164;246;236.604;221.7426;0
14384;144;224;0.8;0.5;84;107;0.4622222;227;236.1682;222.6168;6
14385;144;224;0.8;0.5;85;102;0.4593496;238;238.4118;223.4118;1
14386;144;224;0.8;0.5;86;103;0.4782609;233;235.8738;222.4951;2
14387;144;224;0.8;0.5;87;101;0.5261044;221;238.0198;223.5446;0
14388;144;224;0.8;0.5;88;102;0.5405405;259;237.4608;223.1078;1
14389;144;224;0.8;0.5;89;101;0.4868421;244;235.5842;223.0891;0
14390;144;224;0.8;0.5;90;101;0.4764151;267;237.4554;222.8416;0
14391;144;224;0.8;0.5;91;101;0.5714286;235;235.7624;222.8812;0
14392;144;224;0.8;0.5;92;103;0.5465587;225;236.0194;222.1553;2
14393;144;224;0.8;0.5;93;103;0.4847162;242;236.4757;222.2816;2
14394;144;224;0.8;0.5;94;102;0.4302789;231;236.6275;222.3725;1
14395;144;224;0.8;0.5;95;101;0.5507812;232;236.6238;223.1584;0
14396;144;224;0.8;0.5;96;107;0.5418327;224;235.6729;222.5981;6
14397;144;224;0.8;0.5;97;101;0.4885496;239;236.4455;223;0
14398;144;224;0.8;0.5;98;103;0.4125;213;237.3883;223.2039;2
14399;144;224;0.8;0.5;99;101;0.5813008;231;236.1881;222.9901;0
14400;144;224;0.8;0.5;100;103;0.5306122;224;236.7184;222.5534;2
14401;145;1;0.9;0.5;1;101;0.4771784;236;238.6733;1;0
14402;145;1;0.9;0.5;2;105;0.4837398;237;238.6857;1;4
14403;145;1;0.9;0.5;3;101;0.4915254;247;236.7822;1;0
14404;145;1;0.9;0.5;4;101;0.4827586;232;239.7822;1;0
14405;145;1;0.9;0.5;5;101;0.5352697;251;238.1881;1;0
14406;145;1;0.9;0.5;6;103;0.4556962;251;236.4078;1;2
14407;145;1;0.9;0.5;7;101;0.5795918;241;236.3465;1;0
14408;145;1;0.9;0.5;8;103;0.4458874;233;235.7087;1;2
14409;145;1;0.9;0.5;9;101;0.4653061;236;237.6139;1;0
14410;145;1;0.9;0.5;10;102;0.5493562;243;236.5098;1;1
14411;145;1;0.9;0.5;11;104;0.516;216;235.7308;1;3
14412;145;1;0.9;0.5;12;103;0.5286344;229;237.2816;1;2
14413;145;1;0.9;0.5;13;102;0.4484127;214;236.1078;1;1
14414;145;1;0.9;0.5;14;104;0.5223214;259;237.1731;1;3
14415;145;1;0.9;0.5;15;103;0.5648148;240;237.3107;1;2
14416;145;1;0.9;0.5;16;105;0.5362903;240;236.981;1;4
14417;145;1;0.9;0.5;17;102;0.5081967;219;234.7941;1;1
14418;145;1;0.9;0.5;18;103;0.5299145;236;235.6796;1;2
14419;145;1;0.9;0.5;19;102;0.5862069;242;236.7745;1;1
14420;145;1;0.9;0.5;20;104;0.4581673;241;236.5962;1;3
14421;145;1;0.9;0.5;21;103;0.4661017;230;234.4757;1;2
14422;145;1;0.9;0.5;22;101;0.5582524;243;237.7426;1;0
14423;145;1;0.9;0.5;23;102;0.5530973;226;236.4314;1;1
14424;145;1;0.9;0.5;24;101;0.4840183;256;236.6337;1;0
14425;145;1;0.9;0.5;25;103;0.4435484;241;237.6602;1;2
14426;145;1;0.9;0.5;26;106;0.4683544;237;235.9811;1;5
14427;145;1;0.9;0.5;27;102;0.5201465;223;238.549;1;1
14428;145;1;0.9;0.5;28;101;0.4571429;228;237.0099;1;0
14429;145;1;0.9;0.5;29;103;0.5442478;236;236.165;1;2
14430;145;1;0.9;0.5;30;105;0.5105485;247;236.581;1;4
14431;145;1;0.9;0.5;31;101;0.4754098;226;236.4554;1;0
14432;145;1;0.9;0.5;32;101;0.4576923;208;235.9802;1;0
14433;145;1;0.9;0.5;33;105;0.5021834;215;237.0286;1;4
14434;145;1;0.9;0.5;34;102;0.4716981;230;235.7843;1;1
14435;145;1;0.9;0.5;35;101;0.5263158;250;237.6634;1;0
14436;145;1;0.9;0.5;36;101;0.4345992;252;236.802;1;0
14437;145;1;0.9;0.5;37;103;0.5454545;207;235.3981;1;2
14438;145;1;0.9;0.5;38;102;0.5596708;213;235.6765;1;1
14439;145;1;0.9;0.5;39;101;0.4769874;218;236.1386;1;0
14440;145;1;0.9;0.5;40;104;0.4638783;237;238.8462;1;3
14441;145;1;0.9;0.5;41;102;0.4902913;239;237.5;1;1
14442;145;1;0.9;0.5;42;102;0.4909091;239;236.7745;1;1
14443;145;1;0.9;0.5;43;102;0.4618644;250;237.7843;1;1
14444;145;1;0.9;0.5;44;101;0.4626168;256;236.2079;1;0
14445;145;1;0.9;0.5;45;101;0.4574899;238;237.5149;1;0
14446;145;1;0.9;0.5;46;101;0.512605;234;237.9208;1;0
14447;145;1;0.9;0.5;47;101;0.4934498;226;237.1782;1;0
14448;145;1;0.9;0.5;48;101;0.5194805;221;236.0198;1;0
14449;145;1;0.9;0.5;49;101;0.4897119;219;235.8218;1;0
14450;145;1;0.9;0.5;50;101;0.4872881;243;237.4257;1;0
14451;145;1;0.9;0.5;51;102;0.5060241;251;238.049;1;1
14452;145;1;0.9;0.5;52;103;0.46;227;234.7282;1;2
14453;145;1;0.9;0.5;53;102;0.5044248;239;236.598;1;1
14454;145;1;0.9;0.5;54;103;0.5967078;249;237.0777;1;2
14455;145;1;0.9;0.5;55;101;0.5414847;253;236.1683;1;0
14456;145;1;0.9;0.5;56;101;0.4560669;234;237.3861;1;0
14457;145;1;0.9;0.5;57;103;0.5405405;253;236.0583;1;2
14458;145;1;0.9;0.5;58;103;0.4960938;209;236.7184;1;2
14459;145;1;0.9;0.5;59;101;0.4788136;241;236.0198;1;0
14460;145;1;0.9;0.5;60;102;0.4351145;237;236.4314;1;1
14461;145;1;0.9;0.5;61;102;0.5173913;257;239.5;1;1
14462;145;1;0.9;0.5;62;101;0.4875;236;237.2079;1;0
14463;145;1;0.9;0.5;63;101;0.5720721;268;237.1683;1;0
14464;145;1;0.9;0.5;64;102;0.4327731;237;235.049;1;1
14465;145;1;0.9;0.5;65;102;0.4803493;269;238.4216;1;1
14466;145;1;0.9;0.5;66;103;0.5238095;233;237.3592;1;2
14467;145;1;0.9;0.5;67;101;0.5148936;234;234.2772;1;0
14468;145;1;0.9;0.5;68;101;0.5665236;247;237.703;1;0
14469;145;1;0.9;0.5;69;101;0.4796748;235;236.7228;1;0
14470;145;1;0.9;0.5;70;101;0.5340909;202;236.2772;1;0
14471;145;1;0.9;0.5;71;101;0.4353448;261;235.7723;1;0
14472;145;1;0.9;0.5;72;103;0.5275591;237;238.5728;1;2
14473;145;1;0.9;0.5;73;101;0.4268775;229;234.1683;1;0
14474;145;1;0.9;0.5;74;101;0.5508475;255;236.0891;1;0
14475;145;1;0.9;0.5;75;108;0.4058577;224;237.9907;1;7
14476;145;1;0.9;0.5;76;105;0.454918;226;235.3143;1;4
14477;145;1;0.9;0.5;77;104;0.4576271;255;237.7019;1;3
14478;145;1;0.9;0.5;78;101;0.4416667;250;235.7921;1;0
14479;145;1;0.9;0.5;79;101;0.5364807;246;237.0693;1;0
14480;145;1;0.9;0.5;80;101;0.5418327;229;236.5941;1;0
14481;145;1;0.9;0.5;81;101;0.4608696;263;237.7228;1;0
14482;145;1;0.9;0.5;82;101;0.5079365;243;236.4554;1;0
14483;145;1;0.9;0.5;83;102;0.5294118;254;235.9902;1;1
14484;145;1;0.9;0.5;84;105;0.5436508;245;238.0095;1;4
14485;145;1;0.9;0.5;85;101;0.4255319;217;236.9604;1;0
14486;145;1;0.9;0.5;86;101;0.4285714;235;235.4455;1;0
14487;145;1;0.9;0.5;87;101;0.512605;246;237.9109;1;0
14488;145;1;0.9;0.5;88;101;0.5065502;248;237.604;1;0
14489;145;1;0.9;0.5;89;101;0.452381;233;236.6832;1;0
14490;145;1;0.9;0.5;90;101;0.4978166;269;235.8317;1;0
14491;145;1;0.9;0.5;91;101;0.4563492;234;237.6733;1;0
14492;145;1;0.9;0.5;92;103;0.4899598;253;237.7864;1;2
14493;145;1;0.9;0.5;93;106;0.5106383;236;237.5189;1;5
14494;145;1;0.9;0.5;94;101;0.4358974;246;235.7129;1;0
14495;145;1;0.9;0.5;95;105;0.5022026;240;236.9333;1;4
14496;145;1;0.9;0.5;96;102;0.5099602;212;235.2353;1;1
14497;145;1;0.9;0.5;97;101;0.4510638;242;235.2475;1;0
14498;145;1;0.9;0.5;98;105;0.5294118;265;236.7714;1;4
14499;145;1;0.9;0.5;99;101;0.4786325;238;237.6139;1;0
14500;145;1;0.9;0.5;100;102;0.5156951;236;236.7647;1;1
14501;146;3;0.9;0.5;1;102;0.4910714;223;237.1765;3;1
14502;146;3;0.9;0.5;2;101;0.4612403;239;236.0198;3;0
14503;146;3;0.9;0.5;3;101;0.5393701;222;235.2871;3;0
14504;146;3;0.9;0.5;4;101;0.4069264;245;236.5743;3;0
14505;146;3;0.9;0.5;5;101;0.5087719;270;235.7525;3;0
14506;146;3;0.9;0.5;6;102;0.5784753;229;237.049;3;1
14507;146;3;0.9;0.5;7;103;0.5478261;248;236.8058;3;2
14508;146;3;0.9;0.5;8;102;0.480315;223;238.1863;3;1
14509;146;3;0.9;0.5;9;101;0.481982;248;238.0594;3;0
14510;146;3;0.9;0.5;10;102;0.4401914;241;235.1078;3;1
14511;146;3;0.9;0.5;11;102;0.544;246;237.7353;3;1
14512;146;3;0.9;0.5;12;103;0.4285714;233;235.7087;3;2
14513;146;3;0.9;0.5;13;101;0.4533333;240;236.7426;3;0
14514;146;3;0.9;0.5;14;101;0.4849785;232;237.5446;3;0
14515;146;3;0.9;0.5;15;103;0.4911504;251;239.0388;3;2
14516;146;3;0.9;0.5;16;102;0.5169492;219;237.4216;3;1
14517;146;3;0.9;0.5;17;101;0.526971;254;237.0594;3;0
14518;146;3;0.9;0.5;18;102;0.525641;218;237.0588;3;1
14519;146;3;0.9;0.5;19;101;0.5195312;238;236.0495;3;0
14520;146;3;0.9;0.5;20;101;0.528;212;235.396;3;0
14521;146;3;0.9;0.5;21;102;0.5244444;237;235.8824;3;1
14522;146;3;0.9;0.5;22;101;0.5596708;265;236.8218;3;0
14523;146;3;0.9;0.5;23;101;0.4757709;232;235.5248;3;0
14524;146;3;0.9;0.5;24;103;0.440613;218;237.7184;3;2
14525;146;3;0.9;0.5;25;103;0.4416058;232;236.3107;3;2
14526;146;3;0.9;0.5;26;106;0.5344828;260;237.434;3;5
14527;146;3;0.9;0.5;27;101;0.4615385;215;237.3069;3;0
14528;146;3;0.9;0.5;28;101;0.5514403;254;240.099;3;0
14529;146;3;0.9;0.5;29;102;0.4913793;242;239.1765;3;1
14530;146;3;0.9;0.5;30;102;0.5175439;238;236.9412;3;1
14531;146;3;0.9;0.5;31;102;0.4649123;253;237.402;3;1
14532;146;3;0.9;0.5;32;101;0.4754098;247;237.8812;3;0
14533;146;3;0.9;0.5;33;103;0.5330579;233;236.767;3;2
14534;146;3;0.9;0.5;34;101;0.5528455;244;237.2178;3;0
14535;146;3;0.9;0.5;35;103;0.5258621;228;237.3495;3;2
14536;146;3;0.9;0.5;36;102;0.4401709;255;236.7059;3;1
14537;146;3;0.9;0.5;37;105;0.468254;236;235.8381;3;4
14538;146;3;0.9;0.5;38;102;0.4435146;242;236.0784;3;1
14539;146;3;0.9;0.5;39;106;0.5244444;225;236.4151;3;5
14540;146;3;0.9;0.5;40;105;0.5089286;248;236.6762;3;4
14541;146;3;0.9;0.5;41;101;0.5180723;243;237.1287;3;0
14542;146;3;0.9;0.5;42;102;0.4798387;230;236.5784;3;1
14543;146;3;0.9;0.5;43;106;0.454918;234;235.4434;3;5
14544;146;3;0.9;0.5;44;102;0.5166667;220;236.7059;3;1
14545;146;3;0.9;0.5;45;101;0.4889868;245;236.5545;3;0
14546;146;3;0.9;0.5;46;102;0.4247788;259;236.7745;3;1
14547;146;3;0.9;0.5;47;102;0.4375;230;238.5392;3;1
14548;146;3;0.9;0.5;48;107;0.5458333;254;237.0841;3;6
14549;146;3;0.9;0.5;49;103;0.5021277;244;237.5437;3;2
14550;146;3;0.9;0.5;50;106;0.4642857;223;237.3208;3;5
14551;146;3;0.9;0.5;51;101;0.4661017;246;236.4356;3;0
14552;146;3;0.9;0.5;52;101;0.4755556;253;236.198;3;0
14553;146;3;0.9;0.5;53;102;0.477551;225;235.3333;3;1
14554;146;3;0.9;0.5;54;101;0.564;226;237.3663;3;0
14555;146;3;0.9;0.5;55;101;0.5321888;225;236.6733;3;0
14556;146;3;0.9;0.5;56;101;0.5083333;222;236.5446;3;0
14557;146;3;0.9;0.5;57;101;0.4798387;249;238.3465;3;0
14558;146;3;0.9;0.5;58;101;0.5148936;233;233.0099;3;0
14559;146;3;0.9;0.5;59;103;0.4863636;250;235.5534;3;2
14560;146;3;0.9;0.5;60;101;0.5227273;224;237.2574;3;0
14561;146;3;0.9;0.5;61;103;0.4608696;222;235.9223;3;2
14562;146;3;0.9;0.5;62;101;0.5240175;224;236.0495;3;0
14563;146;3;0.9;0.5;63;101;0.5;242;235.4257;3;0
14564;146;3;0.9;0.5;64;101;0.4791667;250;234.9604;3;0
14565;146;3;0.9;0.5;65;104;0.5154185;277;237.6731;3;3
14566;146;3;0.9;0.5;66;101;0.4896266;234;238.5545;3;0
14567;146;3;0.9;0.5;67;102;0.5131579;252;237.902;3;1
14568;146;3;0.9;0.5;68;101;0.4304933;243;235.099;3;0
14569;146;3;0.9;0.5;69;101;0.4851064;237;235.7723;3;0
14570;146;3;0.9;0.5;70;103;0.4059829;243;236.0388;3;2
14571;146;3;0.9;0.5;71;103;0.465812;227;237.1165;3;2
14572;146;3;0.9;0.5;72;101;0.438914;248;238.0594;3;0
14573;146;3;0.9;0.5;73;101;0.5335968;228;236.1386;3;0
14574;146;3;0.9;0.5;74;101;0.5333333;217;235.9307;3;0
14575;146;3;0.9;0.5;75;102;0.4512195;238;236.3529;3;1
14576;146;3;0.9;0.5;76;101;0.5111111;242;235.9802;3;0
14577;146;3;0.9;0.5;77;101;0.5;235;237.1386;3;0
14578;146;3;0.9;0.5;78;101;0.465587;230;237.5743;3;0
14579;146;3;0.9;0.5;79;102;0.4565217;236;235.5882;3;1
14580;146;3;0.9;0.5;80;101;0.4939759;248;236.901;3;0
14581;146;3;0.9;0.5;81;103;0.515873;226;236.3883;3;2
14582;146;3;0.9;0.5;82;101;0.4422311;239;237.198;3;0
14583;146;3;0.9;0.5;83;102;0.496;223;237.6961;3;1
14584;146;3;0.9;0.5;84;102;0.4848485;210;236.549;3;1
14585;146;3;0.9;0.5;85;103;0.5289256;250;235.3107;3;2
14586;146;3;0.9;0.5;86;101;0.4133858;238;236.3465;3;0
14587;146;3;0.9;0.5;87;101;0.5436508;208;236.1584;3;0
14588;146;3;0.9;0.5;88;101;0.4600939;251;236.5149;3;0
14589;146;3;0.9;0.5;89;101;0.4484127;233;236.3168;3;0
14590;146;3;0.9;0.5;90;103;0.5504202;225;236.5146;3;2
14591;146;3;0.9;0.5;91;101;0.4650206;242;236.7624;3;0
14592;146;3;0.9;0.5;92;105;0.5303644;224;236.019;3;4
14593;146;3;0.9;0.5;93;101;0.5874439;242;235.9109;3;0
14594;146;3;0.9;0.5;94;102;0.4956522;240;238.4314;3;1
14595;146;3;0.9;0.5;95;102;0.504717;254;237.7059;3;1
14596;146;3;0.9;0.5;96;103;0.55;256;238.4951;3;2
14597;146;3;0.9;0.5;97;101;0.5396825;227;238.3366;3;0
14598;146;3;0.9;0.5;98;101;0.4621849;216;238.2178;3;0
14599;146;3;0.9;0.5;99;101;0.5038462;242;236.4851;3;0
14600;146;3;0.9;0.5;100;103;0.4786325;224;237.1165;3;2
14601;147;5;0.9;0.5;1;102;0.5163934;231;236.2255;5;1
14602;147;5;0.9;0.5;2;101;0.5022624;229;235.6337;5;0
14603;147;5;0.9;0.5;3;102;0.5204918;248;237.0392;5;1
14604;147;5;0.9;0.5;4;103;0.501992;248;235.8738;5;2
14605;147;5;0.9;0.5;5;105;0.4206349;199;236.1714;5;4
14606;147;5;0.9;0.5;6;103;0.5353982;244;237.0583;5;2
14607;147;5;0.9;0.5;7;101;0.4717742;240;238.1683;5;0
14608;147;5;0.9;0.5;8;101;0.5421687;239;237.6535;5;0
14609;147;5;0.9;0.5;9;101;0.5138889;234;236.6832;5;0
14610;147;5;0.9;0.5;10;101;0.5023923;237;235.8515;5;0
14611;147;5;0.9;0.5;11;102;0.4574899;217;236.7059;5;1
14612;147;5;0.9;0.5;12;103;0.5608696;235;235.8738;5;2
14613;147;5;0.9;0.5;13;102;0.5168067;249;237.5686;5;1
14614;147;5;0.9;0.5;14;102;0.504386;236;235.5196;5;1
14615;147;5;0.9;0.5;15;101;0.4889868;229;235.2079;5;0
14616;147;5;0.9;0.5;16;106;0.5303644;206;237.1226;5;5
14617;147;5;0.9;0.5;17;101;0.4957983;237;238.3564;5;0
14618;147;5;0.9;0.5;18;103;0.5481172;253;237.1165;5;2
14619;147;5;0.9;0.5;19;102;0.5405405;234;236.1176;5;1
14620;147;5;0.9;0.5;20;101;0.5277778;247;235.2871;5;0
14621;147;5;0.9;0.5;21;101;0.4606299;246;237.6238;5;0
14622;147;5;0.9;0.5;22;101;0.5228216;232;234.8218;5;0
14623;147;5;0.9;0.5;23;106;0.4957983;235;238.0849;5;5
14624;147;5;0.9;0.5;24;101;0.4484305;241;235.3762;5;0
14625;147;5;0.9;0.5;25;101;0.5648536;247;237.3168;5;0
14626;147;5;0.9;0.5;26;102;0.4708171;230;236.5882;5;1
14627;147;5;0.9;0.5;27;101;0.5537849;198;235.2574;5;0
14628;147;5;0.9;0.5;28;102;0.52;214;234.8333;5;1
14629;147;5;0.9;0.5;29;101;0.4605809;239;236.703;5;0
14630;147;5;0.9;0.5;30;102;0.4977778;216;235.9902;5;1
14631;147;5;0.9;0.5;31;101;0.510917;244;235.901;5;0
14632;147;5;0.9;0.5;32;101;0.4976959;234;236.3861;5;0
14633;147;5;0.9;0.5;33;102;0.544;231;235.9902;5;1
14634;147;5;0.9;0.5;34;101;0.5914894;247;234.3663;5;0
14635;147;5;0.9;0.5;35;101;0.4112903;239;239.2871;5;0
14636;147;5;0.9;0.5;36;102;0.4716981;230;236.098;5;1
14637;147;5;0.9;0.5;37;102;0.5138889;252;238.7059;5;1
14638;147;5;0.9;0.5;38;101;0.510917;232;235.6535;5;0
14639;147;5;0.9;0.5;39;103;0.496;225;235.9126;5;2
14640;147;5;0.9;0.5;40;102;0.5306122;215;237.9706;5;1
14641;147;5;0.9;0.5;41;101;0.4609053;236;236.9901;5;0
14642;147;5;0.9;0.5;42;101;0.4581498;232;237.6535;5;0
14643;147;5;0.9;0.5;43;101;0.5287356;224;236.198;5;0
14644;147;5;0.9;0.5;44;105;0.53125;244;235.8667;5;4
14645;147;5;0.9;0.5;45;105;0.5233645;231;235.8476;5;4
14646;147;5;0.9;0.5;46;103;0.5756303;223;236.1359;5;2
14647;147;5;0.9;0.5;47;101;0.5899582;223;237.1782;5;0
14648;147;5;0.9;0.5;48;104;0.4462151;226;234.9423;5;3
14649;147;5;0.9;0.5;49;101;0.5228216;224;234.2475;5;0
14650;147;5;0.9;0.5;50;102;0.4897959;224;236.2353;5;1
14651;147;5;0.9;0.5;51;101;0.4911504;255;235.5545;5;0
14652;147;5;0.9;0.5;52;103;0.5504202;257;237.5534;5;2
14653;147;5;0.9;0.5;53;103;0.5132743;229;234.6311;5;2
14654;147;5;0.9;0.5;54;103;0.473913;253;235.9903;5;2
14655;147;5;0.9;0.5;55;101;0.4845815;251;237.6733;5;0
14656;147;5;0.9;0.5;56;102;0.6049383;250;237.951;5;1
14657;147;5;0.9;0.5;57;101;0.4892704;240;237.4851;5;0
14658;147;5;0.9;0.5;58;104;0.4349593;221;237.1827;5;3
14659;147;5;0.9;0.5;59;107;0.488;226;238.215;5;6
14660;147;5;0.9;0.5;60;101;0.45;237;234.9802;5;0
14661;147;5;0.9;0.5;61;101;0.4808511;212;234.4455;5;0
14662;147;5;0.9;0.5;62;101;0.4715447;257;237.0297;5;0
14663;147;5;0.9;0.5;63;101;0.4495798;243;236.2079;5;0
14664;147;5;0.9;0.5;64;105;0.4525862;237;237.6095;5;4
14665;147;5;0.9;0.5;65;102;0.5330579;233;236.4216;5;1
14666;147;5;0.9;0.5;66;101;0.4449339;237;237.1188;5;0
14667;147;5;0.9;0.5;67;102;0.5127119;255;237.4608;5;1
14668;147;5;0.9;0.5;68;103;0.4112554;250;238.1456;5;2
14669;147;5;0.9;0.5;69;103;0.4889868;229;238.6311;5;2
14670;147;5;0.9;0.5;70;101;0.5273438;235;236.0297;5;0
14671;147;5;0.9;0.5;71;102;0.4872881;230;236.6765;5;1
14672;147;5;0.9;0.5;72;102;0.463964;245;237.598;5;1
14673;147;5;0.9;0.5;73;101;0.4513619;215;235.7624;5;0
14674;147;5;0.9;0.5;74;102;0.5378151;247;238.7059;5;1
14675;147;5;0.9;0.5;75;101;0.5;217;236.6139;5;0
14676;147;5;0.9;0.5;76;101;0.6280992;250;234.2871;5;0
14677;147;5;0.9;0.5;77;101;0.4875;241;236.198;5;0
14678;147;5;0.9;0.5;78;103;0.5206612;249;236.8932;5;2
14679;147;5;0.9;0.5;79;101;0.4513274;274;237.4158;5;0
14680;147;5;0.9;0.5;80;105;0.4831933;270;237.5524;5;4
14681;147;5;0.9;0.5;81;101;0.5021459;237;238.1485;5;0
14682;147;5;0.9;0.5;82;104;0.5954545;253;237.8077;5;3
14683;147;5;0.9;0.5;83;101;0.4689922;208;236.4653;5;0
14684;147;5;0.9;0.5;84;102;0.5258621;220;236.5882;5;1
14685;147;5;0.9;0.5;85;101;0.4724771;214;238.8713;5;0
14686;147;5;0.9;0.5;86;104;0.4561404;243;236.1346;5;3
14687;147;5;0.9;0.5;87;102;0.5663717;217;237.0686;5;1
14688;147;5;0.9;0.5;88;102;0.579646;218;235.2843;5;1
14689;147;5;0.9;0.5;89;101;0.5283843;227;237.5941;5;0
14690;147;5;0.9;0.5;90;102;0.5128205;226;236.8922;5;1
14691;147;5;0.9;0.5;91;101;0.5021097;238;236.0891;5;0
14692;147;5;0.9;0.5;92;101;0.5248869;245;237.0297;5;0
14693;147;5;0.9;0.5;93;102;0.5515695;247;235.6961;5;1
14694;147;5;0.9;0.5;94;103;0.4590909;240;236.7087;5;2
14695;147;5;0.9;0.5;95;101;0.4297872;229;234.7426;5;0
14696;147;5;0.9;0.5;96;102;0.525641;240;235.5686;5;1
14697;147;5;0.9;0.5;97;102;0.5470085;244;238.0882;5;1
14698;147;5;0.9;0.5;98;101;0.470339;254;236.2475;5;0
14699;147;5;0.9;0.5;99;103;0.440678;225;238.7573;5;2
14700;147;5;0.9;0.5;100;101;0.5137615;257;238.4554;5;0
14701;148;7;0.9;0.5;1;101;0.4782609;254;235.8812;7;0
14702;148;7;0.9;0.5;2;101;0.4777328;245;238.7921;7;0
14703;148;7;0.9;0.5;3;101;0.4894515;243;236.9406;7;0
14704;148;7;0.9;0.5;4;103;0.5;215;236.8447;7;2
14705;148;7;0.9;0.5;5;101;0.5714286;241;235.6634;7;0
14706;148;7;0.9;0.5;6;105;0.4485981;244;235.7143;7;4
14707;148;7;0.9;0.5;7;101;0.5450644;264;238.396;7;0
14708;148;7;0.9;0.5;8;101;0.4369369;228;237.7921;7;0
14709;148;7;0.9;0.5;9;104;0.4615385;243;238.0865;7;3
14710;148;7;0.9;0.5;10;101;0.5308642;256;237.1584;7;0
14711;148;7;0.9;0.5;11;106;0.5485232;223;238.7453;7;5
14712;148;7;0.9;0.5;12;101;0.5274262;236;240.0396;7;0
14713;148;7;0.9;0.5;13;101;0.4773663;257;237.4554;7;0
14714;148;7;0.9;0.5;14;102;0.4957265;230;237.1471;7;1
14715;148;7;0.9;0.5;15;104;0.4957265;240;236.4423;7;3
14716;148;7;0.9;0.5;16;101;0.4194915;229;235.9901;7;0
14717;148;7;0.9;0.5;17;105;0.5354331;254;236.9333;7;4
14718;148;7;0.9;0.5;18;107;0.4718615;223;235.5047;7;6
14719;148;7;0.9;0.5;19;101;0.4922481;225;238.0198;7;0
14720;148;7;0.9;0.5;20;101;0.4782609;232;236.0594;7;0
14721;148;7;0.9;0.5;21;104;0.4864865;242;235.0673;7;3
14722;148;7;0.9;0.5;22;101;0.5306122;215;236.1485;7;0
14723;148;7;0.9;0.5;23;105;0.5045045;237;236.0381;7;4
14724;148;7;0.9;0.5;24;103;0.4504132;253;236.534;7;2
14725;148;7;0.9;0.5;25;101;0.472973;242;238.2277;7;0
14726;148;7;0.9;0.5;26;102;0.4497608;231;238.0784;7;1
14727;148;7;0.9;0.5;27;101;0.4612245;228;235.1584;7;0
14728;148;7;0.9;0.5;28;102;0.5406504;241;237.3333;7;1
14729;148;7;0.9;0.5;29;102;0.5282258;235;237.7941;7;1
14730;148;7;0.9;0.5;30;101;0.5779817;228;238.8416;7;0
14731;148;7;0.9;0.5;31;101;0.5179283;229;236.7129;7;0
14732;148;7;0.9;0.5;32;102;0.4916667;225;234.8725;7;1
14733;148;7;0.9;0.5;33;101;0.5528846;252;234.1188;7;0
14734;148;7;0.9;0.5;34;101;0.5223214;227;237.0891;7;0
14735;148;7;0.9;0.5;35;102;0.4537445;250;238.7157;7;1
14736;148;7;0.9;0.5;36;104;0.399061;248;235.9712;7;3
14737;148;7;0.9;0.5;37;101;0.4829268;250;234.901;7;0
14738;148;7;0.9;0.5;38;101;0.5150215;247;239.297;7;0
14739;148;7;0.9;0.5;39;103;0.5701357;244;235.5728;7;2
14740;148;7;0.9;0.5;40;105;0.5652174;225;235.9524;7;4
14741;148;7;0.9;0.5;41;101;0.5714286;228;236.3762;7;0
14742;148;7;0.9;0.5;42;104;0.5169492;254;236.7788;7;3
14743;148;7;0.9;0.5;43;103;0.4674797;221;238.3204;7;2
14744;148;7;0.9;0.5;44;104;0.60181;251;235.9231;7;3
14745;148;7;0.9;0.5;45;101;0.4319066;230;237.4257;7;0
14746;148;7;0.9;0.5;46;103;0.4553191;250;238.0291;7;2
14747;148;7;0.9;0.5;47;103;0.5311203;252;235.2816;7;2
14748;148;7;0.9;0.5;48;101;0.5524194;236;237.0792;7;0
14749;148;7;0.9;0.5;49;101;0.4605263;244;237.396;7;0
14750;148;7;0.9;0.5;50;102;0.4857143;229;235.7157;7;1
14751;148;7;0.9;0.5;51;102;0.5314961;234;235.902;7;1
14752;148;7;0.9;0.5;52;102;0.539749;234;236.6961;7;1
14753;148;7;0.9;0.5;53;101;0.4788136;235;236.901;7;0
14754;148;7;0.9;0.5;54;102;0.4748858;260;236.2255;7;1
14755;148;7;0.9;0.5;55;101;0.5432099;228;237.4158;7;0
14756;148;7;0.9;0.5;56;104;0.4834711;233;235.9904;7;3
14757;148;7;0.9;0.5;57;103;0.512931;218;234.9029;7;2
14758;148;7;0.9;0.5;58;101;0.5777778;225;236.1782;7;0
14759;148;7;0.9;0.5;59;106;0.5330396;231;236.0189;7;5
14760;148;7;0.9;0.5;60;103;0.4822134;222;234.7573;7;2
14761;148;7;0.9;0.5;61;101;0.4669261;243;236.901;7;0
14762;148;7;0.9;0.5;62;101;0.5508475;235;234.7327;7;0
14763;148;7;0.9;0.5;63;101;0.5646552;227;237.0099;7;0
14764;148;7;0.9;0.5;64;103;0.4405286;240;237.068;7;2
14765;148;7;0.9;0.5;65;103;0.4821429;262;237.068;7;2
14766;148;7;0.9;0.5;66;102;0.4977578;260;237.4412;7;1
14767;148;7;0.9;0.5;67;103;0.5576923;233;235.7864;7;2
14768;148;7;0.9;0.5;68;101;0.5136187;224;237.1782;7;0
14769;148;7;0.9;0.5;69;101;0.5;258;234.9604;7;0
14770;148;7;0.9;0.5;70;102;0.4938776;225;234.902;7;1
14771;148;7;0.9;0.5;71;101;0.4139344;239;237.5446;7;0
14772;148;7;0.9;0.5;72;104;0.4793388;258;235.5673;7;3
14773;148;7;0.9;0.5;73;101;0.5338983;230;237.4851;7;0
14774;148;7;0.9;0.5;74;103;0.5265487;235;237.6214;7;2
14775;148;7;0.9;0.5;75;105;0.5714286;237;238.981;7;4
14776;148;7;0.9;0.5;76;102;0.4831933;233;236.8235;7;1
14777;148;7;0.9;0.5;77;103;0.4713115;217;237.7379;7;2
14778;148;7;0.9;0.5;78;102;0.4724409;252;238.3529;7;1
14779;148;7;0.9;0.5;79;101;0.5206612;234;237.7525;7;0
14780;148;7;0.9;0.5;80;105;0.5396825;209;235.0857;7;4
14781;148;7;0.9;0.5;81;102;0.5023923;218;234.5098;7;1
14782;148;7;0.9;0.5;82;106;0.4156379;246;235.1321;7;5
14783;148;7;0.9;0.5;83;103;0.483871;214;235.5437;7;2
14784;148;7;0.9;0.5;84;102;0.4841629;232;235.9902;7;1
14785;148;7;0.9;0.5;85;104;0.473913;256;236.8077;7;3
14786;148;7;0.9;0.5;86;101;0.5431034;236;234.495;7;0
14787;148;7;0.9;0.5;87;101;0.4297521;227;236.802;7;0
14788;148;7;0.9;0.5;88;102;0.495935;222;236.7941;7;1
14789;148;7;0.9;0.5;89;101;0.4937759;229;235.8119;7;0
14790;148;7;0.9;0.5;90;101;0.4911504;230;235.505;7;0
14791;148;7;0.9;0.5;91;106;0.4833333;245;238.4245;7;5
14792;148;7;0.9;0.5;92;103;0.5065502;220;234.4369;7;2
14793;148;7;0.9;0.5;93;102;0.495614;232;238.0686;7;1
14794;148;7;0.9;0.5;94;102;0.4830508;223;235.0784;7;1
14795;148;7;0.9;0.5;95;101;0.5346939;250;236.7426;7;0
14796;148;7;0.9;0.5;96;102;0.593361;237;235.7451;7;1
14797;148;7;0.9;0.5;97;102;0.5616438;253;235.6471;7;1
14798;148;7;0.9;0.5;98;107;0.5439331;232;237.1308;7;6
14799;148;7;0.9;0.5;99;101;0.5611814;252;236.0495;7;0
14800;148;7;0.9;0.5;100;103;0.5119617;250;236.767;7;2
14801;149;9;0.9;0.5;1;103;0.5361702;227;237.3398;9;2
14802;149;9;0.9;0.5;2;102;0.5364807;231;235.2941;9;1
14803;149;9;0.9;0.5;3;103;0.4869565;248;236.1553;9;2
14804;149;9;0.9;0.5;4;105;0.495283;242;237.1905;9;4
14805;149;9;0.9;0.5;5;101;0.5166667;208;235.802;9;0
14806;149;9;0.9;0.5;6;101;0.5145228;229;236.7921;9;0
14807;149;9;0.9;0.5;7;103;0.4910714;254;236.4466;9;2
14808;149;9;0.9;0.5;8;102;0.5249042;221;235.098;9;1
14809;149;9;0.9;0.5;9;101;0.5020576;228;236.4356;9;0
14810;149;9;0.9;0.5;10;102;0.5785124;263;236.9608;9;1
14811;149;9;0.9;0.5;11;101;0.502008;237;236.9505;9;0
14812;149;9;0.9;0.5;12;102;0.5101215;218;237.7941;9;1
14813;149;9;0.9;0.5;13;101;0.4625;238;236.9208;9;0
14814;149;9;0.9;0.5;14;102;0.5021645;214;235.5784;9;1
14815;149;9;0.9;0.5;15;101;0.4609375;227;236.2079;9;0
14816;149;9;0.9;0.5;16;102;0.3914894;248;236.5784;9;1
14817;149;9;0.9;0.5;17;101;0.4716157;261;239.5149;9;0
14818;149;9;0.9;0.5;18;102;0.5795918;228;237.0588;9;1
14819;149;9;0.9;0.5;19;104;0.6085106;247;236.8558;9;3
14820;149;9;0.9;0.5;20;102;0.562249;228;236.3627;9;1
14821;149;9;0.9;0.5;21;101;0.5371901;218;235.0297;9;0
14822;149;9;0.9;0.5;22;101;0.5327511;219;234.1386;9;0
14823;149;9;0.9;0.5;23;113;0.4887892;242;236.8761;9;12
14824;149;9;0.9;0.5;24;101;0.5940171;248;236.5248;9;0
14825;149;9;0.9;0.5;25;103;0.5572519;220;236.2913;9;2
14826;149;9;0.9;0.5;26;104;0.490991;231;235.2115;9;3
14827;149;9;0.9;0.5;27;103;0.52;254;239.3204;9;2
14828;149;9;0.9;0.5;28;106;0.5439331;245;236.1509;9;5
14829;149;9;0.9;0.5;29;102;0.5627706;245;236.0098;9;1
14830;149;9;0.9;0.5;30;101;0.4860558;243;236.9505;9;0
14831;149;9;0.9;0.5;31;101;0.4876033;258;238.5347;9;0
14832;149;9;0.9;0.5;32;101;0.4649123;235;236.901;9;0
14833;149;9;0.9;0.5;33;104;0.454918;234;234.7596;9;3
14834;149;9;0.9;0.5;34;101;0.5254902;219;237.4554;9;0
14835;149;9;0.9;0.5;35;102;0.5308057;248;238.1863;9;1
14836;149;9;0.9;0.5;36;110;0.4356846;253;236.7727;9;9
14837;149;9;0.9;0.5;37;101;0.4685039;229;236.3861;9;0
14838;149;9;0.9;0.5;38;106;0.546875;250;238.1698;9;5
14839;149;9;0.9;0.5;39;101;0.4958333;237;236.2871;9;0
14840;149;9;0.9;0.5;40;101;0.5086207;235;235.7624;9;0
14841;149;9;0.9;0.5;41;101;0.4510638;235;237.8911;9;0
14842;149;9;0.9;0.5;42;103;0.5102881;253;237.7184;9;2
14843;149;9;0.9;0.5;43;101;0.4845815;247;237.5149;9;0
14844;149;9;0.9;0.5;44;103;0.454918;231;235.9223;9;2
14845;149;9;0.9;0.5;45;101;0.5258964;217;236.0792;9;0
14846;149;9;0.9;0.5;46;103;0.493617;223;235.6019;9;2
14847;149;9;0.9;0.5;47;101;0.5506608;247;237.4554;9;0
14848;149;9;0.9;0.5;48;101;0.5342466;233;237.099;9;0
14849;149;9;0.9;0.5;49;101;0.5364807;226;238.1683;9;0
14850;149;9;0.9;0.5;50;102;0.516129;240;237.3627;9;1
14851;149;9;0.9;0.5;51;101;0.4938776;239;238.3465;9;0
14852;149;9;0.9;0.5;52;104;0.48583;236;238.1827;9;3
14853;149;9;0.9;0.5;53;101;0.5058824;232;235.3465;9;0
14854;149;9;0.9;0.5;54;102;0.5421687;234;236.7255;9;1
14855;149;9;0.9;0.5;55;101;0.531746;226;236.2178;9;0
14856;149;9;0.9;0.5;56;103;0.5190476;249;236.0291;9;2
14857;149;9;0.9;0.5;57;101;0.5540541;249;237.9208;9;0
14858;149;9;0.9;0.5;58;101;0.5604839;234;235.9604;9;0
14859;149;9;0.9;0.5;59;101;0.5515873;239;235.6931;9;0
14860;149;9;0.9;0.5;60;101;0.5090909;243;236.2178;9;0
14861;149;9;0.9;0.5;61;103;0.4608295;232;235.7573;9;2
14862;149;9;0.9;0.5;62;105;0.5040984;254;237.8667;9;4
14863;149;9;0.9;0.5;63;106;0.4817814;225;235.5755;9;5
14864;149;9;0.9;0.5;64;106;0.5447154;228;238.566;9;5
14865;149;9;0.9;0.5;65;102;0.476;238;236.3529;9;1
14866;149;9;0.9;0.5;66;103;0.5384615;246;233.2621;9;2
14867;149;9;0.9;0.5;67;101;0.4875;249;236.1782;9;0
14868;149;9;0.9;0.5;68;101;0.517094;222;236.8317;9;0
14869;149;9;0.9;0.5;69;102;0.5144033;244;237.8824;9;1
14870;149;9;0.9;0.5;70;101;0.5110132;236;238.0594;9;0
14871;149;9;0.9;0.5;71;101;0.4943396;221;236.0594;9;0
14872;149;9;0.9;0.5;72;101;0.5387931;238;238.3267;9;0
14873;149;9;0.9;0.5;73;102;0.492126;222;235.7941;9;1
14874;149;9;0.9;0.5;74;103;0.58159;244;237.3786;9;2
14875;149;9;0.9;0.5;75;101;0.5061224;241;236.5545;9;0
14876;149;9;0.9;0.5;76;102;0.4976959;237;234.8039;9;1
14877;149;9;0.9;0.5;77;103;0.4492754;246;235.1553;9;2
14878;149;9;0.9;0.5;78;101;0.4713656;228;237.7327;9;0
14879;149;9;0.9;0.5;79;102;0.5854701;236;237.0392;9;1
14880;149;9;0.9;0.5;80;101;0.4303279;219;238.3564;9;0
14881;149;9;0.9;0.5;81;103;0.4385246;223;238.1165;9;2
14882;149;9;0.9;0.5;82;101;0.525641;246;233.8119;9;0
14883;149;9;0.9;0.5;83;103;0.4891775;261;237.534;9;2
14884;149;9;0.9;0.5;84;101;0.4227642;237;238.5446;9;0
14885;149;9;0.9;0.5;85;102;0.4242424;224;236.8039;9;1
14886;149;9;0.9;0.5;86;102;0.5478927;226;238.0294;9;1
14887;149;9;0.9;0.5;87;102;0.512605;257;235.4902;9;1
14888;149;9;0.9;0.5;88;102;0.5021097;233;236.9804;9;1
14889;149;9;0.9;0.5;89;101;0.5882353;241;236.2574;9;0
14890;149;9;0.9;0.5;90;101;0.5316456;238;236.9208;9;0
14891;149;9;0.9;0.5;91;101;0.6344538;241;237.4257;9;0
14892;149;9;0.9;0.5;92;101;0.445;246;237.703;9;0
14893;149;9;0.9;0.5;93;103;0.45;264;238.2621;9;2
14894;149;9;0.9;0.5;94;103;0.4755556;245;237.068;9;2
14895;149;9;0.9;0.5;95;101;0.5130435;249;238.2376;9;0
14896;149;9;0.9;0.5;96;101;0.4977376;240;236.9406;9;0
14897;149;9;0.9;0.5;97;101;0.4892704;244;235.297;9;0
14898;149;9;0.9;0.5;98;101;0.5481172;239;238.1386;9;0
14899;149;9;0.9;0.5;99;104;0.4700461;243;237.4038;9;3
14900;149;9;0.9;0.5;100;101;0.4845815;231;236.495;9;0
14901;150;11;0.9;0.5;1;101;0.5214008;219;237.3366;11;0
14902;150;11;0.9;0.5;2;103;0.4460094;254;236.6019;11;2
14903;150;11;0.9;0.5;3;101;0.5042735;227;236.2277;11;0
14904;150;11;0.9;0.5;4;103;0.5172414;232;238.4175;11;2
14905;150;11;0.9;0.5;5;101;0.5;226;236.9307;11;0
14906;150;11;0.9;0.5;6;102;0.5942623;227;236.2745;11;1
14907;150;11;0.9;0.5;7;101;0.4635193;240;237.5248;11;0
14908;150;11;0.9;0.5;8;101;0.4541284;239;237.3366;11;0
14909;150;11;0.9;0.5;9;103;0.509009;237;236.8252;11;2
14910;150;11;0.9;0.5;10;101;0.4703557;237;237.4455;11;0
14911;150;11;0.9;0.5;11;110;0.4581673;217;237.9455;11;9
14912;150;11;0.9;0.5;12;102;0.5669643;249;236;11;1
14913;150;11;0.9;0.5;13;101;0.5122951;249;236.604;11;0
14914;150;11;0.9;0.5;14;101;0.5565611;253;235.3267;11;0
14915;150;11;0.9;0.5;15;103;0.4977578;221;237.0874;11;2
14916;150;11;0.9;0.5;16;102;0.545082;225;235.0294;11;1
14917;150;11;0.9;0.5;17;104;0.4864865;241;237.8558;11;3
14918;150;11;0.9;0.5;18;101;0.5281385;220;235.7822;11;0
14919;150;11;0.9;0.5;19;101;0.477551;257;238.2475;11;0
14920;150;11;0.9;0.5;20;106;0.5616438;258;237.5;11;5
14921;150;11;0.9;0.5;21;101;0.4936709;232;236.6238;11;0
14922;150;11;0.9;0.5;22;101;0.5;248;235.6733;11;0
14923;150;11;0.9;0.5;23;101;0.5355649;207;238.6238;11;0
14924;150;11;0.9;0.5;24;101;0.4254386;233;235.8515;11;0
14925;150;11;0.9;0.5;25;104;0.5285171;230;237.2596;11;3
14926;150;11;0.9;0.5;26;101;0.4824903;238;238.4059;11;0
14927;150;11;0.9;0.5;27;102;0.4847162;238;235.6863;11;1
14928;150;11;0.9;0.5;28;102;0.472973;239;239.0196;11;1
14929;150;11;0.9;0.5;29;101;0.4476987;253;237.2277;11;0
14930;150;11;0.9;0.5;30;104;0.5125;227;237.3365;11;3
14931;150;11;0.9;0.5;31;101;0.4384615;228;237.8218;11;0
14932;150;11;0.9;0.5;32;101;0.4269231;204;235.6337;11;0
14933;150;11;0.9;0.5;33;101;0.444898;224;236.8317;11;0
14934;150;11;0.9;0.5;34;101;0.4935065;218;236.2079;11;0
14935;150;11;0.9;0.5;35;102;0.5347826;237;235.4118;11;1
14936;150;11;0.9;0.5;36;101;0.5958333;235;238.099;11;0
14937;150;11;0.9;0.5;37;101;0.5247934;234;235.1782;11;0
14938;150;11;0.9;0.5;38;104;0.5062762;243;237.1923;11;3
14939;150;11;0.9;0.5;39;101;0.5061728;226;237.3168;11;0
14940;150;11;0.9;0.5;40;102;0.5151515;220;236.7843;11;1
14941;150;11;0.9;0.5;41;101;0.4564315;204;236.505;11;0
14942;150;11;0.9;0.5;42;105;0.4674797;245;236.819;11;4
14943;150;11;0.9;0.5;43;101;0.5349794;232;238.1881;11;0
14944;150;11;0.9;0.5;44;103;0.5152838;246;236.8932;11;2
14945;150;11;0.9;0.5;45;103;0.4529915;237;237.3495;11;2
14946;150;11;0.9;0.5;46;103;0.5061224;238;235.0971;11;2
14947;150;11;0.9;0.5;47;101;0.506383;254;237.1782;11;0
14948;150;11;0.9;0.5;48;101;0.5042017;220;236.7921;11;0
14949;150;11;0.9;0.5;49;101;0.556962;222;236.9703;11;0
14950;150;11;0.9;0.5;50;101;0.464135;220;235.0495;11;0
14951;150;11;0.9;0.5;51;101;0.491453;272;237.1089;11;0
14952;150;11;0.9;0.5;52;101;0.4675926;229;236.4356;11;0
14953;150;11;0.9;0.5;53;101;0.5175439;235;236.5347;11;0
14954;150;11;0.9;0.5;54;101;0.5466667;215;235.7723;11;0
14955;150;11;0.9;0.5;55;103;0.4666667;221;236.5437;11;2
14956;150;11;0.9;0.5;56;102;0.474359;240;235.2843;11;1
14957;150;11;0.9;0.5;57;103;0.4834711;237;236.7476;11;2
14958;150;11;0.9;0.5;58;103;0.4657534;233;236.5049;11;2
14959;150;11;0.9;0.5;59;101;0.5512821;241;236.6733;11;0
14960;150;11;0.9;0.5;60;101;0.5021097;250;237.3762;11;0
14961;150;11;0.9;0.5;61;105;0.4588745;247;236.6952;11;4
14962;150;11;0.9;0.5;62;103;0.536965;202;236.068;11;2
14963;150;11;0.9;0.5;63;101;0.3968254;218;235.5446;11;0
14964;150;11;0.9;0.5;64;103;0.4947368;247;236.5243;11;2
14965;150;11;0.9;0.5;65;103;0.5526316;238;236.9126;11;2
14966;150;11;0.9;0.5;66;101;0.5232068;226;238.2673;11;0
14967;150;11;0.9;0.5;67;101;0.4855769;254;237.1386;11;0
14968;150;11;0.9;0.5;68;102;0.5159817;219;234.8529;11;1
14969;150;11;0.9;0.5;69;102;0.507874;246;237.6961;11;1
14970;150;11;0.9;0.5;70;101;0.5355649;250;237.8218;11;0
14971;150;11;0.9;0.5;71;102;0.468254;222;238.7451;11;1
14972;150;11;0.9;0.5;72;103;0.557377;202;238.5728;11;2
14973;150;11;0.9;0.5;73;106;0.5173913;215;236.3019;11;5
14974;150;11;0.9;0.5;74;101;0.4819277;234;234.5149;11;0
14975;150;11;0.9;0.5;75;102;0.5265306;245;237.2255;11;1
14976;150;11;0.9;0.5;76;101;0.5115207;277;238.3564;11;0
14977;150;11;0.9;0.5;77;104;0.4565217;243;237.1346;11;3
14978;150;11;0.9;0.5;78;106;0.4190871;243;236.3302;11;5
14979;150;11;0.9;0.5;79;101;0.4705882;229;237.7624;11;0
14980;150;11;0.9;0.5;80;102;0.5185185;266;237.951;11;1
14981;150;11;0.9;0.5;81;104;0.4918699;230;236.8365;11;3
14982;150;11;0.9;0.5;82;101;0.5088496;217;236.9901;11;0
14983;150;11;0.9;0.5;83;102;0.4215247;245;237.7059;11;1
14984;150;11;0.9;0.5;84;102;0.5409091;256;237.8235;11;1
14985;150;11;0.9;0.5;85;103;0.4557522;250;237.0388;11;2
14986;150;11;0.9;0.5;86;101;0.5081967;238;238.1485;11;0
14987;150;11;0.9;0.5;87;102;0.5021277;252;236.1863;11;1
14988;150;11;0.9;0.5;88;102;0.468;254;239.2549;11;1
14989;150;11;0.9;0.5;89;111;0.5584416;244;237.8108;11;10
14990;150;11;0.9;0.5;90;103;0.4188679;208;238.2233;11;2
14991;150;11;0.9;0.5;91;103;0.5560345;229;233.534;11;2
14992;150;11;0.9;0.5;92;101;0.4913793;237;236.1881;11;0
14993;150;11;0.9;0.5;93;101;0.5039683;233;237.6634;11;0
14994;150;11;0.9;0.5;94;103;0.5254237;233;235.9417;11;2
14995;150;11;0.9;0.5;95;101;0.4686192;243;236.0693;11;0
14996;150;11;0.9;0.5;96;103;0.4563492;248;235.6019;11;2
14997;150;11;0.9;0.5;97;101;0.4897959;206;235.9901;11;0
14998;150;11;0.9;0.5;98;104;0.5137615;249;235.9808;11;3
14999;150;11;0.9;0.5;99;102;0.4765625;238;236.7843;11;1
15000;150;11;0.9;0.5;100;104;0.5067873;216;236.2788;11;3
15001;151;13;0.9;0.5;1;101;0.4796748;227;237.3168;13;0
15002;151;13;0.9;0.5;2;102;0.520362;251;234.8529;13;1
15003;151;13;0.9;0.5;3;106;0.5132743;247;237.1226;13;5
15004;151;13;0.9;0.5;4;101;0.5560345;229;236.5446;13;0
15005;151;13;0.9;0.5;5;101;0.5064935;243;235.6238;13;0
15006;151;13;0.9;0.5;6;101;0.4581673;235;236.1881;13;0
15007;151;13;0.9;0.5;7;101;0.5462555;236;237.5347;13;0
15008;151;13;0.9;0.5;8;103;0.4588745;251;238.4951;13;2
15009;151;13;0.9;0.5;9;101;0.4819277;214;237.0693;13;0
15010;151;13;0.9;0.5;10;102;0.5916667;224;235.598;13;1
15011;151;13;0.9;0.5;11;102;0.5176991;244;237.0294;13;1
15012;151;13;0.9;0.5;12;101;0.4684685;252;237.9802;13;0
15013;151;13;0.9;0.5;13;101;0.4495798;243;235.1584;13;0
15014;151;13;0.9;0.5;14;101;0.5812808;242;235.8119;13;0
15015;151;13;0.9;0.5;15;107;0.5037037;215;237.4579;13;6
15016;151;13;0.9;0.5;16;101;0.5852535;241;235.1584;13;0
15017;151;13;0.9;0.5;17;101;0.5596708;244;235.7921;13;0
15018;151;13;0.9;0.5;18;101;0.4297872;225;236.8218;13;0
15019;151;13;0.9;0.5;19;101;0.4849785;265;235.9208;13;0
15020;151;13;0.9;0.5;20;103;0.4576923;240;236.0583;13;2
15021;151;13;0.9;0.5;21;103;0.5245902;218;234.9903;13;2
15022;151;13;0.9;0.5;22;105;0.4454976;229;235.9048;13;4
15023;151;13;0.9;0.5;23;104;0.5708502;260;238.3846;13;3
15024;151;13;0.9;0.5;24;101;0.4977778;230;236.9406;13;0
15025;151;13;0.9;0.5;25;103;0.4025974;259;236.9223;13;2
15026;151;13;0.9;0.5;26;104;0.4395161;229;234.7692;13;3
15027;151;13;0.9;0.5;27;101;0.5042735;237;237.9901;13;0
15028;151;13;0.9;0.5;28;101;0.5062762;238;236.0396;13;0
15029;151;13;0.9;0.5;29;101;0.5443038;244;237.2079;13;0
15030;151;13;0.9;0.5;30;101;0.4327731;226;237.1188;13;0
15031;151;13;0.9;0.5;31;101;0.4953704;237;235.3267;13;0
15032;151;13;0.9;0.5;32;102;0.4939271;265;237.4314;13;1
15033;151;13;0.9;0.5;33;104;0.507874;221;236.1154;13;3
15034;151;13;0.9;0.5;34;104;0.516129;218;236.7885;13;3
15035;151;13;0.9;0.5;35;102;0.4719626;258;239.6667;13;1
15036;151;13;0.9;0.5;36;102;0.5204918;238;236.2059;13;1
15037;151;13;0.9;0.5;37;101;0.4705882;224;235.8812;13;0
15038;151;13;0.9;0.5;38;102;0.5130435;214;235.5196;13;1
15039;151;13;0.9;0.5;39;102;0.5021834;227;236.7157;13;1
15040;151;13;0.9;0.5;40;104;0.4588235;230;235.9808;13;3
15041;151;13;0.9;0.5;41;102;0.4888889;252;237.0686;13;1
15042;151;13;0.9;0.5;42;101;0.5677966;252;236.6733;13;0
15043;151;13;0.9;0.5;43;101;0.5021645;241;237.3366;13;0
15044;151;13;0.9;0.5;44;104;0.4831461;224;236.2115;13;3
15045;151;13;0.9;0.5;45;101;0.560166;250;237.2376;13;0
15046;151;13;0.9;0.5;46;103;0.4690265;242;235.5534;13;2
15047;151;13;0.9;0.5;47;101;0.5492958;250;236.9505;13;0
15048;151;13;0.9;0.5;48;101;0.5336134;220;237.3663;13;0
15049;151;13;0.9;0.5;49;101;0.4642857;230;235.1089;13;0
15050;151;13;0.9;0.5;50;102;0.4978541;263;238.0392;13;1
15051;151;13;0.9;0.5;51;101;0.5234043;229;235.8218;13;0
15052;151;13;0.9;0.5;52;105;0.4382979;244;236.1143;13;4
15053;151;13;0.9;0.5;53;102;0.5044643;223;238.3529;13;1
15054;151;13;0.9;0.5;54;101;0.5357143;233;236.3762;13;0
15055;151;13;0.9;0.5;55;101;0.5176991;219;235.604;13;0
15056;151;13;0.9;0.5;56;101;0.5565217;251;237.5842;13;0
15057;151;13;0.9;0.5;57;101;0.5136187;246;236.9109;13;0
15058;151;13;0.9;0.5;58;103;0.5697211;241;236.6117;13;2
15059;151;13;0.9;0.5;59;101;0.5227273;228;237.4851;13;0
15060;151;13;0.9;0.5;60;101;0.5193133;240;237.1881;13;0
15061;151;13;0.9;0.5;61;102;0.4244898;226;237.6471;13;1
15062;151;13;0.9;0.5;62;101;0.5154185;245;235.6634;13;0
15063;151;13;0.9;0.5;63;104;0.506383;235;237.9808;13;3
15064;151;13;0.9;0.5;64;102;0.4882629;227;235.7843;13;1
15065;151;13;0.9;0.5;65;103;0.4734513;232;235.2039;13;2
15066;151;13;0.9;0.5;66;101;0.5574468;235;235.3663;13;0
15067;151;13;0.9;0.5;67;101;0.5021645;247;236.7228;13;0
15068;151;13;0.9;0.5;68;104;0.4979757;220;236.4423;13;3
15069;151;13;0.9;0.5;69;101;0.5042735;228;235.5644;13;0
15070;151;13;0.9;0.5;70;104;0.5707763;233;237.0192;13;3
15071;151;13;0.9;0.5;71;101;0.5041322;229;235.8911;13;0
15072;151;13;0.9;0.5;72;101;0.4954955;236;236.3168;13;0
15073;151;13;0.9;0.5;73;102;0.5211864;230;235.1471;13;1
15074;151;13;0.9;0.5;74;101;0.5352697;246;237.1188;13;0
15075;151;13;0.9;0.5;75;104;0.5346939;216;236.6731;13;3
15076;151;13;0.9;0.5;76;101;0.5142857;222;238.6337;13;0
15077;151;13;0.9;0.5;77;101;0.4828897;242;236.5149;13;0
15078;151;13;0.9;0.5;78;104;0.4955357;219;236.7404;13;3
15079;151;13;0.9;0.5;79;101;0.454902;226;238.0594;13;0
15080;151;13;0.9;0.5;80;102;0.4292237;237;235.4314;13;1
15081;151;13;0.9;0.5;81;102;0.4649123;246;238.0686;13;1
15082;151;13;0.9;0.5;82;101;0.5559701;222;238.6634;13;0
15083;151;13;0.9;0.5;83;103;0.5431034;232;236.9515;13;2
15084;151;13;0.9;0.5;84;103;0.4790875;232;237.0097;13;2
15085;151;13;0.9;0.5;85;102;0.4233871;252;237.2843;13;1
15086;151;13;0.9;0.5;86;102;0.5535055;224;238.1373;13;1
15087;151;13;0.9;0.5;87;102;0.4937238;259;236.4706;13;1
15088;151;13;0.9;0.5;88;101;0.4485294;220;235.2079;13;0
15089;151;13;0.9;0.5;89;102;0.5023474;239;235.7451;13;1
15090;151;13;0.9;0.5;90;101;0.454955;242;235.505;13;0
15091;151;13;0.9;0.5;91;102;0.530303;237;237.0196;13;1
15092;151;13;0.9;0.5;92;102;0.5462185;242;235.5196;13;1
15093;151;13;0.9;0.5;93;105;0.465812;237;234.4571;13;4
15094;151;13;0.9;0.5;94;103;0.5316456;221;236.0097;13;2
15095;151;13;0.9;0.5;95;101;0.5156951;232;236.2079;13;0
15096;151;13;0.9;0.5;96;101;0.4930876;247;236.1485;13;0
15097;151;13;0.9;0.5;97;101;0.416309;241;236.1584;13;0
15098;151;13;0.9;0.5;98;106;0.4824561;237;235;13;5
15099;151;13;0.9;0.5;99;101;0.4678112;239;238.6634;13;0
15100;151;13;0.9;0.5;100;101;0.5127119;238;237.8911;13;0
15101;152;15;0.9;0.5;1;103;0.5765766;226;234.8447;15;2
15102;152;15;0.9;0.5;2;101;0.4763948;244;233.9604;15;0
15103;152;15;0.9;0.5;3;101;0.4937759;217;238.4059;15;0
15104;152;15;0.9;0.5;4;101;0.4897959;237;237.0099;15;0
15105;152;15;0.9;0.5;5;103;0.4772727;232;238.0971;15;2
15106;152;15;0.9;0.5;6;101;0.4401709;230;237.5248;15;0
15107;152;15;0.9;0.5;7;101;0.4931507;241;235.6238;15;0
15108;152;15;0.9;0.5;8;102;0.5437788;244;238.1471;15;1
15109;152;15;0.9;0.5;9;101;0.5123967;221;236.5545;15;0
15110;152;15;0.9;0.5;10;102;0.4793388;239;238.5588;15;1
15111;152;15;0.9;0.5;11;102;0.4379845;207;235.8824;15;1
15112;152;15;0.9;0.5;12;105;0.5186916;226;235.2857;15;4
15113;152;15;0.9;0.5;13;105;0.5679012;236;236.1238;15;4
15114;152;15;0.9;0.5;14;104;0.5525114;243;237.625;15;3
15115;152;15;0.9;0.5;15;101;0.4621514;223;237.099;15;0
15116;152;15;0.9;0.5;16;101;0.4913793;234;236.2277;15;0
15117;152;15;0.9;0.5;17;101;0.4364407;229;235.5347;15;0
15118;152;15;0.9;0.5;18;105;0.4813278;247;237.6095;15;4
15119;152;15;0.9;0.5;19;101;0.5341365;208;235.7129;15;0
15120;152;15;0.9;0.5;20;101;0.463964;252;236.2673;15;0
15121;152;15;0.9;0.5;21;102;0.4915966;238;235.3824;15;1
15122;152;15;0.9;0.5;22;101;0.4782609;260;236.8812;15;0
15123;152;15;0.9;0.5;23;102;0.4880952;235;237.8039;15;1
15124;152;15;0.9;0.5;24;101;0.512;227;236.4356;15;0
15125;152;15;0.9;0.5;25;101;0.5154185;238;236.8317;15;0
15126;152;15;0.9;0.5;26;101;0.5613208;249;237.9505;15;0
15127;152;15;0.9;0.5;27;101;0.4827586;244;236.3663;15;0
15128;152;15;0.9;0.5;28;101;0.5244444;244;236.099;15;0
15129;152;15;0.9;0.5;29;101;0.5446429;246;236.5644;15;0
15130;152;15;0.9;0.5;30;104;0.535865;226;235.2692;15;3
15131;152;15;0.9;0.5;31;101;0.5560345;218;236.4653;15;0
15132;152;15;0.9;0.5;32;101;0.4823529;238;237.297;15;0
15133;152;15;0.9;0.5;33;102;0.4583333;240;237.7059;15;1
15134;152;15;0.9;0.5;34;104;0.5042373;235;237.6058;15;3
15135;152;15;0.9;0.5;35;104;0.4621849;232;237.2692;15;3
15136;152;15;0.9;0.5;36;104;0.4801587;238;236.8077;15;3
15137;152;15;0.9;0.5;37;105;0.4585153;219;237;15;4
15138;152;15;0.9;0.5;38;105;0.5140562;240;235.7143;15;4
15139;152;15;0.9;0.5;39;102;0.4761905;239;236.3235;15;1
15140;152;15;0.9;0.5;40;101;0.51417;217;236.9505;15;0
15141;152;15;0.9;0.5;41;101;0.4823009;224;235.9505;15;0
15142;152;15;0.9;0.5;42;102;0.5;241;234.0196;15;1
15143;152;15;0.9;0.5;43;103;0.5125;220;237.7573;15;2
15144;152;15;0.9;0.5;44;102;0.5168067;232;238.1569;15;1
15145;152;15;0.9;0.5;45;101;0.4485597;232;237.6139;15;0
15146;152;15;0.9;0.5;46;101;0.62249;233;233.4851;15;0
15147;152;15;0.9;0.5;47;101;0.5175097;212;236.1188;15;0
15148;152;15;0.9;0.5;48;102;0.5294118;230;236.0196;15;1
15149;152;15;0.9;0.5;49;101;0.4716157;239;234.9703;15;0
15150;152;15;0.9;0.5;50;103;0.5;240;237.6796;15;2
15151;152;15;0.9;0.5;51;101;0.4713115;220;238.4158;15;0
15152;152;15;0.9;0.5;52;101;0.5154185;248;237.297;15;0
15153;152;15;0.9;0.5;53;102;0.5371179;244;236.3137;15;1
15154;152;15;0.9;0.5;54;101;0.456;229;236.2772;15;0
15155;152;15;0.9;0.5;55;101;0.4529915;255;237.3762;15;0
15156;152;15;0.9;0.5;56;102;0.5201794;247;237.1863;15;1
15157;152;15;0.9;0.5;57;104;0.4977974;239;236.8654;15;3
15158;152;15;0.9;0.5;58;105;0.4824903;228;236.5714;15;4
15159;152;15;0.9;0.5;59;103;0.426087;231;237.301;15;2
15160;152;15;0.9;0.5;60;102;0.5063291;228;235.3235;15;1
15161;152;15;0.9;0.5;61;102;0.542735;253;236.5;15;1
15162;152;15;0.9;0.5;62;101;0.547619;229;238.396;15;0
15163;152;15;0.9;0.5;63;101;0.5136187;230;237.1188;15;0
15164;152;15;0.9;0.5;64;101;0.5603865;247;236.1386;15;0
15165;152;15;0.9;0.5;65;102;0.5207547;221;236.8725;15;1
15166;152;15;0.9;0.5;66;101;0.4903475;233;234.604;15;0
15167;152;15;0.9;0.5;67;102;0.4771784;239;235.549;15;1
15168;152;15;0.9;0.5;68;103;0.529148;250;236.8738;15;2
15169;152;15;0.9;0.5;69;104;0.4369748;240;236.7692;15;3
15170;152;15;0.9;0.5;70;101;0.5114155;241;237.6139;15;0
15171;152;15;0.9;0.5;71;103;0.4686192;229;236.165;15;2
15172;152;15;0.9;0.5;72;101;0.5930736;233;236.0396;15;0
15173;152;15;0.9;0.5;73;101;0.5321888;238;236.7525;15;0
15174;152;15;0.9;0.5;74;102;0.5299145;217;237.6373;15;1
15175;152;15;0.9;0.5;75;104;0.4429224;232;236.0865;15;3
15176;152;15;0.9;0.5;76;101;0.4778761;221;236.495;15;0
15177;152;15;0.9;0.5;77;101;0.5198413;227;238.198;15;0
15178;152;15;0.9;0.5;78;101;0.4567901;254;235.3861;15;0
15179;152;15;0.9;0.5;79;101;0.4695652;257;236.4059;15;0
15180;152;15;0.9;0.5;80;101;0.4241071;260;237.9703;15;0
15181;152;15;0.9;0.5;81;101;0.4541284;237;235.5446;15;0
15182;152;15;0.9;0.5;82;102;0.5895197;244;235.7549;15;1
15183;152;15;0.9;0.5;83;105;0.5144033;242;235.3429;15;4
15184;152;15;0.9;0.5;84;102;0.440678;212;236.8137;15;1
15185;152;15;0.9;0.5;85;102;0.455814;257;238.049;15;1
15186;152;15;0.9;0.5;86;103;0.4843049;245;236.4369;15;2
15187;152;15;0.9;0.5;87;106;0.4937238;238;239.3208;15;5
15188;152;15;0.9;0.5;88;101;0.5043478;235;233.9307;15;0
15189;152;15;0.9;0.5;89;103;0.4801762;249;236.2136;15;2
15190;152;15;0.9;0.5;90;101;0.515;246;235.6337;15;0
15191;152;15;0.9;0.5;91;104;0.5;242;236.2404;15;3
15192;152;15;0.9;0.5;92;101;0.526971;218;237.4455;15;0
15193;152;15;0.9;0.5;93;102;0.4628099;237;236.8039;15;1
15194;152;15;0.9;0.5;94;101;0.4557522;225;238.1683;15;0
15195;152;15;0.9;0.5;95;101;0.5102881;232;237.5347;15;0
15196;152;15;0.9;0.5;96;101;0.517094;247;234.9901;15;0
15197;152;15;0.9;0.5;97;101;0.5313808;248;237.2178;15;0
15198;152;15;0.9;0.5;98;101;0.5219298;254;236.0198;15;0
15199;152;15;0.9;0.5;99;102;0.4960317;238;237.3137;15;1
15200;152;15;0.9;0.5;100;102;0.5044643;214;235.3235;15;1
15201;153;17;0.9;0.5;1;101;0.517094;238;237.6238;17;0
15202;153;17;0.9;0.5;2;101;0.489083;245;235.5545;17;0
15203;153;17;0.9;0.5;3;105;0.4935622;237;235.7048;17;4
15204;153;17;0.9;0.5;4;101;0.5043103;238;236.9307;17;0
15205;153;17;0.9;0.5;5;101;0.5;234;236.0792;17;0
15206;153;17;0.9;0.5;6;104;0.4603175;227;239.0192;17;3
15207;153;17;0.9;0.5;7;102;0.5358852;257;235.598;17;1
15208;153;17;0.9;0.5;8;102;0.4978541;243;237.3725;17;1
15209;153;17;0.9;0.5;9;104;0.5277778;245;237.25;17;3
15210;153;17;0.9;0.5;10;101;0.4370079;224;237.396;17;0
15211;153;17;0.9;0.5;11;106;0.4955357;237;235.3962;17;5
15212;153;17;0.9;0.5;12;102;0.4586777;247;236.5196;17;1
15213;153;17;0.9;0.5;13;104;0.421875;229;236.5577;17;3
15214;153;17;0.9;0.5;14;102;0.5708661;257;238.8922;17;1
15215;153;17;0.9;0.5;15;101;0.4470046;253;238.4455;17;0
15216;153;17;0.9;0.5;16;101;0.4867257;249;238.297;17;0
15217;153;17;0.9;0.5;17;102;0.5619469;270;236.2059;17;1
15218;153;17;0.9;0.5;18;102;0.5792079;258;237.451;17;1
15219;153;17;0.9;0.5;19;101;0.4717742;224;237.3069;17;0
15220;153;17;0.9;0.5;20;101;0.4836066;230;237.0099;17;0
15221;153;17;0.9;0.5;21;101;0.4683544;233;235.9604;17;0
15222;153;17;0.9;0.5;22;103;0.4932735;270;237.6893;17;2
15223;153;17;0.9;0.5;23;101;0.526749;240;236.1089;17;0
15224;153;17;0.9;0.5;24;101;0.5344828;230;238.0792;17;0
15225;153;17;0.9;0.5;25;101;0.5023697;246;235.5446;17;0
15226;153;17;0.9;0.5;26;102;0.4628099;232;236.1373;17;1
15227;153;17;0.9;0.5;27;101;0.52;239;237.1485;17;0
15228;153;17;0.9;0.5;28;102;0.481982;221;237.8333;17;1
15229;153;17;0.9;0.5;29;102;0.4832714;241;237.7059;17;1
15230;153;17;0.9;0.5;30;101;0.5598291;241;236.901;17;0
15231;153;17;0.9;0.5;31;101;0.3991416;241;236.6634;17;0
15232;153;17;0.9;0.5;32;101;0.4593496;231;236.0693;17;0
15233;153;17;0.9;0.5;33;101;0.4978723;233;237.6436;17;0
15234;153;17;0.9;0.5;34;101;0.592437;237;236.5446;17;0
15235;153;17;0.9;0.5;35;101;0.4836066;244;235.1584;17;0
15236;153;17;0.9;0.5;36;105;0.4916667;226;236.7143;17;4
15237;153;17;0.9;0.5;37;101;0.5465587;247;238.0792;17;0
15238;153;17;0.9;0.5;38;102;0.4691358;228;236.6667;17;1
15239;153;17;0.9;0.5;39;101;0.4977974;251;236.8614;17;0
15240;153;17;0.9;0.5;40;102;0.5247934;230;236.8137;17;1
15241;153;17;0.9;0.5;41;102;0.4631148;235;239.2549;17;1
15242;153;17;0.9;0.5;42;101;0.5089286;253;236.5842;17;0
15243;153;17;0.9;0.5;43;101;0.4491525;275;237.5446;17;0
15244;153;17;0.9;0.5;44;101;0.52;236;236.1584;17;0
15245;153;17;0.9;0.5;45;108;0.4675325;244;235.9352;17;7
15246;153;17;0.9;0.5;46;105;0.4780702;214;236.019;17;4
15247;153;17;0.9;0.5;47;101;0.4841629;254;235.7921;17;0
15248;153;17;0.9;0.5;48;102;0.5720165;235;236.6176;17;1
15249;153;17;0.9;0.5;49;101;0.4813084;232;237.2574;17;0
15250;153;17;0.9;0.5;50;102;0.4683544;250;236.4608;17;1
15251;153;17;0.9;0.5;51;103;0.4369369;226;234.8252;17;2
15252;153;17;0.9;0.5;52;102;0.5806452;248;237.1176;17;1
15253;153;17;0.9;0.5;53;101;0.484252;246;238.1782;17;0
15254;153;17;0.9;0.5;54;101;0.4902724;238;238.2871;17;0
15255;153;17;0.9;0.5;55;101;0.5172414;217;235.8713;17;0
15256;153;17;0.9;0.5;56;101;0.5168539;220;239.0594;17;0
15257;153;17;0.9;0.5;57;102;0.4560669;237;236.4706;17;1
15258;153;17;0.9;0.5;58;102;0.5064378;230;236.2255;17;1
15259;153;17;0.9;0.5;59;103;0.5044643;225;236.699;17;2
15260;153;17;0.9;0.5;60;101;0.4234234;225;235.0198;17;0
15261;153;17;0.9;0.5;61;101;0.4335938;230;236.3762;17;0
15262;153;17;0.9;0.5;62;103;0.5663717;234;236.0777;17;2
15263;153;17;0.9;0.5;63;101;0.5213675;232;235.1584;17;0
15264;153;17;0.9;0.5;64;101;0.4663677;247;236.1782;17;0
15265;153;17;0.9;0.5;65;101;0.4690265;223;237.0198;17;0
15266;153;17;0.9;0.5;66;101;0.5357143;257;236.505;17;0
15267;153;17;0.9;0.5;67;102;0.4840183;248;237.2647;17;1
15268;153;17;0.9;0.5;68;101;0.5775194;231;237.2673;17;0
15269;153;17;0.9;0.5;69;104;0.5613208;231;237.9038;17;3
15270;153;17;0.9;0.5;70;101;0.496063;223;234.4356;17;0
15271;153;17;0.9;0.5;71;102;0.5366972;239;237.7451;17;1
15272;153;17;0.9;0.5;72;101;0.5483871;259;236.7921;17;0
15273;153;17;0.9;0.5;73;101;0.4977578;226;237.5446;17;0
15274;153;17;0.9;0.5;74;101;0.465587;254;235.8515;17;0
15275;153;17;0.9;0.5;75;101;0.473251;244;234.5842;17;0
15276;153;17;0.9;0.5;76;102;0.5020747;225;238.3333;17;1
15277;153;17;0.9;0.5;77;102;0.4403292;244;238.7843;17;1
15278;153;17;0.9;0.5;78;101;0.4308943;235;236.7822;17;0
15279;153;17;0.9;0.5;79;101;0.4713115;228;236.8515;17;0
15280;153;17;0.9;0.5;80;102;0.4337349;254;236.2157;17;1
15281;153;17;0.9;0.5;81;101;0.4419643;227;237.396;17;0
15282;153;17;0.9;0.5;82;102;0.5652174;236;237.5294;17;1
15283;153;17;0.9;0.5;83;101;0.48583;258;237.1683;17;0
15284;153;17;0.9;0.5;84;103;0.6277056;242;236.301;17;2
15285;153;17;0.9;0.5;85;101;0.5215311;243;235.8119;17;0
15286;153;17;0.9;0.5;86;102;0.4564315;232;237.0784;17;1
15287;153;17;0.9;0.5;87;102;0.4831933;248;237.1176;17;1
15288;153;17;0.9;0.5;88;101;0.5102881;236;236.6337;17;0
15289;153;17;0.9;0.5;89;102;0.5565217;218;234.3627;17;1
15290;153;17;0.9;0.5;90;103;0.4857143;229;237.4951;17;2
15291;153;17;0.9;0.5;91;102;0.478673;218;235.2843;17;1
15292;153;17;0.9;0.5;92;101;0.4782609;222;234.4257;17;0
15293;153;17;0.9;0.5;93;102;0.5631068;242;235.0294;17;1
15294;153;17;0.9;0.5;94;103;0.4956897;232;235.9126;17;2
15295;153;17;0.9;0.5;95;101;0.5062241;202;235.8119;17;0
15296;153;17;0.9;0.5;96;103;0.465587;224;236.4466;17;2
15297;153;17;0.9;0.5;97;101;0.4464286;249;237.0891;17;0
15298;153;17;0.9;0.5;98;101;0.5502183;245;236.4851;17;0
15299;153;17;0.9;0.5;99;101;0.4879032;254;236.3069;17;0
15300;153;17;0.9;0.5;100;101;0.4755556;252;236.2079;17;0
15301;154;19;0.9;0.5;1;102;0.4869565;237;236.0588;19;1
15302;154;19;0.9;0.5;2;103;0.5721154;242;236.7087;19;2
15303;154;19;0.9;0.5;3;102;0.5291667;229;234.9902;19;1
15304;154;19;0.9;0.5;4;102;0.5186722;229;237.3333;19;1
15305;154;19;0.9;0.5;5;103;0.4819277;246;236.466;19;2
15306;154;19;0.9;0.5;6;102;0.5633188;232;235.9902;19;1
15307;154;19;0.9;0.5;7;101;0.3832599;248;236.6931;19;0
15308;154;19;0.9;0.5;8;102;0.5044643;238;236.8039;19;1
15309;154;19;0.9;0.5;9;101;0.5336134;221;233.1782;19;0
15310;154;19;0.9;0.5;10;102;0.5682819;228;236.4902;19;1
15311;154;19;0.9;0.5;11;103;0.4488889;242;236.3204;19;2
15312;154;19;0.9;0.5;12;103;0.5474453;210;236.9709;19;2
15313;154;19;0.9;0.5;13;102;0.4301887;229;236.4608;19;1
15314;154;19;0.9;0.5;14;102;0.5236052;232;236.4314;19;1
15315;154;19;0.9;0.5;15;101;0.4672489;245;236.4653;19;0
15316;154;19;0.9;0.5;16;101;0.4713656;248;235.1881;19;0
15317;154;19;0.9;0.5;17;101;0.5338983;245;237.2475;19;0
15318;154;19;0.9;0.5;18;102;0.5208333;228;235.951;19;1
15319;154;19;0.9;0.5;19;101;0.5043103;269;238.9208;19;0
15320;154;19;0.9;0.5;20;101;0.4404762;246;238.4554;19;0
15321;154;19;0.9;0.5;21;105;0.560166;236;236.2952;19;4
15322;154;19;0.9;0.5;22;101;0.5425101;242;237.4356;19;0
15323;154;19;0.9;0.5;23;101;0.5120968;236;236.198;19;0
15324;154;19;0.9;0.5;24;103;0.477551;233;237.6893;19;2
15325;154;19;0.9;0.5;25;102;0.5502008;221;238.3627;19;1
15326;154;19;0.9;0.5;26;104;0.4931507;238;237.4615;19;3
15327;154;19;0.9;0.5;27;102;0.4522822;261;234.5;19;1
15328;154;19;0.9;0.5;28;101;0.539749;246;236.7327;19;0
15329;154;19;0.9;0.5;29;101;0.4765625;226;235.604;19;0
15330;154;19;0.9;0.5;30;101;0.4473684;237;234.8515;19;0
15331;154;19;0.9;0.5;31;101;0.5702811;235;236.7129;19;0
15332;154;19;0.9;0.5;32;101;0.4897119;244;237.3267;19;0
15333;154;19;0.9;0.5;33;105;0.5400844;224;237.6476;19;4
15334;154;19;0.9;0.5;34;101;0.4911504;225;236.6238;19;0
15335;154;19;0.9;0.5;35;106;0.5263158;217;237.2925;19;5
15336;154;19;0.9;0.5;36;103;0.5;253;235.9515;19;2
15337;154;19;0.9;0.5;37;101;0.5551181;240;237.0792;19;0
15338;154;19;0.9;0.5;38;106;0.5560538;268;239.1887;19;5
15339;154;19;0.9;0.5;39;101;0.5038168;243;237.1485;19;0
15340;154;19;0.9;0.5;40;101;0.4716157;242;236.9307;19;0
15341;154;19;0.9;0.5;41;101;0.5485232;229;237.703;19;0
15342;154;19;0.9;0.5;42;103;0.5367965;237;236.4272;19;2
15343;154;19;0.9;0.5;43;103;0.4732143;233;237.7379;19;2
15344;154;19;0.9;0.5;44;101;0.52657;261;236.4059;19;0
15345;154;19;0.9;0.5;45;104;0.5443038;218;235.3077;19;3
15346;154;19;0.9;0.5;46;101;0.4457831;246;235.9901;19;0
15347;154;19;0.9;0.5;47;104;0.5212355;255;237.3942;19;3
15348;154;19;0.9;0.5;48;101;0.5327103;256;237.6436;19;0
15349;154;19;0.9;0.5;49;101;0.4752066;245;235.8713;19;0
15350;154;19;0.9;0.5;50;103;0.456;225;237.3301;19;2
15351;154;19;0.9;0.5;51;102;0.4810127;208;235.9608;19;1
15352;154;19;0.9;0.5;52;101;0.5180723;239;238.8416;19;0
15353;154;19;0.9;0.5;53;101;0.534188;231;236.901;19;0
15354;154;19;0.9;0.5;54;104;0.5555556;257;234.9231;19;3
15355;154;19;0.9;0.5;55;101;0.5040984;254;236.7525;19;0
15356;154;19;0.9;0.5;56;102;0.569378;247;236.9216;19;1
15357;154;19;0.9;0.5;57;102;0.4608696;257;237.8039;19;1
15358;154;19;0.9;0.5;58;103;0.5;254;236.5049;19;2
15359;154;19;0.9;0.5;59;103;0.5477178;237;236.1359;19;2
15360;154;19;0.9;0.5;60;101;0.4736842;236;237.8416;19;0
15361;154;19;0.9;0.5;61;101;0.5213675;241;238.5446;19;0
15362;154;19;0.9;0.5;62;102;0.5416667;245;236.8431;19;1
15363;154;19;0.9;0.5;63;101;0.5423077;206;237.0495;19;0
15364;154;19;0.9;0.5;64;102;0.519685;243;237.5196;19;1
15365;154;19;0.9;0.5;65;101;0.5420168;260;237.1881;19;0
15366;154;19;0.9;0.5;66;101;0.5226337;222;236.3861;19;0
15367;154;19;0.9;0.5;67;101;0.5102881;239;236.901;19;0
15368;154;19;0.9;0.5;68;101;0.52;251;237.2574;19;0
15369;154;19;0.9;0.5;69;101;0.592;223;235.0297;19;0
15370;154;19;0.9;0.5;70;101;0.5286344;255;236.7822;19;0
15371;154;19;0.9;0.5;71;101;0.4698276;205;234.9109;19;0
15372;154;19;0.9;0.5;72;101;0.5120968;252;236.5347;19;0
15373;154;19;0.9;0.5;73;103;0.4940239;234;238.1748;19;2
15374;154;19;0.9;0.5;74;101;0.4862385;225;236.1683;19;0
15375;154;19;0.9;0.5;75;103;0.4823529;253;236.5049;19;2
15376;154;19;0.9;0.5;76;103;0.464135;249;237.2621;19;2
15377;154;19;0.9;0.5;77;101;0.4795082;222;236.505;19;0
15378;154;19;0.9;0.5;78;103;0.4561404;252;237.3786;19;2
15379;154;19;0.9;0.5;79;101;0.6103896;234;237.9307;19;0
15380;154;19;0.9;0.5;80;101;0.4655172;237;237.4455;19;0
15381;154;19;0.9;0.5;81;101;0.4565217;242;235.604;19;0
15382;154;19;0.9;0.5;82;105;0.4906542;248;236.0952;19;4
15383;154;19;0.9;0.5;83;102;0.5131579;232;235.3725;19;1
15384;154;19;0.9;0.5;84;101;0.5169492;252;237.9406;19;0
15385;154;19;0.9;0.5;85;101;0.5057471;235;236.495;19;0
15386;154;19;0.9;0.5;86;101;0.495614;237;236.1881;19;0
15387;154;19;0.9;0.5;87;102;0.4860558;215;237.3333;19;1
15388;154;19;0.9;0.5;88;102;0.4780876;227;236.1569;19;1
15389;154;19;0.9;0.5;89;102;0.5150215;226;235.6569;19;1
15390;154;19;0.9;0.5;90;101;0.5065502;220;237.0891;19;0
15391;154;19;0.9;0.5;91;101;0.5020921;251;237.0198;19;0
15392;154;19;0.9;0.5;92;102;0.5282258;241;235.1961;19;1
15393;154;19;0.9;0.5;93;102;0.4883721;213;236.2843;19;1
15394;154;19;0.9;0.5;94;101;0.475;242;237.7822;19;0
15395;154;19;0.9;0.5;95;103;0.4757282;231;235.6214;19;2
15396;154;19;0.9;0.5;96;102;0.5064378;244;237.3627;19;1
15397;154;19;0.9;0.5;97;101;0.4957265;237;235.703;19;0
15398;154;19;0.9;0.5;98;101;0.4711111;268;237.2871;19;0
15399;154;19;0.9;0.5;99;104;0.5;254;237.3365;19;3
15400;154;19;0.9;0.5;100;101;0.5271967;251;237.3465;19;0
15401;155;21;0.9;0.5;1;101;0.557377;227;236.8812;21;0
15402;155;21;0.9;0.5;2;103;0.4439655;255;239.301;21;2
15403;155;21;0.9;0.5;3;101;0.521327;244;237.2673;21;0
15404;155;21;0.9;0.5;4;103;0.5132743;237;235.1068;21;2
15405;155;21;0.9;0.5;5;102;0.5546559;215;236.5098;21;1
15406;155;21;0.9;0.5;6;103;0.5088496;224;236.9612;21;2
15407;155;21;0.9;0.5;7;105;0.495614;219;236.7048;21;4
15408;155;21;0.9;0.5;8;101;0.4765957;248;236;21;0
15409;155;21;0.9;0.5;9;103;0.4683544;247;237.6602;21;2
15410;155;21;0.9;0.5;10;102;0.4767932;229;237.6176;21;1
15411;155;21;0.9;0.5;11;102;0.5446809;228;237.6176;21;1
15412;155;21;0.9;0.5;12;103;0.4813433;220;236.2913;21;2
15413;155;21;0.9;0.5;13;103;0.5234043;240;235.8447;21;2
15414;155;21;0.9;0.5;14;102;0.4713656;263;237.0196;21;1
15415;155;21;0.9;0.5;15;102;0.5497835;242;235.7843;21;1
15416;155;21;0.9;0.5;16;101;0.4713656;226;236.6139;21;0
15417;155;21;0.9;0.5;17;102;0.5252918;205;237.402;21;1
15418;155;21;0.9;0.5;18;102;0.5277778;252;237.049;21;1
15419;155;21;0.9;0.5;19;101;0.5;238;237.0099;21;0
15420;155;21;0.9;0.5;20;101;0.5215517;233;236.6535;21;0
15421;155;21;0.9;0.5;21;101;0.5625;238;236.3069;21;0
15422;155;21;0.9;0.5;22;101;0.5437262;253;236.198;21;0
15423;155;21;0.9;0.5;23;101;0.495614;278;237.6733;21;0
15424;155;21;0.9;0.5;24;101;0.5725806;256;236.6139;21;0
15425;155;21;0.9;0.5;25;101;0.4;242;236.6139;21;0
15426;155;21;0.9;0.5;26;102;0.4805195;271;236.9608;21;1
15427;155;21;0.9;0.5;27;101;0.4957265;233;235.5842;21;0
15428;155;21;0.9;0.5;28;103;0.4788732;219;235.8738;21;2
15429;155;21;0.9;0.5;29;109;0.4611872;252;236.2018;21;8
15430;155;21;0.9;0.5;30;101;0.5;229;236.4554;21;0
15431;155;21;0.9;0.5;31;101;0.5091743;231;236.9901;21;0
15432;155;21;0.9;0.5;32;101;0.5429688;236;235.9208;21;0
15433;155;21;0.9;0.5;33;105;0.5130435;240;237.781;21;4
15434;155;21;0.9;0.5;34;101;0.516129;234;237.1584;21;0
15435;155;21;0.9;0.5;35;101;0.4565217;261;236.3366;21;0
15436;155;21;0.9;0.5;36;101;0.4576271;237;235.4554;21;0
15437;155;21;0.9;0.5;37;101;0.4843049;242;236.8317;21;0
15438;155;21;0.9;0.5;38;105;0.6008772;231;235.3238;21;4
15439;155;21;0.9;0.5;39;105;0.4482759;263;235.8667;21;4
15440;155;21;0.9;0.5;40;101;0.4933921;238;235.7822;21;0
15441;155;21;0.9;0.5;41;102;0.5462185;214;236.6078;21;1
15442;155;21;0.9;0.5;42;101;0.4666667;214;236.6535;21;0
15443;155;21;0.9;0.5;43;104;0.4808511;241;240.0192;21;3
15444;155;21;0.9;0.5;44;101;0.5454545;222;235.5347;21;0
15445;155;21;0.9;0.5;45;101;0.4957265;209;234.5545;21;0
15446;155;21;0.9;0.5;46;101;0.5364807;246;236.0891;21;0
15447;155;21;0.9;0.5;47;103;0.4940239;226;235.466;21;2
15448;155;21;0.9;0.5;48;104;0.4957265;251;236.5769;21;3
15449;155;21;0.9;0.5;49;101;0.4853556;232;237.1188;21;0
15450;155;21;0.9;0.5;50;101;0.4710744;239;237.3762;21;0
15451;155;21;0.9;0.5;51;101;0.5084034;255;238.2673;21;0
15452;155;21;0.9;0.5;52;102;0.5435685;238;235.8235;21;1
15453;155;21;0.9;0.5;53;102;0.4913043;209;235.3725;21;1
15454;155;21;0.9;0.5;54;102;0.5352113;253;235.6667;21;1
15455;155;21;0.9;0.5;55;101;0.4563492;237;236.396;21;0
15456;155;21;0.9;0.5;56;101;0.5206612;232;236.802;21;0
15457;155;21;0.9;0.5;57;102;0.5048077;238;236.3824;21;1
15458;155;21;0.9;0.5;58;103;0.4696356;211;238.4563;21;2
15459;155;21;0.9;0.5;59;101;0.5756303;231;236.604;21;0
15460;155;21;0.9;0.5;60;101;0.5400844;235;236.8317;21;0
15461;155;21;0.9;0.5;61;101;0.4701195;234;234.7327;21;0
15462;155;21;0.9;0.5;62;104;0.5622318;250;238.0385;21;3
15463;155;21;0.9;0.5;63;107;0.4638298;256;238.3832;21;6
15464;155;21;0.9;0.5;64;101;0.5316456;229;235.9505;21;0
15465;155;21;0.9;0.5;65;101;0.4869565;237;237.0792;21;0
15466;155;21;0.9;0.5;66;101;0.4960317;224;236.8812;21;0
15467;155;21;0.9;0.5;67;102;0.5339806;250;234.8627;21;1
15468;155;21;0.9;0.5;68;101;0.5327511;228;236.1188;21;0
15469;155;21;0.9;0.5;69;101;0.4444444;222;235.802;21;0
15470;155;21;0.9;0.5;70;102;0.4767932;239;237.3235;21;1
15471;155;21;0.9;0.5;71;101;0.464455;237;237.8614;21;0
15472;155;21;0.9;0.5;72;103;0.563786;207;235.1748;21;2
15473;155;21;0.9;0.5;73;101;0.5188679;254;236.9505;21;0
15474;155;21;0.9;0.5;74;102;0.5087719;240;237.2353;21;1
15475;155;21;0.9;0.5;75;101;0.5194805;255;237.2376;21;0
15476;155;21;0.9;0.5;76;101;0.4795082;223;237.2376;21;0
15477;155;21;0.9;0.5;77;101;0.5106383;237;235.8317;21;0
15478;155;21;0.9;0.5;78;101;0.5144033;232;237.7327;21;0
15479;155;21;0.9;0.5;79;101;0.5423077;257;237.8515;21;0
15480;155;21;0.9;0.5;80;101;0.4940711;231;237.5941;21;0
15481;155;21;0.9;0.5;81;101;0.4608295;259;235.7525;21;0
15482;155;21;0.9;0.5;82;103;0.5707965;259;236.534;21;2
15483;155;21;0.9;0.5;83;101;0.5135135;244;236.7327;21;0
15484;155;21;0.9;0.5;84;101;0.5061728;243;237.6832;21;0
15485;155;21;0.9;0.5;85;102;0.5;254;237.7353;21;1
15486;155;21;0.9;0.5;86;101;0.5024155;257;236.2277;21;0
15487;155;21;0.9;0.5;87;101;0.5461847;254;234.4851;21;0
15488;155;21;0.9;0.5;88;101;0.5458333;228;234.0396;21;0
15489;155;21;0.9;0.5;89;102;0.508;209;234.7255;21;1
15490;155;21;0.9;0.5;90;101;0.470339;232;237.3465;21;0
15491;155;21;0.9;0.5;91;101;0.5254237;233;237.1881;21;0
15492;155;21;0.9;0.5;92;102;0.5112782;221;236.5098;21;1
15493;155;21;0.9;0.5;93;101;0.5101215;237;237.2079;21;0
15494;155;21;0.9;0.5;94;102;0.4541485;248;234.6373;21;1
15495;155;21;0.9;0.5;95;101;0.5252101;237;238.5149;21;0
15496;155;21;0.9;0.5;96;102;0.5740741;237;234.7157;21;1
15497;155;21;0.9;0.5;97;106;0.4978723;226;236.5566;21;5
15498;155;21;0.9;0.5;98;101;0.5189394;234;235.5545;21;0
15499;155;21;0.9;0.5;99;101;0.5450237;263;237.6139;21;0
15500;155;21;0.9;0.5;100;101;0.4786325;237;236.3564;21;0
15501;156;23;0.9;0.5;1;105;0.480315;237;238.1524;23;4
15502;156;23;0.9;0.5;2;102;0.4750958;240;236.6667;23;1
15503;156;23;0.9;0.5;3;101;0.470339;249;237.1188;23;0
15504;156;23;0.9;0.5;4;102;0.4869565;258;236.6078;23;1
15505;156;23;0.9;0.5;5;101;0.5180723;231;235.5248;23;0
15506;156;23;0.9;0.5;6;101;0.4936709;241;236.4059;23;0
15507;156;23;0.9;0.5;7;101;0.5020408;231;237.099;23;0
15508;156;23;0.9;0.5;8;101;0.476;223;236.3069;23;0
15509;156;23;0.9;0.5;9;107;0.4789916;249;236.7477;23;6
15510;156;23;0.9;0.5;10;103;0.5604839;229;236.7961;23;2
15511;156;23;0.9;0.5;11;102;0.3936652;238;236.1569;23;1
15512;156;23;0.9;0.5;12;102;0.5162791;253;235.7549;23;1
15513;156;23;0.9;0.5;13;101;0.5299145;237;237.5941;23;0
15514;156;23;0.9;0.5;14;102;0.4624506;239;236.3725;23;1
15515;156;23;0.9;0.5;15;102;0.4908257;246;237.3627;23;1
15516;156;23;0.9;0.5;16;104;0.4049587;253;236.1154;23;3
15517;156;23;0.9;0.5;17;101;0.5057915;209;234.4059;23;0
15518;156;23;0.9;0.5;18;101;0.4957627;243;238.505;23;0
15519;156;23;0.9;0.5;19;104;0.5020576;225;236.0385;23;3
15520;156;23;0.9;0.5;20;102;0.4669811;248;237.3627;23;1
15521;156;23;0.9;0.5;21;101;0.4741036;245;238.8317;23;0
15522;156;23;0.9;0.5;22;106;0.5364807;248;238.1321;23;5
15523;156;23;0.9;0.5;23;103;0.5357143;246;237.0485;23;2
15524;156;23;0.9;0.5;24;101;0.3956522;238;236.8317;23;0
15525;156;23;0.9;0.5;25;101;0.4836066;222;235.4257;23;0
15526;156;23;0.9;0.5;26;101;0.4495798;216;234.5149;23;0
15527;156;23;0.9;0.5;27;101;0.5523013;230;234.9604;23;0
15528;156;23;0.9;0.5;28;101;0.4235808;241;236.6634;23;0
15529;156;23;0.9;0.5;29;101;0.5258621;236;236.6832;23;0
15530;156;23;0.9;0.5;30;101;0.5375;217;235.2772;23;0
15531;156;23;0.9;0.5;31;101;0.574359;261;237.198;23;0
15532;156;23;0.9;0.5;32;101;0.5150376;219;236.9505;23;0
15533;156;23;0.9;0.5;33;103;0.5489362;252;236.0388;23;2
15534;156;23;0.9;0.5;34;101;0.6404494;219;237.0594;23;0
15535;156;23;0.9;0.5;35;101;0.5107296;252;238.2475;23;0
15536;156;23;0.9;0.5;36;102;0.5825688;246;238.6373;23;1
15537;156;23;0.9;0.5;37;103;0.3947368;234;236.4078;23;2
15538;156;23;0.9;0.5;38;101;0.4959016;241;235.0693;23;0
15539;156;23;0.9;0.5;39;103;0.476;231;237.5631;23;2
15540;156;23;0.9;0.5;40;101;0.5306122;228;235.505;23;0
15541;156;23;0.9;0.5;41;101;0.476;261;235.5743;23;0
15542;156;23;0.9;0.5;42;101;0.5550847;235;238.3267;23;0
15543;156;23;0.9;0.5;43;101;0.5263158;237;237.3168;23;0
15544;156;23;0.9;0.5;44;101;0.473913;226;236.5149;23;0
15545;156;23;0.9;0.5;45;103;0.5123967;236;237.9612;23;2
15546;156;23;0.9;0.5;46;101;0.5106383;244;237.604;23;0
15547;156;23;0.9;0.5;47;101;0.473251;219;235.5842;23;0
15548;156;23;0.9;0.5;48;101;0.4358974;245;237.5941;23;0
15549;156;23;0.9;0.5;49;103;0.5320197;240;235.9515;23;2
15550;156;23;0.9;0.5;50;101;0.515625;204;236.6238;23;0
15551;156;23;0.9;0.5;51;102;0.4522822;238;237.1373;23;1
15552;156;23;0.9;0.5;52;101;0.4415584;261;238.3465;23;0
15553;156;23;0.9;0.5;53;102;0.4957983;247;236.7059;23;1
15554;156;23;0.9;0.5;54;102;0.4765957;250;237.5196;23;1
15555;156;23;0.9;0.5;55;102;0.516129;230;234.6765;23;1
15556;156;23;0.9;0.5;56;102;0.5194805;241;236.1471;23;1
15557;156;23;0.9;0.5;57;101;0.4488889;242;238.1485;23;0
15558;156;23;0.9;0.5;58;103;0.513308;243;235.8835;23;2
15559;156;23;0.9;0.5;59;101;0.5384615;242;235.7129;23;0
15560;156;23;0.9;0.5;60;101;0.53125;257;237.9109;23;0
15561;156;23;0.9;0.5;61;101;0.4368421;247;236.6931;23;0
15562;156;23;0.9;0.5;62;103;0.5155556;232;236.6019;23;2
15563;156;23;0.9;0.5;63;103;0.5104603;227;234.9806;23;2
15564;156;23;0.9;0.5;64;101;0.4468864;238;237.2079;23;0
15565;156;23;0.9;0.5;65;101;0.4716981;243;236.198;23;0
15566;156;23;0.9;0.5;66;105;0.5;252;236.0762;23;4
15567;156;23;0.9;0.5;67;101;0.4833333;231;235.8911;23;0
15568;156;23;0.9;0.5;68;102;0.5470852;247;235.3039;23;1
15569;156;23;0.9;0.5;69;101;0.4173554;232;237.6139;23;0
15570;156;23;0.9;0.5;70;106;0.4779116;241;237.3585;23;5
15571;156;23;0.9;0.5;71;103;0.4876033;243;236.4078;23;2
15572;156;23;0.9;0.5;72;102;0.4556452;227;237.7157;23;1
15573;156;23;0.9;0.5;73;103;0.5375;233;236.1845;23;2
15574;156;23;0.9;0.5;74;101;0.4651163;261;236.3168;23;0
15575;156;23;0.9;0.5;75;101;0.4556452;235;237.0594;23;0
15576;156;23;0.9;0.5;76;102;0.4358974;225;236.549;23;1
15577;156;23;0.9;0.5;77;101;0.4686192;236;235.9406;23;0
15578;156;23;0.9;0.5;78;101;0.516129;239;236.8812;23;0
15579;156;23;0.9;0.5;79;102;0.5538462;223;238.9902;23;1
15580;156;23;0.9;0.5;80;103;0.5955056;225;237.5631;23;2
15581;156;23;0.9;0.5;81;101;0.5162791;243;237.1782;23;0
15582;156;23;0.9;0.5;82;104;0.4705882;233;235.2692;23;3
15583;156;23;0.9;0.5;83;101;0.4784483;212;235.3267;23;0
15584;156;23;0.9;0.5;84;101;0.5275229;251;238.1584;23;0
15585;156;23;0.9;0.5;85;101;0.5147679;240;234.8218;23;0
15586;156;23;0.9;0.5;86;101;0.4435798;229;235.6832;23;0
15587;156;23;0.9;0.5;87;101;0.4476987;233;236.9109;23;0
15588;156;23;0.9;0.5;88;102;0.4816327;243;239.0882;23;1
15589;156;23;0.9;0.5;89;102;0.4801762;267;236.2843;23;1
15590;156;23;0.9;0.5;90;101;0.5104603;226;238.1386;23;0
15591;156;23;0.9;0.5;91;103;0.4595588;226;235.233;23;2
15592;156;23;0.9;0.5;92;102;0.5353982;250;236.2451;23;1
15593;156;23;0.9;0.5;93;102;0.4758065;238;236.8333;23;1
15594;156;23;0.9;0.5;94;102;0.4920635;249;236.6667;23;1
15595;156;23;0.9;0.5;95;101;0.4916667;254;236.6139;23;0
15596;156;23;0.9;0.5;96;101;0.542735;247;238.3267;23;0
15597;156;23;0.9;0.5;97;102;0.5;233;236.1471;23;1
15598;156;23;0.9;0.5;98;101;0.5280374;232;236.9505;23;0
15599;156;23;0.9;0.5;99;102;0.5194805;256;236.3529;23;1
15600;156;23;0.9;0.5;100;103;0.5615385;211;237.3107;23;2
15601;157;25;0.9;0.5;1;103;0.4787645;231;235.767;25;2
15602;157;25;0.9;0.5;2;104;0.4658635;216;236.7115;25;3
15603;157;25;0.9;0.5;3;101;0.5086957;257;235.9505;25;0
15604;157;25;0.9;0.5;4;102;0.5275229;275;235.4902;25;1
15605;157;25;0.9;0.5;5;101;0.5241935;230;239.0099;25;0
15606;157;25;0.9;0.5;6;102;0.4688797;209;236.6667;25;1
15607;157;25;0.9;0.5;7;101;0.4831933;250;237.3168;25;0
15608;157;25;0.9;0.5;8;103;0.4912281;248;235.8641;25;2
15609;157;25;0.9;0.5;9;104;0.5504587;231;238.2692;25;3
15610;157;25;0.9;0.5;10;102;0.3907563;263;235.2451;25;1
15611;157;25;0.9;0.5;11;103;0.4837398;241;236.466;25;2
15612;157;25;0.9;0.5;12;102;0.556962;230;234.6275;25;1
15613;157;25;0.9;0.5;13;102;0.5406504;239;236.1373;25;1
15614;157;25;0.9;0.5;14;104;0.5144928;231;239.25;25;3
15615;157;25;0.9;0.5;15;101;0.412844;257;235.7822;25;0
15616;157;25;0.9;0.5;16;104;0.5375;231;235.5481;25;3
15617;157;25;0.9;0.5;17;102;0.5560538;248;236.1471;25;1
15618;157;25;0.9;0.5;18;101;0.465812;239;235.7525;25;0
15619;157;25;0.9;0.5;19;101;0.5638767;214;237.6733;25;0
15620;157;25;0.9;0.5;20;101;0.4115044;270;235.4158;25;0
15621;157;25;0.9;0.5;21;102;0.5258621;237;235.7843;25;1
15622;157;25;0.9;0.5;22;102;0.43379;227;237.4608;25;1
15623;157;25;0.9;0.5;23;101;0.5469388;251;236.2178;25;0
15624;157;25;0.9;0.5;24;104;0.5289256;239;237.8462;25;3
15625;157;25;0.9;0.5;25;101;0.4545455;218;235.2574;25;0
15626;157;25;0.9;0.5;26;101;0.4957983;239;236.2574;25;0
15627;157;25;0.9;0.5;27;102;0.5321888;223;235.4706;25;1
15628;157;25;0.9;0.5;28;105;0.5825688;237;235.2095;25;4
15629;157;25;0.9;0.5;29;101;0.5404255;266;237.2871;25;0
15630;157;25;0.9;0.5;30;101;0.4247788;227;237.3762;25;0
15631;157;25;0.9;0.5;31;104;0.4859438;228;236.9327;25;3
15632;157;25;0.9;0.5;32;102;0.5178571;188;236.5686;25;1
15633;157;25;0.9;0.5;33;102;0.4672131;244;237.8824;25;1
15634;157;25;0.9;0.5;34;101;0.5040323;217;237.5941;25;0
15635;157;25;0.9;0.5;35;102;0.4514768;235;239.5686;25;1
15636;157;25;0.9;0.5;36;102;0.5040323;261;236.4118;25;1
15637;157;25;0.9;0.5;37;102;0.44;228;235.9118;25;1
15638;157;25;0.9;0.5;38;101;0.4763948;238;235.7525;25;0
15639;157;25;0.9;0.5;39;102;0.4524887;253;235.2353;25;1
15640;157;25;0.9;0.5;40;101;0.5481172;253;236.6436;25;0
15641;157;25;0.9;0.5;41;101;0.5128205;228;235.9802;25;0
15642;157;25;0.9;0.5;42;101;0.5642202;248;236.4257;25;0
15643;157;25;0.9;0.5;43;106;0.4101562;250;235.2547;25;5
15644;157;25;0.9;0.5;44;106;0.5669643;247;237.6792;25;5
15645;157;25;0.9;0.5;45;103;0.5400844;246;237.3398;25;2
15646;157;25;0.9;0.5;46;102;0.4939759;233;235.0588;25;1
15647;157;25;0.9;0.5;47;101;0.487395;234;234.505;25;0
15648;157;25;0.9;0.5;48;101;0.5236364;229;236.4752;25;0
15649;157;25;0.9;0.5;49;103;0.4222222;252;237.3107;25;2
15650;157;25;0.9;0.5;50;102;0.4605809;233;236.5196;25;1
15651;157;25;0.9;0.5;51;101;0.5502008;233;237.0792;25;0
15652;157;25;0.9;0.5;52;103;0.4444444;229;236.0777;25;2
15653;157;25;0.9;0.5;53;101;0.5166667;221;235.5941;25;0
15654;157;25;0.9;0.5;54;102;0.512605;239;235.0196;25;1
15655;157;25;0.9;0.5;55;106;0.4852321;237;235.3302;25;5
15656;157;25;0.9;0.5;56;102;0.5095057;212;237.1961;25;1
15657;157;25;0.9;0.5;57;101;0.4833333;242;235.5743;25;0
15658;157;25;0.9;0.5;58;104;0.438247;236;237.4327;25;3
15659;157;25;0.9;0.5;59;101;0.4978355;233;236.4356;25;0
15660;157;25;0.9;0.5;60;102;0.5;227;236.4314;25;1
15661;157;25;0.9;0.5;61;101;0.4834711;224;237.0594;25;0
15662;157;25;0.9;0.5;62;105;0.5303644;238;237.3905;25;4
15663;157;25;0.9;0.5;63;105;0.5753968;198;237.1714;25;4
15664;157;25;0.9;0.5;64;101;0.5122951;213;236.8515;25;0
15665;157;25;0.9;0.5;65;101;0.5201613;223;236.703;25;0
15666;157;25;0.9;0.5;66;104;0.4434783;246;236.4135;25;3
15667;157;25;0.9;0.5;67;102;0.4077253;240;236.3824;25;1
15668;157;25;0.9;0.5;68;106;0.5180723;219;237.2642;25;5
15669;157;25;0.9;0.5;69;101;0.5147679;237;238.4455;25;0
15670;157;25;0.9;0.5;70;101;0.5;226;235.8119;25;0
15671;157;25;0.9;0.5;71;105;0.4578313;216;234.8762;25;4
15672;157;25;0.9;0.5;72;101;0.4148472;243;235.901;25;0
15673;157;25;0.9;0.5;73;101;0.3963964;240;235.5248;25;0
15674;157;25;0.9;0.5;74;101;0.5243902;220;236.1188;25;0
15675;157;25;0.9;0.5;75;101;0.5304348;234;236.3069;25;0
15676;157;25;0.9;0.5;76;102;0.4635193;243;240.451;25;1
15677;157;25;0.9;0.5;77;101;0.5357143;235;235.2475;25;0
15678;157;25;0.9;0.5;78;102;0.489083;254;236.9412;25;1
15679;157;25;0.9;0.5;79;102;0.5536481;246;236.4706;25;1
15680;157;25;0.9;0.5;80;101;0.5156951;238;234.9703;25;0
15681;157;25;0.9;0.5;81;101;0.4892704;238;235.4059;25;0
15682;157;25;0.9;0.5;82;101;0.5044643;237;237.4257;25;0
15683;157;25;0.9;0.5;83;102;0.4901186;235;238.1667;25;1
15684;157;25;0.9;0.5;84;104;0.5217391;224;235.7885;25;3
15685;157;25;0.9;0.5;85;101;0.4917355;239;237.8218;25;0
15686;157;25;0.9;0.5;86;101;0.5405405;243;235.8614;25;0
15687;157;25;0.9;0.5;87;101;0.4585153;235;236.0891;25;0
15688;157;25;0.9;0.5;88;102;0.5185185;238;233.7451;25;1
15689;157;25;0.9;0.5;89;105;0.5086957;228;237.781;25;4
15690;157;25;0.9;0.5;90;104;0.4565217;241;234.9519;25;3
15691;157;25;0.9;0.5;91;104;0.45;252;237.5096;25;3
15692;157;25;0.9;0.5;92;104;0.5840336;239;239.0385;25;3
15693;157;25;0.9;0.5;93;102;0.5166667;250;237.8627;25;1
15694;157;25;0.9;0.5;94;101;0.5416667;227;238.0198;25;0
15695;157;25;0.9;0.5;95;101;0.4979757;240;236.7426;25;0
15696;157;25;0.9;0.5;96;101;0.428;218;236.5644;25;0
15697;157;25;0.9;0.5;97;102;0.5119048;218;235.5392;25;1
15698;157;25;0.9;0.5;98;104;0.5219298;262;236.9519;25;3
15699;157;25;0.9;0.5;99;102;0.5128205;231;236.3922;25;1
15700;157;25;0.9;0.5;100;102;0.4139344;236;238.0392;25;1
15701;158;27;0.9;0.5;1;106;0.4727273;232;236.1509;27;5
15702;158;27;0.9;0.5;2;101;0.5178571;237;236.9604;27;0
15703;158;27;0.9;0.5;3;101;0.5748031;227;236.6436;27;0
15704;158;27;0.9;0.5;4;102;0.5226337;225;236.5392;27;1
15705;158;27;0.9;0.5;5;101;0.4717742;217;236.2475;27;0
15706;158;27;0.9;0.5;6;101;0.5437262;223;235.2475;27;0
15707;158;27;0.9;0.5;7;103;0.5191489;223;234.8058;27;2
15708;158;27;0.9;0.5;8;103;0.48;249;239.6796;27;2
15709;158;27;0.9;0.5;9;101;0.4938776;239;238.1485;27;0
15710;158;27;0.9;0.5;10;107;0.4612069;234;235.9533;27;6
15711;158;27;0.9;0.5;11;103;0.4475806;226;236.6699;27;2
15712;158;27;0.9;0.5;12;101;0.4518828;256;236.9901;27;0
15713;158;27;0.9;0.5;13;102;0.5650224;256;235.3235;27;1
15714;158;27;0.9;0.5;14;101;0.5114155;253;235.4653;27;0
15715;158;27;0.9;0.5;15;102;0.4854369;234;237.1863;27;1
15716;158;27;0.9;0.5;16;104;0.5688889;227;237.3654;27;3
15717;158;27;0.9;0.5;17;101;0.4830508;242;236.8812;27;0
15718;158;27;0.9;0.5;18;101;0.4978541;253;237.1683;27;0
15719;158;27;0.9;0.5;19;103;0.5212355;229;237.4757;27;2
15720;158;27;0.9;0.5;20;101;0.4585153;231;236.9505;27;0
15721;158;27;0.9;0.5;21;102;0.4622222;237;236.6863;27;1
15722;158;27;0.9;0.5;22;102;0.4896266;223;235.5882;27;1
15723;158;27;0.9;0.5;23;102;0.4738956;232;235.402;27;1
15724;158;27;0.9;0.5;24;101;0.5078125;220;237.6238;27;0
15725;158;27;0.9;0.5;25;106;0.5423077;259;236.4528;27;5
15726;158;27;0.9;0.5;26;102;0.4849785;240;236.2843;27;1
15727;158;27;0.9;0.5;27;105;0.4529915;228;235.7619;27;4
15728;158;27;0.9;0.5;28;101;0.4978355;237;236.8911;27;0
15729;158;27;0.9;0.5;29;102;0.464135;213;235.402;27;1
15730;158;27;0.9;0.5;30;101;0.526087;236;238.505;27;0
15731;158;27;0.9;0.5;31;101;0.5021645;235;235.1188;27;0
15732;158;27;0.9;0.5;32;105;0.4657534;244;239.2286;27;4
15733;158;27;0.9;0.5;33;101;0.4818182;267;236.4455;27;0
15734;158;27;0.9;0.5;34;103;0.502008;224;235.5049;27;2
15735;158;27;0.9;0.5;35;103;0.4481328;234;236.5728;27;2
15736;158;27;0.9;0.5;36;102;0.4844444;217;236.4804;27;1
15737;158;27;0.9;0.5;37;101;0.5470852;227;233.8812;27;0
15738;158;27;0.9;0.5;38;102;0.5281385;254;236.0588;27;1
15739;158;27;0.9;0.5;39;101;0.4859438;220;234.4059;27;0
15740;158;27;0.9;0.5;40;101;0.5196507;231;233.8317;27;0
15741;158;27;0.9;0.5;41;101;0.5130435;262;237.5149;27;0
15742;158;27;0.9;0.5;42;101;0.4916667;238;237.2574;27;0
15743;158;27;0.9;0.5;43;101;0.6092437;238;236.1386;27;0
15744;158;27;0.9;0.5;44;103;0.5526316;237;236.4854;27;2
15745;158;27;0.9;0.5;45;101;0.4846154;216;236.6337;27;0
15746;158;27;0.9;0.5;46;105;0.4700461;242;237.3143;27;4
15747;158;27;0.9;0.5;47;103;0.559633;228;237.8641;27;2
15748;158;27;0.9;0.5;48;102;0.5526316;238;235.2549;27;1
15749;158;27;0.9;0.5;49;101;0.5061224;238;235.5743;27;0
15750;158;27;0.9;0.5;50;101;0.5209302;224;236.6238;27;0
15751;158;27;0.9;0.5;51;103;0.4392157;238;237.1553;27;2
15752;158;27;0.9;0.5;52;102;0.48583;220;237.3039;27;1
15753;158;27;0.9;0.5;53;101;0.4860558;242;235.396;27;0
15754;158;27;0.9;0.5;54;104;0.5378151;235;237.2019;27;3
15755;158;27;0.9;0.5;55;104;0.5462555;236;235.25;27;3
15756;158;27;0.9;0.5;56;101;0.5625;244;237.9109;27;0
15757;158;27;0.9;0.5;57;102;0.5041667;228;237.4706;27;1
15758;158;27;0.9;0.5;58;101;0.5361702;229;236.9802;27;0
15759;158;27;0.9;0.5;59;103;0.5103734;228;235.7184;27;2
15760;158;27;0.9;0.5;60;101;0.5478261;256;236.8317;27;0
15761;158;27;0.9;0.5;61;101;0.546729;265;235.7129;27;0
15762;158;27;0.9;0.5;62;101;0.5060729;218;236.5545;27;0
15763;158;27;0.9;0.5;63;101;0.5533597;234;237.8911;27;0
15764;158;27;0.9;0.5;64;101;0.5387755;240;238.6832;27;0
15765;158;27;0.9;0.5;65;104;0.5454545;252;236.2212;27;3
15766;158;27;0.9;0.5;66;101;0.5368852;230;236.9307;27;0
15767;158;27;0.9;0.5;67;103;0.6179775;217;236.6893;27;2
15768;158;27;0.9;0.5;68;101;0.5021459;214;237.2079;27;0
15769;158;27;0.9;0.5;69;102;0.5144231;259;236.4216;27;1
15770;158;27;0.9;0.5;70;101;0.4358974;236;237.4158;27;0
15771;158;27;0.9;0.5;71;101;0.5191489;242;236.1188;27;0
15772;158;27;0.9;0.5;72;101;0.5327869;235;234.6931;27;0
15773;158;27;0.9;0.5;73;102;0.4893617;244;237.6078;27;1
15774;158;27;0.9;0.5;74;101;0.4349593;232;235.9802;27;0
15775;158;27;0.9;0.5;75;105;0.573991;246;238.419;27;4
15776;158;27;0.9;0.5;76;103;0.4565217;231;234.9903;27;2
15777;158;27;0.9;0.5;77;101;0.5378151;247;236.6535;27;0
15778;158;27;0.9;0.5;78;102;0.5130435;237;236.549;27;1
15779;158;27;0.9;0.5;79;102;0.5171103;211;236.8529;27;1
15780;158;27;0.9;0.5;80;102;0.4475806;227;238.6373;27;1
15781;158;27;0.9;0.5;81;101;0.4235808;252;237.297;27;0
15782;158;27;0.9;0.5;82;105;0.4435146;206;235.8286;27;4
15783;158;27;0.9;0.5;83;101;0.4622222;270;236.0495;27;0
15784;158;27;0.9;0.5;84;101;0.519802;244;236.297;27;0
15785;158;27;0.9;0.5;85;103;0.5100402;249;237.2427;27;2
15786;158;27;0.9;0.5;86;103;0.4879032;236;236.6311;27;2
15787;158;27;0.9;0.5;87;104;0.4782609;217;237.7885;27;3
15788;158;27;0.9;0.5;88;101;0.4508197;212;236.6733;27;0
15789;158;27;0.9;0.5;89;101;0.5022026;239;237.198;27;0
15790;158;27;0.9;0.5;90;101;0.5619835;242;237.802;27;0
15791;158;27;0.9;0.5;91;103;0.4392157;240;236.466;27;2
15792;158;27;0.9;0.5;92;101;0.5084746;224;236.0396;27;0
15793;158;27;0.9;0.5;93;102;0.4708333;247;236.2941;27;1
15794;158;27;0.9;0.5;94;105;0.5967078;246;234.781;27;4
15795;158;27;0.9;0.5;95;101;0.5384615;245;238.5347;27;0
15796;158;27;0.9;0.5;96;101;0.5458937;248;236.3663;27;0
15797;158;27;0.9;0.5;97;103;0.5306122;234;236.9029;27;2
15798;158;27;0.9;0.5;98;102;0.4621514;225;237.3529;27;1
15799;158;27;0.9;0.5;99;101;0.4692982;239;236.1881;27;0
15800;158;27;0.9;0.5;100;102;0.4904215;226;238.0588;27;1
15801;159;29;0.9;0.5;1;101;0.484;217;238.1386;29;0
15802;159;29;0.9;0.5;2;102;0.5146444;249;234.9608;29;1
15803;159;29;0.9;0.5;3;101;0.477551;233;236.6139;29;0
15804;159;29;0.9;0.5;4;102;0.5371179;227;238.5686;29;1
15805;159;29;0.9;0.5;5;103;0.4201681;234;236.068;29;2
15806;159;29;0.9;0.5;6;101;0.4708333;241;236.901;29;0
15807;159;29;0.9;0.5;7;103;0.4631148;252;236.8641;29;2
15808;159;29;0.9;0.5;8;101;0.486166;250;235.2772;29;0
15809;159;29;0.9;0.5;9;105;0.5511111;259;236.8381;29;4
15810;159;29;0.9;0.5;10;101;0.5132743;212;235.7723;29;0
15811;159;29;0.9;0.5;11;102;0.5613208;235;236.2353;29;1
15812;159;29;0.9;0.5;12;101;0.448;231;237.3267;29;0
15813;159;29;0.9;0.5;13;105;0.4849785;257;236.9143;29;4
15814;159;29;0.9;0.5;14;101;0.5;244;236.8317;29;0
15815;159;29;0.9;0.5;15;101;0.5665236;225;235.5644;29;0
15816;159;29;0.9;0.5;16;103;0.5394737;247;238.8447;29;2
15817;159;29;0.9;0.5;17;105;0.4653061;248;236.5714;29;4
15818;159;29;0.9;0.5;18;101;0.5630631;243;236.1188;29;0
15819;159;29;0.9;0.5;19;103;0.4655172;205;237.0777;29;2
15820;159;29;0.9;0.5;20;101;0.5294118;232;235.2673;29;0
15821;159;29;0.9;0.5;21;101;0.5276596;233;237.7426;29;0
15822;159;29;0.9;0.5;22;102;0.495614;235;236.7647;29;1
15823;159;29;0.9;0.5;23;101;0.5147679;240;235.9109;29;0
15824;159;29;0.9;0.5;24;103;0.5247934;220;236.4078;29;2
15825;159;29;0.9;0.5;25;101;0.5391304;262;237.0693;29;0
15826;159;29;0.9;0.5;26;102;0.5720721;273;236.4608;29;1
15827;159;29;0.9;0.5;27;101;0.531746;233;236.0198;29;0
15828;159;29;0.9;0.5;28;102;0.5570175;252;236.902;29;1
15829;159;29;0.9;0.5;29;101;0.5066079;231;236.1683;29;0
15830;159;29;0.9;0.5;30;102;0.4855967;231;235.6373;29;1
15831;159;29;0.9;0.5;31;102;0.4957983;246;235.9118;29;1
15832;159;29;0.9;0.5;32;103;0.4365079;242;234.4563;29;2
15833;159;29;0.9;0.5;33;103;0.5316456;220;236.699;29;2
15834;159;29;0.9;0.5;34;101;0.5252101;230;235.9604;29;0
15835;159;29;0.9;0.5;35;102;0.4422311;239;235.8333;29;1
15836;159;29;0.9;0.5;36;101;0.456621;244;238.0792;29;0
15837;159;29;0.9;0.5;37;101;0.5323194;238;235.7624;29;0
15838;159;29;0.9;0.5;38;101;0.5062762;248;239.0297;29;0
15839;159;29;0.9;0.5;39;102;0.460177;247;236.5098;29;1
15840;159;29;0.9;0.5;40;102;0.4632035;247;237.1961;29;1
15841;159;29;0.9;0.5;41;105;0.5041322;232;236.3714;29;4
15842;159;29;0.9;0.5;42;102;0.5066079;232;234.8431;29;1
15843;159;29;0.9;0.5;43;103;0.4798206;258;236.3301;29;2
15844;159;29;0.9;0.5;44;101;0.5019608;228;236.6238;29;0
15845;159;29;0.9;0.5;45;101;0.5101215;233;236.7129;29;0
15846;159;29;0.9;0.5;46;102;0.4688797;256;238.2745;29;1
15847;159;29;0.9;0.5;47;101;0.5439331;214;235.7822;29;0
15848;159;29;0.9;0.5;48;101;0.5221239;259;236.4356;29;0
15849;159;29;0.9;0.5;49;102;0.52;238;237.1569;29;1
15850;159;29;0.9;0.5;50;102;0.5064935;215;236.8627;29;1
15851;159;29;0.9;0.5;51;103;0.465587;239;236.3883;29;2
15852;159;29;0.9;0.5;52;101;0.5040323;239;236.0495;29;0
15853;159;29;0.9;0.5;53;104;0.4859438;255;237.2596;29;3
15854;159;29;0.9;0.5;54;102;0.5127119;232;236.2745;29;1
15855;159;29;0.9;0.5;55;101;0.5681818;215;237.5842;29;0
15856;159;29;0.9;0.5;56;103;0.5214008;235;238.1165;29;2
15857;159;29;0.9;0.5;57;105;0.5214008;241;236.6381;29;4
15858;159;29;0.9;0.5;58;101;0.5564854;241;235.6634;29;0
15859;159;29;0.9;0.5;59;101;0.572549;242;237.1584;29;0
15860;159;29;0.9;0.5;60;101;0.5404255;251;234.8317;29;0
15861;159;29;0.9;0.5;61;103;0.482906;229;237.835;29;2
15862;159;29;0.9;0.5;62;101;0.4875;242;235.2871;29;0
15863;159;29;0.9;0.5;63;102;0.4805195;229;237.8627;29;1
15864;159;29;0.9;0.5;64;105;0.510917;257;238.7238;29;4
15865;159;29;0.9;0.5;65;101;0.4741379;228;235.5446;29;0
15866;159;29;0.9;0.5;66;103;0.5040323;235;235.5922;29;2
15867;159;29;0.9;0.5;67;101;0.4718615;224;236.0693;29;0
15868;159;29;0.9;0.5;68;101;0.4747899;246;236.7228;29;0
15869;159;29;0.9;0.5;69;102;0.488;227;238.7451;29;1
15870;159;29;0.9;0.5;70;101;0.417004;226;238.5149;29;0
15871;159;29;0.9;0.5;71;102;0.5088496;251;235.7549;29;1
15872;159;29;0.9;0.5;72;102;0.4798387;248;239.951;29;1
15873;159;29;0.9;0.5;73;103;0.5423729;244;236.1165;29;2
15874;159;29;0.9;0.5;74;101;0.5294118;254;236.198;29;0
15875;159;29;0.9;0.5;75;101;0.4393305;253;239.198;29;0
15876;159;29;0.9;0.5;76;101;0.5291667;250;238.198;29;0
15877;159;29;0.9;0.5;77;108;0.5;211;236.1481;29;7
15878;159;29;0.9;0.5;78;101;0.5099602;214;238.198;29;0
15879;159;29;0.9;0.5;79;101;0.5432692;238;236.3465;29;0
15880;159;29;0.9;0.5;80;101;0.5362319;230;238.7921;29;0
15881;159;29;0.9;0.5;81;101;0.4879032;235;235.3564;29;0
15882;159;29;0.9;0.5;82;101;0.549763;259;237.2475;29;0
15883;159;29;0.9;0.5;83;103;0.5313808;235;236.9223;29;2
15884;159;29;0.9;0.5;84;102;0.5245902;243;236.5686;29;1
15885;159;29;0.9;0.5;85;101;0.4918033;234;236.5644;29;0
15886;159;29;0.9;0.5;86;101;0.4851064;231;235.7822;29;0
15887;159;29;0.9;0.5;87;101;0.5069124;224;236.4851;29;0
15888;159;29;0.9;0.5;88;101;0.5146444;227;237.4059;29;0
15889;159;29;0.9;0.5;89;104;0.5040984;221;237.6923;29;3
15890;159;29;0.9;0.5;90;104;0.5352697;215;238.7308;29;3
15891;159;29;0.9;0.5;91;101;0.4541667;243;236.8218;29;0
15892;159;29;0.9;0.5;92;101;0.5084746;225;238.0594;29;0
15893;159;29;0.9;0.5;93;101;0.4392157;223;237.9901;29;0
15894;159;29;0.9;0.5;94;101;0.4612245;236;236.4554;29;0
15895;159;29;0.9;0.5;95;101;0.4463519;234;237.6535;29;0
15896;159;29;0.9;0.5;96;103;0.5271967;249;236.7184;29;2
15897;159;29;0.9;0.5;97;102;0.4868421;237;236.3824;29;1
15898;159;29;0.9;0.5;98;103;0.56;262;236.0971;29;2
15899;159;29;0.9;0.5;99;102;0.5108225;238;235.6471;29;1
15900;159;29;0.9;0.5;100;101;0.5147679;262;235.7426;29;0
15901;160;224;0.9;0.5;1;105;0.5625;239;236.0667;223.2095;4
15902;160;224;0.9;0.5;2;101;0.5281385;237;236.9604;223.2277;0
15903;160;224;0.9;0.5;3;105;0.4476987;233;237.2952;223.2;4
15904;160;224;0.9;0.5;4;102;0.4525862;227;234.9902;221.8627;1
15905;160;224;0.9;0.5;5;104;0.4844444;238;236.9712;222.7981;3
15906;160;224;0.9;0.5;6;103;0.5619835;214;234.9126;222.7282;2
15907;160;224;0.9;0.5;7;101;0.4533898;243;236.6733;222.703;0
15908;160;224;0.9;0.5;8;102;0.4889868;243;238.7843;223.5098;1
15909;160;224;0.9;0.5;9;101;0.5782609;242;236.5743;223.1584;0
15910;160;224;0.9;0.5;10;103;0.5162791;242;234.9515;222.7184;2
15911;160;224;0.9;0.5;11;102;0.44;209;237.3235;221.6569;1
15912;160;224;0.9;0.5;12;101;0.4367347;227;235.3069;222.7228;0
15913;160;224;0.9;0.5;13;103;0.5093458;227;235.534;223.3689;2
15914;160;224;0.9;0.5;14;101;0.5570776;224;235.2673;221.901;0
15915;160;224;0.9;0.5;15;101;0.5066667;248;237.6436;222.5941;0
15916;160;224;0.9;0.5;16;102;0.5188285;220;237.1078;223.2059;1
15917;160;224;0.9;0.5;17;101;0.5272727;248;237.2574;223.3069;0
15918;160;224;0.9;0.5;18;102;0.437247;229;236.9706;222.7745;1
15919;160;224;0.9;0.5;19;101;0.484375;243;237.2772;223.2871;0
15920;160;224;0.9;0.5;20;101;0.5;252;237.8416;223.0792;0
15921;160;224;0.9;0.5;21;101;0.4942529;228;236.7327;222.8416;0
15922;160;224;0.9;0.5;22;101;0.4574899;229;236.9208;222.7624;0
15923;160;224;0.9;0.5;23;104;0.5022026;223;236.8077;222.5769;3
15924;160;224;0.9;0.5;24;103;0.51341;215;235.2039;221.932;2
15925;160;224;0.9;0.5;25;102;0.5661157;242;237.3039;222.0588;1
15926;160;224;0.9;0.5;26;102;0.5384615;249;237.4118;222.8922;1
15927;160;224;0.9;0.5;27;102;0.4936709;233;237.2745;222.9118;1
15928;160;224;0.9;0.5;28;102;0.4415094;228;235.9902;221.4902;1
15929;160;224;0.9;0.5;29;101;0.4549356;242;236.297;222.2871;0
15930;160;224;0.9;0.5;30;102;0.524;234;235.4412;221.6961;1
15931;160;224;0.9;0.5;31;102;0.5263158;228;233.9118;222.549;1
15932;160;224;0.9;0.5;32;102;0.474359;230;238.7941;222.902;1
15933;160;224;0.9;0.5;33;101;0.5277778;223;236.0792;221.604;0
15934;160;224;0.9;0.5;34;102;0.5265487;249;236.8235;222.6373;1
15935;160;224;0.9;0.5;35;101;0.4769874;225;236.9307;223.2376;0
15936;160;224;0.9;0.5;36;104;0.4448819;233;237.4038;222.1538;3
15937;160;224;0.9;0.5;37;103;0.5;234;237.0194;222.9126;2
15938;160;224;0.9;0.5;38;103;0.5319149;226;237.0485;222.9029;2
15939;160;224;0.9;0.5;39;107;0.5291667;234;236.2897;221.8505;6
15940;160;224;0.9;0.5;40;102;0.528;250;237.0392;222.049;1
15941;160;224;0.9;0.5;41;101;0.5127119;232;236.1089;221.8416;0
15942;160;224;0.9;0.5;42;101;0.5418502;227;235.1386;222;0
15943;160;224;0.9;0.5;43;102;0.4609053;238;235.8137;222.9314;1
15944;160;224;0.9;0.5;44;103;0.4236641;240;235.4951;222.8447;2
15945;160;224;0.9;0.5;45;102;0.4752066;237;235.7843;222.4706;1
15946;160;224;0.9;0.5;46;103;0.5659574;246;237.0874;223.3301;2
15947;160;224;0.9;0.5;47;101;0.4743083;232;235.5743;222.6535;0
15948;160;224;0.9;0.5;48;101;0.4330357;229;238.0099;222.9802;0
15949;160;224;0.9;0.5;49;102;0.5176991;246;236.0294;222.9902;1
15950;160;224;0.9;0.5;50;101;0.4769874;252;237.6931;223.4851;0
15951;160;224;0.9;0.5;51;102;0.510917;265;237.8333;222.7745;1
15952;160;224;0.9;0.5;52;101;0.4906367;201;239.2475;222.5644;0
15953;160;224;0.9;0.5;53;105;0.5490196;209;236.0857;223.3619;4
15954;160;224;0.9;0.5;54;101;0.5140562;233;234.2277;222.099;0
15955;160;224;0.9;0.5;55;101;0.484252;229;236.0693;222.2871;0
15956;160;224;0.9;0.5;56;104;0.504065;222;237.4904;223.0096;3
15957;160;224;0.9;0.5;57;102;0.4697674;242;235.098;222.1961;1
15958;160;224;0.9;0.5;58;101;0.5340909;226;239;223.0297;0
15959;160;224;0.9;0.5;59;102;0.5478261;234;237.3235;223;1
15960;160;224;0.9;0.5;60;105;0.4153846;259;236.1524;223.2952;4
15961;160;224;0.9;0.5;61;101;0.5511111;254;236.8614;222.8812;0
15962;160;224;0.9;0.5;62;101;0.4454148;206;236.4356;222.6238;0
15963;160;224;0.9;0.5;63;101;0.4758065;229;237.099;222.3267;0
15964;160;224;0.9;0.5;64;102;0.509009;238;237.8529;222.6176;1
15965;160;224;0.9;0.5;65;101;0.4803922;228;235.5842;222.0099;0
15966;160;224;0.9;0.5;66;101;0.5333333;245;236.2376;222.198;0
15967;160;224;0.9;0.5;67;101;0.5226337;212;237.0198;221.9901;0
15968;160;224;0.9;0.5;68;104;0.4813084;242;236.8077;223.2308;3
15969;160;224;0.9;0.5;69;101;0.4444444;227;235;222.7228;0
15970;160;224;0.9;0.5;70;103;0.5344828;243;236.2913;222.5631;2
15971;160;224;0.9;0.5;71;102;0.5;258;235.6373;222.3039;1
15972;160;224;0.9;0.5;72;101;0.5066079;237;235.6832;222.3267;0
15973;160;224;0.9;0.5;73;101;0.5213675;244;235.7426;222.3465;0
15974;160;224;0.9;0.5;74;102;0.6041667;236;235.5196;222.7549;1
15975;160;224;0.9;0.5;75;101;0.5178571;239;237.6733;222.8713;0
15976;160;224;0.9;0.5;76;101;0.5021459;234;235.495;222.8317;0
15977;160;224;0.9;0.5;77;102;0.5742188;217;235.8627;223;1
15978;160;224;0.9;0.5;78;101;0.5040984;229;236.7426;222.7921;0
15979;160;224;0.9;0.5;79;101;0.4749035;238;235.9505;222.396;0
15980;160;224;0.9;0.5;80;106;0.4872881;258;237.8679;222.7453;5
15981;160;224;0.9;0.5;81;101;0.4875;241;236.604;222.5248;0
15982;160;224;0.9;0.5;82;102;0.5226337;223;238.1667;222.4902;1
15983;160;224;0.9;0.5;83;103;0.5212355;257;237;222.4466;2
15984;160;224;0.9;0.5;84;101;0.5441176;235;236.2178;222.9406;0
15985;160;224;0.9;0.5;85;101;0.5256917;238;236.2277;221.7129;0
15986;160;224;0.9;0.5;86;104;0.5066079;252;235.0673;220.5096;3
15987;160;224;0.9;0.5;87;101;0.512;226;236.6436;222.8515;0
15988;160;224;0.9;0.5;88;102;0.5248869;275;235.8725;223.049;1
15989;160;224;0.9;0.5;89;101;0.5458167;246;235.0297;222.505;0
15990;160;224;0.9;0.5;90;102;0.4521739;228;236.0882;222.5686;1
15991;160;224;0.9;0.5;91;102;0.52;239;235.4314;222.7843;1
15992;160;224;0.9;0.5;92;102;0.5022026;224;236.6078;222.3137;1
15993;160;224;0.9;0.5;93;101;0.4677419;234;235.7624;223.0198;0
15994;160;224;0.9;0.5;94;102;0.482906;240;236.0686;222.2745;1
15995;160;224;0.9;0.5;95;102;0.4352941;231;237.4608;222.8333;1
15996;160;224;0.9;0.5;96;107;0.4642857;238;235.2804;222.8879;6
15997;160;224;0.9;0.5;97;102;0.592;236;236.8235;221.9118;1
15998;160;224;0.9;0.5;98;101;0.5555556;223;235.9505;222.0693;0
15999;160;224;0.9;0.5;99;101;0.399061;226;236.3168;222.495;0
16000;160;224;0.9;0.5;100;101;0.5265306;208;236.4653;222.9307;0
16001;161;1;1;0.5;1;102;0.4879227;262;236.2353;1;1
16002;161;1;1;0.5;2;103;0.4941634;235;235.5437;1;2
16003;161;1;1;0.5;3;102;0.4622642;247;237.3431;1;1
16004;161;1;1;0.5;4;101;0.5813008;217;237.099;1;0
16005;161;1;1;0.5;5;101;0.5;253;238.4554;1;0
16006;161;1;1;0.5;6;102;0.5286885;240;235.9314;1;1
16007;161;1;1;0.5;7;102;0.4024896;238;237.4118;1;1
16008;161;1;1;0.5;8;102;0.5273438;240;238.7353;1;1
16009;161;1;1;0.5;9;101;0.557377;247;237.9505;1;0
16010;161;1;1;0.5;10;101;0.5042735;242;237.0396;1;0
16011;161;1;1;0.5;11;101;0.5466667;251;236.2475;1;0
16012;161;1;1;0.5;12;101;0.5247148;229;237.0594;1;0
16013;161;1;1;0.5;13;101;0.5062762;237;236.2772;1;0
16014;161;1;1;0.5;14;101;0.5083333;222;236.7624;1;0
16015;161;1;1;0.5;15;104;0.4351464;237;235.9423;1;3
16016;161;1;1;0.5;16;101;0.4330357;247;235.5545;1;0
16017;161;1;1;0.5;17;101;0.4708333;234;238.0693;1;0
16018;161;1;1;0.5;18;101;0.4803493;224;234.9703;1;0
16019;161;1;1;0.5;19;101;0.5627706;250;238.802;1;0
16020;161;1;1;0.5;20;102;0.5354331;225;238.1078;1;1
16021;161;1;1;0.5;21;101;0.5272727;243;235.1089;1;0
16022;161;1;1;0.5;22;101;0.4788136;248;236.4752;1;0
16023;161;1;1;0.5;23;102;0.5169492;215;237.0882;1;1
16024;161;1;1;0.5;24;105;0.4808511;234;238.0857;1;4
16025;161;1;1;0.5;25;105;0.4509804;244;237.1429;1;4
16026;161;1;1;0.5;26;101;0.5108225;252;237.9505;1;0
16027;161;1;1;0.5;27;103;0.5696203;246;235.2233;1;2
16028;161;1;1;0.5;28;101;0.5384615;247;236.099;1;0
16029;161;1;1;0.5;29;106;0.5083333;210;235.5472;1;5
16030;161;1;1;0.5;30;101;0.5333333;231;237.8416;1;0
16031;161;1;1;0.5;31;103;0.46875;240;237.9515;1;2
16032;161;1;1;0.5;32;101;0.5577689;209;238.8515;1;0
16033;161;1;1;0.5;33;101;0.5066667;234;235.9901;1;0
16034;161;1;1;0.5;34;102;0.5067873;258;235.3725;1;1
16035;161;1;1;0.5;35;101;0.4941634;230;237.604;1;0
16036;161;1;1;0.5;36;101;0.4780876;218;237.2178;1;0
16037;161;1;1;0.5;37;104;0.5477178;206;236.5192;1;3
16038;161;1;1;0.5;38;101;0.5213675;240;237.9307;1;0
16039;161;1;1;0.5;39;101;0.5515873;222;237.505;1;0
16040;161;1;1;0.5;40;102;0.5185185;238;237.6078;1;1
16041;161;1;1;0.5;41;101;0.5294118;225;237.1287;1;0
16042;161;1;1;0.5;42;103;0.4978355;252;236.4951;1;2
16043;161;1;1;0.5;43;101;0.5458515;223;237.5644;1;0
16044;161;1;1;0.5;44;101;0.4262948;240;236.7525;1;0
16045;161;1;1;0.5;45;101;0.5265487;243;235.9802;1;0
16046;161;1;1;0.5;46;101;0.4768519;256;237.1089;1;0
16047;161;1;1;0.5;47;101;0.5139442;260;236.5644;1;0
16048;161;1;1;0.5;48;101;0.4444444;243;237.5149;1;0
16049;161;1;1;0.5;49;102;0.4875;226;236.1078;1;1
16050;161;1;1;0.5;50;102;0.510917;245;237.451;1;1
16051;161;1;1;0.5;51;101;0.5112108;218;237.1782;1;0
16052;161;1;1;0.5;52;101;0.5489362;250;236.9802;1;0
16053;161;1;1;0.5;53;101;0.518797;223;235.7723;1;0
16054;161;1;1;0.5;54;102;0.5180723;243;237.8824;1;1
16055;161;1;1;0.5;55;101;0.5377778;238;237.6238;1;0
16056;161;1;1;0.5;56;101;0.4848485;233;237.0396;1;0
16057;161;1;1;0.5;57;105;0.4895397;238;235.2667;1;4
16058;161;1;1;0.5;58;101;0.5365854;231;236.4554;1;0
16059;161;1;1;0.5;59;101;0.5472441;216;236.4158;1;0
16060;161;1;1;0.5;60;102;0.48;230;238.2549;1;1
16061;161;1;1;0.5;61;102;0.535865;227;237.7157;1;1
16062;161;1;1;0.5;62;102;0.5137255;235;233.6078;1;1
16063;161;1;1;0.5;63;101;0.5882353;220;236.505;1;0
16064;161;1;1;0.5;64;103;0.5020576;225;239.5631;1;2
16065;161;1;1;0.5;65;101;0.475;229;236.0495;1;0
16066;161;1;1;0.5;66;102;0.5132743;222;237.549;1;1
16067;161;1;1;0.5;67;105;0.5081301;246;235.419;1;4
16068;161;1;1;0.5;68;102;0.5613208;246;236.4216;1;1
16069;161;1;1;0.5;69;103;0.4634146;213;237.0874;1;2
16070;161;1;1;0.5;70;102;0.5583333;246;235.6078;1;1
16071;161;1;1;0.5;71;101;0.4541667;234;237.9901;1;0
16072;161;1;1;0.5;72;102;0.5130435;237;236.0196;1;1
16073;161;1;1;0.5;73;104;0.515748;224;236.3654;1;3
16074;161;1;1;0.5;74;106;0.553719;231;236.4528;1;5
16075;161;1;1;0.5;75;102;0.5690377;229;236.5294;1;1
16076;161;1;1;0.5;76;102;0.5502008;242;235.8922;1;1
16077;161;1;1;0.5;77;102;0.5486381;236;237.0882;1;1
16078;161;1;1;0.5;78;101;0.5294118;214;235.9901;1;0
16079;161;1;1;0.5;79;102;0.5041322;218;237.6078;1;1
16080;161;1;1;0.5;80;101;0.5390625;236;236.901;1;0
16081;161;1;1;0.5;81;101;0.5120968;215;237.3663;1;0
16082;161;1;1;0.5;82;102;0.4886878;254;237.549;1;1
16083;161;1;1;0.5;83;101;0.5222672;232;237.8416;1;0
16084;161;1;1;0.5;84;101;0.5407725;249;236.6238;1;0
16085;161;1;1;0.5;85;101;0.5330396;247;237.0396;1;0
16086;161;1;1;0.5;86;101;0.5299145;240;237.3663;1;0
16087;161;1;1;0.5;87;103;0.5246637;237;236.699;1;2
16088;161;1;1;0.5;88;103;0.4855967;217;235.8058;1;2
16089;161;1;1;0.5;89;104;0.5;239;237.5769;1;3
16090;161;1;1;0.5;90;107;0.4581498;238;237.1215;1;6
16091;161;1;1;0.5;91;106;0.5208333;252;237.0472;1;5
16092;161;1;1;0.5;92;101;0.5208333;220;235.8713;1;0
16093;161;1;1;0.5;93;101;0.4714286;252;237.3861;1;0
16094;161;1;1;0.5;94;101;0.4618321;231;235.7525;1;0
16095;161;1;1;0.5;95;101;0.5191489;221;236.9109;1;0
16096;161;1;1;0.5;96;102;0.4819277;221;237.8725;1;1
16097;161;1;1;0.5;97;103;0.5183486;244;235.4272;1;2
16098;161;1;1;0.5;98;101;0.5953488;257;236.5842;1;0
16099;161;1;1;0.5;99;107;0.4789916;248;235.8879;1;6
16100;161;1;1;0.5;100;102;0.5465587;225;235.7059;1;1
16101;162;3;1;0.5;1;101;0.5432099;244;235.495;3;0
16102;162;3;1;0.5;2;102;0.4793388;236;236.9608;3;1
16103;162;3;1;0.5;3;102;0.5324074;239;236.8431;3;1
16104;162;3;1;0.5;4;109;0.5193133;232;236.5688;3;8
16105;162;3;1;0.5;5;101;0.4096386;226;237.3762;3;0
16106;162;3;1;0.5;6;101;0.4382979;232;236.6238;3;0
16107;162;3;1;0.5;7;101;0.4525862;237;235.2376;3;0
16108;162;3;1;0.5;8;101;0.53125;234;233.6139;3;0
16109;162;3;1;0.5;9;101;0.4978723;244;236.2574;3;0
16110;162;3;1;0.5;10;101;0.4675325;252;236.3564;3;0
16111;162;3;1;0.5;11;101;0.5066079;244;236.4455;3;0
16112;162;3;1;0.5;12;101;0.4938272;230;235.8515;3;0
16113;162;3;1;0.5;13;101;0.472973;218;236.6931;3;0
16114;162;3;1;0.5;14;102;0.5409091;263;237.549;3;1
16115;162;3;1;0.5;15;107;0.4593496;221;236.215;3;6
16116;162;3;1;0.5;16;105;0.504386;246;235.9524;3;4
16117;162;3;1;0.5;17;101;0.4344262;219;236.1287;3;0
16118;162;3;1;0.5;18;103;0.48;246;237.7184;3;2
16119;162;3;1;0.5;19;101;0.52;255;238.7921;3;0
16120;162;3;1;0.5;20;103;0.4334601;212;238.1942;3;2
16121;162;3;1;0.5;21;103;0.4708333;240;236.7184;3;2
16122;162;3;1;0.5;22;103;0.546875;233;237.5534;3;2
16123;162;3;1;0.5;23;102;0.493617;245;237.2255;3;1
16124;162;3;1;0.5;24;104;0.4435484;228;239.2404;3;3
16125;162;3;1;0.5;25;101;0.4657534;235;234.4158;3;0
16126;162;3;1;0.5;26;101;0.4937238;236;236.3069;3;0
16127;162;3;1;0.5;27;101;0.4875;266;236.901;3;0
16128;162;3;1;0.5;28;102;0.5502008;237;235.7157;3;1
16129;162;3;1;0.5;29;101;0.5210084;243;237.2772;3;0
16130;162;3;1;0.5;30;102;0.4335938;239;238.4314;3;1
16131;162;3;1;0.5;31;101;0.4872881;235;236.9901;3;0
16132;162;3;1;0.5;32;102;0.4779116;238;236.549;3;1
16133;162;3;1;0.5;33;102;0.4777328;230;235.5294;3;1
16134;162;3;1;0.5;34;103;0.4137931;230;236.9417;3;2
16135;162;3;1;0.5;35;104;0.5316456;233;237.1827;3;3
16136;162;3;1;0.5;36;103;0.5064378;247;236.8641;3;2
16137;162;3;1;0.5;37;101;0.4833333;225;236.8812;3;0
16138;162;3;1;0.5;38;101;0.5086957;233;237.099;3;0
16139;162;3;1;0.5;39;102;0.5139442;222;236.4706;3;1
16140;162;3;1;0.5;40;101;0.4473684;253;236.6436;3;0
16141;162;3;1;0.5;41;102;0.5219298;234;236.4706;3;1
16142;162;3;1;0.5;42;101;0.5056604;215;234.9802;3;0
16143;162;3;1;0.5;43;103;0.4646018;237;236.7864;3;2
16144;162;3;1;0.5;44;101;0.5975104;243;237.8416;3;0
16145;162;3;1;0.5;45;101;0.5302326;220;234.198;3;0
16146;162;3;1;0.5;46;101;0.484252;224;237.0693;3;0
16147;162;3;1;0.5;47;101;0.4627451;234;236.2475;3;0
16148;162;3;1;0.5;48;103;0.5390947;226;236.9029;3;2
16149;162;3;1;0.5;49;101;0.4861111;265;237.4257;3;0
16150;162;3;1;0.5;50;103;0.5315315;239;235.2427;3;2
16151;162;3;1;0.5;51;101;0.5429864;238;237.198;3;0
16152;162;3;1;0.5;52;102;0.5274262;241;235.7353;3;1
16153;162;3;1;0.5;53;107;0.5478261;255;235.1121;3;6
16154;162;3;1;0.5;54;101;0.5302326;262;236.901;3;0
16155;162;3;1;0.5;55;102;0.5064935;246;237.9706;3;1
16156;162;3;1;0.5;56;103;0.6214953;240;236.1359;3;2
16157;162;3;1;0.5;57;104;0.5059289;225;235.7885;3;3
16158;162;3;1;0.5;58;103;0.4787645;234;236.835;3;2
16159;162;3;1;0.5;59;104;0.5;239;237.1154;3;3
16160;162;3;1;0.5;60;101;0.4581673;224;236.3168;3;0
16161;162;3;1;0.5;61;102;0.487395;239;237.3039;3;1
16162;162;3;1;0.5;62;101;0.5128205;229;235.9802;3;0
16163;162;3;1;0.5;63;101;0.5466102;236;234.9802;3;0
16164;162;3;1;0.5;64;103;0.4574899;231;235.6893;3;2
16165;162;3;1;0.5;65;101;0.5114155;259;235.4455;3;0
16166;162;3;1;0.5;66;101;0.560166;235;237.3762;3;0
16167;162;3;1;0.5;67;107;0.516;215;235.3925;3;6
16168;162;3;1;0.5;68;101;0.4877049;239;237.6139;3;0
16169;162;3;1;0.5;69;102;0.5601504;241;236.7843;3;1
16170;162;3;1;0.5;70;101;0.4401709;231;238.5248;3;0
16171;162;3;1;0.5;71;103;0.507177;239;237.2621;3;2
16172;162;3;1;0.5;72;101;0.5045455;244;236.3564;3;0
16173;162;3;1;0.5;73;102;0.4862385;252;235.0196;3;1
16174;162;3;1;0.5;74;102;0.564;233;236.7745;3;1
16175;162;3;1;0.5;75;106;0.5142857;245;236.8113;3;5
16176;162;3;1;0.5;76;102;0.4935622;266;235.8529;3;1
16177;162;3;1;0.5;77;102;0.5594714;232;236.6275;3;1
16178;162;3;1;0.5;78;101;0.5267857;245;236.3861;3;0
16179;162;3;1;0.5;79;101;0.5173913;234;236.0396;3;0
16180;162;3;1;0.5;80;102;0.5802469;229;235.6275;3;1
16181;162;3;1;0.5;81;102;0.5155556;232;235.6863;3;1
16182;162;3;1;0.5;82;101;0.587963;246;236.5248;3;0
16183;162;3;1;0.5;83;101;0.5411255;246;236.1881;3;0
16184;162;3;1;0.5;84;102;0.5209302;252;234.0588;3;1
16185;162;3;1;0.5;85;102;0.4939271;237;238.049;3;1
16186;162;3;1;0.5;86;101;0.5478927;235;235.6436;3;0
16187;162;3;1;0.5;87;101;0.5;236;236.5149;3;0
16188;162;3;1;0.5;88;101;0.4592275;235;236.0396;3;0
16189;162;3;1;0.5;89;101;0.4820717;225;235.6337;3;0
16190;162;3;1;0.5;90;104;0.4625551;244;237.1538;3;3
16191;162;3;1;0.5;91;103;0.4848485;247;233.6699;3;2
16192;162;3;1;0.5;92;103;0.4868421;230;235.6214;3;2
16193;162;3;1;0.5;93;103;0.4273504;239;236.8058;3;2
16194;162;3;1;0.5;94;102;0.5103734;230;237.0392;3;1
16195;162;3;1;0.5;95;101;0.5238095;226;235.2871;3;0
16196;162;3;1;0.5;96;104;0.5528455;249;239.3558;3;3
16197;162;3;1;0.5;97;103;0.5696721;242;237.0485;3;2
16198;162;3;1;0.5;98;101;0.5156951;243;236.8119;3;0
16199;162;3;1;0.5;99;101;0.4375;249;239.0297;3;0
16200;162;3;1;0.5;100;101;0.4732143;229;237.0099;3;0
16201;163;5;1;0.5;1;102;0.4939271;240;235.8725;5;1
16202;163;5;1;0.5;2;101;0.5062762;238;236.4752;5;0
16203;163;5;1;0.5;3;101;0.5117371;238;235.3762;5;0
16204;163;5;1;0.5;4;101;0.512605;255;237.8812;5;0
16205;163;5;1;0.5;5;102;0.4514768;250;236.5196;5;1
16206;163;5;1;0.5;6;101;0.5949367;241;235.8317;5;0
16207;163;5;1;0.5;7;102;0.4510638;234;235.0098;5;1
16208;163;5;1;0.5;8;101;0.452;255;236.6634;5;0
16209;163;5;1;0.5;9;101;0.5128205;228;236.2772;5;0
16210;163;5;1;0.5;10;101;0.5201794;239;237.7228;5;0
16211;163;5;1;0.5;11;101;0.5311203;255;235.6733;5;0
16212;163;5;1;0.5;12;104;0.4566929;230;237.5673;5;3
16213;163;5;1;0.5;13;101;0.4904943;246;238.0495;5;0
16214;163;5;1;0.5;14;102;0.4892704;225;237.0588;5;1
16215;163;5;1;0.5;15;102;0.5523013;218;235.5686;5;1
16216;163;5;1;0.5;16;101;0.4661017;257;236.7525;5;0
16217;163;5;1;0.5;17;101;0.4649123;221;235.5347;5;0
16218;163;5;1;0.5;18;102;0.48583;227;236.2745;5;1
16219;163;5;1;0.5;19;102;0.5195312;227;239.3137;5;1
16220;163;5;1;0.5;20;101;0.529148;257;235.2673;5;0
16221;163;5;1;0.5;21;101;0.4857143;254;238.1485;5;0
16222;163;5;1;0.5;22;104;0.5477178;239;237.7788;5;3
16223;163;5;1;0.5;23;101;0.4978355;232;237.3069;5;0
16224;163;5;1;0.5;24;101;0.6171004;245;236.5248;5;0
16225;163;5;1;0.5;25;111;0.4864865;244;235.2973;5;10
16226;163;5;1;0.5;26;105;0.5138889;242;235.6857;5;4
16227;163;5;1;0.5;27;101;0.4369748;230;236.6733;5;0
16228;163;5;1;0.5;28;102;0.5219298;238;236.3824;5;1
16229;163;5;1;0.5;29;101;0.4959016;221;235.9901;5;0
16230;163;5;1;0.5;30;102;0.5068493;248;236.5196;5;1
16231;163;5;1;0.5;31;101;0.4336283;228;235.5545;5;0
16232;163;5;1;0.5;32;102;0.5914894;220;235.4412;5;1
16233;163;5;1;0.5;33;103;0.4912281;237;237.1262;5;2
16234;163;5;1;0.5;34;102;0.53125;238;236.8529;5;1
16235;163;5;1;0.5;35;101;0.5303644;245;236.2871;5;0
16236;163;5;1;0.5;36;102;0.5211864;246;235.2255;5;1
16237;163;5;1;0.5;37;101;0.4232365;237;237.2772;5;0
16238;163;5;1;0.5;38;103;0.4708333;239;237.9029;5;2
16239;163;5;1;0.5;39;101;0.5244444;241;234.7822;5;0
16240;163;5;1;0.5;40;102;0.5299145;226;234.549;5;1
16241;163;5;1;0.5;41;101;0.481982;239;237.1386;5;0
16242;163;5;1;0.5;42;105;0.4780876;229;236.8;5;4
16243;163;5;1;0.5;43;104;0.5225564;231;237.0096;5;3
16244;163;5;1;0.5;44;101;0.6244131;266;236.8911;5;0
16245;163;5;1;0.5;45;101;0.487069;243;235.6238;5;0
16246;163;5;1;0.5;46;101;0.452381;223;237.1683;5;0
16247;163;5;1;0.5;47;101;0.4115044;238;235.4554;5;0
16248;163;5;1;0.5;48;101;0.542735;233;235.396;5;0
16249;163;5;1;0.5;49;104;0.4955752;244;238.0192;5;3
16250;163;5;1;0.5;50;101;0.5511111;238;236.7525;5;0
16251;163;5;1;0.5;51;104;0.5258621;257;236.5385;5;3
16252;163;5;1;0.5;52;103;0.4491525;205;235.3786;5;2
16253;163;5;1;0.5;53;103;0.4826087;225;237.835;5;2
16254;163;5;1;0.5;54;102;0.4661355;209;236.0588;5;1
16255;163;5;1;0.5;55;101;0.3983051;262;236.7921;5;0
16256;163;5;1;0.5;56;101;0.5361217;229;235.9109;5;0
16257;163;5;1;0.5;57;104;0.5142857;273;237.4808;5;3
16258;163;5;1;0.5;58;102;0.5193133;245;237.4118;5;1
16259;163;5;1;0.5;59;101;0.4810127;234;238.1584;5;0
16260;163;5;1;0.5;60;101;0.5166667;242;235.9802;5;0
16261;163;5;1;0.5;61;101;0.5527426;243;235.8416;5;0
16262;163;5;1;0.5;62;101;0.6222222;243;234.9406;5;0
16263;163;5;1;0.5;63;109;0.4173913;217;236.0642;5;8
16264;163;5;1;0.5;64;103;0.5042017;239;237.8058;5;2
16265;163;5;1;0.5;65;102;0.4786325;250;236.8431;5;1
16266;163;5;1;0.5;66;101;0.4493392;254;235.8614;5;0
16267;163;5;1;0.5;67;101;0.5488372;231;235.0198;5;0
16268;163;5;1;0.5;68;104;0.4681818;249;236.8077;5;3
16269;163;5;1;0.5;69;102;0.5635593;262;238.0196;5;1
16270;163;5;1;0.5;70;101;0.4875;241;236.0396;5;0
16271;163;5;1;0.5;71;101;0.4485981;229;234.6931;5;0
16272;163;5;1;0.5;72;101;0.5178571;240;237.0693;5;0
16273;163;5;1;0.5;73;102;0.589372;272;238.6765;5;1
16274;163;5;1;0.5;74;103;0.4891775;239;238.233;5;2
16275;163;5;1;0.5;75;102;0.5333333;231;237.951;5;1
16276;163;5;1;0.5;76;102;0.5632653;256;235.8039;5;1
16277;163;5;1;0.5;77;101;0.536;218;236.2871;5;0
16278;163;5;1;0.5;78;102;0.4714829;230;238.1765;5;1
16279;163;5;1;0.5;79;103;0.5294118;240;235.9126;5;2
16280;163;5;1;0.5;80;102;0.5137615;231;236.9608;5;1
16281;163;5;1;0.5;81;102;0.44;244;235.8824;5;1
16282;163;5;1;0.5;82;103;0.5582329;216;236.3301;5;2
16283;163;5;1;0.5;83;102;0.5377778;251;235.4216;5;1
16284;163;5;1;0.5;84;101;0.5296443;241;236.5842;5;0
16285;163;5;1;0.5;85;101;0.5041322;256;237.8218;5;0
16286;163;5;1;0.5;86;101;0.5530973;229;237.3564;5;0
16287;163;5;1;0.5;87;102;0.526749;230;236.2255;5;1
16288;163;5;1;0.5;88;101;0.5387755;241;236.4554;5;0
16289;163;5;1;0.5;89;101;0.4105691;266;238.0594;5;0
16290;163;5;1;0.5;90;101;0.463964;232;235.6337;5;0
16291;163;5;1;0.5;91;102;0.558952;248;236.6078;5;1
16292;163;5;1;0.5;92;104;0.4837398;225;237.5385;5;3
16293;163;5;1;0.5;93;105;0.5182186;225;237.4667;5;4
16294;163;5;1;0.5;94;103;0.4761905;244;237.4272;5;2
16295;163;5;1;0.5;95;101;0.4273128;247;234.505;5;0
16296;163;5;1;0.5;96;101;0.492126;209;235.6733;5;0
16297;163;5;1;0.5;97;101;0.4592275;238;236.8218;5;0
16298;163;5;1;0.5;98;101;0.4674797;240;236.8713;5;0
16299;163;5;1;0.5;99;102;0.4592275;258;237.7745;5;1
16300;163;5;1;0.5;100;101;0.4688797;221;236.8515;5;0
16301;164;7;1;0.5;1;101;0.5;248;238.0594;7;0
16302;164;7;1;0.5;2;101;0.5189873;231;236.396;7;0
16303;164;7;1;0.5;3;102;0.5;256;237.2647;7;1
16304;164;7;1;0.5;4;106;0.4777328;257;236.9717;7;5
16305;164;7;1;0.5;5;102;0.5474138;245;236.5196;7;1
16306;164;7;1;0.5;6;103;0.4361233;221;238.9126;7;2
16307;164;7;1;0.5;7;101;0.5454545;238;236.4752;7;0
16308;164;7;1;0.5;8;105;0.5147679;230;235.0381;7;4
16309;164;7;1;0.5;9;101;0.504065;244;237.1881;7;0
16310;164;7;1;0.5;10;101;0.5;235;236.3267;7;0
16311;164;7;1;0.5;11;104;0.4139344;220;236.9712;7;3
16312;164;7;1;0.5;12;102;0.557377;215;237.8137;7;1
16313;164;7;1;0.5;13;101;0.456;234;234.8812;7;0
16314;164;7;1;0.5;14;101;0.5044248;232;235.6634;7;0
16315;164;7;1;0.5;15;101;0.5;209;236.6832;7;0
16316;164;7;1;0.5;16;101;0.5495868;246;236.2277;7;0
16317;164;7;1;0.5;17;101;0.5778689;247;236.0198;7;0
16318;164;7;1;0.5;18;102;0.463964;242;237.2843;7;1
16319;164;7;1;0.5;19;102;0.4573991;247;236.5196;7;1
16320;164;7;1;0.5;20;103;0.4681818;246;236.0971;7;2
16321;164;7;1;0.5;21;102;0.5182186;246;237.1765;7;1
16322;164;7;1;0.5;22;101;0.465587;226;238.7822;7;0
16323;164;7;1;0.5;23;101;0.5349794;231;237.1881;7;0
16324;164;7;1;0.5;24;102;0.4653061;214;236.2647;7;1
16325;164;7;1;0.5;25;101;0.5305164;226;238.2673;7;0
16326;164;7;1;0.5;26;101;0.4844444;230;236.4752;7;0
16327;164;7;1;0.5;27;102;0.5041667;211;237.4706;7;1
16328;164;7;1;0.5;28;101;0.4663866;241;236.6634;7;0
16329;164;7;1;0.5;29;101;0.4571429;224;236.6733;7;0
16330;164;7;1;0.5;30;101;0.5576923;234;234.7327;7;0
16331;164;7;1;0.5;31;101;0.4261603;231;236.7723;7;0
16332;164;7;1;0.5;32;102;0.4977778;219;236.2451;7;1
16333;164;7;1;0.5;33;101;0.4179688;214;236.3069;7;0
16334;164;7;1;0.5;34;102;0.5391304;249;236.3529;7;1
16335;164;7;1;0.5;35;101;0.4603175;235;238.4356;7;0
16336;164;7;1;0.5;36;103;0.4611872;234;234.5728;7;2
16337;164;7;1;0.5;37;102;0.3603604;239;236.4706;7;1
16338;164;7;1;0.5;38;102;0.5225225;232;234.951;7;1
16339;164;7;1;0.5;39;101;0.4814815;243;237.1485;7;0
16340;164;7;1;0.5;40;101;0.5020576;230;236.2079;7;0
16341;164;7;1;0.5;41;101;0.5219298;250;235.8911;7;0
16342;164;7;1;0.5;42;101;0.5474138;239;235.6634;7;0
16343;164;7;1;0.5;43;102;0.4303797;235;237.2059;7;1
16344;164;7;1;0.5;44;101;0.4439252;253;237.6535;7;0
16345;164;7;1;0.5;45;101;0.3706897;222;237.0594;7;0
16346;164;7;1;0.5;46;101;0.5024155;245;236.703;7;0
16347;164;7;1;0.5;47;101;0.4173913;232;236.1782;7;0
16348;164;7;1;0.5;48;101;0.522449;222;235.0594;7;0
16349;164;7;1;0.5;49;103;0.508547;233;237.1845;7;2
16350;164;7;1;0.5;50;102;0.4537815;229;237.7059;7;1
16351;164;7;1;0.5;51;102;0.4887892;264;235.9804;7;1
16352;164;7;1;0.5;52;101;0.3717949;249;235.7426;7;0
16353;164;7;1;0.5;53;102;0.4917355;229;235.6176;7;1
16354;164;7;1;0.5;54;101;0.5330396;236;237.9802;7;0
16355;164;7;1;0.5;55;101;0.5789474;235;237.7327;7;0
16356;164;7;1;0.5;56;101;0.5406504;238;237.4752;7;0
16357;164;7;1;0.5;57;101;0.4495798;242;236.7921;7;0
16358;164;7;1;0.5;58;102;0.5625;226;237.2549;7;1
16359;164;7;1;0.5;59;103;0.5617021;213;236.6893;7;2
16360;164;7;1;0.5;60;104;0.5155556;217;233.7212;7;3
16361;164;7;1;0.5;61;101;0.4553191;224;237.9505;7;0
16362;164;7;1;0.5;62;105;0.5089286;222;235.4762;7;4
16363;164;7;1;0.5;63;102;0.4834711;235;235.4706;7;1
16364;164;7;1;0.5;64;101;0.515625;229;236.1485;7;0
16365;164;7;1;0.5;65;101;0.5060729;265;237.6832;7;0
16366;164;7;1;0.5;66;103;0.495098;252;235.9223;7;2
16367;164;7;1;0.5;67;101;0.503937;256;236.1089;7;0
16368;164;7;1;0.5;68;114;0.5461847;246;238.2895;7;13
16369;164;7;1;0.5;69;104;0.4816327;223;236.6635;7;3
16370;164;7;1;0.5;70;103;0.5327869;224;236.4757;7;2
16371;164;7;1;0.5;71;101;0.5587045;254;236.6238;7;0
16372;164;7;1;0.5;72;101;0.4471545;214;236.6832;7;0
16373;164;7;1;0.5;73;101;0.4669421;239;233.6337;7;0
16374;164;7;1;0.5;74;104;0.5217391;238;236.4231;7;3
16375;164;7;1;0.5;75;101;0.53125;236;236.7228;7;0
16376;164;7;1;0.5;76;104;0.5121951;250;235.0577;7;3
16377;164;7;1;0.5;77;101;0.5043103;251;235.9505;7;0
16378;164;7;1;0.5;78;101;0.5215517;228;236.1386;7;0
16379;164;7;1;0.5;79;101;0.4579439;253;235.703;7;0
16380;164;7;1;0.5;80;101;0.5304348;249;237.099;7;0
16381;164;7;1;0.5;81;109;0.5964126;244;237.1927;7;8
16382;164;7;1;0.5;82;106;0.4698276;258;237.0377;7;5
16383;164;7;1;0.5;83;102;0.5;257;236.451;7;1
16384;164;7;1;0.5;84;101;0.5175439;204;236.8911;7;0
16385;164;7;1;0.5;85;101;0.4810127;212;235.3069;7;0
16386;164;7;1;0.5;86;103;0.55;245;235.7282;7;2
16387;164;7;1;0.5;87;102;0.4701195;233;236.6765;7;1
16388;164;7;1;0.5;88;101;0.5325203;231;236.8515;7;0
16389;164;7;1;0.5;89;101;0.5064378;244;235.5545;7;0
16390;164;7;1;0.5;90;102;0.5330396;229;235.402;7;1
16391;164;7;1;0.5;91;102;0.5175439;217;237.9216;7;1
16392;164;7;1;0.5;92;102;0.4789916;248;234.8627;7;1
16393;164;7;1;0.5;93;102;0.4831933;267;239.0196;7;1
16394;164;7;1;0.5;94;102;0.4690265;254;237.8922;7;1
16395;164;7;1;0.5;95;104;0.5283019;247;235.2212;7;3
16396;164;7;1;0.5;96;102;0.4747899;238;236.1569;7;1
16397;164;7;1;0.5;97;101;0.4933921;255;236.2772;7;0
16398;164;7;1;0.5;98;101;0.4930876;262;235.9703;7;0
16399;164;7;1;0.5;99;101;0.4653846;247;237.6832;7;0
16400;164;7;1;0.5;100;101;0.5123967;237;237.297;7;0
16401;165;9;1;0.5;1;101;0.5390947;249;236.2079;9;0
16402;165;9;1;0.5;2;101;0.52;221;235.6139;9;0
16403;165;9;1;0.5;3;105;0.478673;232;236.4;9;4
16404;165;9;1;0.5;4;101;0.4508197;229;237.7327;9;0
16405;165;9;1;0.5;5;103;0.5201794;253;237.6893;9;2
16406;165;9;1;0.5;6;102;0.5489362;208;237.2647;9;1
16407;165;9;1;0.5;7;101;0.5652174;213;238.3465;9;0
16408;165;9;1;0.5;8;102;0.5;251;237.6569;9;1
16409;165;9;1;0.5;9;101;0.5041322;220;236.5644;9;0
16410;165;9;1;0.5;10;102;0.464455;219;235.7647;9;1
16411;165;9;1;0.5;11;101;0.5108225;248;236.9703;9;0
16412;165;9;1;0.5;12;103;0.4747899;248;235.8058;9;2
16413;165;9;1;0.5;13;101;0.5103734;248;237.6832;9;0
16414;165;9;1;0.5;14;102;0.4701195;232;235.2549;9;1
16415;165;9;1;0.5;15;106;0.5517241;258;236.5283;9;5
16416;165;9;1;0.5;16;101;0.5203252;246;236.297;9;0
16417;165;9;1;0.5;17;101;0.5189873;248;238.2772;9;0
16418;165;9;1;0.5;18;102;0.4901961;227;235.5392;9;1
16419;165;9;1;0.5;19;101;0.4772727;244;238.1089;9;0
16420;165;9;1;0.5;20;103;0.4628099;226;236.9806;9;2
16421;165;9;1;0.5;21;101;0.5046296;243;236.8911;9;0
16422;165;9;1;0.5;22;101;0.5450237;224;235.0792;9;0
16423;165;9;1;0.5;23;101;0.4208145;261;237.2871;9;0
16424;165;9;1;0.5;24;102;0.4541985;242;236.6569;9;1
16425;165;9;1;0.5;25;103;0.4303797;244;237.3107;9;2
16426;165;9;1;0.5;26;104;0.4666667;249;239.125;9;3
16427;165;9;1;0.5;27;102;0.5627706;240;239.0392;9;1
16428;165;9;1;0.5;28;101;0.5381166;236;233.5149;9;0
16429;165;9;1;0.5;29;101;0.505618;239;235.0792;9;0
16430;165;9;1;0.5;30;104;0.4913793;237;234.75;9;3
16431;165;9;1;0.5;31;101;0.4618644;215;235.6733;9;0
16432;165;9;1;0.5;32;101;0.5304348;238;236.2079;9;0
16433;165;9;1;0.5;33;101;0.4691358;223;236.3168;9;0
16434;165;9;1;0.5;34;102;0.5454545;231;236.902;9;1
16435;165;9;1;0.5;35;105;0.5481172;239;236.5333;9;4
16436;165;9;1;0.5;36;103;0.5669643;254;237.767;9;2
16437;165;9;1;0.5;37;101;0.4684685;245;237.7822;9;0
16438;165;9;1;0.5;38;102;0.5327511;249;238.3431;9;1
16439;165;9;1;0.5;39;101;0.4801587;253;237.0594;9;0
16440;165;9;1;0.5;40;103;0.4439655;240;236.9903;9;2
16441;165;9;1;0.5;41;101;0.4434783;238;238.2376;9;0
16442;165;9;1;0.5;42;102;0.4851064;224;237.0686;9;1
16443;165;9;1;0.5;43;111;0.4837398;237;238.2252;9;10
16444;165;9;1;0.5;44;102;0.5328185;238;236.1176;9;1
16445;165;9;1;0.5;45;103;0.4561404;213;236.4563;9;2
16446;165;9;1;0.5;46;103;0.5084746;247;234.301;9;2
16447;165;9;1;0.5;47;101;0.4936709;216;236.2277;9;0
16448;165;9;1;0.5;48;101;0.5215517;239;236.5248;9;0
16449;165;9;1;0.5;49;101;0.5154185;238;234.8614;9;0
16450;165;9;1;0.5;50;102;0.529148;237;237.4804;9;1
16451;165;9;1;0.5;51;101;0.4957265;226;234.901;9;0
16452;165;9;1;0.5;52;101;0.4867257;260;236.9604;9;0
16453;165;9;1;0.5;53;102;0.5688073;206;235.8039;9;1
16454;165;9;1;0.5;54;102;0.5708502;230;235.8922;9;1
16455;165;9;1;0.5;55;104;0.4956897;220;235.6635;9;3
16456;165;9;1;0.5;56;101;0.5349794;228;235.8713;9;0
16457;165;9;1;0.5;57;102;0.4786325;245;237.1569;9;1
16458;165;9;1;0.5;58;108;0.5674419;261;235.1667;9;7
16459;165;9;1;0.5;59;103;0.4653846;249;237.2913;9;2
16460;165;9;1;0.5;60;103;0.5183673;243;237.068;9;2
16461;165;9;1;0.5;61;106;0.4958333;239;236.5566;9;5
16462;165;9;1;0.5;62;101;0.5791367;223;239.9604;9;0
16463;165;9;1;0.5;63;101;0.5271967;235;238.2277;9;0
16464;165;9;1;0.5;64;105;0.4907407;244;237.1429;9;4
16465;165;9;1;0.5;65;101;0.4672489;253;236.396;9;0
16466;165;9;1;0.5;66;101;0.509434;232;235.1881;9;0
16467;165;9;1;0.5;67;102;0.4759825;236;235.6667;9;1
16468;165;9;1;0.5;68;106;0.4746544;245;236.5755;9;5
16469;165;9;1;0.5;69;103;0.5504202;236;237.2718;9;2
16470;165;9;1;0.5;70;101;0.518018;242;235.9802;9;0
16471;165;9;1;0.5;71;101;0.45;217;235.3762;9;0
16472;165;9;1;0.5;72;103;0.4439834;243;236.0971;9;2
16473;165;9;1;0.5;73;101;0.4979079;234;235.6535;9;0
16474;165;9;1;0.5;74;105;0.4875;256;235.819;9;4
16475;165;9;1;0.5;75;101;0.4715447;263;238.7129;9;0
16476;165;9;1;0.5;76;102;0.448;245;237.4314;9;1
16477;165;9;1;0.5;77;105;0.5102041;212;238.0381;9;4
16478;165;9;1;0.5;78;101;0.5213675;244;237.8416;9;0
16479;165;9;1;0.5;79;101;0.4805195;233;235.8515;9;0
16480;165;9;1;0.5;80;102;0.5384615;252;237.1863;9;1
16481;165;9;1;0.5;81;101;0.5728155;259;234.1287;9;0
16482;165;9;1;0.5;82;101;0.5150215;252;235.0594;9;0
16483;165;9;1;0.5;83;101;0.5648855;225;236.6733;9;0
16484;165;9;1;0.5;84;101;0.4942529;224;235.2772;9;0
16485;165;9;1;0.5;85;101;0.5498008;242;236.7426;9;0
16486;165;9;1;0.5;86;101;0.5338983;248;236.3861;9;0
16487;165;9;1;0.5;87;101;0.4960938;215;238.6931;9;0
16488;165;9;1;0.5;88;102;0.5388128;225;234.6471;9;1
16489;165;9;1;0.5;89;101;0.5;234;235.4554;9;0
16490;165;9;1;0.5;90;101;0.4605809;229;236.703;9;0
16491;165;9;1;0.5;91;102;0.492823;248;236.5;9;1
16492;165;9;1;0.5;92;101;0.4635193;244;238.099;9;0
16493;165;9;1;0.5;93;101;0.4954545;241;234.4455;9;0
16494;165;9;1;0.5;94;101;0.4978903;248;237.396;9;0
16495;165;9;1;0.5;95;105;0.4423077;214;235.5524;9;4
16496;165;9;1;0.5;96;104;0.5037879;219;237.8654;9;3
16497;165;9;1;0.5;97;102;0.4644351;243;238.4804;9;1
16498;165;9;1;0.5;98;102;0.4810127;246;235.8431;9;1
16499;165;9;1;0.5;99;103;0.4418605;234;235.0097;9;2
16500;165;9;1;0.5;100;101;0.4612069;233;237.2772;9;0
16501;166;11;1;0.5;1;102;0.5254237;257;236.3137;11;1
16502;166;11;1;0.5;2;101;0.552;236;238.3564;11;0
16503;166;11;1;0.5;3;103;0.528;227;235.2913;11;2
16504;166;11;1;0.5;4;101;0.5404255;220;236.2376;11;0
16505;166;11;1;0.5;5;101;0.5150215;245;236.0099;11;0
16506;166;11;1;0.5;6;101;0.4420601;233;237.6436;11;0
16507;166;11;1;0.5;7;101;0.4493392;236;236.8119;11;0
16508;166;11;1;0.5;8;101;0.5;234;237.0099;11;0
16509;166;11;1;0.5;9;106;0.4978541;250;238.3491;11;5
16510;166;11;1;0.5;10;102;0.5482456;226;236.6176;11;1
16511;166;11;1;0.5;11;101;0.4349593;225;236.7327;11;0
16512;166;11;1;0.5;12;101;0.4583333;229;237.4554;11;0
16513;166;11;1;0.5;13;101;0.4581498;236;236.8317;11;0
16514;166;11;1;0.5;14;101;0.4869565;238;237.2475;11;0
16515;166;11;1;0.5;15;102;0.548;233;237.7745;11;1
16516;166;11;1;0.5;16;101;0.5130435;266;236.7129;11;0
16517;166;11;1;0.5;17;101;0.5234043;269;237.396;11;0
16518;166;11;1;0.5;18;101;0.5377778;239;236.9307;11;0
16519;166;11;1;0.5;19;101;0.4759825;234;235.4257;11;0
16520;166;11;1;0.5;20;101;0.5545455;262;237.3465;11;0
16521;166;11;1;0.5;21;102;0.4648438;249;236.6961;11;1
16522;166;11;1;0.5;22;102;0.4893617;227;235.549;11;1
16523;166;11;1;0.5;23;101;0.4520548;241;238.495;11;0
16524;166;11;1;0.5;24;101;0.4941634;248;237.2376;11;0
16525;166;11;1;0.5;25;101;0.4494382;244;237.5941;11;0
16526;166;11;1;0.5;26;102;0.4727273;245;238.8039;11;1
16527;166;11;1;0.5;27;101;0.5041667;234;236.604;11;0
16528;166;11;1;0.5;28;106;0.426009;241;238;11;5
16529;166;11;1;0.5;29;104;0.4497817;229;236.4904;11;3
16530;166;11;1;0.5;30;102;0.5261044;240;237.4804;11;1
16531;166;11;1;0.5;31;101;0.562753;232;236.3366;11;0
16532;166;11;1;0.5;32;101;0.5465587;245;236.5149;11;0
16533;166;11;1;0.5;33;103;0.4831933;222;236.8252;11;2
16534;166;11;1;0.5;34;102;0.4790875;243;237.2843;11;1
16535;166;11;1;0.5;35;101;0.4832536;241;235.7723;11;0
16536;166;11;1;0.5;36;102;0.473251;234;237.6961;11;1
16537;166;11;1;0.5;37;102;0.5201613;213;236.0784;11;1
16538;166;11;1;0.5;38;102;0.515873;248;235.8333;11;1
16539;166;11;1;0.5;39;101;0.4683544;228;237.0594;11;0
16540;166;11;1;0.5;40;102;0.4680851;244;234.9216;11;1
16541;166;11;1;0.5;41;104;0.5020243;243;235.7981;11;3
16542;166;11;1;0.5;42;104;0.4708171;227;234.2308;11;3
16543;166;11;1;0.5;43;101;0.5439331;233;236.1881;11;0
16544;166;11;1;0.5;44;104;0.4977778;227;235.1154;11;3
16545;166;11;1;0.5;45;101;0.5062241;237;236.2277;11;0
16546;166;11;1;0.5;46;101;0.5122951;239;237.0495;11;0
16547;166;11;1;0.5;47;101;0.4347826;253;235.6733;11;0
16548;166;11;1;0.5;48;101;0.4694836;266;236.9901;11;0
16549;166;11;1;0.5;49;102;0.527027;253;237.7745;11;1
16550;166;11;1;0.5;50;103;0.4634146;217;237.4369;11;2
16551;166;11;1;0.5;51;103;0.5751073;228;238.1845;11;2
16552;166;11;1;0.5;52;101;0.4150198;210;236.3564;11;0
16553;166;11;1;0.5;53;103;0.4940711;225;235.5825;11;2
16554;166;11;1;0.5;54;101;0.527027;211;235.6238;11;0
16555;166;11;1;0.5;55;101;0.5;226;238.802;11;0
16556;166;11;1;0.5;56;103;0.4887892;239;236.2816;11;2
16557;166;11;1;0.5;57;101;0.4875;249;238.4455;11;0
16558;166;11;1;0.5;58;104;0.5352697;226;237.8942;11;3
16559;166;11;1;0.5;59;102;0.442623;226;238.1078;11;1
16560;166;11;1;0.5;60;101;0.5701357;242;235.2475;11;0
16561;166;11;1;0.5;61;101;0.5022422;232;236;11;0
16562;166;11;1;0.5;62;104;0.4570136;244;235.4904;11;3
16563;166;11;1;0.5;63;102;0.5067265;231;238.0784;11;1
16564;166;11;1;0.5;64;102;0.5144033;221;236.6569;11;1
16565;166;11;1;0.5;65;102;0.470339;222;236.6863;11;1
16566;166;11;1;0.5;66;101;0.5390625;221;237.2475;11;0
16567;166;11;1;0.5;67;101;0.4938272;252;238.8614;11;0
16568;166;11;1;0.5;68;108;0.4938272;244;236.2685;11;7
16569;166;11;1;0.5;69;102;0.5088496;231;235.6275;11;1
16570;166;11;1;0.5;70;102;0.525641;226;236.451;11;1
16571;166;11;1;0.5;71;101;0.5400844;257;235.7624;11;0
16572;166;11;1;0.5;72;103;0.5375;241;238.7476;11;2
16573;166;11;1;0.5;73;101;0.516129;274;236.8614;11;0
16574;166;11;1;0.5;74;101;0.4574899;211;236.5644;11;0
16575;166;11;1;0.5;75;101;0.48;242;236.0594;11;0
16576;166;11;1;0.5;76;102;0.4847162;244;237.8529;11;1
16577;166;11;1;0.5;77;102;0.5168067;261;236.5;11;1
16578;166;11;1;0.5;78;103;0.5777778;238;238.2233;11;2
16579;166;11;1;0.5;79;101;0.4351464;260;236.6931;11;0
16580;166;11;1;0.5;80;102;0.4820717;248;235.5196;11;1
16581;166;11;1;0.5;81;101;0.5733333;266;237.4356;11;0
16582;166;11;1;0.5;82;104;0.4816327;245;237.2596;11;3
16583;166;11;1;0.5;83;102;0.5657895;247;237.8431;11;1
16584;166;11;1;0.5;84;101;0.4545455;229;236.2475;11;0
16585;166;11;1;0.5;85;101;0.4669261;219;236.0099;11;0
16586;166;11;1;0.5;86;104;0.5377778;231;238.5865;11;3
16587;166;11;1;0.5;87;103;0.4609053;226;235.7864;11;2
16588;166;11;1;0.5;88;106;0.4940239;231;235.217;11;5
16589;166;11;1;0.5;89;101;0.4894515;233;236.3465;11;0
16590;166;11;1;0.5;90;101;0.4475806;233;236.2871;11;0
16591;166;11;1;0.5;91;102;0.5043103;263;236.9902;11;1
16592;166;11;1;0.5;92;101;0.4047619;244;237.0396;11;0
16593;166;11;1;0.5;93;101;0.539749;228;237.8515;11;0
16594;166;11;1;0.5;94;103;0.504386;197;235.3786;11;2
16595;166;11;1;0.5;95;102;0.5622318;240;236.9314;11;1
16596;166;11;1;0.5;96;102;0.46;221;237.9804;11;1
16597;166;11;1;0.5;97;101;0.4664032;223;237.6931;11;0
16598;166;11;1;0.5;98;102;0.5215517;246;234.7255;11;1
16599;166;11;1;0.5;99;101;0.534413;208;236.703;11;0
16600;166;11;1;0.5;100;101;0.4407583;248;234.9505;11;0
16601;167;13;1;0.5;1;104;0.568;223;237.4327;13;3
16602;167;13;1;0.5;2;103;0.5401786;248;236.8447;13;2
16603;167;13;1;0.5;3;105;0.5778689;236;237.1905;13;4
16604;167;13;1;0.5;4;101;0.5296443;240;237.0792;13;0
16605;167;13;1;0.5;5;104;0.425;246;236.3558;13;3
16606;167;13;1;0.5;6;102;0.502008;235;235.5294;13;1
16607;167;13;1;0.5;7;102;0.5474138;237;238.7843;13;1
16608;167;13;1;0.5;8;103;0.4092827;233;236.6019;13;2
16609;167;13;1;0.5;9;101;0.5810811;238;236.396;13;0
16610;167;13;1;0.5;10;101;0.5102881;231;235.802;13;0
16611;167;13;1;0.5;11;103;0.4663866;231;236.2427;13;2
16612;167;13;1;0.5;12;101;0.4534884;241;237.297;13;0
16613;167;13;1;0.5;13;102;0.4813278;276;236.5196;13;1
16614;167;13;1;0.5;14;102;0.579646;247;236.6765;13;1
16615;167;13;1;0.5;15;102;0.5296804;238;237.0588;13;1
16616;167;13;1;0.5;16;101;0.504065;234;236.604;13;0
16617;167;13;1;0.5;17;102;0.5283843;235;236.8529;13;1
16618;167;13;1;0.5;18;102;0.5394737;235;236.4804;13;1
16619;167;13;1;0.5;19;105;0.520362;221;236.3143;13;4
16620;167;13;1;0.5;20;101;0.4493927;237;236.6832;13;0
16621;167;13;1;0.5;21;101;0.5982533;231;237;13;0
16622;167;13;1;0.5;22;101;0.4772727;235;235.9505;13;0
16623;167;13;1;0.5;23;101;0.5244444;237;237.5644;13;0
16624;167;13;1;0.5;24;103;0.4428571;238;237.3883;13;2
16625;167;13;1;0.5;25;101;0.5245902;234;234.8911;13;0
16626;167;13;1;0.5;26;106;0.5;232;235.5377;13;5
16627;167;13;1;0.5;27;101;0.5541667;226;237.3267;13;0
16628;167;13;1;0.5;28;102;0.5564516;246;235.402;13;1
16629;167;13;1;0.5;29;104;0.5144033;239;235.7885;13;3
16630;167;13;1;0.5;30;105;0.4978723;226;237.8;13;4
16631;167;13;1;0.5;31;102;0.4497992;223;237.3039;13;1
16632;167;13;1;0.5;32;104;0.5550459;256;237.5865;13;3
16633;167;13;1;0.5;33;106;0.5;250;235.5189;13;5
16634;167;13;1;0.5;34;103;0.508547;253;238.2136;13;2
16635;167;13;1;0.5;35;103;0.5496183;218;236.5534;13;2
16636;167;13;1;0.5;36;101;0.529661;227;235.4455;13;0
16637;167;13;1;0.5;37;101;0.4979079;224;234.8812;13;0
16638;167;13;1;0.5;38;101;0.4736842;214;236.4158;13;0
16639;167;13;1;0.5;39;103;0.4872881;220;238.2427;13;2
16640;167;13;1;0.5;40;101;0.4805195;200;236.6634;13;0
16641;167;13;1;0.5;41;101;0.4170213;239;238.0099;13;0
16642;167;13;1;0.5;42;102;0.5;236;237.7353;13;1
16643;167;13;1;0.5;43;102;0.4814815;238;236.2745;13;1
16644;167;13;1;0.5;44;101;0.4908257;230;235.2574;13;0
16645;167;13;1;0.5;45;101;0.526971;253;235.8911;13;0
16646;167;13;1;0.5;46;101;0.483871;218;237.4455;13;0
16647;167;13;1;0.5;47;101;0.5044248;214;235.5743;13;0
16648;167;13;1;0.5;48;102;0.5384615;233;235.8627;13;1
16649;167;13;1;0.5;49;101;0.4957983;260;237.5842;13;0
16650;167;13;1;0.5;50;101;0.4891775;217;237.3465;13;0
16651;167;13;1;0.5;51;103;0.56;233;234.767;13;2
16652;167;13;1;0.5;52;102;0.4367816;239;237.2255;13;1
16653;167;13;1;0.5;53;102;0.4852321;240;236.5588;13;1
16654;167;13;1;0.5;54;101;0.5419847;222;235.7426;13;0
16655;167;13;1;0.5;55;102;0.5219298;242;236.7157;13;1
16656;167;13;1;0.5;56;102;0.4959016;247;236;13;1
16657;167;13;1;0.5;57;101;0.5726872;234;235.4752;13;0
16658;167;13;1;0.5;58;103;0.4919355;212;238.6019;13;2
16659;167;13;1;0.5;59;102;0.4980237;223;237.5784;13;1
16660;167;13;1;0.5;60;101;0.5193798;239;237.7129;13;0
16661;167;13;1;0.5;61;101;0.5319149;237;235.4752;13;0
16662;167;13;1;0.5;62;101;0.537594;197;236.099;13;0
16663;167;13;1;0.5;63;103;0.48583;236;236.1068;13;2
16664;167;13;1;0.5;64;103;0.4798206;253;237.233;13;2
16665;167;13;1;0.5;65;102;0.5204918;231;237.4608;13;1
16666;167;13;1;0.5;66;102;0.4514768;250;236.0196;13;1
16667;167;13;1;0.5;67;103;0.5058366;201;235.9126;13;2
16668;167;13;1;0.5;68;102;0.5791367;233;237.4706;13;1
16669;167;13;1;0.5;69;101;0.4319066;215;236.5743;13;0
16670;167;13;1;0.5;70;102;0.510917;228;236.7549;13;1
16671;167;13;1;0.5;71;101;0.5267857;239;234.9802;13;0
16672;167;13;1;0.5;72;103;0.5140562;225;237.1553;13;2
16673;167;13;1;0.5;73;101;0.587234;224;237.4455;13;0
16674;167;13;1;0.5;74;103;0.5466102;233;235.4951;13;2
16675;167;13;1;0.5;75;101;0.52;204;237.0099;13;0
16676;167;13;1;0.5;76;103;0.5636364;240;236.0485;13;2
16677;167;13;1;0.5;77;103;0.4439834;238;235.8155;13;2
16678;167;13;1;0.5;78;105;0.5267857;242;237.6381;13;4
16679;167;13;1;0.5;79;103;0.5064378;236;236.6019;13;2
16680;167;13;1;0.5;80;102;0.5665236;253;236.9804;13;1
16681;167;13;1;0.5;81;102;0.5;237;237.7353;13;1
16682;167;13;1;0.5;82;104;0.4472574;248;236.8269;13;3
16683;167;13;1;0.5;83;101;0.4869565;265;235.0495;13;0
16684;167;13;1;0.5;84;103;0.4909091;241;238.6408;13;2
16685;167;13;1;0.5;85;101;0.5147679;249;237.6238;13;0
16686;167;13;1;0.5;86;102;0.5498008;227;236.7647;13;1
16687;167;13;1;0.5;87;101;0.4338843;209;237.3861;13;0
16688;167;13;1;0.5;88;102;0.5193798;229;236.402;13;1
16689;167;13;1;0.5;89;101;0.5541667;239;235.5743;13;0
16690;167;13;1;0.5;90;101;0.470852;260;234.9208;13;0
16691;167;13;1;0.5;91;101;0.4958333;225;235.198;13;0
16692;167;13;1;0.5;92;102;0.4917355;246;236.3235;13;1
16693;167;13;1;0.5;93;101;0.455814;248;235.7327;13;0
16694;167;13;1;0.5;94;102;0.4170854;254;234.6176;13;1
16695;167;13;1;0.5;95;101;0.5541126;249;233.3168;13;0
16696;167;13;1;0.5;96;101;0.4956522;246;235.4257;13;0
16697;167;13;1;0.5;97;105;0.4279476;253;235.8286;13;4
16698;167;13;1;0.5;98;101;0.5403226;231;237.9505;13;0
16699;167;13;1;0.5;99;103;0.5168067;225;236.6699;13;2
16700;167;13;1;0.5;100;102;0.4957627;259;237.2745;13;1
16701;168;15;1;0.5;1;102;0.6018519;235;235.9314;15;1
16702;168;15;1;0.5;2;101;0.5169492;226;237.9802;15;0
16703;168;15;1;0.5;3;101;0.5108225;240;236.5446;15;0
16704;168;15;1;0.5;4;101;0.4913043;216;237.7921;15;0
16705;168;15;1;0.5;5;103;0.5642023;206;235.1165;15;2
16706;168;15;1;0.5;6;103;0.4631148;216;236.2233;15;2
16707;168;15;1;0.5;7;104;0.5924528;233;235.1635;15;3
16708;168;15;1;0.5;8;101;0.479638;242;235.9208;15;0
16709;168;15;1;0.5;9;101;0.4851064;241;238.0198;15;0
16710;168;15;1;0.5;10;103;0.6052632;255;237.699;15;2
16711;168;15;1;0.5;11;101;0.4939759;241;237.0495;15;0
16712;168;15;1;0.5;12;102;0.4501992;225;236.3431;15;1
16713;168;15;1;0.5;13;104;0.5787402;230;236.1154;15;3
16714;168;15;1;0.5;14;101;0.4801762;253;238.1287;15;0
16715;168;15;1;0.5;15;101;0.5165289;209;236.5644;15;0
16716;168;15;1;0.5;16;102;0.5117371;245;236.2647;15;1
16717;168;15;1;0.5;17;103;0.3941909;221;237.6505;15;2
16718;168;15;1;0.5;18;102;0.51417;250;237.7745;15;1
16719;168;15;1;0.5;19;101;0.5196507;243;238.1881;15;0
16720;168;15;1;0.5;20;103;0.6157205;235;237.2816;15;2
16721;168;15;1;0.5;21;101;0.5145228;233;236.0891;15;0
16722;168;15;1;0.5;22;101;0.4703196;249;234.6634;15;0
16723;168;15;1;0.5;23;101;0.5683761;236;237.8218;15;0
16724;168;15;1;0.5;24;102;0.477551;213;235.8039;15;1
16725;168;15;1;0.5;25;102;0.5;237;237.4706;15;1
16726;168;15;1;0.5;26;102;0.5084746;225;236.1569;15;1
16727;168;15;1;0.5;27;101;0.4957983;252;235.7822;15;0
16728;168;15;1;0.5;28;102;0.4647303;226;237.8725;15;1
16729;168;15;1;0.5;29;104;0.5286344;230;236.5865;15;3
16730;168;15;1;0.5;30;101;0.5258621;241;237.3168;15;0
16731;168;15;1;0.5;31;101;0.484127;236;235.2871;15;0
16732;168;15;1;0.5;32;102;0.5110132;239;237.9118;15;1
16733;168;15;1;0.5;33;101;0.5458167;233;237.0099;15;0
16734;168;15;1;0.5;34;105;0.4666667;232;236.8095;15;4
16735;168;15;1;0.5;35;103;0.495614;232;237.2621;15;2
16736;168;15;1;0.5;36;103;0.4571429;224;234.699;15;2
16737;168;15;1;0.5;37;104;0.553719;224;235.5288;15;3
16738;168;15;1;0.5;38;101;0.4979079;237;236.4752;15;0
16739;168;15;1;0.5;39;103;0.4465649;227;236.8155;15;2
16740;168;15;1;0.5;40;101;0.4916667;250;234.4158;15;0
16741;168;15;1;0.5;41;101;0.4776786;242;236.8416;15;0
16742;168;15;1;0.5;42;103;0.4560669;241;237.835;15;2
16743;168;15;1;0.5;43;102;0.59375;244;237.4706;15;1
16744;168;15;1;0.5;44;101;0.5940171;237;235.6139;15;0
16745;168;15;1;0.5;45;101;0.4410646;211;236.4554;15;0
16746;168;15;1;0.5;46;101;0.4361233;230;237.7921;15;0
16747;168;15;1;0.5;47;101;0.5166667;246;236.8911;15;0
16748;168;15;1;0.5;48;101;0.4976959;231;237.4653;15;0
16749;168;15;1;0.5;49;104;0.4745098;200;238.9615;15;3
16750;168;15;1;0.5;50;101;0.4458874;267;237.3168;15;0
16751;168;15;1;0.5;51;103;0.5373832;244;237.6117;15;2
16752;168;15;1;0.5;52;101;0.4912281;235;236.8713;15;0
16753;168;15;1;0.5;53;103;0.5148936;238;236.8738;15;2
16754;168;15;1;0.5;54;101;0.4938272;235;235.0099;15;0
16755;168;15;1;0.5;55;101;0.4497817;241;235.396;15;0
16756;168;15;1;0.5;56;101;0.5428571;221;236.3465;15;0
16757;168;15;1;0.5;57;109;0.5204918;260;237.6055;15;8
16758;168;15;1;0.5;58;102;0.4571429;236;237.0294;15;1
16759;168;15;1;0.5;59;102;0.4826087;231;236.098;15;1
16760;168;15;1;0.5;60;101;0.5286344;228;235.7624;15;0
16761;168;15;1;0.5;61;101;0.3621399;213;236.6337;15;0
16762;168;15;1;0.5;62;102;0.4571429;230;237.8824;15;1
16763;168;15;1;0.5;63;101;0.4944238;217;235.6832;15;0
16764;168;15;1;0.5;64;102;0.5904762;255;236.3725;15;1
16765;168;15;1;0.5;65;101;0.5;241;237.5644;15;0
16766;168;15;1;0.5;66;101;0.4502165;244;236.3267;15;0
16767;168;15;1;0.5;67;102;0.4830508;254;239.1667;15;1
16768;168;15;1;0.5;68;102;0.5096525;237;237.3824;15;1
16769;168;15;1;0.5;69;101;0.4347826;269;238.4554;15;0
16770;168;15;1;0.5;70;103;0.487069;228;237.3495;15;2
16771;168;15;1;0.5;71;101;0.4816514;246;236.7228;15;0
16772;168;15;1;0.5;72;101;0.4956522;247;233.3069;15;0
16773;168;15;1;0.5;73;101;0.4353448;226;236.3069;15;0
16774;168;15;1;0.5;74;103;0.5432099;239;236.699;15;2
16775;168;15;1;0.5;75;103;0.5130435;226;236.7767;15;2
16776;168;15;1;0.5;76;104;0.5;249;236.0577;15;3
16777;168;15;1;0.5;77;105;0.6007752;252;237.6286;15;4
16778;168;15;1;0.5;78;101;0.5135135;241;236.9901;15;0
16779;168;15;1;0.5;79;101;0.5757576;210;236.396;15;0
16780;168;15;1;0.5;80;101;0.4708171;201;238.2178;15;0
16781;168;15;1;0.5;81;103;0.4678899;253;236.6893;15;2
16782;168;15;1;0.5;82;101;0.4978723;259;236.0297;15;0
16783;168;15;1;0.5;83;104;0.5186722;236;237.8173;15;3
16784;168;15;1;0.5;84;104;0.371308;251;237.6346;15;3
16785;168;15;1;0.5;85;105;0.5327103;248;236.8286;15;4
16786;168;15;1;0.5;86;102;0.5241935;251;239.3039;15;1
16787;168;15;1;0.5;87;101;0.4152542;233;237.5941;15;0
16788;168;15;1;0.5;88;102;0.5482625;205;235.6373;15;1
16789;168;15;1;0.5;89;102;0.4469027;245;236.5784;15;1
16790;168;15;1;0.5;90;102;0.589372;235;235.6863;15;1
16791;168;15;1;0.5;91;101;0.4923858;245;237.1485;15;0
16792;168;15;1;0.5;92;101;0.5301205;223;237.4059;15;0
16793;168;15;1;0.5;93;101;0.5159817;251;236.1782;15;0
16794;168;15;1;0.5;94;101;0.4657534;244;237.4356;15;0
16795;168;15;1;0.5;95;102;0.5810811;243;238.0294;15;1
16796;168;15;1;0.5;96;101;0.5145228;205;237.0396;15;0
16797;168;15;1;0.5;97;102;0.465812;231;236.5784;15;1
16798;168;15;1;0.5;98;101;0.4954955;247;236.8812;15;0
16799;168;15;1;0.5;99;101;0.4590909;228;236.604;15;0
16800;168;15;1;0.5;100;101;0.5;236;234.505;15;0
16801;169;17;1;0.5;1;102;0.5135135;233;235.0098;17;1
16802;169;17;1;0.5;2;102;0.5232068;232;237.4902;17;1
16803;169;17;1;0.5;3;102;0.4176707;225;236.8529;17;1
16804;169;17;1;0.5;4;101;0.5123967;226;236.2673;17;0
16805;169;17;1;0.5;5;101;0.4784314;240;236.6931;17;0
16806;169;17;1;0.5;6;102;0.4698276;228;233.9412;17;1
16807;169;17;1;0.5;7;108;0.4862385;238;238.2963;17;7
16808;169;17;1;0.5;8;102;0.4936709;243;236.4804;17;1
16809;169;17;1;0.5;9;104;0.4813278;253;237.7019;17;3
16810;169;17;1;0.5;10;101;0.5560345;224;236.505;17;0
16811;169;17;1;0.5;11;102;0.526749;217;236.6765;17;1
16812;169;17;1;0.5;12;101;0.488189;232;236.8713;17;0
16813;169;17;1;0.5;13;101;0.4660633;261;236.604;17;0
16814;169;17;1;0.5;14;103;0.5551181;246;236.7282;17;2
16815;169;17;1;0.5;15;101;0.5142857;255;235.6832;17;0
16816;169;17;1;0.5;16;103;0.5420561;260;236.2718;17;2
16817;169;17;1;0.5;17;101;0.4768519;255;239.0099;17;0
16818;169;17;1;0.5;18;102;0.4273128;215;236.0294;17;1
16819;169;17;1;0.5;19;101;0.55;256;238.5446;17;0
16820;169;17;1;0.5;20;101;0.489083;238;237.8317;17;0
16821;169;17;1;0.5;21;101;0.4810127;225;237.2871;17;0
16822;169;17;1;0.5;22;102;0.4854772;243;236.8235;17;1
16823;169;17;1;0.5;23;101;0.5132743;254;238.1188;17;0
16824;169;17;1;0.5;24;101;0.5275229;246;236.901;17;0
16825;169;17;1;0.5;25;101;0.5371179;235;236.3069;17;0
16826;169;17;1;0.5;26;101;0.5185185;220;237.0792;17;0
16827;169;17;1;0.5;27;101;0.5217391;219;237.1287;17;0
16828;169;17;1;0.5;28;101;0.5643564;247;234.2772;17;0
16829;169;17;1;0.5;29;102;0.5346939;220;235.8431;17;1
16830;169;17;1;0.5;30;101;0.5393701;249;240.1782;17;0
16831;169;17;1;0.5;31;102;0.5365854;224;237.8333;17;1
16832;169;17;1;0.5;32;102;0.5423729;232;237.4216;17;1
16833;169;17;1;0.5;33;101;0.4750958;230;236.8911;17;0
16834;169;17;1;0.5;34;102;0.5186722;245;237.3137;17;1
16835;169;17;1;0.5;35;101;0.5232068;234;236.4653;17;0
16836;169;17;1;0.5;36;101;0.5799087;237;236.1881;17;0
16837;169;17;1;0.5;37;101;0.5314961;245;237.4554;17;0
16838;169;17;1;0.5;38;102;0.4896266;222;234.2353;17;1
16839;169;17;1;0.5;39;101;0.5668016;254;236.4455;17;0
16840;169;17;1;0.5;40;103;0.4525862;234;236.3301;17;2
16841;169;17;1;0.5;41;101;0.545045;244;236.5941;17;0
16842;169;17;1;0.5;42;105;0.474359;259;238.3429;17;4
16843;169;17;1;0.5;43;102;0.4830508;220;235.8431;17;1
16844;169;17;1;0.5;44;103;0.4680851;230;235.5728;17;2
16845;169;17;1;0.5;45;101;0.5128205;254;237.3663;17;0
16846;169;17;1;0.5;46;101;0.4194915;248;237.703;17;0
16847;169;17;1;0.5;47;103;0.5535714;248;235.4757;17;2
16848;169;17;1;0.5;48;102;0.5254902;243;237.6569;17;1
16849;169;17;1;0.5;49;101;0.5407725;222;238.8317;17;0
16850;169;17;1;0.5;50;101;0.5105485;228;236.297;17;0
16851;169;17;1;0.5;51;101;0.4778761;248;235.6931;17;0
16852;169;17;1;0.5;52;104;0.5570175;224;237.5288;17;3
16853;169;17;1;0.5;53;101;0.5511811;236;236.8614;17;0
16854;169;17;1;0.5;54;107;0.4385965;215;236.729;17;6
16855;169;17;1;0.5;55;102;0.4506438;225;235.5686;17;1
16856;169;17;1;0.5;56;101;0.452381;229;237.5743;17;0
16857;169;17;1;0.5;57;101;0.5847458;243;235.1287;17;0
16858;169;17;1;0.5;58;107;0.4541284;248;236.8037;17;6
16859;169;17;1;0.5;59;101;0.4392157;239;235.7624;17;0
16860;169;17;1;0.5;60;101;0.5238095;271;237.495;17;0
16861;169;17;1;0.5;61;101;0.4830189;225;236.4554;17;0
16862;169;17;1;0.5;62;103;0.4242424;242;236.699;17;2
16863;169;17;1;0.5;63;101;0.5125;252;238.4653;17;0
16864;169;17;1;0.5;64;106;0.5080645;240;236.717;17;5
16865;169;17;1;0.5;65;101;0.463964;225;235.9802;17;0
16866;169;17;1;0.5;66;101;0.4917355;235;235.5842;17;0
16867;169;17;1;0.5;67;102;0.4458333;223;236.9216;17;1
16868;169;17;1;0.5;68;104;0.4691358;230;237.6346;17;3
16869;169;17;1;0.5;69;102;0.5113122;249;238.451;17;1
16870;169;17;1;0.5;70;104;0.5291667;253;236.3558;17;3
16871;169;17;1;0.5;71;103;0.4420601;253;236.1845;17;2
16872;169;17;1;0.5;72;104;0.5378151;221;236.2019;17;3
16873;169;17;1;0.5;73;101;0.4978355;243;236.1188;17;0
16874;169;17;1;0.5;74;101;0.5116279;243;236.4356;17;0
16875;169;17;1;0.5;75;107;0.4605809;218;237.1776;17;6
16876;169;17;1;0.5;76;102;0.5265306;212;236.549;17;1
16877;169;17;1;0.5;77;102;0.5319149;240;235.951;17;1
16878;169;17;1;0.5;78;101;0.5691057;227;237.3267;17;0
16879;169;17;1;0.5;79;101;0.4772727;243;237.7228;17;0
16880;169;17;1;0.5;80;103;0.4638298;239;237.1359;17;2
16881;169;17;1;0.5;81;105;0.46;242;237.2095;17;4
16882;169;17;1;0.5;82;101;0.3717949;257;237.5248;17;0
16883;169;17;1;0.5;83;101;0.4723404;227;236.4059;17;0
16884;169;17;1;0.5;84;101;0.5043103;256;236.7723;17;0
16885;169;17;1;0.5;85;101;0.5248869;237;235.5644;17;0
16886;169;17;1;0.5;86;101;0.4977778;236;236.6337;17;0
16887;169;17;1;0.5;87;105;0.4297521;230;237.2476;17;4
16888;169;17;1;0.5;88;101;0.4688797;228;237.5941;17;0
16889;169;17;1;0.5;89;105;0.4526749;235;236.5905;17;4
16890;169;17;1;0.5;90;103;0.5429864;243;236.6602;17;2
16891;169;17;1;0.5;91;108;0.4821429;240;235.5926;17;7
16892;169;17;1;0.5;92;101;0.5643564;242;235.6535;17;0
16893;169;17;1;0.5;93;101;0.4759825;237;237.4059;17;0
16894;169;17;1;0.5;94;101;0.5299145;244;237.5149;17;0
16895;169;17;1;0.5;95;101;0.5491803;223;235.1386;17;0
16896;169;17;1;0.5;96;102;0.5714286;268;235.7353;17;1
16897;169;17;1;0.5;97;101;0.4698276;230;236.1287;17;0
16898;169;17;1;0.5;98;101;0.4343891;241;237.8317;17;0
16899;169;17;1;0.5;99;101;0.5353982;254;236.1089;17;0
16900;169;17;1;0.5;100;102;0.4526749;234;237.5294;17;1
16901;170;19;1;0.5;1;101;0.4848485;241;236.9406;19;0
16902;170;19;1;0.5;2;101;0.5375494;223;237.2772;19;0
16903;170;19;1;0.5;3;101;0.5128205;235;236.1683;19;0
16904;170;19;1;0.5;4;102;0.5648148;261;238.7549;19;1
16905;170;19;1;0.5;5;101;0.5165289;237;235.3564;19;0
16906;170;19;1;0.5;6;107;0.4798387;231;238.5047;19;6
16907;170;19;1;0.5;7;101;0.5485232;214;236.8119;19;0
16908;170;19;1;0.5;8;104;0.4752066;237;236.9423;19;3
16909;170;19;1;0.5;9;101;0.484;222;237.2178;19;0
16910;170;19;1;0.5;10;106;0.4847162;219;235.5283;19;5
16911;170;19;1;0.5;11;102;0.5504587;267;236.5294;19;1
16912;170;19;1;0.5;12;101;0.4024896;233;237.901;19;0
16913;170;19;1;0.5;13;102;0.5045045;211;237.1569;19;1
16914;170;19;1;0.5;14;102;0.4525862;255;239.7059;19;1
16915;170;19;1;0.5;15;103;0.4901186;221;237.0388;19;2
16916;170;19;1;0.5;16;102;0.5336134;217;236.5;19;1
16917;170;19;1;0.5;17;102;0.5149254;225;235.7941;19;1
16918;170;19;1;0.5;18;102;0.4724771;238;236.3627;19;1
16919;170;19;1;0.5;19;102;0.4940239;212;236.9804;19;1
16920;170;19;1;0.5;20;104;0.4553191;250;237.0962;19;3
16921;170;19;1;0.5;21;101;0.5318182;225;236.3168;19;0
16922;170;19;1;0.5;22;101;0.5066079;250;236.3069;19;0
16923;170;19;1;0.5;23;101;0.4910714;228;236.0693;19;0
16924;170;19;1;0.5;24;104;0.5462963;241;237.3846;19;3
16925;170;19;1;0.5;25;101;0.5458515;232;235.4059;19;0
16926;170;19;1;0.5;26;101;0.4472574;248;237;19;0
16927;170;19;1;0.5;27;101;0.5407725;241;237.8515;19;0
16928;170;19;1;0.5;28;103;0.4698276;251;238.1748;19;2
16929;170;19;1;0.5;29;101;0.470339;238;236.4752;19;0
16930;170;19;1;0.5;30;101;0.552381;244;237.1287;19;0
16931;170;19;1;0.5;31;103;0.4747899;242;235.7184;19;2
16932;170;19;1;0.5;32;101;0.5135135;226;237.5941;19;0
16933;170;19;1;0.5;33;101;0.5084746;215;238.3069;19;0
16934;170;19;1;0.5;34;103;0.5082645;238;236.9126;19;2
16935;170;19;1;0.5;35;101;0.4608696;239;236.4356;19;0
16936;170;19;1;0.5;36;102;0.492126;241;236.1373;19;1
16937;170;19;1;0.5;37;101;0.4599156;244;237.5347;19;0
16938;170;19;1;0.5;38;103;0.5372549;248;237.5049;19;2
16939;170;19;1;0.5;39;102;0.5137615;230;236.6176;19;1
16940;170;19;1;0.5;40;104;0.5536481;234;236.5288;19;3
16941;170;19;1;0.5;41;101;0.5316456;241;236.7822;19;0
16942;170;19;1;0.5;42;103;0.512;243;235.8835;19;2
16943;170;19;1;0.5;43;103;0.4299065;258;235.301;19;2
16944;170;19;1;0.5;44;101;0.5851528;251;236.297;19;0
16945;170;19;1;0.5;45;101;0.4658635;218;236.6733;19;0
16946;170;19;1;0.5;46;101;0.5625;254;236.5248;19;0
16947;170;19;1;0.5;47;102;0.5696721;219;234.9804;19;1
16948;170;19;1;0.5;48;101;0.5482234;253;236.8317;19;0
16949;170;19;1;0.5;49;102;0.5327869;214;237.0098;19;1
16950;170;19;1;0.5;50;102;0.4957265;230;234.4706;19;1
16951;170;19;1;0.5;51;103;0.5914397;237;237.0485;19;2
16952;170;19;1;0.5;52;102;0.4705882;250;236.5196;19;1
16953;170;19;1;0.5;53;105;0.4680851;211;237.1524;19;4
16954;170;19;1;0.5;54;103;0.41841;233;235.8155;19;2
16955;170;19;1;0.5;55;101;0.5779817;261;237.4752;19;0
16956;170;19;1;0.5;56;102;0.4393305;224;234.9118;19;1
16957;170;19;1;0.5;57;102;0.5339367;251;234.0294;19;1
16958;170;19;1;0.5;58;102;0.4871795;253;236.7941;19;1
16959;170;19;1;0.5;59;101;0.5227273;233;234.4554;19;0
16960;170;19;1;0.5;60;102;0.4851064;239;236.1275;19;1
16961;170;19;1;0.5;61;102;0.4318182;244;238.1176;19;1
16962;170;19;1;0.5;62;103;0.5611814;243;235.9223;19;2
16963;170;19;1;0.5;63;103;0.3991935;235;236.8641;19;2
16964;170;19;1;0.5;64;103;0.5041667;226;236.8155;19;2
16965;170;19;1;0.5;65;101;0.4979424;223;238.5743;19;0
16966;170;19;1;0.5;66;101;0.4048583;224;236.703;19;0
16967;170;19;1;0.5;67;102;0.4866071;248;236.6863;19;1
16968;170;19;1;0.5;68;108;0.5758929;233;235.8241;19;7
16969;170;19;1;0.5;69;101;0.4579832;225;237.1485;19;0
16970;170;19;1;0.5;70;101;0.5061224;258;235.9604;19;0
16971;170;19;1;0.5;71;102;0.5141509;240;236.1373;19;1
16972;170;19;1;0.5;72;102;0.4133333;239;237.9706;19;1
16973;170;19;1;0.5;73;102;0.3982684;217;237.6471;19;1
16974;170;19;1;0.5;74;103;0.4869565;244;235.6699;19;2
16975;170;19;1;0.5;75;105;0.5353982;238;238.6952;19;4
16976;170;19;1;0.5;76;108;0.4403292;236;238;19;7
16977;170;19;1;0.5;77;102;0.4583333;230;237.2255;19;1
16978;170;19;1;0.5;78;102;0.5192308;223;235.8431;19;1
16979;170;19;1;0.5;79;101;0.5282258;234;238.4752;19;0
16980;170;19;1;0.5;80;102;0.5967078;235;236.2647;19;1
16981;170;19;1;0.5;81;102;0.52;224;237.9706;19;1
16982;170;19;1;0.5;82;101;0.4386617;230;236.8911;19;0
16983;170;19;1;0.5;83;101;0.5265487;224;238.6436;19;0
16984;170;19;1;0.5;84;102;0.5243446;228;237.7353;19;1
16985;170;19;1;0.5;85;101;0.3866667;244;234.8515;19;0
16986;170;19;1;0.5;86;102;0.4541667;241;234.902;19;1
16987;170;19;1;0.5;87;102;0.6026786;232;236.3922;19;1
16988;170;19;1;0.5;88;101;0.5596708;226;236.1188;19;0
16989;170;19;1;0.5;89;101;0.5527426;253;235.6733;19;0
16990;170;19;1;0.5;90;102;0.5564202;237;236.6176;19;1
16991;170;19;1;0.5;91;101;0.524;244;236.1683;19;0
16992;170;19;1;0.5;92;102;0.5;240;236.8039;19;1
16993;170;19;1;0.5;93;103;0.5099602;246;236.8252;19;2
16994;170;19;1;0.5;94;101;0.4533898;240;235.9604;19;0
16995;170;19;1;0.5;95;101;0.5179283;236;238.3069;19;0
16996;170;19;1;0.5;96;101;0.5147679;241;236.9505;19;0
16997;170;19;1;0.5;97;104;0.5897436;242;236.2981;19;3
16998;170;19;1;0.5;98;103;0.438247;225;236.6602;19;2
16999;170;19;1;0.5;99;101;0.4756098;233;234.3861;19;0
17000;170;19;1;0.5;100;102;0.527027;232;236.5882;19;1
17001;171;21;1;0.5;1;102;0.4677419;226;236.7353;21;1
17002;171;21;1;0.5;2;101;0.4955357;228;236.1584;21;0
17003;171;21;1;0.5;3;102;0.5196507;247;237.9216;21;1
17004;171;21;1;0.5;4;102;0.4979079;238;235.6471;21;1
17005;171;21;1;0.5;5;101;0.4788136;249;236.6139;21;0
17006;171;21;1;0.5;6;107;0.4444444;223;236.6822;21;6
17007;171;21;1;0.5;7;101;0.439834;224;237.7426;21;0
17008;171;21;1;0.5;8;102;0.489083;235;237.7745;21;1
17009;171;21;1;0.5;9;104;0.5643154;226;237.4327;21;3
17010;171;21;1;0.5;10;102;0.5019305;210;236.5686;21;1
17011;171;21;1;0.5;11;104;0.470852;259;237.4712;21;3
17012;171;21;1;0.5;12;101;0.470852;238;235.9109;21;0
17013;171;21;1;0.5;13;103;0.519685;213;236.2621;21;2
17014;171;21;1;0.5;14;102;0.5155556;248;235.7255;21;1
17015;171;21;1;0.5;15;102;0.4910714;216;235.951;21;1
17016;171;21;1;0.5;16;103;0.5555556;241;236.6505;21;2
17017;171;21;1;0.5;17;102;0.4810127;258;238.3529;21;1
17018;171;21;1;0.5;18;101;0.5042017;250;235.6535;21;0
17019;171;21;1;0.5;19;107;0.5254237;233;236.3458;21;6
17020;171;21;1;0.5;20;105;0.4383562;265;236.9619;21;4
17021;171;21;1;0.5;21;101;0.5188285;228;237;21;0
17022;171;21;1;0.5;22;102;0.4888889;232;236.8333;21;1
17023;171;21;1;0.5;23;102;0.5413223;257;236.6961;21;1
17024;171;21;1;0.5;24;102;0.5;229;236.3529;21;1
17025;171;21;1;0.5;25;101;0.5390625;233;239.0396;21;0
17026;171;21;1;0.5;26;102;0.4713115;240;235.7843;21;1
17027;171;21;1;0.5;27;102;0.4958333;249;238.7549;21;1
17028;171;21;1;0.5;28;102;0.5454545;233;238.402;21;1
17029;171;21;1;0.5;29;101;0.5867769;222;234.8515;21;0
17030;171;21;1;0.5;30;102;0.513834;219;236.9706;21;1
17031;171;21;1;0.5;31;104;0.4958678;205;237.5288;21;3
17032;171;21;1;0.5;32;102;0.4619048;260;235.6961;21;1
17033;171;21;1;0.5;33;101;0.5676856;232;237.7921;21;0
17034;171;21;1;0.5;34;102;0.5064935;245;236.8529;21;1
17035;171;21;1;0.5;35;101;0.4579832;233;235.8812;21;0
17036;171;21;1;0.5;36;102;0.5021459;258;238.5294;21;1
17037;171;21;1;0.5;37;103;0.5458333;225;237.8252;21;2
17038;171;21;1;0.5;38;105;0.4360902;234;235.6;21;4
17039;171;21;1;0.5;39;101;0.4416667;253;236.4752;21;0
17040;171;21;1;0.5;40;101;0.4933333;242;237.0792;21;0
17041;171;21;1;0.5;41;101;0.4644351;258;238.7822;21;0
17042;171;21;1;0.5;42;101;0.4595745;253;236.6634;21;0
17043;171;21;1;0.5;43;101;0.5;238;236.0693;21;0
17044;171;21;1;0.5;44;103;0.4820717;210;236.2913;21;2
17045;171;21;1;0.5;45;101;0.4868421;211;235.505;21;0
17046;171;21;1;0.5;46;102;0.3842795;217;234.3725;21;1
17047;171;21;1;0.5;47;103;0.4918033;235;237.6505;21;2
17048;171;21;1;0.5;48;103;0.4375;249;237.1068;21;2
17049;171;21;1;0.5;49;103;0.5038168;220;236.699;21;2
17050;171;21;1;0.5;50;102;0.4744186;247;236.0098;21;1
17051;171;21;1;0.5;51;101;0.5145228;225;235.4455;21;0
17052;171;21;1;0.5;52;105;0.5555556;222;236.0095;21;4
17053;171;21;1;0.5;53;101;0.5;217;236.7822;21;0
17054;171;21;1;0.5;54;102;0.4753363;253;235.7157;21;1
17055;171;21;1;0.5;55;101;0.3991228;216;236.7327;21;0
17056;171;21;1;0.5;56;103;0.504386;234;235.7282;21;2
17057;171;21;1;0.5;57;102;0.4958333;223;236.8235;21;1
17058;171;21;1;0.5;58;101;0.5022026;235;236.7921;21;0
17059;171;21;1;0.5;59;101;0.4671815;253;238.0396;21;0
17060;171;21;1;0.5;60;101;0.5481172;254;236.6634;21;0
17061;171;21;1;0.5;61;101;0.5150215;236;236.297;21;0
17062;171;21;1;0.5;62;103;0.5867769;223;237.1553;21;2
17063;171;21;1;0.5;63;102;0.5318182;241;236;21;1
17064;171;21;1;0.5;64;101;0.4939271;225;235.802;21;0
17065;171;21;1;0.5;65;101;0.465812;248;236;21;0
17066;171;21;1;0.5;66;102;0.4553991;231;236.7255;21;1
17067;171;21;1;0.5;67;101;0.5229008;229;236.8614;21;0
17068;171;21;1;0.5;68;103;0.5294118;259;236.165;21;2
17069;171;21;1;0.5;69;101;0.4650206;247;237.0693;21;0
17070;171;21;1;0.5;70;102;0.4663677;227;235.4804;21;1
17071;171;21;1;0.5;71;101;0.4150198;239;238.9307;21;0
17072;171;21;1;0.5;72;102;0.5281385;224;238.5196;21;1
17073;171;21;1;0.5;73;101;0.5230126;226;237.8416;21;0
17074;171;21;1;0.5;74;101;0.5106383;240;238.2376;21;0
17075;171;21;1;0.5;75;101;0.4724771;249;237.3168;21;0
17076;171;21;1;0.5;76;101;0.5256917;238;236.8515;21;0
17077;171;21;1;0.5;77;101;0.5203252;236;236.8317;21;0
17078;171;21;1;0.5;78;101;0.5526316;204;235.7624;21;0
17079;171;21;1;0.5;79;103;0.4851064;227;235.3689;21;2
17080;171;21;1;0.5;80;101;0.497992;224;236.5248;21;0
17081;171;21;1;0.5;81;109;0.4836066;241;238.2844;21;8
17082;171;21;1;0.5;82;102;0.5535714;248;235.4412;21;1
17083;171;21;1;0.5;83;101;0.4661017;223;236.802;21;0
17084;171;21;1;0.5;84;102;0.5586854;242;235.6667;21;1
17085;171;21;1;0.5;85;103;0.4414414;240;237.6408;21;2
17086;171;21;1;0.5;86;103;0.4956897;242;235.4272;21;2
17087;171;21;1;0.5;87;102;0.498008;224;236.7941;21;1
17088;171;21;1;0.5;88;101;0.4753363;216;238.3168;21;0
17089;171;21;1;0.5;89;102;0.5086957;263;235.6471;21;1
17090;171;21;1;0.5;90;101;0.5;215;237.9604;21;0
17091;171;21;1;0.5;91;103;0.4921875;230;236.8544;21;2
17092;171;21;1;0.5;92;101;0.472;211;236.6238;21;0
17093;171;21;1;0.5;93;101;0.5348837;254;235.703;21;0
17094;171;21;1;0.5;94;101;0.5064378;216;235.8812;21;0
17095;171;21;1;0.5;95;104;0.5122951;235;238.1827;21;3
17096;171;21;1;0.5;96;101;0.5901639;238;237.3564;21;0
17097;171;21;1;0.5;97;101;0.497992;202;235.2673;21;0
17098;171;21;1;0.5;98;102;0.5298805;239;237.4608;21;1
17099;171;21;1;0.5;99;102;0.5021645;236;236.7451;21;1
17100;171;21;1;0.5;100;102;0.5162602;227;236.4412;21;1
17101;172;23;1;0.5;1;101;0.4488889;223;238.5941;23;0
17102;172;23;1;0.5;2;101;0.4888889;250;236.6931;23;0
17103;172;23;1;0.5;3;102;0.4923664;229;235.8922;23;1
17104;172;23;1;0.5;4;102;0.5343511;230;236.1471;23;1
17105;172;23;1;0.5;5;104;0.498008;234;237.5288;23;3
17106;172;23;1;0.5;6;101;0.473251;236;237.2277;23;0
17107;172;23;1;0.5;7;101;0.5107143;235;235.0792;23;0
17108;172;23;1;0.5;8;102;0.4977376;239;238.9804;23;1
17109;172;23;1;0.5;9;101;0.5137615;262;237.7129;23;0
17110;172;23;1;0.5;10;102;0.5260664;250;235.5686;23;1
17111;172;23;1;0.5;11;101;0.4642857;236;237.297;23;0
17112;172;23;1;0.5;12;102;0.4788136;238;236.7843;23;1
17113;172;23;1;0.5;13;101;0.5414847;259;237.5149;23;0
17114;172;23;1;0.5;14;101;0.5253456;247;237.3465;23;0
17115;172;23;1;0.5;15;102;0.5;241;236.2549;23;1
17116;172;23;1;0.5;16;103;0.4512195;245;234.7184;23;2
17117;172;23;1;0.5;17;106;0.4782609;225;236.1038;23;5
17118;172;23;1;0.5;18;101;0.4534884;216;236.5248;23;0
17119;172;23;1;0.5;19;104;0.5341365;223;236.2308;23;3
17120;172;23;1;0.5;20;101;0.481982;238;238.3366;23;0
17121;172;23;1;0.5;21;102;0.4700855;248;235.5882;23;1
17122;172;23;1;0.5;22;101;0.439834;219;237.2475;23;0
17123;172;23;1;0.5;23;102;0.4496124;223;236.8725;23;1
17124;172;23;1;0.5;24;106;0.4383562;222;236.9245;23;5
17125;172;23;1;0.5;25;101;0.4745763;230;236.0099;23;0
17126;172;23;1;0.5;26;102;0.4852321;235;236.8039;23;1
17127;172;23;1;0.5;27;102;0.4292035;247;236.6667;23;1
17128;172;23;1;0.5;28;101;0.529661;220;234.6634;23;0
17129;172;23;1;0.5;29;101;0.4864865;248;236.9604;23;0
17130;172;23;1;0.5;30;102;0.561753;263;236.3824;23;1
17131;172;23;1;0.5;31;101;0.5186916;244;236.901;23;0
17132;172;23;1;0.5;32;104;0.4752066;237;236.0192;23;3
17133;172;23;1;0.5;33;102;0.5159817;249;238.1275;23;1
17134;172;23;1;0.5;34;102;0.5265487;243;235.8922;23;1
17135;172;23;1;0.5;35;104;0.5748988;227;235.4135;23;3
17136;172;23;1;0.5;36;103;0.527897;223;234.7961;23;2
17137;172;23;1;0.5;37;103;0.4456929;239;236.5243;23;2
17138;172;23;1;0.5;38;101;0.5241935;224;236.3069;23;0
17139;172;23;1;0.5;39;103;0.5384615;233;235.6699;23;2
17140;172;23;1;0.5;40;105;0.525641;229;236.5619;23;4
17141;172;23;1;0.5;41;101;0.5242291;243;238.0396;23;0
17142;172;23;1;0.5;42;104;0.4830508;237;235.4135;23;3
17143;172;23;1;0.5;43;101;0.5198238;258;238.9505;23;0
17144;172;23;1;0.5;44;103;0.4493927;240;235.7282;23;2
17145;172;23;1;0.5;45;101;0.5021645;262;239.1188;23;0
17146;172;23;1;0.5;46;101;0.546875;229;237.4257;23;0
17147;172;23;1;0.5;47;105;0.5206612;230;236.781;23;4
17148;172;23;1;0.5;48;101;0.5903614;228;236.3762;23;0
17149;172;23;1;0.5;49;102;0.4915254;235;236.0686;23;1
17150;172;23;1;0.5;50;103;0.5281385;238;236.0194;23;2
17151;172;23;1;0.5;51;101;0.5377358;236;237.1683;23;0
17152;172;23;1;0.5;52;104;0.512605;216;236.5;23;3
17153;172;23;1;0.5;53;102;0.4935065;229;235.8137;23;1
17154;172;23;1;0.5;54;103;0.5;233;237.6311;23;2
17155;172;23;1;0.5;55;101;0.4647303;228;234.9604;23;0
17156;172;23;1;0.5;56;103;0.5072464;258;237.2913;23;2
17157;172;23;1;0.5;57;104;0.5131579;244;233.9327;23;3
17158;172;23;1;0.5;58;102;0.4776119;253;236.4902;23;1
17159;172;23;1;0.5;59;102;0.4779116;238;236.2745;23;1
17160;172;23;1;0.5;60;101;0.490991;221;236.0891;23;0
17161;172;23;1;0.5;61;102;0.4877049;228;235.1373;23;1
17162;172;23;1;0.5;62;102;0.5112108;237;235.8235;23;1
17163;172;23;1;0.5;63;101;0.5254237;222;238.5248;23;0
17164;172;23;1;0.5;64;101;0.5381166;248;236.1485;23;0
17165;172;23;1;0.5;65;102;0.5084034;231;235.8627;23;1
17166;172;23;1;0.5;66;101;0.506383;244;238.0396;23;0
17167;172;23;1;0.5;67;102;0.547619;244;236.3725;23;1
17168;172;23;1;0.5;68;101;0.484127;233;237.9208;23;0
17169;172;23;1;0.5;69;101;0.5019455;230;237.2079;23;0
17170;172;23;1;0.5;70;103;0.4272727;257;238.0777;23;2
17171;172;23;1;0.5;71;103;0.5236052;235;236.6602;23;2
17172;172;23;1;0.5;72;101;0.4845815;231;236.8911;23;0
17173;172;23;1;0.5;73;102;0.523622;246;237.0294;23;1
17174;172;23;1;0.5;74;102;0.5221239;257;237.0392;23;1
17175;172;23;1;0.5;75;101;0.5;242;237.2475;23;0
17176;172;23;1;0.5;76;103;0.4537815;251;236.5049;23;2
17177;172;23;1;0.5;77;105;0.4708333;253;237.4857;23;4
17178;172;23;1;0.5;78;102;0.412;220;236.3922;23;1
17179;172;23;1;0.5;79;106;0.4654378;256;236.4811;23;5
17180;172;23;1;0.5;80;103;0.4314516;228;236.4272;23;2
17181;172;23;1;0.5;81;102;0.5680934;221;237.1863;23;1
17182;172;23;1;0.5;82;110;0.4913793;230;236.4273;23;9
17183;172;23;1;0.5;83;101;0.4583333;232;237.1782;23;0
17184;172;23;1;0.5;84;101;0.5238095;247;237.0594;23;0
17185;172;23;1;0.5;85;102;0.5226337;266;236.7157;23;1
17186;172;23;1;0.5;86;103;0.5766129;249;234.4563;23;2
17187;172;23;1;0.5;87;101;0.4628821;225;234.396;23;0
17188;172;23;1;0.5;88;102;0.5805085;250;238.3529;23;1
17189;172;23;1;0.5;89;102;0.5168067;226;236.7647;23;1
17190;172;23;1;0.5;90;102;0.5352697;241;236.6176;23;1
17191;172;23;1;0.5;91;101;0.5191489;252;235.6832;23;0
17192;172;23;1;0.5;92;102;0.4918699;235;236.9706;23;1
17193;172;23;1;0.5;93;102;0.4644351;227;236.6569;23;1
17194;172;23;1;0.5;94;102;0.4506438;224;235.9412;23;1
17195;172;23;1;0.5;95;103;0.4311111;231;236.9126;23;2
17196;172;23;1;0.5;96;102;0.4597156;247;235.2647;23;1
17197;172;23;1;0.5;97;101;0.4823529;243;236.7129;23;0
17198;172;23;1;0.5;98;102;0.4605263;231;236.6863;23;1
17199;172;23;1;0.5;99;101;0.4684685;262;236.4059;23;0
17200;172;23;1;0.5;100;102;0.4719101;211;235.6667;23;1
17201;173;25;1;0.5;1;102;0.5106383;242;237.1569;25;1
17202;173;25;1;0.5;2;102;0.4666667;235;236.0294;25;1
17203;173;25;1;0.5;3;101;0.5458515;243;236.6832;25;0
17204;173;25;1;0.5;4;102;0.5555556;237;235.549;25;1
17205;173;25;1;0.5;5;101;0.4958333;216;235.2376;25;0
17206;173;25;1;0.5;6;102;0.5780591;206;236.7745;25;1
17207;173;25;1;0.5;7;102;0.4541667;251;234.6667;25;1
17208;173;25;1;0.5;8;102;0.5489362;226;235.6275;25;1
17209;173;25;1;0.5;9;102;0.5022222;249;236.5588;25;1
17210;173;25;1;0.5;10;101;0.5307018;263;237.0792;25;0
17211;173;25;1;0.5;11;104;0.5193133;232;236.5962;25;3
17212;173;25;1;0.5;12;101;0.5212355;215;235.6931;25;0
17213;173;25;1;0.5;13;101;0.5241935;204;236.0198;25;0
17214;173;25;1;0.5;14;102;0.5588235;235;236.4706;25;1
17215;173;25;1;0.5;15;103;0.5789474;238;234.5437;25;2
17216;173;25;1;0.5;16;101;0.5458015;238;236.4059;25;0
17217;173;25;1;0.5;17;102;0.497992;210;237.8235;25;1
17218;173;25;1;0.5;18;101;0.527897;242;236.7822;25;0
17219;173;25;1;0.5;19;101;0.4059829;231;238.4554;25;0
17220;173;25;1;0.5;20;101;0.4495798;222;236.5149;25;0
17221;173;25;1;0.5;21;108;0.5298805;225;238.3426;25;7
17222;173;25;1;0.5;22;101;0.4788136;237;237.5545;25;0
17223;173;25;1;0.5;23;108;0.4567901;246;237.3241;25;7
17224;173;25;1;0.5;24;104;0.4795082;216;239.8269;25;3
17225;173;25;1;0.5;25;101;0.5263158;201;236.4851;25;0
17226;173;25;1;0.5;26;101;0.4464286;255;237.8713;25;0
17227;173;25;1;0.5;27;103;0.4938776;254;235.9806;25;2
17228;173;25;1;0.5;28;102;0.5541126;223;237.8137;25;1
17229;173;25;1;0.5;29;102;0.4680851;253;237.049;25;1
17230;173;25;1;0.5;30;101;0.4323144;246;237.9307;25;0
17231;173;25;1;0.5;31;101;0.4878049;232;236.8911;25;0
17232;173;25;1;0.5;32;102;0.5148936;236;236.2843;25;1
17233;173;25;1;0.5;33;102;0.4810127;258;237.3725;25;1
17234;173;25;1;0.5;34;101;0.482906;262;236.8911;25;0
17235;173;25;1;0.5;35;105;0.4180328;221;235.2;25;4
17236;173;25;1;0.5;36;101;0.4784483;216;237.9307;25;0
17237;173;25;1;0.5;37;101;0.4541063;242;234.8218;25;0
17238;173;25;1;0.5;38;101;0.6086957;233;240.099;25;0
17239;173;25;1;0.5;39;102;0.5082645;237;236.7059;25;1
17240;173;25;1;0.5;40;102;0.5586854;265;237.0784;25;1
17241;173;25;1;0.5;41;102;0.6064257;238;236.4118;25;1
17242;173;25;1;0.5;42;104;0.5105485;223;235.1442;25;3
17243;173;25;1;0.5;43;103;0.5238095;233;236.1359;25;2
17244;173;25;1;0.5;44;102;0.4978903;215;235.1569;25;1
17245;173;25;1;0.5;45;102;0.490566;226;233.8824;25;1
17246;173;25;1;0.5;46;102;0.5371901;233;234.2059;25;1
17247;173;25;1;0.5;47;101;0.4892704;239;237;25;0
17248;173;25;1;0.5;48;101;0.5614035;248;234.9109;25;0
17249;173;25;1;0.5;49;101;0.5333333;248;236.3168;25;0
17250;173;25;1;0.5;50;102;0.456621;228;237.6078;25;1
17251;173;25;1;0.5;51;101;0.5043103;236;237.2178;25;0
17252;173;25;1;0.5;52;104;0.482906;236;236.6538;25;3
17253;173;25;1;0.5;53;101;0.4868421;230;237.2574;25;0
17254;173;25;1;0.5;54;101;0.48;242;237.1683;25;0
17255;173;25;1;0.5;55;101;0.424;259;235.4455;25;0
17256;173;25;1;0.5;56;101;0.5059289;237;238.1782;25;0
17257;173;25;1;0.5;57;101;0.4897959;218;236.1287;25;0
17258;173;25;1;0.5;58;102;0.5;241;237.2353;25;1
17259;173;25;1;0.5;59;101;0.4833333;258;237.7426;25;0
17260;173;25;1;0.5;60;101;0.5249042;225;237.5149;25;0
17261;173;25;1;0.5;61;101;0.521327;244;235.7327;25;0
17262;173;25;1;0.5;62;104;0.563786;230;235.9135;25;3
17263;173;25;1;0.5;63;101;0.4712644;240;237.1089;25;0
17264;173;25;1;0.5;64;101;0.495935;251;236.8218;25;0
17265;173;25;1;0.5;65;102;0.5145228;244;236.8529;25;1
17266;173;25;1;0.5;66;102;0.6081081;262;236.3137;25;1
17267;173;25;1;0.5;67;101;0.4581498;263;236.198;25;0
17268;173;25;1;0.5;68;106;0.5023474;245;236.2736;25;5
17269;173;25;1;0.5;69;102;0.5;249;237.3235;25;1
17270;173;25;1;0.5;70;101;0.5127119;231;237.3663;25;0
17271;173;25;1;0.5;71;103;0.5060729;247;237.767;25;2
17272;173;25;1;0.5;72;101;0.472103;250;235.4059;25;0
17273;173;25;1;0.5;73;101;0.512605;254;237.297;25;0
17274;173;25;1;0.5;74;101;0.5564854;241;238.3564;25;0
17275;173;25;1;0.5;75;101;0.5458015;231;237.0495;25;0
17276;173;25;1;0.5;76;102;0.5720339;242;238.2549;25;1
17277;173;25;1;0.5;77;104;0.4541985;228;237.1731;25;3
17278;173;25;1;0.5;78;101;0.5483871;250;238.7129;25;0
17279;173;25;1;0.5;79;102;0.5233645;253;236.6961;25;1
17280;173;25;1;0.5;80;101;0.4657534;228;238.6238;25;0
17281;173;25;1;0.5;81;102;0.528777;228;239.598;25;1
17282;173;25;1;0.5;82;101;0.5127119;217;235.7624;25;0
17283;173;25;1;0.5;83;101;0.540856;250;236.9703;25;0
17284;173;25;1;0.5;84;101;0.5265306;233;236.2673;25;0
17285;173;25;1;0.5;85;103;0.4979253;233;236.301;25;2
17286;173;25;1;0.5;86;101;0.4736842;238;236.9109;25;0
17287;173;25;1;0.5;87;107;0.4851064;233;235.2243;25;6
17288;173;25;1;0.5;88;101;0.5486381;233;237.1386;25;0
17289;173;25;1;0.5;89;102;0.4777328;211;235.8333;25;1
17290;173;25;1;0.5;90;101;0.5708155;239;236.0198;25;0
17291;173;25;1;0.5;91;102;0.3849372;231;236.8824;25;1
17292;173;25;1;0.5;92;102;0.5736434;209;236.2843;25;1
17293;173;25;1;0.5;93;102;0.5176471;218;236.9412;25;1
17294;173;25;1;0.5;94;102;0.4979253;242;236.9314;25;1
17295;173;25;1;0.5;95;105;0.4765625;223;236.4571;25;4
17296;173;25;1;0.5;96;101;0.4392157;242;236.9505;25;0
17297;173;25;1;0.5;97;102;0.5021645;219;235.1471;25;1
17298;173;25;1;0.5;98;101;0.4649123;257;237.1089;25;0
17299;173;25;1;0.5;99;101;0.5188285;230;235.5545;25;0
17300;173;25;1;0.5;100;101;0.4366812;233;236.6337;25;0
17301;174;27;1;0.5;1;101;0.4541667;236;236.8713;27;0
17302;174;27;1;0.5;2;102;0.4052863;239;236.402;27;1
17303;174;27;1;0.5;3;102;0.4513619;243;236.0098;27;1
17304;174;27;1;0.5;4;103;0.5347826;249;237.1553;27;2
17305;174;27;1;0.5;5;102;0.5381166;242;235.9902;27;1
17306;174;27;1;0.5;6;101;0.463964;257;237.4752;27;0
17307;174;27;1;0.5;7;101;0.5137615;247;236.6238;27;0
17308;174;27;1;0.5;8;101;0.4915254;214;234.6238;27;0
17309;174;27;1;0.5;9;101;0.527897;239;234;27;0
17310;174;27;1;0.5;10;102;0.5250965;231;234.8039;27;1
17311;174;27;1;0.5;11;101;0.4978541;251;237.0297;27;0
17312;174;27;1;0.5;12;101;0.5299145;226;236.7822;27;0
17313;174;27;1;0.5;13;102;0.4703196;246;238.2353;27;1
17314;174;27;1;0.5;14;101;0.5412371;256;236.8119;27;0
17315;174;27;1;0.5;15;101;0.5309735;230;236.8317;27;0
17316;174;27;1;0.5;16;102;0.529661;241;236.9608;27;1
17317;174;27;1;0.5;17;101;0.5390947;230;235.5941;27;0
17318;174;27;1;0.5;18;101;0.5020921;225;236.6733;27;0
17319;174;27;1;0.5;19;102;0.5523013;235;237.9902;27;1
17320;174;27;1;0.5;20;101;0.4886878;273;238.505;27;0
17321;174;27;1;0.5;21;101;0.4481328;216;237.5644;27;0
17322;174;27;1;0.5;22;101;0.4717742;243;238;27;0
17323;174;27;1;0.5;23;102;0.5363636;236;236.9118;27;1
17324;174;27;1;0.5;24;102;0.5020747;244;235.8529;27;1
17325;174;27;1;0.5;25;101;0.4285714;251;235.9604;27;0
17326;174;27;1;0.5;26;103;0.5630631;248;236.1942;27;2
17327;174;27;1;0.5;27;103;0.4901961;211;236.2718;27;2
17328;174;27;1;0.5;28;103;0.5155039;234;236.7087;27;2
17329;174;27;1;0.5;29;102;0.4979079;216;235.0294;27;1
17330;174;27;1;0.5;30;101;0.4978166;236;235.604;27;0
17331;174;27;1;0.5;31;102;0.4894515;245;238.0882;27;1
17332;174;27;1;0.5;32;102;0.4382979;248;237.3824;27;1
17333;174;27;1;0.5;33;101;0.4380531;232;236.4158;27;0
17334;174;27;1;0.5;34;101;0.3793103;232;237.7723;27;0
17335;174;27;1;0.5;35;102;0.5541126;265;236.9804;27;1
17336;174;27;1;0.5;36;101;0.4246575;235;237.4059;27;0
17337;174;27;1;0.5;37;104;0.4262948;243;236.1923;27;3
17338;174;27;1;0.5;38;101;0.5438596;265;236.1782;27;0
17339;174;27;1;0.5;39;101;0.4817814;237;236.7921;27;0
17340;174;27;1;0.5;40;103;0.4225941;230;236.7184;27;2
17341;174;27;1;0.5;41;103;0.4666667;221;236.3883;27;2
17342;174;27;1;0.5;42;105;0.5201794;260;240.4286;27;4
17343;174;27;1;0.5;43;101;0.5371179;252;236.0396;27;0
17344;174;27;1;0.5;44;104;0.4734848;232;235.9615;27;3
17345;174;27;1;0.5;45;101;0.4525547;232;235.7228;27;0
17346;174;27;1;0.5;46;101;0.48;242;236.3168;27;0
17347;174;27;1;0.5;47;102;0.4285714;241;235.8039;27;1
17348;174;27;1;0.5;48;102;0.4285714;227;237.2157;27;1
17349;174;27;1;0.5;49;101;0.5477178;229;237.297;27;0
17350;174;27;1;0.5;50;104;0.5083333;228;238.6154;27;3
17351;174;27;1;0.5;51;101;0.4877049;224;237.4851;27;0
17352;174;27;1;0.5;52;102;0.5125;218;237.3039;27;1
17353;174;27;1;0.5;53;103;0.4864865;256;239;27;2
17354;174;27;1;0.5;54;101;0.4646018;255;235.9703;27;0
17355;174;27;1;0.5;55;104;0.4816327;233;237.7019;27;3
17356;174;27;1;0.5;56;103;0.4894515;242;237.1165;27;2
17357;174;27;1;0.5;57;104;0.4495798;244;234.9904;27;3
17358;174;27;1;0.5;58;101;0.4204082;203;234.5941;27;0
17359;174;27;1;0.5;59;101;0.5404255;224;236.7426;27;0
17360;174;27;1;0.5;60;102;0.5409836;220;237.6471;27;1
17361;174;27;1;0.5;61;103;0.5146444;234;234.9612;27;2
17362;174;27;1;0.5;62;101;0.4026549;215;235.7921;27;0
17363;174;27;1;0.5;63;102;0.5506608;234;237.6667;27;1
17364;174;27;1;0.5;64;103;0.4880952;216;237.8155;27;2
17365;174;27;1;0.5;65;105;0.4464286;245;238.0286;27;4
17366;174;27;1;0.5;66;102;0.5061224;228;236.7549;27;1
17367;174;27;1;0.5;67;105;0.5023256;230;235.5429;27;4
17368;174;27;1;0.5;68;102;0.4416667;220;236.6275;27;1
17369;174;27;1;0.5;69;103;0.5301724;235;238.7573;27;2
17370;174;27;1;0.5;70;101;0.4847162;255;238.396;27;0
17371;174;27;1;0.5;71;101;0.5311203;232;235.8317;27;0
17372;174;27;1;0.5;72;101;0.4723404;231;235.3762;27;0
17373;174;27;1;0.5;73;101;0.4132231;235;235.8317;27;0
17374;174;27;1;0.5;74;102;0.5212355;241;235.7941;27;1
17375;174;27;1;0.5;75;101;0.4605263;240;236.4455;27;0
17376;174;27;1;0.5;76;101;0.4070796;233;235.8911;27;0
17377;174;27;1;0.5;77;102;0.5393701;227;237.049;27;1
17378;174;27;1;0.5;78;102;0.5209302;261;234.7745;27;1
17379;174;27;1;0.5;79;103;0.5173913;246;236.7184;27;2
17380;174;27;1;0.5;80;104;0.4244898;241;236.75;27;3
17381;174;27;1;0.5;81;101;0.5081301;249;235.6931;27;0
17382;174;27;1;0.5;82;101;0.5411255;249;235.7624;27;0
17383;174;27;1;0.5;83;102;0.482906;240;236.8824;27;1
17384;174;27;1;0.5;84;101;0.5299539;254;236.4257;27;0
17385;174;27;1;0.5;85;101;0.5474138;258;236.1485;27;0
17386;174;27;1;0.5;86;101;0.4978903;223;237.0099;27;0
17387;174;27;1;0.5;87;102;0.5504202;229;236.7255;27;1
17388;174;27;1;0.5;88;102;0.4957983;244;237.3824;27;1
17389;174;27;1;0.5;89;101;0.5144033;223;235.6931;27;0
17390;174;27;1;0.5;90;101;0.5454545;242;236.5743;27;0
17391;174;27;1;0.5;91;101;0.5191489;245;236.9109;27;0
17392;174;27;1;0.5;92;106;0.5493562;239;236.3868;27;5
17393;174;27;1;0.5;93;103;0.44;248;236.5631;27;2
17394;174;27;1;0.5;94;101;0.6094421;237;235.1089;27;0
17395;174;27;1;0.5;95;102;0.4504505;221;233.9902;27;1
17396;174;27;1;0.5;96;101;0.5175439;245;235.2574;27;0
17397;174;27;1;0.5;97;101;0.4420601;231;235.7723;27;0
17398;174;27;1;0.5;98;101;0.5595238;229;237.7129;27;0
17399;174;27;1;0.5;99;101;0.4435146;231;237.2178;27;0
17400;174;27;1;0.5;100;102;0.4214559;244;238.8333;27;1
17401;175;29;1;0.5;1;101;0.4918033;217;234.901;29;0
17402;175;29;1;0.5;2;103;0.5;234;236.5728;29;2
17403;175;29;1;0.5;3;101;0.4323144;212;235.297;29;0
17404;175;29;1;0.5;4;102;0.5521739;240;237.5784;29;1
17405;175;29;1;0.5;5;102;0.4880952;240;236.2059;29;1
17406;175;29;1;0.5;6;101;0.5363636;260;236.495;29;0
17407;175;29;1;0.5;7;103;0.4291845;222;234.4951;29;2
17408;175;29;1;0.5;8;102;0.5037879;225;237.098;29;1
17409;175;29;1;0.5;9;101;0.532567;245;236.9802;29;0
17410;175;29;1;0.5;10;101;0.4776786;199;235.9109;29;0
17411;175;29;1;0.5;11;102;0.5405405;234;236.7843;29;1
17412;175;29;1;0.5;12;101;0.5304348;252;237.0693;29;0
17413;175;29;1;0.5;13;102;0.5289256;222;235.1961;29;1
17414;175;29;1;0.5;14;103;0.4631148;231;235.5437;29;2
17415;175;29;1;0.5;15;103;0.5103734;250;237.3398;29;2
17416;175;29;1;0.5;16;102;0.5;245;238.9902;29;1
17417;175;29;1;0.5;17;101;0.529661;247;237.5545;29;0
17418;175;29;1;0.5;18;102;0.4594595;240;237.8922;29;1
17419;175;29;1;0.5;19;101;0.5614035;242;235.3267;29;0
17420;175;29;1;0.5;20;101;0.481982;244;235.0594;29;0
17421;175;29;1;0.5;21;101;0.5144033;231;238.8911;29;0
17422;175;29;1;0.5;22;101;0.5436508;228;237.099;29;0
17423;175;29;1;0.5;23;101;0.5361702;264;236.604;29;0
17424;175;29;1;0.5;24;102;0.4267782;221;232.8137;29;1
17425;175;29;1;0.5;25;102;0.5084034;242;236.9216;29;1
17426;175;29;1;0.5;26;101;0.4801587;222;235.4752;29;0
17427;175;29;1;0.5;27;101;0.4696356;286;236.8119;29;0
17428;175;29;1;0.5;28;101;0.5424354;214;236.703;29;0
17429;175;29;1;0.5;29;102;0.5245902;235;235.7059;29;1
17430;175;29;1;0.5;30;101;0.4957627;228;238.901;29;0
17431;175;29;1;0.5;31;101;0.4935622;215;235.8614;29;0
17432;175;29;1;0.5;32;101;0.5225225;267;237.1287;29;0
17433;175;29;1;0.5;33;103;0.4574899;250;237.2718;29;2
17434;175;29;1;0.5;34;101;0.4698276;256;236.5842;29;0
17435;175;29;1;0.5;35;102;0.5098814;228;236.3137;29;1
17436;175;29;1;0.5;36;102;0.4338843;228;237.2451;29;1
17437;175;29;1;0.5;37;101;0.4232365;241;236.4851;29;0
17438;175;29;1;0.5;38;102;0.46875;247;237.1373;29;1
17439;175;29;1;0.5;39;104;0.5084746;225;238.1058;29;3
17440;175;29;1;0.5;40;101;0.4772727;232;237.4752;29;0
17441;175;29;1;0.5;41;101;0.5202952;230;235.7822;29;0
17442;175;29;1;0.5;42;101;0.4857143;257;237.0099;29;0
17443;175;29;1;0.5;43;101;0.5377778;246;237.4158;29;0
17444;175;29;1;0.5;44;101;0.4663677;244;236.2178;29;0
17445;175;29;1;0.5;45;102;0.5294118;238;235.6961;29;1
17446;175;29;1;0.5;46;101;0.5019455;216;236.6832;29;0
17447;175;29;1;0.5;47;101;0.5546218;234;238.4257;29;0
17448;175;29;1;0.5;48;103;0.5551471;240;237.6311;29;2
17449;175;29;1;0.5;49;101;0.5864979;234;235.901;29;0
17450;175;29;1;0.5;50;102;0.4298246;239;235.6961;29;1
17451;175;29;1;0.5;51;102;0.4678112;232;238.5882;29;1
17452;175;29;1;0.5;52;101;0.4669811;241;237.2772;29;0
17453;175;29;1;0.5;53;101;0.5757576;206;237.8416;29;0
17454;175;29;1;0.5;54;102;0.5091743;236;235.4902;29;1
17455;175;29;1;0.5;55;101;0.5124378;254;236.1782;29;0
17456;175;29;1;0.5;56;101;0.5;231;236.6238;29;0
17457;175;29;1;0.5;57;102;0.5247934;214;237.9804;29;1
17458;175;29;1;0.5;58;101;0.5043103;232;237.3762;29;0
17459;175;29;1;0.5;59;102;0.5494071;221;236.1373;29;1
17460;175;29;1;0.5;60;107;0.5338983;232;237.4299;29;6
17461;175;29;1;0.5;61;103;0.4334764;228;236.767;29;2
17462;175;29;1;0.5;62;101;0.473913;252;236.4455;29;0
17463;175;29;1;0.5;63;101;0.6008584;234;236.9307;29;0
17464;175;29;1;0.5;64;103;0.4957265;248;236.0777;29;2
17465;175;29;1;0.5;65;103;0.5162602;241;235.5243;29;2
17466;175;29;1;0.5;66;102;0.443609;234;237.4412;29;1
17467;175;29;1;0.5;67;105;0.4660633;248;238.4571;29;4
17468;175;29;1;0.5;68;102;0.5691057;216;236.6471;29;1
17469;175;29;1;0.5;69;101;0.4690265;250;236.4554;29;0
17470;175;29;1;0.5;70;101;0.5190476;243;235.3168;29;0
17471;175;29;1;0.5;71;101;0.5752212;226;236.9307;29;0
17472;175;29;1;0.5;72;102;0.528;235;235.9314;29;1
17473;175;29;1;0.5;73;101;0.5609756;248;236.1683;29;0
17474;175;29;1;0.5;74;101;0.4814815;248;238.7426;29;0
17475;175;29;1;0.5;75;101;0.4385246;213;234.9109;29;0
17476;175;29;1;0.5;76;101;0.4677419;250;237.1188;29;0
17477;175;29;1;0.5;77;102;0.5103734;247;236.2941;29;1
17478;175;29;1;0.5;78;101;0.5374449;237;235.4356;29;0
17479;175;29;1;0.5;79;101;0.5725806;219;236.9901;29;0
17480;175;29;1;0.5;80;101;0.5114504;218;234.5545;29;0
17481;175;29;1;0.5;81;102;0.5122951;219;235.549;29;1
17482;175;29;1;0.5;82;102;0.4780702;258;237.4608;29;1
17483;175;29;1;0.5;83;103;0.4688797;219;238.7767;29;2
17484;175;29;1;0.5;84;101;0.4206009;259;235.5545;29;0
17485;175;29;1;0.5;85;103;0.5042373;226;236.1553;29;2
17486;175;29;1;0.5;86;103;0.5485232;233;237.0874;29;2
17487;175;29;1;0.5;87;101;0.4941634;239;237.1683;29;0
17488;175;29;1;0.5;88;101;0.4891775;225;238.0792;29;0
17489;175;29;1;0.5;89;101;0.4491525;226;236.9208;29;0
17490;175;29;1;0.5;90;101;0.4769874;250;236.5842;29;0
17491;175;29;1;0.5;91;101;0.5021459;255;236.0297;29;0
17492;175;29;1;0.5;92;102;0.5041322;220;234.2353;29;1
17493;175;29;1;0.5;93;101;0.5217391;225;235.9109;29;0
17494;175;29;1;0.5;94;101;0.5057471;232;237.1782;29;0
17495;175;29;1;0.5;95;102;0.4805195;213;236.4412;29;1
17496;175;29;1;0.5;96;103;0.4401709;233;237.6214;29;2
17497;175;29;1;0.5;97;101;0.5357143;228;237.1188;29;0
17498;175;29;1;0.5;98;101;0.5685484;219;237.6139;29;0
17499;175;29;1;0.5;99;102;0.5023041;243;237.3627;29;1
17500;175;29;1;0.5;100;101;0.512605;241;239.1287;29;0
17501;176;224;1;0.5;1;102;0.5183486;247;237.5882;223.1667;1
17502;176;224;1;0.5;2;101;0.4691358;248;235.1683;222.5248;0
17503;176;224;1;0.5;3;101;0.5546218;220;236.6733;222.703;0
17504;176;224;1;0.5;4;101;0.4824903;233;236.9406;222.7426;0
17505;176;224;1;0.5;5;101;0.4692982;240;237.297;222.297;0
17506;176;224;1;0.5;6;102;0.5420168;221;237.8922;223.7647;1
17507;176;224;1;0.5;7;103;0.5021277;225;237.1068;223.3398;2
17508;176;224;1;0.5;8;101;0.5087719;257;238.0891;222.6832;0
17509;176;224;1;0.5;9;102;0.5088496;267;238.951;223.2157;1
17510;176;224;1;0.5;10;102;0.4541833;235;238.4706;223.1569;1
17511;176;224;1;0.5;11;101;0.4741379;229;235.1287;222.8515;0
17512;176;224;1;0.5;12;101;0.4638298;250;237.802;223.3069;0
17513;176;224;1;0.5;13;102;0.5086957;258;235.8431;222.9314;1
17514;176;224;1;0.5;14;101;0.4619048;245;235.6337;223.1089;0
17515;176;224;1;0.5;15;101;0.5490196;232;237.0495;223.2376;0
17516;176;224;1;0.5;16;107;0.4493927;249;239.3084;223.5888;6
17517;176;224;1;0.5;17;102;0.5474138;235;236.7941;222.9314;1
17518;176;224;1;0.5;18;103;0.5753425;264;236.9417;222.9612;2
17519;176;224;1;0.5;19;101;0.4813278;232;235.495;222.4455;0
17520;176;224;1;0.5;20;102;0.5054152;224;237.3627;222.8431;1
17521;176;224;1;0.5;21;103;0.5643154;225;236.2524;222.6893;2
17522;176;224;1;0.5;22;101;0.5551181;226;234.8812;221.8812;0
17523;176;224;1;0.5;23;101;0.5518672;207;236.9604;222.8614;0
17524;176;224;1;0.5;24;101;0.5489362;235;237.1089;223.1683;0
17525;176;224;1;0.5;25;103;0.4756098;243;236.7961;223.2427;2
17526;176;224;1;0.5;26;102;0.4401914;252;234.5294;222.6176;1
17527;176;224;1;0.5;27;101;0.5230126;231;235.3366;222.0693;0
17528;176;224;1;0.5;28;101;0.4285714;228;235.1782;222.4158;0
17529;176;224;1;0.5;29;101;0.4556452;217;235.0396;221.4455;0
17530;176;224;1;0.5;30;101;0.5212355;233;235.2673;222.2079;0
17531;176;224;1;0.5;31;102;0.4977974;237;236.2843;222.1176;1
17532;176;224;1;0.5;32;101;0.4854772;224;238.901;223.297;0
17533;176;224;1;0.5;33;102;0.4796748;236;237.049;222.2941;1
17534;176;224;1;0.5;34;101;0.470339;257;236.9901;222.4455;0
17535;176;224;1;0.5;35;101;0.4951923;242;235.5743;223.099;0
17536;176;224;1;0.5;36;101;0.4960938;255;236.3861;222.4059;0
17537;176;224;1;0.5;37;102;0.455814;249;235.1471;221.4804;1
17538;176;224;1;0.5;38;101;0.5583333;223;237.198;223.4455;0
17539;176;224;1;0.5;39;106;0.5530973;242;234.6604;222.6981;5
17540;176;224;1;0.5;40;101;0.4489796;232;236.9802;223.198;0
17541;176;224;1;0.5;41;105;0.579646;239;238.781;223.219;4
17542;176;224;1;0.5;42;103;0.5324675;222;234.3495;222.1165;2
17543;176;224;1;0.5;43;101;0.5101215;241;237.8119;223.1683;0
17544;176;224;1;0.5;44;102;0.4688797;228;234.8725;222.3627;1
17545;176;224;1;0.5;45;104;0.4485597;204;236.2019;222.0481;3
17546;176;224;1;0.5;46;103;0.4935622;231;236.301;223.1068;2
17547;176;224;1;0.5;47;101;0.5198413;242;235.396;222.5149;0
17548;176;224;1;0.5;48;103;0.4419643;257;236.3786;222.699;2
17549;176;224;1;0.5;49;101;0.4434783;243;237.8812;223.1386;0
17550;176;224;1;0.5;50;103;0.4937759;238;236.5243;222.7864;2
17551;176;224;1;0.5;51;103;0.5092593;233;237.5534;223.1942;2
17552;176;224;1;0.5;52;102;0.4756098;240;236.3137;223.0098;1
17553;176;224;1;0.5;53;103;0.5183486;251;236.5437;222.9126;2
17554;176;224;1;0.5;54;101;0.5165289;211;236.3663;222.9505;0
17555;176;224;1;0.5;55;101;0.5102041;231;235.4455;222.7129;0
17556;176;224;1;0.5;56;101;0.427907;254;235.7822;223.2178;0
17557;176;224;1;0.5;57;101;0.4573991;236;236.4059;222.9703;0
17558;176;224;1;0.5;58;102;0.48659;229;236.3333;222.3039;1
17559;176;224;1;0.5;59;101;0.520362;245;235.2871;222.297;0
17560;176;224;1;0.5;60;102;0.5068493;264;237.2451;222.4902;1
17561;176;224;1;0.5;61;107;0.5063291;245;237.0093;222.9159;6
17562;176;224;1;0.5;62;103;0.4769874;239;236.0777;222.466;2
17563;176;224;1;0.5;63;101;0.4847328;230;236.7723;221.9109;0
17564;176;224;1;0.5;64;101;0.5378151;235;234.4752;222.7327;0
17565;176;224;1;0.5;65;101;0.558952;235;237.7129;222.3663;0
17566;176;224;1;0.5;66;101;0.5303644;243;234.4554;222.3366;0
17567;176;224;1;0.5;67;101;0.4634146;227;237.2871;223.0792;0
17568;176;224;1;0.5;68;101;0.5504587;251;236.901;223.1881;0
17569;176;224;1;0.5;69;101;0.5231481;245;235.2871;223.1188;0
17570;176;224;1;0.5;70;103;0.5546218;225;237.8932;223.1553;2
17571;176;224;1;0.5;71;101;0.4831933;252;236.7822;223.0099;0
17572;176;224;1;0.5;72;102;0.5191489;226;236.4608;222.6373;1
17573;176;224;1;0.5;73;101;0.496;229;236.6436;222.5446;0
17574;176;224;1;0.5;74;103;0.5189873;238;234.3398;222.4175;2
17575;176;224;1;0.5;75;101;0.4956897;256;238.1386;222.7624;0
17576;176;224;1;0.5;76;101;0.4453782;215;236.604;222.8614;0
17577;176;224;1;0.5;77;102;0.5720339;218;237.3529;223.1863;1
17578;176;224;1;0.5;78;102;0.5274262;261;239.7451;223.6176;1
17579;176;224;1;0.5;79;103;0.5041322;225;236.068;222.5922;2
17580;176;224;1;0.5;80;103;0.5512821;235;237.4369;222.7961;2
17581;176;224;1;0.5;81;101;0.5598291;220;236.3267;221.9703;0
17582;176;224;1;0.5;82;101;0.4848485;253;238.2673;222.9307;0
17583;176;224;1;0.5;83;106;0.4823009;221;237.7736;223.2547;5
17584;176;224;1;0.5;84;102;0.4805195;218;234.9118;223.1275;1
17585;176;224;1;0.5;85;101;0.4654378;249;235.3564;222.8416;0
17586;176;224;1;0.5;86;101;0.4728682;241;236.4653;223.0198;0
17587;176;224;1;0.5;87;101;0.4574468;264;238.0099;222.4554;0
17588;176;224;1;0.5;88;104;0.4921875;240;237.9327;222.3269;3
17589;176;224;1;0.5;89;102;0.5246637;232;235.6667;222.549;1
17590;176;224;1;0.5;90;104;0.4369748;218;236.7692;223.2788;3
17591;176;224;1;0.5;91;102;0.463035;216;235.7745;222.3431;1
17592;176;224;1;0.5;92;102;0.5204918;235;235.8922;222.8529;1
17593;176;224;1;0.5;93;101;0.4826087;256;236.0495;222.6634;0
17594;176;224;1;0.5;94;102;0.5146444;238;237.3725;222.8725;1
17595;176;224;1;0.5;95;102;0.4718615;219;237.598;223.2059;1
17596;176;224;1;0.5;96;102;0.5021459;243;236.2745;223.1569;1
17597;176;224;1;0.5;97;101;0.5536481;242;236.8218;223.0891;0
17598;176;224;1;0.5;98;101;0.612;244;237.3663;223.0693;0
17599;176;224;1;0.5;99;101;0.4557522;235;236.6832;222.7426;0
17600;176;224;1;0.5;100;101;0.5620155;228;236.7327;223.0891;0
