;simu;n_obs;mutation_rate;c;replicate;last_time_step;mean_choice_last_step;n_repro_last_step;mean_demos;mean_n_obs;tradition_duration
1;1;1;0;0.5;1;101;0.4761905;249;235.2475;1;0
2;1;1;0;0.5;2;101;0.5113122;242;235.5149;1;0
3;1;1;0;0.5;3;102;0.5020243;242;236;1;1
4;1;1;0;0.5;4;102;0.4716157;258;235.4412;1;1
5;1;1;0;0.5;5;101;0.4696356;239;237.2574;1;0
6;1;1;0;0.5;6;101;0.5491803;256;238.8218;1;0
7;1;1;0;0.5;7;101;0.5726872;240;236.7921;1;0
8;1;1;0;0.5;8;101;0.4425532;227;236.8614;1;0
9;1;1;0;0.5;9;101;0.4666667;250;233.4554;1;0
10;1;1;0;0.5;10;101;0.5023256;245;235.4851;1;0
11;1;1;0;0.5;11;101;0.5384615;244;238.9109;1;0
12;1;1;0;0.5;12;101;0.5155556;225;237.6733;1;0
13;1;1;0;0.5;13;101;0.4805195;226;236.703;1;0
14;1;1;0;0.5;14;103;0.4935622;228;237.6699;1;2
15;1;1;0;0.5;15;102;0.525641;248;237.7451;1;1
16;1;1;0;0.5;16;101;0.5677966;227;236.3762;1;0
17;1;1;0;0.5;17;104;0.5065502;230;236.3269;1;3
18;1;1;0;0.5;18;108;0.5105485;224;236.3148;1;7
19;1;1;0;0.5;19;101;0.5211268;253;236.4851;1;0
20;1;1;0;0.5;20;101;0.5147679;244;238.3564;1;0
21;1;1;0;0.5;21;102;0.5099602;205;235.9902;1;1
22;1;1;0;0.5;22;107;0.5281385;268;235.7196;1;6
23;1;1;0;0.5;23;101;0.4939271;240;237.2574;1;0
24;1;1;0;0.5;24;103;0.4834711;243;237.068;1;2
25;1;1;0;0.5;25;102;0.476;241;235.951;1;1
26;1;1;0;0.5;26;103;0.5131579;251;237.2233;1;2
27;1;1;0;0.5;27;101;0.5023256;260;236.8416;1;0
28;1;1;0;0.5;28;106;0.503876;230;237.0849;1;5
29;1;1;0;0.5;29;101;0.5254237;268;236.9703;1;0
30;1;1;0;0.5;30;101;0.5107296;244;236.5347;1;0
31;1;1;0;0.5;31;105;0.4919355;229;236.2381;1;4
32;1;1;0;0.5;32;101;0.5263158;233;235.1485;1;0
33;1;1;0;0.5;33;103;0.452;235;236.9612;1;2
34;1;1;0;0.5;34;103;0.5708155;218;235.7184;1;2
35;1;1;0;0.5;35;101;0.484;227;236.5842;1;0
36;1;1;0;0.5;36;102;0.4819277;225;237.9314;1;1
37;1;1;0;0.5;37;102;0.5206612;236;236.8333;1;1
38;1;1;0;0.5;38;102;0.5122951;230;237.4412;1;1
39;1;1;0;0.5;39;103;0.4917355;228;237.6602;1;2
40;1;1;0;0.5;40;101;0.5377778;221;234.9703;1;0
41;1;1;0;0.5;41;101;0.4841629;253;235.4554;1;0
42;1;1;0;0.5;42;101;0.5347826;253;237.2277;1;0
43;1;1;0;0.5;43;101;0.5748988;229;236.7129;1;0
44;1;1;0;0.5;44;101;0.484252;257;239.0099;1;0
45;1;1;0;0.5;45;101;0.5431034;233;238.099;1;0
46;1;1;0;0.5;46;101;0.526971;255;236.6733;1;0
47;1;1;0;0.5;47;103;0.4894515;248;237.233;1;2
48;1;1;0;0.5;48;101;0.4440154;214;235.7525;1;0
49;1;1;0;0.5;49;101;0.480315;233;237.6634;1;0
50;1;1;0;0.5;50;102;0.4957265;226;235.5392;1;1
51;1;1;0;0.5;51;101;0.5060729;228;234.8812;1;0
52;1;1;0;0.5;52;101;0.558952;236;235.8218;1;0
53;1;1;0;0.5;53;103;0.4898785;241;236.301;1;2
54;1;1;0;0.5;54;101;0.53125;241;236.9208;1;0
55;1;1;0;0.5;55;103;0.5081301;221;239.699;1;2
56;1;1;0;0.5;56;101;0.5169492;239;236.3861;1;0
57;1;1;0;0.5;57;101;0.5429688;236;236.2673;1;0
58;1;1;0;0.5;58;102;0.4751131;247;237.3529;1;1
59;1;1;0;0.5;59;102;0.5021277;247;236.9902;1;1
60;1;1;0;0.5;60;101;0.5240175;211;236.0198;1;0
61;1;1;0;0.5;61;102;0.4177215;249;238.5196;1;1
62;1;1;0;0.5;62;106;0.5066079;247;236.6509;1;5
63;1;1;0;0.5;63;102;0.5321888;244;236.5196;1;1
64;1;1;0;0.5;64;103;0.5265306;245;236.7864;1;2
65;1;1;0;0.5;65;104;0.5064378;240;236.9808;1;3
66;1;1;0;0.5;66;103;0.4896266;235;235.9903;1;2
67;1;1;0;0.5;67;101;0.5045045;240;237.6634;1;0
68;1;1;0;0.5;68;102;0.4314516;233;237.5098;1;1
69;1;1;0;0.5;69;101;0.4635193;250;236.4752;1;0
70;1;1;0;0.5;70;101;0.4860558;237;236.8713;1;0
71;1;1;0;0.5;71;101;0.561086;224;235.495;1;0
72;1;1;0;0.5;72;104;0.4622222;214;237.0096;1;3
73;1;1;0;0.5;73;101;0.5622318;219;234.9505;1;0
74;1;1;0;0.5;74;101;0.4327731;237;236.6238;1;0
75;1;1;0;0.5;75;102;0.5630252;235;236.3725;1;1
76;1;1;0;0.5;76;102;0.4464286;243;236.951;1;1
77;1;1;0;0.5;77;105;0.4605809;214;234.2762;1;4
78;1;1;0;0.5;78;101;0.4891775;258;236.6634;1;0
79;1;1;0;0.5;79;101;0.5361702;237;239.2574;1;0
80;1;1;0;0.5;80;106;0.4937238;255;236.2642;1;5
81;1;1;0;0.5;81;101;0.5354331;240;236.3663;1;0
82;1;1;0;0.5;82;101;0.5248869;218;235.0297;1;0
83;1;1;0;0.5;83;101;0.5296804;240;236.5446;1;0
84;1;1;0;0.5;84;101;0.4912281;236;237.3861;1;0
85;1;1;0;0.5;85;101;0.5230126;243;238.4653;1;0
86;1;1;0;0.5;86;102;0.4805195;218;237.1667;1;1
87;1;1;0;0.5;87;102;0.4482759;249;237.7451;1;1
88;1;1;0;0.5;88;101;0.4715447;251;237.703;1;0
89;1;1;0;0.5;89;101;0.4708333;234;236.6733;1;0
90;1;1;0;0.5;90;101;0.4312796;249;237.6436;1;0
91;1;1;0;0.5;91;101;0.5327103;238;235.901;1;0
92;1;1;0;0.5;92;101;0.504386;236;235.9505;1;0
93;1;1;0;0.5;93;102;0.4666667;226;236.7157;1;1
94;1;1;0;0.5;94;101;0.4854772;237;237.3366;1;0
95;1;1;0;0.5;95;101;0.5215686;221;235.802;1;0
96;1;1;0;0.5;96;101;0.4663866;243;236.7624;1;0
97;1;1;0;0.5;97;101;0.5215311;256;235.4455;1;0
98;1;1;0;0.5;98;101;0.4555985;253;236.2574;1;0
99;1;1;0;0.5;99;102;0.5283843;249;234.7353;1;1
100;1;1;0;0.5;100;104;0.5222672;229;237.5096;1;3
101;2;3;0;0.5;1;101;0.4351464;230;237.2673;3;0
102;2;3;0;0.5;2;101;0.5258621;242;236.6535;3;0
103;2;3;0;0.5;3;101;0.5123967;237;236.9604;3;0
104;2;3;0;0.5;4;101;0.4911504;255;236.6733;3;0
105;2;3;0;0.5;5;102;0.487069;237;236.402;3;1
106;2;3;0;0.5;6;106;0.4517544;250;235.3962;3;5
107;2;3;0;0.5;7;102;0.4325397;240;237.2255;3;1
108;2;3;0;0.5;8;104;0.526087;225;234.875;3;3
109;2;3;0;0.5;9;101;0.5466667;239;236.1287;3;0
110;2;3;0;0.5;10;101;0.4903475;228;237.2376;3;0
111;2;3;0;0.5;11;101;0.5875;233;235.8515;3;0
112;2;3;0;0.5;12;103;0.5138889;252;236.233;3;2
113;2;3;0;0.5;13;102;0.4867257;240;237.0588;3;1
114;2;3;0;0.5;14;101;0.446281;244;235.3366;3;0
115;2;3;0;0.5;15;101;0.5138889;228;235.9901;3;0
116;2;3;0;0.5;16;105;0.4631148;234;236.0381;3;4
117;2;3;0;0.5;17;103;0.4908425;215;235.8738;3;2
118;2;3;0;0.5;18;102;0.4385965;234;236.3922;3;1
119;2;3;0;0.5;19;102;0.5428571;216;239.3235;3;1
120;2;3;0;0.5;20;101;0.460251;221;236.2376;3;0
121;2;3;0;0.5;21;101;0.5127119;221;236.9505;3;0
122;2;3;0;0.5;22;102;0.5195312;261;235.8627;3;1
123;2;3;0;0.5;23;101;0.5487805;209;237.9406;3;0
124;2;3;0;0.5;24;101;0.4889868;226;236.4653;3;0
125;2;3;0;0.5;25;101;0.4257028;229;236.8911;3;0
126;2;3;0;0.5;26;104;0.4913043;247;239.0288;3;3
127;2;3;0;0.5;27;101;0.5213675;228;235.8515;3;0
128;2;3;0;0.5;28;101;0.5220884;213;235.2772;3;0
129;2;3;0;0.5;29;103;0.5330396;225;239.0194;3;2
130;2;3;0;0.5;30;101;0.4570312;214;236.7129;3;0
131;2;3;0;0.5;31;101;0.4977974;233;239.8911;3;0
132;2;3;0;0.5;32;103;0.495283;255;236.7087;3;2
133;2;3;0;0.5;33;103;0.5363636;264;238.1068;3;2
134;2;3;0;0.5;34;101;0.4516129;242;237.9109;3;0
135;2;3;0;0.5;35;102;0.5123967;218;235.5196;3;1
136;2;3;0;0.5;36;103;0.5267857;235;237.6699;3;2
137;2;3;0;0.5;37;101;0.5970149;218;238.2475;3;0
138;2;3;0;0.5;38;101;0.536036;232;235.9604;3;0
139;2;3;0;0.5;39;102;0.5384615;249;236.0588;3;1
140;2;3;0;0.5;40;101;0.5321101;219;236.4851;3;0
141;2;3;0;0.5;41;102;0.5164319;224;236.3137;3;1
142;2;3;0;0.5;42;102;0.4780702;231;235.0098;3;1
143;2;3;0;0.5;43;102;0.4779116;204;235.8039;3;1
144;2;3;0;0.5;44;102;0.5099602;238;235.4706;3;1
145;2;3;0;0.5;45;101;0.5509259;275;236.7921;3;0
146;2;3;0;0.5;46;107;0.4892704;261;236.6449;3;6
147;2;3;0;0.5;47;101;0.5176471;218;236.6832;3;0
148;2;3;0;0.5;48;101;0.4823009;248;238.0594;3;0
149;2;3;0;0.5;49;101;0.5144231;240;236.6535;3;0
150;2;3;0;0.5;50;105;0.4884793;241;236.8571;3;4
151;2;3;0;0.5;51;108;0.4892704;231;238.6574;3;7
152;2;3;0;0.5;52;101;0.4823529;244;234.5347;3;0
153;2;3;0;0.5;53;101;0.4713656;253;238.9901;3;0
154;2;3;0;0.5;54;102;0.5381526;227;237.1667;3;1
155;2;3;0;0.5;55;101;0.4887892;238;237.1188;3;0
156;2;3;0;0.5;56;101;0.5150215;257;238.5446;3;0
157;2;3;0;0.5;57;102;0.5120968;258;235.6471;3;1
158;2;3;0;0.5;58;105;0.5433071;229;238.4571;3;4
159;2;3;0;0.5;59;102;0.513834;234;236.7157;3;1
160;2;3;0;0.5;60;105;0.4848485;216;234.8857;3;4
161;2;3;0;0.5;61;102;0.5086207;220;237.7745;3;1
162;2;3;0;0.5;62;101;0.4829268;254;235.3465;3;0
163;2;3;0;0.5;63;102;0.5420561;253;237.1863;3;1
164;2;3;0;0.5;64;101;0.5765766;250;236;3;0
165;2;3;0;0.5;65;101;0.4794521;251;238.5644;3;0
166;2;3;0;0.5;66;103;0.5419847;252;239.6699;3;2
167;2;3;0;0.5;67;107;0.4478764;235;238.7477;3;6
168;2;3;0;0.5;68;101;0.5247934;230;234.9901;3;0
169;2;3;0;0.5;69;101;0.4959677;228;236.396;3;0
170;2;3;0;0.5;70;101;0.5663717;263;237.5446;3;0
171;2;3;0;0.5;71;102;0.4897119;250;238;3;1
172;2;3;0;0.5;72;102;0.474359;233;237.4902;3;1
173;2;3;0;0.5;73;101;0.4396887;212;236.4554;3;0
174;2;3;0;0.5;74;101;0.4814815;231;238.1089;3;0
175;2;3;0;0.5;75;102;0.4955357;247;238.0882;3;1
176;2;3;0;0.5;76;101;0.5039062;242;235.099;3;0
177;2;3;0;0.5;77;102;0.4537445;248;235.951;3;1
178;2;3;0;0.5;78;101;0.5;250;238.7624;3;0
179;2;3;0;0.5;79;101;0.515748;223;236.7129;3;0
180;2;3;0;0.5;80;101;0.495283;227;239.5941;3;0
181;2;3;0;0.5;81;104;0.52;225;236.6635;3;3
182;2;3;0;0.5;82;102;0.4958333;231;236.2745;3;1
183;2;3;0;0.5;83;103;0.4642857;249;237.1748;3;2
184;2;3;0;0.5;84;102;0.4339623;242;237.6176;3;1
185;2;3;0;0.5;85;101;0.4537815;233;237.0396;3;0
186;2;3;0;0.5;86;101;0.5069767;250;235.7525;3;0
187;2;3;0;0.5;87;103;0.473913;225;237.466;3;2
188;2;3;0;0.5;88;105;0.4747082;238;235.7238;3;4
189;2;3;0;0.5;89;101;0.5022222;247;238.9307;3;0
190;2;3;0;0.5;90;101;0.5458167;239;237.2079;3;0
191;2;3;0;0.5;91;103;0.5244444;261;236.8641;3;2
192;2;3;0;0.5;92;102;0.4669261;254;237.0588;3;1
193;2;3;0;0.5;93;103;0.5252101;248;237.068;3;2
194;2;3;0;0.5;94;102;0.5840336;257;236.598;3;1
195;2;3;0;0.5;95;102;0.4405286;223;235.6275;3;1
196;2;3;0;0.5;96;101;0.4711111;235;237.5149;3;0
197;2;3;0;0.5;97;105;0.4892704;240;237.2476;3;4
198;2;3;0;0.5;98;104;0.5396226;217;236.9808;3;3
199;2;3;0;0.5;99;101;0.6017316;225;236.8515;3;0
200;2;3;0;0.5;100;102;0.4377682;248;237.8824;3;1
201;3;5;0;0.5;1;101;0.4956897;254;235.8911;5;0
202;3;5;0;0.5;2;103;0.5309735;261;236.068;5;2
203;3;5;0;0.5;3;102;0.5076923;236;238.4706;5;1
204;3;5;0;0.5;4;102;0.4886364;239;237.1373;5;1
205;3;5;0;0.5;5;105;0.4482759;254;236.4476;5;4
206;3;5;0;0.5;6;101;0.4766355;229;235.8119;5;0
207;3;5;0;0.5;7;101;0.4921875;238;237.8119;5;0
208;3;5;0;0.5;8;102;0.4511628;260;236.3922;5;1
209;3;5;0;0.5;9;103;0.5316456;218;237.6796;5;2
210;3;5;0;0.5;10;101;0.4681818;252;237.8317;5;0
211;3;5;0;0.5;11;102;0.4608696;247;236.7549;5;1
212;3;5;0;0.5;12;102;0.4915254;238;235.1373;5;1
213;3;5;0;0.5;13;101;0.4904943;215;235.1386;5;0
214;3;5;0;0.5;14;102;0.5159817;247;235.4902;5;1
215;3;5;0;0.5;15;101;0.5179856;221;237.297;5;0
216;3;5;0;0.5;16;101;0.5507812;235;236.9109;5;0
217;3;5;0;0.5;17;105;0.5022831;253;237.5619;5;4
218;3;5;0;0.5;18;103;0.4933921;244;237.0874;5;2
219;3;5;0;0.5;19;101;0.5211864;226;237.3366;5;0
220;3;5;0;0.5;20;102;0.4618321;217;238.3627;5;1
221;3;5;0;0.5;21;102;0.4900398;245;237.5588;5;1
222;3;5;0;0.5;22;102;0.4823009;256;235.5784;5;1
223;3;5;0;0.5;23;105;0.4112903;250;237.3714;5;4
224;3;5;0;0.5;24;103;0.5044643;243;236.8641;5;2
225;3;5;0;0.5;25;101;0.4956522;229;235.1881;5;0
226;3;5;0;0.5;26;101;0.4660633;236;237.5941;5;0
227;3;5;0;0.5;27;103;0.495935;237;236.1748;5;2
228;3;5;0;0.5;28;101;0.5423729;249;235.9901;5;0
229;3;5;0;0.5;29;103;0.5045045;222;236.7379;5;2
230;3;5;0;0.5;30;103;0.4896266;235;237.4078;5;2
231;3;5;0;0.5;31;102;0.5598291;239;237.451;5;1
232;3;5;0;0.5;32;102;0.5350877;251;236.6667;5;1
233;3;5;0;0.5;33;104;0.5474138;237;235.0192;5;3
234;3;5;0;0.5;34;101;0.4854772;245;237.198;5;0
235;3;5;0;0.5;35;102;0.4877049;255;237.4216;5;1
236;3;5;0;0.5;36;101;0.481982;256;236.7921;5;0
237;3;5;0;0.5;37;101;0.4752066;241;237.8218;5;0
238;3;5;0;0.5;38;103;0.5420168;232;238.1845;5;2
239;3;5;0;0.5;39;103;0.4612069;230;238.0485;5;2
240;3;5;0;0.5;40;102;0.4819277;213;236.1275;5;1
241;3;5;0;0.5;41;101;0.5057915;219;235.1485;5;0
242;3;5;0;0.5;42;102;0.4806202;246;237.6176;5;1
243;3;5;0;0.5;43;101;0.4529915;229;238.4356;5;0
244;3;5;0;0.5;44;103;0.4765625;227;236.2621;5;2
245;3;5;0;0.5;45;102;0.5316456;229;236.8529;5;1
246;3;5;0;0.5;46;102;0.4689922;200;235.5588;5;1
247;3;5;0;0.5;47;102;0.4811715;238;237.2255;5;1
248;3;5;0;0.5;48;102;0.4549763;257;235.5196;5;1
249;3;5;0;0.5;49;102;0.4481328;259;235.2941;5;1
250;3;5;0;0.5;50;101;0.507874;238;236.6436;5;0
251;3;5;0;0.5;51;101;0.5;249;236.1287;5;0
252;3;5;0;0.5;52;101;0.5313653;225;236.9703;5;0
253;3;5;0;0.5;53;101;0.5308057;235;237.6832;5;0
254;3;5;0;0.5;54;101;0.5209125;240;238.6535;5;0
255;3;5;0;0.5;55;101;0.4674797;242;236.5743;5;0
256;3;5;0;0.5;56;103;0.463964;236;235.8932;5;2
257;3;5;0;0.5;57;103;0.5619469;271;239.5243;5;2
258;3;5;0;0.5;58;104;0.4541833;210;235.4423;5;3
259;3;5;0;0.5;59;101;0.5169492;237;237.4653;5;0
260;3;5;0;0.5;60;101;0.476;223;238.9208;5;0
261;3;5;0;0.5;61;101;0.5067873;259;238.7327;5;0
262;3;5;0;0.5;62;101;0.4978723;247;237;5;0
263;3;5;0;0.5;63;101;0.5147059;262;236.6238;5;0
264;3;5;0;0.5;64;104;0.4424779;228;237.7788;5;3
265;3;5;0;0.5;65;106;0.4805195;231;237.5;5;5
266;3;5;0;0.5;66;106;0.5232068;223;237.7264;5;5
267;3;5;0;0.5;67;101;0.5404255;235;235.1287;5;0
268;3;5;0;0.5;68;102;0.526087;247;236.3627;5;1
269;3;5;0;0.5;69;107;0.4907407;251;237.6822;5;6
270;3;5;0;0.5;70;101;0.4916667;243;234.1584;5;0
271;3;5;0;0.5;71;104;0.5641026;220;236.5769;5;3
272;3;5;0;0.5;72;102;0.5443038;244;237.5882;5;1
273;3;5;0;0.5;73;102;0.5133929;244;236.8725;5;1
274;3;5;0;0.5;74;101;0.5173913;235;237.2673;5;0
275;3;5;0;0.5;75;101;0.4484305;256;234.0792;5;0
276;3;5;0;0.5;76;102;0.4780876;228;237.6373;5;1
277;3;5;0;0.5;77;101;0.5019305;226;238.3861;5;0
278;3;5;0;0.5;78;101;0.4813278;231;237.4257;5;0
279;3;5;0;0.5;79;102;0.5357143;244;237.598;5;1
280;3;5;0;0.5;80;103;0.5022422;244;236.7184;5;2
281;3;5;0;0.5;81;103;0.5057915;232;238.2718;5;2
282;3;5;0;0.5;82;104;0.5384615;225;235.3558;5;3
283;3;5;0;0.5;83;101;0.4920635;227;234.4059;5;0
284;3;5;0;0.5;84;103;0.4758364;224;235.9806;5;2
285;3;5;0;0.5;85;102;0.5669643;249;236.8333;5;1
286;3;5;0;0.5;86;105;0.4826087;257;236.019;5;4
287;3;5;0;0.5;87;103;0.5423729;225;236.699;5;2
288;3;5;0;0.5;88;102;0.4925373;262;236.9706;5;1
289;3;5;0;0.5;89;103;0.444898;238;234.7087;5;2
290;3;5;0;0.5;90;101;0.5207373;258;235.9604;5;0
291;3;5;0;0.5;91;101;0.4712644;226;237.5248;5;0
292;3;5;0;0.5;92;101;0.5595238;238;236.9208;5;0
293;3;5;0;0.5;93;105;0.4788732;250;237.1429;5;4
294;3;5;0;0.5;94;104;0.4791667;232;236.7885;5;3
295;3;5;0;0.5;95;103;0.5208333;215;239.7379;5;2
296;3;5;0;0.5;96;101;0.5021834;228;236.6535;5;0
297;3;5;0;0.5;97;101;0.4713115;240;236.9901;5;0
298;3;5;0;0.5;98;102;0.4938272;255;236.7353;5;1
299;3;5;0;0.5;99;102;0.5439331;247;234.6569;5;1
300;3;5;0;0.5;100;102;0.4674797;245;236.1765;5;1
301;4;7;0;0.5;1;101;0.5509259;228;237.1287;7;0
302;4;7;0;0.5;2;101;0.4814815;240;236.7525;7;0
303;4;7;0;0.5;3;102;0.5286344;214;236.1176;7;1
304;4;7;0;0.5;4;101;0.4553191;223;235.6634;7;0
305;4;7;0;0.5;5;102;0.4912281;247;235.7549;7;1
306;4;7;0;0.5;6;101;0.4268775;236;235.1881;7;0
307;4;7;0;0.5;7;103;0.4942529;232;235.5534;7;2
308;4;7;0;0.5;8;101;0.4439834;237;235.8218;7;0
309;4;7;0;0.5;9;101;0.5082645;219;235.7228;7;0
310;4;7;0;0.5;10;101;0.4960317;239;235.8119;7;0
311;4;7;0;0.5;11;103;0.5023474;241;236.1456;7;2
312;4;7;0;0.5;12;103;0.4855967;244;236.5728;7;2
313;4;7;0;0.5;13;102;0.5;223;237.0784;7;1
314;4;7;0;0.5;14;101;0.5135135;236;238.2574;7;0
315;4;7;0;0.5;15;101;0.4697674;252;237.6832;7;0
316;4;7;0;0.5;16;101;0.5060729;208;237.9307;7;0
317;4;7;0;0.5;17;103;0.5;238;236.0485;7;2
318;4;7;0;0.5;18;111;0.5144033;223;237.1351;7;10
319;4;7;0;0.5;19;101;0.525641;252;237.9802;7;0
320;4;7;0;0.5;20;101;0.4884793;236;236.6436;7;0
321;4;7;0;0.5;21;102;0.4375;237;236.8725;7;1
322;4;7;0;0.5;22;101;0.5404255;262;236.9307;7;0
323;4;7;0;0.5;23;102;0.5;228;235.0392;7;1
324;4;7;0;0.5;24;104;0.4763948;228;236.125;7;3
325;4;7;0;0.5;25;101;0.4822134;209;238.297;7;0
326;4;7;0;0.5;26;104;0.5265306;228;237.1731;7;3
327;4;7;0;0.5;27;101;0.5381166;249;235.9604;7;0
328;4;7;0;0.5;28;101;0.5;263;237.8812;7;0
329;4;7;0;0.5;29;103;0.5086957;234;235.8155;7;2
330;4;7;0;0.5;30;102;0.531746;213;234.8235;7;1
331;4;7;0;0.5;31;104;0.4757709;229;237.0865;7;3
332;4;7;0;0.5;32;101;0.5502008;214;236.9802;7;0
333;4;7;0;0.5;33;104;0.5102881;246;236.4423;7;3
334;4;7;0;0.5;34;103;0.5110132;253;236.6505;7;2
335;4;7;0;0.5;35;106;0.5037037;231;236.6792;7;5
336;4;7;0;0.5;36;102;0.4678899;254;239.0392;7;1
337;4;7;0;0.5;37;103;0.4868421;253;235.4272;7;2
338;4;7;0;0.5;38;104;0.4941176;232;239.2212;7;3
339;4;7;0;0.5;39;101;0.5597015;209;237.802;7;0
340;4;7;0;0.5;40;103;0.524;234;236.7087;7;2
341;4;7;0;0.5;41;101;0.4939759;221;237.0495;7;0
342;4;7;0;0.5;42;102;0.4920635;230;234.5196;7;1
343;4;7;0;0.5;43;101;0.5021097;231;237.396;7;0
344;4;7;0;0.5;44;102;0.502008;221;238.2255;7;1
345;4;7;0;0.5;45;101;0.5207373;232;237.1881;7;0
346;4;7;0;0.5;46;101;0.5;232;236.5446;7;0
347;4;7;0;0.5;47;104;0.4979424;233;235.6923;7;3
348;4;7;0;0.5;48;101;0.4837209;224;236.3762;7;0
349;4;7;0;0.5;49;103;0.4615385;229;237.6019;7;2
350;4;7;0;0.5;50;101;0.4088889;255;237.495;7;0
351;4;7;0;0.5;51;102;0.5720339;236;236.8824;7;1
352;4;7;0;0.5;52;103;0.4583333;237;236.4272;7;2
353;4;7;0;0.5;53;102;0.4493927;252;237.6667;7;1
354;4;7;0;0.5;54;102;0.4587156;231;236.5294;7;1
355;4;7;0;0.5;55;101;0.5246637;244;236.9406;7;0
356;4;7;0;0.5;56;102;0.4763948;225;235.8235;7;1
357;4;7;0;0.5;57;102;0.5223881;232;237.9118;7;1
358;4;7;0;0.5;58;103;0.4313725;230;236.7961;7;2
359;4;7;0;0.5;59;102;0.512931;227;237.0098;7;1
360;4;7;0;0.5;60;101;0.5117371;230;236.9901;7;0
361;4;7;0;0.5;61;101;0.5560166;243;238.1188;7;0
362;4;7;0;0.5;62;102;0.4728033;242;237.3529;7;1
363;4;7;0;0.5;63;102;0.486166;256;236.7353;7;1
364;4;7;0;0.5;64;101;0.4847162;219;237.4653;7;0
365;4;7;0;0.5;65;104;0.5146444;242;236.0385;7;3
366;4;7;0;0.5;66;102;0.5308642;238;237.2941;7;1
367;4;7;0;0.5;67;101;0.4779116;216;236.6733;7;0
368;4;7;0;0.5;68;103;0.5217391;230;238.2427;7;2
369;4;7;0;0.5;69;101;0.4779116;251;236.9901;7;0
370;4;7;0;0.5;70;101;0.5822222;251;237.0396;7;0
371;4;7;0;0.5;71;101;0.5021277;225;235.3564;7;0
372;4;7;0;0.5;72;101;0.4977778;240;237.802;7;0
373;4;7;0;0.5;73;101;0.5102041;251;236.5842;7;0
374;4;7;0;0.5;74;101;0.4748858;229;238.396;7;0
375;4;7;0;0.5;75;101;0.5286344;228;237.2079;7;0
376;4;7;0;0.5;76;103;0.5441176;246;236.5146;7;2
377;4;7;0;0.5;77;102;0.5378151;236;237.4608;7;1
378;4;7;0;0.5;78;103;0.4541833;232;236.4854;7;2
379;4;7;0;0.5;79;101;0.5193133;237;236.4851;7;0
380;4;7;0;0.5;80;103;0.5208333;249;235.2524;7;2
381;4;7;0;0.5;81;101;0.5047619;227;235.4554;7;0
382;4;7;0;0.5;82;103;0.5088496;224;235.6311;7;2
383;4;7;0;0.5;83;102;0.5252101;237;237.7941;7;1
384;4;7;0;0.5;84;101;0.4723404;253;235.9901;7;0
385;4;7;0;0.5;85;101;0.5302326;255;235.4257;7;0
386;4;7;0;0.5;86;102;0.476;255;237.7549;7;1
387;4;7;0;0.5;87;101;0.529148;239;237.9307;7;0
388;4;7;0;0.5;88;102;0.4517544;250;235.8235;7;1
389;4;7;0;0.5;89;102;0.4536082;255;235.6176;7;1
390;4;7;0;0.5;90;101;0.4954545;225;235.8614;7;0
391;4;7;0;0.5;91;101;0.4646018;257;237.8812;7;0
392;4;7;0;0.5;92;101;0.4976077;231;238.9307;7;0
393;4;7;0;0.5;93;101;0.516129;224;238.7525;7;0
394;4;7;0;0.5;94;103;0.5636364;247;237.165;7;2
395;4;7;0;0.5;95;103;0.4549356;241;238.2816;7;2
396;4;7;0;0.5;96;103;0.4933921;247;237.534;7;2
397;4;7;0;0.5;97;101;0.5;249;235.5743;7;0
398;4;7;0;0.5;98;103;0.4841629;241;235.8058;7;2
399;4;7;0;0.5;99;101;0.5247934;221;237.5941;7;0
400;4;7;0;0.5;100;102;0.5285714;233;237.598;7;1
401;5;9;0;0.5;1;103;0.4310345;237;237.2039;9;2
402;5;9;0;0.5;2;102;0.4956897;246;238.1176;9;1
403;5;9;0;0.5;3;102;0.5428571;229;236.4804;9;1
404;5;9;0;0.5;4;105;0.5166667;238;238.6571;9;4
405;5;9;0;0.5;5;101;0.4478764;211;236.5545;9;0
406;5;9;0;0.5;6;101;0.4979592;209;237.5743;9;0
407;5;9;0;0.5;7;102;0.5339367;254;237.2353;9;1
408;5;9;0;0.5;8;102;0.4605263;241;235.7059;9;1
409;5;9;0;0.5;9;103;0.5;233;235.8932;9;2
410;5;9;0;0.5;10;101;0.4415584;228;236.8218;9;0
411;5;9;0;0.5;11;101;0.4871795;221;234.6436;9;0
412;5;9;0;0.5;12;102;0.5407725;234;235.8725;9;1
413;5;9;0;0.5;13;102;0.4693878;226;236.5882;9;1
414;5;9;0;0.5;14;101;0.541502;227;238.604;9;0
415;5;9;0;0.5;15;101;0.493617;232;237.5743;9;0
416;5;9;0;0.5;16;101;0.476;221;236.3267;9;0
417;5;9;0;0.5;17;101;0.501992;216;234.7228;9;0
418;5;9;0;0.5;18;101;0.4754098;228;237.0099;9;0
419;5;9;0;0.5;19;102;0.468;242;237.4412;9;1
420;5;9;0;0.5;20;102;0.4780702;239;235.6176;9;1
421;5;9;0;0.5;21;102;0.5245902;216;236.7059;9;1
422;5;9;0;0.5;22;104;0.5101215;257;237.1827;9;3
423;5;9;0;0.5;23;101;0.4738956;241;236.3861;9;0
424;5;9;0;0.5;24;105;0.4923077;250;235.8;9;4
425;5;9;0;0.5;25;101;0.46875;221;236.7525;9;0
426;5;9;0;0.5;26;102;0.5131579;274;238.7745;9;1
427;5;9;0;0.5;27;104;0.482906;213;234.9135;9;3
428;5;9;0;0.5;28;103;0.4887892;258;237.7864;9;2
429;5;9;0;0.5;29;101;0.4824903;236;236.8515;9;0
430;5;9;0;0.5;30;101;0.4715447;217;236.1683;9;0
431;5;9;0;0.5;31;101;0.5302326;231;234.9802;9;0
432;5;9;0;0.5;32;101;0.5165289;240;237.9406;9;0
433;5;9;0;0.5;33;102;0.5131579;231;238.7745;9;1
434;5;9;0;0.5;34;102;0.508;222;235.8824;9;1
435;5;9;0;0.5;35;101;0.4979592;231;236.2772;9;0
436;5;9;0;0.5;36;101;0.4697674;251;237.8614;9;0
437;5;9;0;0.5;37;103;0.5889831;241;238.0777;9;2
438;5;9;0;0.5;38;103;0.5147679;230;234.8155;9;2
439;5;9;0;0.5;39;101;0.517094;235;236.7723;9;0
440;5;9;0;0.5;40;101;0.5020921;237;236.1683;9;0
441;5;9;0;0.5;41;104;0.5890909;231;234.6827;9;3
442;5;9;0;0.5;42;101;0.537037;234;236.802;9;0
443;5;9;0;0.5;43;101;0.5022831;241;238.3663;9;0
444;5;9;0;0.5;44;103;0.5021097;221;235.7573;9;2
445;5;9;0;0.5;45;101;0.5319149;207;234.9307;9;0
446;5;9;0;0.5;46;101;0.5217391;213;237.5248;9;0
447;5;9;0;0.5;47;103;0.5377778;234;237.1942;9;2
448;5;9;0;0.5;48;101;0.5314961;231;236.8218;9;0
449;5;9;0;0.5;49;101;0.526749;214;236.7624;9;0
450;5;9;0;0.5;50;101;0.4786325;237;237.1188;9;0
451;5;9;0;0.5;51;102;0.5080645;231;236.8824;9;1
452;5;9;0;0.5;52;101;0.5324675;230;235.8614;9;0
453;5;9;0;0.5;53;101;0.527897;247;236.3465;9;0
454;5;9;0;0.5;54;103;0.5069124;248;236.6699;9;2
455;5;9;0;0.5;55;103;0.4468085;226;238.1748;9;2
456;5;9;0;0.5;56;102;0.5185185;237;236.049;9;1
457;5;9;0;0.5;57;101;0.5086957;235;236.9109;9;0
458;5;9;0;0.5;58;101;0.5411255;242;236.8119;9;0
459;5;9;0;0.5;59;105;0.4851064;254;234.9429;9;4
460;5;9;0;0.5;60;104;0.5101215;220;237.6154;9;3
461;5;9;0;0.5;61;101;0.5021277;243;235.8614;9;0
462;5;9;0;0.5;62;101;0.4273504;221;235.7228;9;0
463;5;9;0;0.5;63;102;0.4954955;241;237.1765;9;1
464;5;9;0;0.5;64;105;0.526087;224;238.0857;9;4
465;5;9;0;0.5;65;101;0.5432692;238;237.7327;9;0
466;5;9;0;0.5;66;101;0.4612069;231;236.4653;9;0
467;5;9;0;0.5;67;101;0.487395;249;236.6931;9;0
468;5;9;0;0.5;68;101;0.5523013;240;237.0297;9;0
469;5;9;0;0.5;69;103;0.5;246;235.5534;9;2
470;5;9;0;0.5;70;101;0.5;229;235.7921;9;0
471;5;9;0;0.5;71;102;0.4444444;212;236.2745;9;1
472;5;9;0;0.5;72;101;0.5022624;248;238.396;9;0
473;5;9;0;0.5;73;105;0.5066079;257;238.1905;9;4
474;5;9;0;0.5;74;101;0.512;238;237.4752;9;0
475;5;9;0;0.5;75;104;0.5506608;249;238.0769;9;3
476;5;9;0;0.5;76;101;0.4847162;252;235.8317;9;0
477;5;9;0;0.5;77;101;0.488189;223;237.396;9;0
478;5;9;0;0.5;78;101;0.5189873;229;238.099;9;0
479;5;9;0;0.5;79;109;0.4978903;231;235.2569;9;8
480;5;9;0;0.5;80;101;0.5151515;231;236.3366;9;0
481;5;9;0;0.5;81;101;0.5021277;254;236.5446;9;0
482;5;9;0;0.5;82;101;0.5487805;222;236.8713;9;0
483;5;9;0;0.5;83;101;0.5;215;237.7723;9;0
484;5;9;0;0.5;84;103;0.5062762;240;237.8738;9;2
485;5;9;0;0.5;85;101;0.5301724;257;238.3267;9;0
486;5;9;0;0.5;86;106;0.4596774;243;238.9717;9;5
487;5;9;0;0.5;87;104;0.4875;259;237.9808;9;3
488;5;9;0;0.5;88;101;0.4598214;230;237.901;9;0
489;5;9;0;0.5;89;102;0.5021459;261;235.9608;9;1
490;5;9;0;0.5;90;102;0.481982;231;237.4412;9;1
491;5;9;0;0.5;91;102;0.5211268;253;236.6275;9;1
492;5;9;0;0.5;92;101;0.4678899;244;236.0891;9;0
493;5;9;0;0.5;93;101;0.5;225;237.6337;9;0
494;5;9;0;0.5;94;103;0.5185185;233;236.0485;9;2
495;5;9;0;0.5;95;102;0.5;254;237.8333;9;1
496;5;9;0;0.5;96;101;0.4695652;239;235.2673;9;0
497;5;9;0;0.5;97;102;0.5244444;250;235.451;9;1
498;5;9;0;0.5;98;102;0.5560345;261;236.9706;9;1
499;5;9;0;0.5;99;101;0.5229358;247;236.8614;9;0
500;5;9;0;0.5;100;102;0.5409091;242;237.3431;9;1
501;6;11;0;0.5;1;101;0.5536481;257;235.2772;11;0
502;6;11;0;0.5;2;104;0.5286885;220;235.4615;11;3
503;6;11;0;0.5;3;102;0.489899;252;237.3039;11;1
504;6;11;0;0.5;4;104;0.5506608;245;235.3077;11;3
505;6;11;0;0.5;5;102;0.513834;236;238.2843;11;1
506;6;11;0;0.5;6;101;0.4340426;239;236.5941;11;0
507;6;11;0;0.5;7;101;0.4977974;246;235.8218;11;0
508;6;11;0;0.5;8;102;0.5196507;240;236.9804;11;1
509;6;11;0;0.5;9;102;0.491453;225;236.1569;11;1
510;6;11;0;0.5;10;105;0.5369458;235;236.6286;11;4
511;6;11;0;0.5;11;101;0.4710744;211;237.5248;11;0
512;6;11;0;0.5;12;101;0.496063;219;236.9109;11;0
513;6;11;0;0.5;13;101;0.5288889;260;238.2871;11;0
514;6;11;0;0.5;14;103;0.5;224;236.8544;11;2
515;6;11;0;0.5;15;101;0.4979253;231;237;11;0
516;6;11;0;0.5;16;101;0.4937759;251;235.9505;11;0
517;6;11;0;0.5;17;101;0.4830189;209;235.0792;11;0
518;6;11;0;0.5;18;101;0.5082645;218;234.6733;11;0
519;6;11;0;0.5;19;102;0.4761905;277;234.7255;11;1
520;6;11;0;0.5;20;101;0.4953704;251;236.8317;11;0
521;6;11;0;0.5;21;103;0.4752066;231;237.8447;11;2
522;6;11;0;0.5;22;101;0.4903846;230;238.4752;11;0
523;6;11;0;0.5;23;102;0.4708171;221;236.7157;11;1
524;6;11;0;0.5;24;101;0.512605;249;238.901;11;0
525;6;11;0;0.5;25;102;0.4837398;222;234.4804;11;1
526;6;11;0;0.5;26;108;0.5303644;248;237.6204;11;7
527;6;11;0;0.5;27;101;0.5338645;227;237.2673;11;0
528;6;11;0;0.5;28;102;0.4823529;260;236.5;11;1
529;6;11;0;0.5;29;103;0.4136546;228;237.7087;11;2
530;6;11;0;0.5;30;101;0.4806867;218;236.505;11;0
531;6;11;0;0.5;31;104;0.5135135;259;237.7981;11;3
532;6;11;0;0.5;32;104;0.5114504;226;236.0962;11;3
533;6;11;0;0.5;33;102;0.443038;232;237.3922;11;1
534;6;11;0;0.5;34;102;0.4840183;254;236.0588;11;1
535;6;11;0;0.5;35;101;0.5;219;237.297;11;0
536;6;11;0;0.5;36;101;0.532;225;237.0099;11;0
537;6;11;0;0.5;37;101;0.5280374;228;235.7129;11;0
538;6;11;0;0.5;38;101;0.5062762;232;236.2574;11;0
539;6;11;0;0.5;39;101;0.5588235;265;236.505;11;0
540;6;11;0;0.5;40;102;0.454955;260;237.9706;11;1
541;6;11;0;0.5;41;102;0.4638298;246;236.5392;11;1
542;6;11;0;0.5;42;106;0.4684685;235;236.4811;11;5
543;6;11;0;0.5;43;104;0.486166;214;237.7692;11;3
544;6;11;0;0.5;44;101;0.5377778;260;238.901;11;0
545;6;11;0;0.5;45;102;0.5021834;247;233.8824;11;1
546;6;11;0;0.5;46;101;0.464684;227;236.3762;11;0
547;6;11;0;0.5;47;103;0.4736842;220;236.2136;11;2
548;6;11;0;0.5;48;101;0.4979253;225;238.4653;11;0
549;6;11;0;0.5;49;103;0.5084034;239;237.9709;11;2
550;6;11;0;0.5;50;101;0.5508475;248;238.2574;11;0
551;6;11;0;0.5;51;105;0.5236052;231;238.5524;11;4
552;6;11;0;0.5;52;103;0.5443548;234;236.8058;11;2
553;6;11;0;0.5;53;102;0.4957627;221;237.0686;11;1
554;6;11;0;0.5;54;101;0.5333333;237;236.5941;11;0
555;6;11;0;0.5;55;102;0.4510638;227;237.1667;11;1
556;6;11;0;0.5;56;101;0.4683544;231;236.4851;11;0
557;6;11;0;0.5;57;101;0.4727273;242;235.1089;11;0
558;6;11;0;0.5;58;102;0.4773663;262;238.6275;11;1
559;6;11;0;0.5;59;101;0.54;229;238.604;11;0
560;6;11;0;0.5;60;101;0.525641;233;238.8119;11;0
561;6;11;0;0.5;61;102;0.4921875;240;236.1078;11;1
562;6;11;0;0.5;62;101;0.5736434;233;236.2871;11;0
563;6;11;0;0.5;63;102;0.5244444;226;237.7255;11;1
564;6;11;0;0.5;64;102;0.4960317;253;236.3824;11;1
565;6;11;0;0.5;65;101;0.4795082;241;237.1584;11;0
566;6;11;0;0.5;66;102;0.4608696;249;234.3627;11;1
567;6;11;0;0.5;67;103;0.4501992;217;236.0777;11;2
568;6;11;0;0.5;68;102;0.4941176;232;236.4216;11;1
569;6;11;0;0.5;69;104;0.4394619;227;235.5481;11;3
570;6;11;0;0.5;70;103;0.5101215;232;237.9612;11;2
571;6;11;0;0.5;71;101;0.5042017;245;238.5743;11;0
572;6;11;0;0.5;72;102;0.5;244;237.5196;11;1
573;6;11;0;0.5;73;102;0.482906;238;237.5098;11;1
574;6;11;0;0.5;74;101;0.4484305;264;236.7228;11;0
575;6;11;0;0.5;75;101;0.4661017;237;236.1683;11;0
576;6;11;0;0.5;76;101;0.5418502;223;235.8515;11;0
577;6;11;0;0.5;77;101;0.5387931;257;236.9604;11;0
578;6;11;0;0.5;78;104;0.507177;266;237.8558;11;3
579;6;11;0;0.5;79;103;0.48;247;236.8155;11;2
580;6;11;0;0.5;80;105;0.5083333;240;237.5048;11;4
581;6;11;0;0.5;81;102;0.4867257;240;236.4118;11;1
582;6;11;0;0.5;82;103;0.4818182;242;238.5922;11;2
583;6;11;0;0.5;83;101;0.5020408;251;237.6832;11;0
584;6;11;0;0.5;84;101;0.4935065;235;236.8317;11;0
585;6;11;0;0.5;85;101;0.4835681;264;237.3168;11;0
586;6;11;0;0.5;86;103;0.4698276;247;236.5631;11;2
587;6;11;0;0.5;87;102;0.4934498;240;236.9706;11;1
588;6;11;0;0.5;88;101;0.4251208;229;237.1386;11;0
589;6;11;0;0.5;89;101;0.5344828;241;238.3168;11;0
590;6;11;0;0.5;90;102;0.4759825;234;237.4706;11;1
591;6;11;0;0.5;91;101;0.4747899;242;236.2475;11;0
592;6;11;0;0.5;92;101;0.5178571;230;235.4158;11;0
593;6;11;0;0.5;93;102;0.5168067;228;236.8333;11;1
594;6;11;0;0.5;94;101;0.512605;243;236.1881;11;0
595;6;11;0;0.5;95;103;0.4577778;280;237.7864;11;2
596;6;11;0;0.5;96;101;0.5167464;242;236.8515;11;0
597;6;11;0;0.5;97;103;0.4314516;231;236.4272;11;2
598;6;11;0;0.5;98;103;0.4940239;222;234.0194;11;2
599;6;11;0;0.5;99;101;0.5776892;251;237.9208;11;0
600;6;11;0;0.5;100;101;0.491453;235;237.1584;11;0
601;7;13;0;0.5;1;101;0.5288889;242;237.0891;13;0
602;7;13;0;0.5;2;101;0.4932735;241;237.2574;13;0
603;7;13;0;0.5;3;101;0.5355649;242;236.9406;13;0
604;7;13;0;0.5;4;101;0.4516129;229;235.8218;13;0
605;7;13;0;0.5;5;101;0.5351562;223;236.6832;13;0
606;7;13;0;0.5;6;101;0.4669604;250;240.0297;13;0
607;7;13;0;0.5;7;103;0.535;257;236.9709;13;2
608;7;13;0;0.5;8;101;0.5227273;273;239.1584;13;0
609;7;13;0;0.5;9;104;0.4291667;238;238.2019;13;3
610;7;13;0;0.5;10;101;0.495614;234;236.0297;13;0
611;7;13;0;0.5;11;101;0.5443038;246;240.901;13;0
612;7;13;0;0.5;12;102;0.4279661;212;236.902;13;1
613;7;13;0;0.5;13;102;0.4977974;261;237.1078;13;1
614;7;13;0;0.5;14;101;0.5021097;257;236.3564;13;0
615;7;13;0;0.5;15;102;0.4918033;237;237.9118;13;1
616;7;13;0;0.5;16;102;0.53125;225;236.0882;13;1
617;7;13;0;0.5;17;101;0.4538153;258;236.8515;13;0
618;7;13;0;0.5;18;101;0.5144033;222;236.5842;13;0
619;7;13;0;0.5;19;102;0.5652174;248;235.6176;13;1
620;7;13;0;0.5;20;101;0.5446009;252;236.2475;13;0
621;7;13;0;0.5;21;101;0.5232068;230;236.9901;13;0
622;7;13;0;0.5;22;101;0.4843049;219;236.7129;13;0
623;7;13;0;0.5;23;104;0.5403226;255;237.5;13;3
624;7;13;0;0.5;24;108;0.4266667;246;236.6759;13;7
625;7;13;0;0.5;25;102;0.4913793;253;236.1176;13;1
626;7;13;0;0.5;26;102;0.5301724;259;238.9118;13;1
627;7;13;0;0.5;27;102;0.5128205;225;236.3725;13;1
628;7;13;0;0.5;28;102;0.4834711;228;235.8922;13;1
629;7;13;0;0.5;29;101;0.5340909;246;236.0891;13;0
630;7;13;0;0.5;30;105;0.4663866;242;236.4571;13;4
631;7;13;0;0.5;31;103;0.4746544;240;235.4466;13;2
632;7;13;0;0.5;32;101;0.4831933;259;236.8218;13;0
633;7;13;0;0.5;33;102;0.5189873;243;237.3235;13;1
634;7;13;0;0.5;34;103;0.5205993;227;238.534;13;2
635;7;13;0;0.5;35;101;0.4672131;207;235.3267;13;0
636;7;13;0;0.5;36;102;0.5685484;221;237.0686;13;1
637;7;13;0;0.5;37;103;0.5375;243;236.6893;13;2
638;7;13;0;0.5;38;102;0.5737052;220;236.2059;13;1
639;7;13;0;0.5;39;104;0.4915966;250;239.5481;13;3
640;7;13;0;0.5;40;101;0.4932127;238;236.8911;13;0
641;7;13;0;0.5;41;102;0.4910714;211;237.8137;13;1
642;7;13;0;0.5;42;103;0.4823529;213;236.7087;13;2
643;7;13;0;0.5;43;101;0.4894515;248;237.2871;13;0
644;7;13;0;0.5;44;101;0.4576923;236;236.0297;13;0
645;7;13;0;0.5;45;101;0.5328185;223;236.1386;13;0
646;7;13;0;0.5;46;101;0.5236052;256;237.5842;13;0
647;7;13;0;0.5;47;103;0.5;225;237.0194;13;2
648;7;13;0;0.5;48;101;0.4471154;234;236.6436;13;0
649;7;13;0;0.5;49;101;0.534413;243;235.8713;13;0
650;7;13;0;0.5;50;102;0.4677419;245;236.3137;13;1
651;7;13;0;0.5;51;106;0.4867257;244;238.8396;13;5
652;7;13;0;0.5;52;101;0.4541485;232;236.5842;13;0
653;7;13;0;0.5;53;102;0.4688995;249;236.3529;13;1
654;7;13;0;0.5;54;101;0.5367965;243;237.6832;13;0
655;7;13;0;0.5;55;101;0.477551;239;236.7624;13;0
656;7;13;0;0.5;56;103;0.495935;234;236.6505;13;2
657;7;13;0;0.5;57;102;0.5189873;214;238.4118;13;1
658;7;13;0;0.5;58;101;0.4645669;222;235.8515;13;0
659;7;13;0;0.5;59;101;0.4593301;268;238.2178;13;0
660;7;13;0;0.5;60;101;0.4716157;231;237.1485;13;0
661;7;13;0;0.5;61;102;0.4941176;222;236.2941;13;1
662;7;13;0;0.5;62;101;0.5115385;268;237.9505;13;0
663;7;13;0;0.5;63;102;0.4956522;232;235.6863;13;1
664;7;13;0;0.5;64;102;0.4255319;225;237.3137;13;1
665;7;13;0;0.5;65;101;0.5021097;217;236.505;13;0
666;7;13;0;0.5;66;101;0.4869565;243;237.5446;13;0
667;7;13;0;0.5;67;101;0.4979424;255;236.2277;13;0
668;7;13;0;0.5;68;102;0.4732143;214;237.8529;13;1
669;7;13;0;0.5;69;103;0.4917355;223;236.5243;13;2
670;7;13;0;0.5;70;101;0.4875;237;237.2673;13;0
671;7;13;0;0.5;71;101;0.5020921;227;236.1881;13;0
672;7;13;0;0.5;72;103;0.4849785;228;237.4757;13;2
673;7;13;0;0.5;73;101;0.5041667;220;236.4653;13;0
674;7;13;0;0.5;74;101;0.5420168;228;236.6634;13;0
675;7;13;0;0.5;75;108;0.5068493;268;237.5278;13;7
676;7;13;0;0.5;76;102;0.4508929;245;236.7549;13;1
677;7;13;0;0.5;77;101;0.5309735;230;236.6337;13;0
678;7;13;0;0.5;78;101;0.5081967;223;236.9802;13;0
679;7;13;0;0.5;79;102;0.5101215;234;237.1471;13;1
680;7;13;0;0.5;80;101;0.4647303;220;235.802;13;0
681;7;13;0;0.5;81;101;0.536965;213;236.3762;13;0
682;7;13;0;0.5;82;105;0.5283019;238;236.9619;13;4
683;7;13;0;0.5;83;105;0.4939271;248;237.8286;13;4
684;7;13;0;0.5;84;101;0.5284553;236;235.6733;13;0
685;7;13;0;0.5;85;103;0.4754098;198;237.8641;13;2
686;7;13;0;0.5;86;101;0.4698795;254;235.1683;13;0
687;7;13;0;0.5;87;106;0.4747899;239;237.8396;13;5
688;7;13;0;0.5;88;102;0.4876033;249;237.0686;13;1
689;7;13;0;0.5;89;104;0.5311203;243;237.9904;13;3
690;7;13;0;0.5;90;101;0.4805195;238;238.198;13;0
691;7;13;0;0.5;91;101;0.4827586;227;237.4653;13;0
692;7;13;0;0.5;92;101;0.4752066;235;235.0099;13;0
693;7;13;0;0.5;93;101;0.4932735;243;236.297;13;0
694;7;13;0;0.5;94;101;0.4698795;237;234.0891;13;0
695;7;13;0;0.5;95;102;0.5;231;236.7941;13;1
696;7;13;0;0.5;96;102;0.464;237;238.1667;13;1
697;7;13;0;0.5;97;101;0.5057471;228;237.6535;13;0
698;7;13;0;0.5;98;107;0.4952381;249;236.0093;13;6
699;7;13;0;0.5;99;103;0.5232975;228;237.4078;13;2
700;7;13;0;0.5;100;101;0.4635193;224;236.5941;13;0
701;8;15;0;0.5;1;101;0.5669291;230;236.1782;15;0
702;8;15;0;0.5;2;101;0.5355805;229;238.0198;15;0
703;8;15;0;0.5;3;102;0.5084034;233;237.2353;15;1
704;8;15;0;0.5;4;101;0.495614;244;236.9604;15;0
705;8;15;0;0.5;5;103;0.4774775;255;237.068;15;2
706;8;15;0;0.5;6;103;0.537037;238;237.1165;15;2
707;8;15;0;0.5;7;101;0.4434389;266;238.2079;15;0
708;8;15;0;0.5;8;101;0.4887892;231;237.1584;15;0
709;8;15;0;0.5;9;101;0.48;213;237.802;15;0
710;8;15;0;0.5;10;101;0.4837398;195;236.9406;15;0
711;8;15;0;0.5;11;101;0.4652174;243;237.3663;15;0
712;8;15;0;0.5;12;101;0.5551181;257;236.7327;15;0
713;8;15;0;0.5;13;101;0.5;249;235.3663;15;0
714;8;15;0;0.5;14;105;0.5284553;239;237.4571;15;4
715;8;15;0;0.5;15;101;0.5;230;235.8218;15;0
716;8;15;0;0.5;16;102;0.5669643;258;237.8333;15;1
717;8;15;0;0.5;17;104;0.4545455;242;237.9615;15;3
718;8;15;0;0.5;18;107;0.5;254;237.243;15;6
719;8;15;0;0.5;19;103;0.5401786;244;236.0971;15;2
720;8;15;0;0.5;20;103;0.5598456;230;235.4951;15;2
721;8;15;0;0.5;21;101;0.5065502;246;234.9406;15;0
722;8;15;0;0.5;22;103;0.4642857;224;236.466;15;2
723;8;15;0;0.5;23;101;0.496;229;237.4554;15;0
724;8;15;0;0.5;24;101;0.5625;219;236.4356;15;0
725;8;15;0;0.5;25;103;0.4877049;228;237.0485;15;2
726;8;15;0;0.5;26;101;0.5625;249;237.8911;15;0
727;8;15;0;0.5;27;101;0.5154185;259;235.1683;15;0
728;8;15;0;0.5;28;107;0.4388186;242;238.4486;15;6
729;8;15;0;0.5;29;101;0.4487179;238;236.1287;15;0
730;8;15;0;0.5;30;101;0.531746;220;236.5644;15;0
731;8;15;0;0.5;31;103;0.4857143;232;235.932;15;2
732;8;15;0;0.5;32;101;0.5023923;241;236.7228;15;0
733;8;15;0;0.5;33;101;0.4866071;237;235.9802;15;0
734;8;15;0;0.5;34;105;0.4736842;254;237.6381;15;4
735;8;15;0;0.5;35;101;0.5;211;236.9802;15;0
736;8;15;0;0.5;36;109;0.5;250;236.9541;15;8
737;8;15;0;0.5;37;105;0.4779116;239;237.4762;15;4
738;8;15;0;0.5;38;107;0.4692982;245;237.2804;15;6
739;8;15;0;0.5;39;105;0.4769231;227;234.4571;15;4
740;8;15;0;0.5;40;102;0.5286885;247;236.1078;15;1
741;8;15;0;0.5;41;102;0.5042017;229;235.2843;15;1
742;8;15;0;0.5;42;102;0.5220884;216;237.9314;15;1
743;8;15;0;0.5;43;101;0.5189873;240;238.0594;15;0
744;8;15;0;0.5;44;101;0.4672131;226;235.9208;15;0
745;8;15;0;0.5;45;102;0.4421488;225;235.5784;15;1
746;8;15;0;0.5;46;103;0.4590909;249;237.5728;15;2
747;8;15;0;0.5;47;102;0.44;239;236.2059;15;1
748;8;15;0;0.5;48;102;0.4465116;229;237.5686;15;1
749;8;15;0;0.5;49;101;0.4460094;236;235.0891;15;0
750;8;15;0;0.5;50;101;0.4563107;239;237.4752;15;0
751;8;15;0;0.5;51;104;0.473913;196;235.6154;15;3
752;8;15;0;0.5;52;106;0.5179283;241;238.4434;15;5
753;8;15;0;0.5;53;101;0.5373832;246;236.4059;15;0
754;8;15;0;0.5;54;101;0.5665236;221;236.3861;15;0
755;8;15;0;0.5;55;101;0.4598214;228;238.099;15;0
756;8;15;0;0.5;56;101;0.5;237;235.0396;15;0
757;8;15;0;0.5;57;104;0.4232558;248;237.3654;15;3
758;8;15;0;0.5;58;101;0.5;232;236.703;15;0
759;8;15;0;0.5;59;101;0.452;238;235.6634;15;0
760;8;15;0;0.5;60;101;0.4868421;253;238.4455;15;0
761;8;15;0;0.5;61;104;0.5198413;243;236;15;3
762;8;15;0;0.5;62;103;0.5446809;243;236.8058;15;2
763;8;15;0;0.5;63;101;0.4897119;218;237.1584;15;0
764;8;15;0;0.5;64;101;0.4808511;221;238.5842;15;0
765;8;15;0;0.5;65;101;0.4977974;229;236.6238;15;0
766;8;15;0;0.5;66;101;0.510917;213;236.7822;15;0
767;8;15;0;0.5;67;101;0.562753;218;236.604;15;0
768;8;15;0;0.5;68;106;0.5183673;240;234.4057;15;5
769;8;15;0;0.5;69;101;0.5103734;257;238.6931;15;0
770;8;15;0;0.5;70;101;0.4710425;230;237.9109;15;0
771;8;15;0;0.5;71;101;0.4836066;243;239.0198;15;0
772;8;15;0;0.5;72;101;0.4652174;242;237.3366;15;0
773;8;15;0;0.5;73;101;0.4864865;248;235.5842;15;0
774;8;15;0;0.5;74;101;0.4155251;240;235.604;15;0
775;8;15;0;0.5;75;101;0.5301205;233;236.3564;15;0
776;8;15;0;0.5;76;101;0.452381;229;235.1386;15;0
777;8;15;0;0.5;77;101;0.5092251;221;237.2673;15;0
778;8;15;0;0.5;78;103;0.5069124;254;235.0097;15;2
779;8;15;0;0.5;79;102;0.4935065;244;239.0196;15;1
780;8;15;0;0.5;80;102;0.5551331;224;236.9118;15;1
781;8;15;0;0.5;81;101;0.5165289;242;237.6238;15;0
782;8;15;0;0.5;82;104;0.5018587;238;234.8173;15;3
783;8;15;0;0.5;83;101;0.5023256;236;237.505;15;0
784;8;15;0;0.5;84;101;0.4734694;266;236.2277;15;0
785;8;15;0;0.5;85;103;0.5458937;252;235.5728;15;2
786;8;15;0;0.5;86;102;0.5043103;249;235.6961;15;1
787;8;15;0;0.5;87;102;0.5127119;231;238.4902;15;1
788;8;15;0;0.5;88;101;0.4981818;212;237.1881;15;0
789;8;15;0;0.5;89;102;0.5412844;242;236.8725;15;1
790;8;15;0;0.5;90;104;0.5438596;248;238.1923;15;3
791;8;15;0;0.5;91;104;0.5532787;230;236.7212;15;3
792;8;15;0;0.5;92;101;0.5288889;240;236.5545;15;0
793;8;15;0;0.5;93;101;0.4787645;251;237.099;15;0
794;8;15;0;0.5;94;101;0.4935622;246;236.0198;15;0
795;8;15;0;0.5;95;101;0.5158371;256;237.9307;15;0
796;8;15;0;0.5;96;103;0.4645669;227;238.5534;15;2
797;8;15;0;0.5;97;101;0.527897;233;236.2475;15;0
798;8;15;0;0.5;98;101;0.5117188;235;236.0693;15;0
799;8;15;0;0.5;99;101;0.5;252;236.0396;15;0
800;8;15;0;0.5;100;101;0.4979592;236;237.1386;15;0
801;9;17;0;0.5;1;101;0.4826255;225;235.7327;17;0
802;9;17;0;0.5;2;104;0.4254386;233;236.2404;17;3
803;9;17;0;0.5;3;101;0.4891775;249;237.3861;17;0
804;9;17;0;0.5;4;101;0.4954545;234;235.703;17;0
805;9;17;0;0.5;5;101;0.4728033;241;237.1485;17;0
806;9;17;0;0.5;6;102;0.4871795;244;236.549;17;1
807;9;17;0;0.5;7;101;0.5183486;255;237.1089;17;0
808;9;17;0;0.5;8;101;0.4661355;249;236.7129;17;0
809;9;17;0;0.5;9;101;0.507109;242;236.8218;17;0
810;9;17;0;0.5;10;102;0.4723404;242;238;17;1
811;9;17;0;0.5;11;105;0.4979757;237;237.0476;17;4
812;9;17;0;0.5;12;101;0.4481328;235;234.1584;17;0
813;9;17;0;0.5;13;102;0.5189873;251;238.5294;17;1
814;9;17;0;0.5;14;101;0.5022624;264;237.8911;17;0
815;9;17;0;0.5;15;102;0.4581673;217;235.0098;17;1
816;9;17;0;0.5;16;106;0.4485597;235;236.8585;17;5
817;9;17;0;0.5;17;104;0.5368852;244;236.9519;17;3
818;9;17;0;0.5;18;103;0.5246637;228;238.1068;17;2
819;9;17;0;0.5;19;101;0.5254902;225;238.4257;17;0
820;9;17;0;0.5;20;101;0.4810127;207;234.703;17;0
821;9;17;0;0.5;21;103;0.5082645;228;237.5243;17;2
822;9;17;0;0.5;22;102;0.4674797;247;236.3627;17;1
823;9;17;0;0.5;23;101;0.527897;241;236.4455;17;0
824;9;17;0;0.5;24;101;0.4959016;234;237.7426;17;0
825;9;17;0;0.5;25;101;0.4887218;237;239.3267;17;0
826;9;17;0;0.5;26;101;0.4957983;252;237.7624;17;0
827;9;17;0;0.5;27;102;0.5671642;213;237.5;17;1
828;9;17;0;0.5;28;101;0.5137255;235;237.7426;17;0
829;9;17;0;0.5;29;101;0.4892704;263;237.3267;17;0
830;9;17;0;0.5;30;103;0.4791667;246;237.7379;17;2
831;9;17;0;0.5;31;101;0.4913043;223;235.7327;17;0
832;9;17;0;0.5;32;101;0.5530973;222;238.9505;17;0
833;9;17;0;0.5;33;101;0.5106383;256;237.9901;17;0
834;9;17;0;0.5;34;104;0.475;241;235.9135;17;3
835;9;17;0;0.5;35;102;0.4916667;261;238.3725;17;1
836;9;17;0;0.5;36;101;0.4728033;252;237.5644;17;0
837;9;17;0;0.5;37;102;0.5112108;238;235.8431;17;1
838;9;17;0;0.5;38;106;0.5234043;232;238.0283;17;5
839;9;17;0;0.5;39;101;0.4826255;213;237.6931;17;0
840;9;17;0;0.5;40;101;0.52;226;237.5743;17;0
841;9;17;0;0.5;41;101;0.4655172;229;235.8416;17;0
842;9;17;0;0.5;42;103;0.5258621;232;236.3786;17;2
843;9;17;0;0.5;43;105;0.4861111;229;237.3333;17;4
844;9;17;0;0.5;44;101;0.4848485;227;237.6733;17;0
845;9;17;0;0.5;45;105;0.4560669;217;236.6667;17;4
846;9;17;0;0.5;46;102;0.4506438;237;234.8824;17;1
847;9;17;0;0.5;47;102;0.4641148;250;239.598;17;1
848;9;17;0;0.5;48;104;0.4844444;263;237.4231;17;3
849;9;17;0;0.5;49;102;0.4708333;251;237.6471;17;1
850;9;17;0;0.5;50;102;0.5381526;208;236.4706;17;1
851;9;17;0;0.5;51;104;0.4847162;220;235.8558;17;3
852;9;17;0;0.5;52;103;0.4818182;242;234.9126;17;2
853;9;17;0;0.5;53;108;0.5082645;241;236.8519;17;7
854;9;17;0;0.5;54;101;0.5150215;232;237.5347;17;0
855;9;17;0;0.5;55;103;0.4892704;234;233.6602;17;2
856;9;17;0;0.5;56;102;0.5263158;243;237.7353;17;1
857;9;17;0;0.5;57;101;0.4605263;240;237.1584;17;0
858;9;17;0;0.5;58;101;0.4718615;234;235.2376;17;0
859;9;17;0;0.5;59;101;0.5104603;260;234.7426;17;0
860;9;17;0;0.5;60;101;0.5127119;238;236.3366;17;0
861;9;17;0;0.5;61;101;0.5101215;253;236.7426;17;0
862;9;17;0;0.5;62;101;0.5042373;248;237.0495;17;0
863;9;17;0;0.5;63;101;0.5318182;250;237.6535;17;0
864;9;17;0;0.5;64;101;0.5087719;249;235.6733;17;0
865;9;17;0;0.5;65;101;0.4727273;263;235.505;17;0
866;9;17;0;0.5;66;102;0.4481328;266;236.7647;17;1
867;9;17;0;0.5;67;101;0.5511111;263;236;17;0
868;9;17;0;0.5;68;101;0.4827586;231;234.901;17;0
869;9;17;0;0.5;69;103;0.4574899;213;235.8738;17;2
870;9;17;0;0.5;70;102;0.5285714;272;236.9314;17;1
871;9;17;0;0.5;71;104;0.512;231;237.4615;17;3
872;9;17;0;0.5;72;102;0.4658635;226;236.6373;17;1
873;9;17;0;0.5;73;101;0.5084746;241;236.8119;17;0
874;9;17;0;0.5;74;101;0.5321101;244;238.2079;17;0
875;9;17;0;0.5;75;102;0.4496124;244;238.1275;17;1
876;9;17;0;0.5;76;102;0.4808511;240;235.5;17;1
877;9;17;0;0.5;77;102;0.5067873;234;237.549;17;1
878;9;17;0;0.5;78;103;0.4261603;230;237.2136;17;2
879;9;17;0;0.5;79;102;0.4493392;240;235.4412;17;1
880;9;17;0;0.5;80;101;0.4903475;219;236.9208;17;0
881;9;17;0;0.5;81;103;0.498008;246;236.0291;17;2
882;9;17;0;0.5;82;102;0.4362934;210;236.8333;17;1
883;9;17;0;0.5;83;103;0.4773663;252;234.6214;17;2
884;9;17;0;0.5;84;102;0.4852321;230;236.7353;17;1
885;9;17;0;0.5;85;101;0.4637097;232;238.0693;17;0
886;9;17;0;0.5;86;101;0.4663677;246;235.6931;17;0
887;9;17;0;0.5;87;101;0.455814;253;234.505;17;0
888;9;17;0;0.5;88;101;0.5181818;249;238.802;17;0
889;9;17;0;0.5;89;101;0.4633028;255;236.9505;17;0
890;9;17;0;0.5;90;101;0.4977974;234;236.7327;17;0
891;9;17;0;0.5;91;101;0.5643154;239;237.604;17;0
892;9;17;0;0.5;92;101;0.5403226;215;237.4752;17;0
893;9;17;0;0.5;93;102;0.4823009;257;235.9412;17;1
894;9;17;0;0.5;94;101;0.5286344;235;239.0495;17;0
895;9;17;0;0.5;95;101;0.47343;243;236.3861;17;0
896;9;17;0;0.5;96;105;0.5040323;234;236.6857;17;4
897;9;17;0;0.5;97;103;0.4565217;237;237;17;2
898;9;17;0;0.5;98;101;0.4757709;247;236.4257;17;0
899;9;17;0;0.5;99;101;0.4761905;242;235.8119;17;0
900;9;17;0;0.5;100;101;0.4588235;208;237.3069;17;0
901;10;19;0;0.5;1;101;0.4183267;232;237.0198;19;0
902;10;19;0;0.5;2;103;0.5022422;252;240.9417;19;2
903;10;19;0;0.5;3;102;0.535865;222;237.9314;19;1
904;10;19;0;0.5;4;101;0.4660633;252;234.901;19;0
905;10;19;0;0.5;5;101;0.4530612;237;237.0792;19;0
906;10;19;0;0.5;6;101;0.5411765;241;237.5149;19;0
907;10;19;0;0.5;7;101;0.5423729;237;237.2079;19;0
908;10;19;0;0.5;8;102;0.5416667;250;237.9314;19;1
909;10;19;0;0.5;9;101;0.539823;248;234.5941;19;0
910;10;19;0;0.5;10;102;0.5044248;237;235.7941;19;1
911;10;19;0;0.5;11;103;0.4625;221;236.7184;19;2
912;10;19;0;0.5;12;101;0.5442478;220;236.6733;19;0
913;10;19;0;0.5;13;104;0.4785992;211;236.9615;19;3
914;10;19;0;0.5;14;101;0.5045045;230;237.3762;19;0
915;10;19;0;0.5;15;102;0.4755556;244;235.1471;19;1
916;10;19;0;0.5;16;101;0.4594595;206;237.4158;19;0
917;10;19;0;0.5;17;101;0.4186047;237;235.604;19;0
918;10;19;0;0.5;18;101;0.4705882;247;237.1287;19;0
919;10;19;0;0.5;19;106;0.5;237;237.2453;19;5
920;10;19;0;0.5;20;102;0.5322581;219;237.5392;19;1
921;10;19;0;0.5;21;101;0.4705882;229;236.6931;19;0
922;10;19;0;0.5;22;101;0.5339367;237;236.7426;19;0
923;10;19;0;0.5;23;102;0.5110132;223;236.5;19;1
924;10;19;0;0.5;24;101;0.5863454;222;237.0693;19;0
925;10;19;0;0.5;25;102;0.5294118;243;236.9314;19;1
926;10;19;0;0.5;26;101;0.5230126;212;234.8416;19;0
927;10;19;0;0.5;27;102;0.4574899;244;237.4412;19;1
928;10;19;0;0.5;28;101;0.5327511;248;236.6634;19;0
929;10;19;0;0.5;29;101;0.4475806;255;235.7327;19;0
930;10;19;0;0.5;30;101;0.4883721;257;236.3861;19;0
931;10;19;0;0.5;31;102;0.4298246;239;236.9118;19;1
932;10;19;0;0.5;32;103;0.5338645;241;234.3689;19;2
933;10;19;0;0.5;33;102;0.4393305;251;235.7059;19;1
934;10;19;0;0.5;34;101;0.516;230;236.8812;19;0
935;10;19;0;0.5;35;101;0.472973;261;237.396;19;0
936;10;19;0;0.5;36;101;0.4740741;221;236.9901;19;0
937;10;19;0;0.5;37;102;0.4859438;220;236.5196;19;1
938;10;19;0;0.5;38;101;0.4732143;238;235.1584;19;0
939;10;19;0;0.5;39;101;0.5508475;229;236.4554;19;0
940;10;19;0;0.5;40;101;0.5099602;232;238.6931;19;0
941;10;19;0;0.5;41;104;0.5219298;249;235.5481;19;3
942;10;19;0;0.5;42;102;0.4915254;230;236.1569;19;1
943;10;19;0;0.5;43;101;0.4683544;221;236.4554;19;0
944;10;19;0;0.5;44;101;0.5330579;252;238;19;0
945;10;19;0;0.5;45;102;0.5061224;242;235.7059;19;1
946;10;19;0;0.5;46;101;0.5761317;244;238.2277;19;0
947;10;19;0;0.5;47;101;0.4504505;246;236.505;19;0
948;10;19;0;0.5;48;101;0.4795082;223;235.7327;19;0
949;10;19;0;0.5;49;103;0.5;223;237.1845;19;2
950;10;19;0;0.5;50;101;0.5433071;223;238.2574;19;0
951;10;19;0;0.5;51;104;0.5384615;252;236.7115;19;3
952;10;19;0;0.5;52;103;0.5040984;220;237.767;19;2
953;10;19;0;0.5;53;101;0.4722222;233;235.4257;19;0
954;10;19;0;0.5;54;106;0.5248869;230;236.9717;19;5
955;10;19;0;0.5;55;103;0.497992;241;236.2039;19;2
956;10;19;0;0.5;56;101;0.4541485;241;235.6733;19;0
957;10;19;0;0.5;57;105;0.4826255;236;238.6476;19;4
958;10;19;0;0.5;58;103;0.4678112;231;237.9709;19;2
959;10;19;0;0.5;59;103;0.4935065;233;236.2816;19;2
960;10;19;0;0.5;60;101;0.5018868;263;237.8317;19;0
961;10;19;0;0.5;61;102;0.4420601;249;236.7745;19;1
962;10;19;0;0.5;62;103;0.5133929;237;238.1068;19;2
963;10;19;0;0.5;63;101;0.5169492;222;235.604;19;0
964;10;19;0;0.5;64;101;0.4583333;245;236.5347;19;0
965;10;19;0;0.5;65;102;0.5;238;236.5392;19;1
966;10;19;0;0.5;66;101;0.4645669;237;237.0693;19;0
967;10;19;0;0.5;67;101;0.4917355;256;236.1386;19;0
968;10;19;0;0.5;68;103;0.4918699;229;237.5922;19;2
969;10;19;0;0.5;69;104;0.4497817;221;236.4423;19;3
970;10;19;0;0.5;70;106;0.5226337;222;237.1038;19;5
971;10;19;0;0.5;71;101;0.4921875;238;237.8812;19;0
972;10;19;0;0.5;72;101;0.5165877;238;234.8515;19;0
973;10;19;0;0.5;73;102;0.5105485;253;238.4314;19;1
974;10;19;0;0.5;74;101;0.4669421;227;235.7327;19;0
975;10;19;0;0.5;75;103;0.5;214;237.0874;19;2
976;10;19;0;0.5;76;103;0.5384615;251;237.0583;19;2
977;10;19;0;0.5;77;101;0.5230126;231;235.9703;19;0
978;10;19;0;0.5;78;103;0.5021459;234;234.8252;19;2
979;10;19;0;0.5;79;101;0.4495798;242;238.2178;19;0
980;10;19;0;0.5;80;103;0.5434783;245;237.8835;19;2
981;10;19;0;0.5;81;101;0.4769231;218;237.7624;19;0
982;10;19;0;0.5;82;101;0.5530973;232;237.9604;19;0
983;10;19;0;0.5;83;101;0.5423729;222;235.6931;19;0
984;10;19;0;0.5;84;102;0.5384615;242;236.2157;19;1
985;10;19;0;0.5;85;105;0.4851064;257;236.5143;19;4
986;10;19;0;0.5;86;101;0.4703704;232;236.6832;19;0
987;10;19;0;0.5;87;104;0.4612069;254;237.4423;19;3
988;10;19;0;0.5;88;101;0.4806867;243;237.9406;19;0
989;10;19;0;0.5;89;101;0.5240175;240;235.0198;19;0
990;10;19;0;0.5;90;103;0.5061728;219;235.9515;19;2
991;10;19;0;0.5;91;102;0.5347826;224;238.7353;19;1
992;10;19;0;0.5;92;101;0.4817814;236;236.0198;19;0
993;10;19;0;0.5;93;101;0.5208333;265;238.0792;19;0
994;10;19;0;0.5;94;101;0.4891775;253;236.1683;19;0
995;10;19;0;0.5;95;101;0.5101215;237;238.3366;19;0
996;10;19;0;0.5;96;103;0.5491803;229;236;19;2
997;10;19;0;0.5;97;102;0.5206612;255;237.8922;19;1
998;10;19;0;0.5;98;103;0.4859438;236;236.4369;19;2
999;10;19;0;0.5;99;101;0.4956522;223;235.099;19;0
1000;10;19;0;0.5;100;101;0.5535714;241;237.3168;19;0
1001;11;21;0;0.5;1;102;0.4649123;233;235.8431;21;1
1002;11;21;0;0.5;2;101;0.4908257;221;236.901;21;0
1003;11;21;0;0.5;3;107;0.5086957;234;235.3925;21;6
1004;11;21;0;0.5;4;101;0.5191489;223;237.6337;21;0
1005;11;21;0;0.5;5;102;0.4811715;220;236.4216;21;1
1006;11;21;0;0.5;6;105;0.5245902;236;235.981;21;4
1007;11;21;0;0.5;7;101;0.5102881;225;239.4752;21;0
1008;11;21;0;0.5;8;102;0.4917355;241;237.5588;21;1
1009;11;21;0;0.5;9;101;0.4960938;240;235.8218;21;0
1010;11;21;0;0.5;10;101;0.5233645;250;237.0891;21;0
1011;11;21;0;0.5;11;101;0.5696721;235;239.0297;21;0
1012;11;21;0;0.5;12;101;0.5234043;224;234.5248;21;0
1013;11;21;0;0.5;13;102;0.4738956;245;236.1078;21;1
1014;11;21;0;0.5;14;103;0.5043103;251;234.0485;21;2
1015;11;21;0;0.5;15;104;0.477551;217;234.6154;21;3
1016;11;21;0;0.5;16;105;0.547619;257;235.4476;21;4
1017;11;21;0;0.5;17;102;0.5;216;235.5196;21;1
1018;11;21;0;0.5;18;101;0.5151515;246;237.0198;21;0
1019;11;21;0;0.5;19;101;0.5367965;235;236.3267;21;0
1020;11;21;0;0.5;20;101;0.5473251;244;237.8317;21;0
1021;11;21;0;0.5;21;101;0.5291829;232;236.396;21;0
1022;11;21;0;0.5;22;105;0.4888889;246;236.6952;21;4
1023;11;21;0;0.5;23;101;0.4743083;210;236.802;21;0
1024;11;21;0;0.5;24;101;0.4618644;233;235.9703;21;0
1025;11;21;0;0.5;25;103;0.5061728;209;237.2136;21;2
1026;11;21;0;0.5;26;105;0.5180723;217;236.2286;21;4
1027;11;21;0;0.5;27;101;0.4872881;234;237.0891;21;0
1028;11;21;0;0.5;28;101;0.4857143;236;235.4851;21;0
1029;11;21;0;0.5;29;101;0.4882629;267;235;21;0
1030;11;21;0;0.5;30;101;0.5040984;238;237.2871;21;0
1031;11;21;0;0.5;31;103;0.512605;223;236.3301;21;2
1032;11;21;0;0.5;32;102;0.5022026;253;235.8922;21;1
1033;11;21;0;0.5;33;101;0.5221239;239;236.297;21;0
1034;11;21;0;0.5;34;101;0.4979079;218;237.1188;21;0
1035;11;21;0;0.5;35;101;0.5;241;235.9703;21;0
1036;11;21;0;0.5;36;101;0.5182186;242;236.3861;21;0
1037;11;21;0;0.5;37;104;0.4930876;249;236.3942;21;3
1038;11;21;0;0.5;38;101;0.4080717;218;235.0594;21;0
1039;11;21;0;0.5;39;103;0.5535714;229;237.2136;21;2
1040;11;21;0;0.5;40;102;0.5242291;248;236.8137;21;1
1041;11;21;0;0.5;41;102;0.5384615;238;238.1176;21;1
1042;11;21;0;0.5;42;101;0.440367;255;237.1683;21;0
1043;11;21;0;0.5;43;103;0.5084034;227;238.8155;21;2
1044;11;21;0;0.5;44;101;0.4848485;237;237.1188;21;0
1045;11;21;0;0.5;45;102;0.5148936;233;238.4314;21;1
1046;11;21;0;0.5;46;104;0.5;227;239.1635;21;3
1047;11;21;0;0.5;47;106;0.5485075;227;236.7358;21;5
1048;11;21;0;0.5;48;103;0.4860558;244;239.2718;21;2
1049;11;21;0;0.5;49;104;0.5284553;245;236.7212;21;3
1050;11;21;0;0.5;50;103;0.4739336;229;235.9709;21;2
1051;11;21;0;0.5;51;101;0.5413223;243;235.8119;21;0
1052;11;21;0;0.5;52;102;0.5;239;237.6765;21;1
1053;11;21;0;0.5;53;102;0.5;238;235.4412;21;1
1054;11;21;0;0.5;54;101;0.5517241;229;237.9802;21;0
1055;11;21;0;0.5;55;101;0.5103734;243;235.6733;21;0
1056;11;21;0;0.5;56;101;0.4977376;240;237.6634;21;0
1057;11;21;0;0.5;57;102;0.5387597;208;237.5588;21;1
1058;11;21;0;0.5;58;103;0.513308;217;238.0097;21;2
1059;11;21;0;0.5;59;104;0.4756098;240;236.6731;21;3
1060;11;21;0;0.5;60;101;0.4864865;217;235.7228;21;0
1061;11;21;0;0.5;61;103;0.4469027;261;238.534;21;2
1062;11;21;0;0.5;62;102;0.4834711;234;235.8627;21;1
1063;11;21;0;0.5;63;102;0.516129;238;236.4608;21;1
1064;11;21;0;0.5;64;102;0.4487805;257;233.9314;21;1
1065;11;21;0;0.5;65;101;0.5458167;235;240.1881;21;0
1066;11;21;0;0.5;66;102;0.5191489;240;237.049;21;1
1067;11;21;0;0.5;67;101;0.4892704;238;238.5941;21;0
1068;11;21;0;0.5;68;104;0.4728682;216;237.2596;21;3
1069;11;21;0;0.5;69;102;0.4897119;249;237.9412;21;1
1070;11;21;0;0.5;70;105;0.5061224;222;236.0857;21;4
1071;11;21;0;0.5;71;101;0.5101215;254;236.3861;21;0
1072;11;21;0;0.5;72;101;0.5151515;249;236.6733;21;0
1073;11;21;0;0.5;73;101;0.5272727;253;235.5149;21;0
1074;11;21;0;0.5;74;102;0.4868421;231;235.2745;21;1
1075;11;21;0;0.5;75;102;0.5040984;230;236.7255;21;1
1076;11;21;0;0.5;76;104;0.5333333;248;237.0673;21;3
1077;11;21;0;0.5;77;101;0.5325203;244;237.3861;21;0
1078;11;21;0;0.5;78;104;0.4627451;249;237;21;3
1079;11;21;0;0.5;79;101;0.5043478;232;237.6337;21;0
1080;11;21;0;0.5;80;101;0.5219124;241;236.2772;21;0
1081;11;21;0;0.5;81;101;0.498008;234;237.9703;21;0
1082;11;21;0;0.5;82;102;0.4808511;224;236.9608;21;1
1083;11;21;0;0.5;83;102;0.5123967;254;239.2941;21;1
1084;11;21;0;0.5;84;101;0.444;213;238.4059;21;0
1085;11;21;0;0.5;85;101;0.4468085;249;236.604;21;0
1086;11;21;0;0.5;86;101;0.5535055;207;237.0198;21;0
1087;11;21;0;0.5;87;101;0.4913793;218;237.7525;21;0
1088;11;21;0;0.5;88;101;0.4618644;250;238.099;21;0
1089;11;21;0;0.5;89;102;0.5510204;258;236.7255;21;1
1090;11;21;0;0.5;90;102;0.4827586;252;236.0098;21;1
1091;11;21;0;0.5;91;101;0.5220588;209;236.7921;21;0
1092;11;21;0;0.5;92;101;0.493617;240;234.2475;21;0
1093;11;21;0;0.5;93;101;0.5046296;261;236.1683;21;0
1094;11;21;0;0.5;94;103;0.515748;269;237.6893;21;2
1095;11;21;0;0.5;95;101;0.5201613;229;236.099;21;0
1096;11;21;0;0.5;96;102;0.5258964;252;235.2157;21;1
1097;11;21;0;0.5;97;101;0.5111111;242;235.0792;21;0
1098;11;21;0;0.5;98;101;0.5306122;228;234.5842;21;0
1099;11;21;0;0.5;99;104;0.5277778;236;238.7019;21;3
1100;11;21;0;0.5;100;101;0.5219298;235;237.396;21;0
1101;12;23;0;0.5;1;101;0.5401786;244;235.604;23;0
1102;12;23;0;0.5;2;103;0.5020408;228;234.9612;23;2
1103;12;23;0;0.5;3;101;0.4734513;207;236.0495;23;0
1104;12;23;0;0.5;4;101;0.4166667;226;237.6733;23;0
1105;12;23;0;0.5;5;101;0.492126;231;236.6931;23;0
1106;12;23;0;0.5;6;101;0.4471545;214;237.5446;23;0
1107;12;23;0;0.5;7;101;0.5172414;226;237.2871;23;0
1108;12;23;0;0.5;8;101;0.5895197;230;235.9604;23;0
1109;12;23;0;0.5;9;102;0.5305164;221;236.9608;23;1
1110;12;23;0;0.5;10;102;0.4820717;237;236.549;23;1
1111;12;23;0;0.5;11;106;0.4458333;212;236.3585;23;5
1112;12;23;0;0.5;12;102;0.4454148;235;236.2647;23;1
1113;12;23;0;0.5;13;102;0.4765957;239;236.8725;23;1
1114;12;23;0;0.5;14;103;0.5040323;212;236.6796;23;2
1115;12;23;0;0.5;15;101;0.5062241;206;236.5446;23;0
1116;12;23;0;0.5;16;107;0.4893617;250;236.9065;23;6
1117;12;23;0;0.5;17;101;0.535865;217;236.7327;23;0
1118;12;23;0;0.5;18;101;0.482906;245;237.1188;23;0
1119;12;23;0;0.5;19;101;0.4305556;252;236.9703;23;0
1120;12;23;0;0.5;20;103;0.4439655;252;237.3204;23;2
1121;12;23;0;0.5;21;101;0.4979253;240;236.2673;23;0
1122;12;23;0;0.5;22;101;0.5765766;253;237.5248;23;0
1123;12;23;0;0.5;23;101;0.5330579;221;238.505;23;0
1124;12;23;0;0.5;24;101;0.5840708;230;237.0693;23;0
1125;12;23;0;0.5;25;101;0.4956522;238;236.7327;23;0
1126;12;23;0;0.5;26;101;0.4882812;244;235.8218;23;0
1127;12;23;0;0.5;27;101;0.5324675;258;238.3069;23;0
1128;12;23;0;0.5;28;102;0.4488889;247;235.8529;23;1
1129;12;23;0;0.5;29;101;0.5204918;220;234.9208;23;0
1130;12;23;0;0.5;30;101;0.5473251;232;237.7129;23;0
1131;12;23;0;0.5;31;101;0.4826087;238;236.6931;23;0
1132;12;23;0;0.5;32;105;0.4279835;228;235.7143;23;4
1133;12;23;0;0.5;33;101;0.4291339;240;236.198;23;0
1134;12;23;0;0.5;34;102;0.4478261;212;235.5882;23;1
1135;12;23;0;0.5;35;101;0.495935;240;236.9901;23;0
1136;12;23;0;0.5;36;102;0.4851064;211;235.0882;23;1
1137;12;23;0;0.5;37;101;0.5132743;234;236.7327;23;0
1138;12;23;0;0.5;38;101;0.4891775;221;237.4455;23;0
1139;12;23;0;0.5;39;101;0.4898785;226;237.8713;23;0
1140;12;23;0;0.5;40;102;0.4786325;248;238.0294;23;1
1141;12;23;0;0.5;41;101;0.5125;238;235.4455;23;0
1142;12;23;0;0.5;42;101;0.5;217;239.0396;23;0
1143;12;23;0;0.5;43;102;0.491453;245;237.2941;23;1
1144;12;23;0;0.5;44;101;0.5151515;229;236.1881;23;0
1145;12;23;0;0.5;45;103;0.5021645;228;237.1068;23;2
1146;12;23;0;0.5;46;101;0.4663866;245;236.0891;23;0
1147;12;23;0;0.5;47;101;0.5544554;246;236.2574;23;0
1148;12;23;0;0.5;48;105;0.4804688;241;236.1333;23;4
1149;12;23;0;0.5;49;101;0.4875;236;236.6535;23;0
1150;12;23;0;0.5;50;101;0.4867257;233;236.2574;23;0
1151;12;23;0;0.5;51;103;0.4823009;233;235.0485;23;2
1152;12;23;0;0.5;52;101;0.5592417;244;237.1584;23;0
1153;12;23;0;0.5;53;101;0.5194805;216;237.8713;23;0
1154;12;23;0;0.5;54;102;0.4845815;228;239.451;23;1
1155;12;23;0;0.5;55;102;0.5;258;237.3824;23;1
1156;12;23;0;0.5;56;101;0.5404255;253;237.2673;23;0
1157;12;23;0;0.5;57;101;0.4759615;252;235.0891;23;0
1158;12;23;0;0.5;58;101;0.5093458;236;234.9208;23;0
1159;12;23;0;0.5;59;104;0.5470085;231;235.75;23;3
1160;12;23;0;0.5;60;103;0.4957983;217;236.6117;23;2
1161;12;23;0;0.5;61;101;0.4507042;229;235.0792;23;0
1162;12;23;0;0.5;62;107;0.470339;218;236.8785;23;6
1163;12;23;0;0.5;63;101;0.5191489;241;235.0099;23;0
1164;12;23;0;0.5;64;102;0.4978903;235;238.098;23;1
1165;12;23;0;0.5;65;101;0.5090909;237;235.1287;23;0
1166;12;23;0;0.5;66;102;0.5546559;248;237.0882;23;1
1167;12;23;0;0.5;67;101;0.5474138;233;237.6535;23;0
1168;12;23;0;0.5;68;101;0.4252336;256;235.6238;23;0
1169;12;23;0;0.5;69;102;0.5324675;255;235.9902;23;1
1170;12;23;0;0.5;70;102;0.5411255;237;235.8039;23;1
1171;12;23;0;0.5;71;103;0.5400844;273;238.7476;23;2
1172;12;23;0;0.5;72;101;0.4329004;247;235.703;23;0
1173;12;23;0;0.5;73;101;0.5465587;228;238.4356;23;0
1174;12;23;0;0.5;74;101;0.5163934;223;236.3366;23;0
1175;12;23;0;0.5;75;101;0.5205479;234;235.6535;23;0
1176;12;23;0;0.5;76;101;0.5087719;240;236.6139;23;0
1177;12;23;0;0.5;77;102;0.4383562;231;236.2157;23;1
1178;12;23;0;0.5;78;103;0.5541667;250;235.6311;23;2
1179;12;23;0;0.5;79;104;0.5447471;239;238.6538;23;3
1180;12;23;0;0.5;80;105;0.5260664;235;237.6286;23;4
1181;12;23;0;0.5;81;103;0.4096916;259;237.0097;23;2
1182;12;23;0;0.5;82;104;0.4787645;231;235.875;23;3
1183;12;23;0;0.5;83;105;0.4345992;229;235.7238;23;4
1184;12;23;0;0.5;84;102;0.5781991;256;238.2451;23;1
1185;12;23;0;0.5;85;101;0.4837398;238;235.5248;23;0
1186;12;23;0;0.5;86;105;0.5619469;251;236.419;23;4
1187;12;23;0;0.5;87;102;0.482906;235;237.8333;23;1
1188;12;23;0;0.5;88;101;0.5258621;239;238.4455;23;0
1189;12;23;0;0.5;89;104;0.4435146;219;237;23;3
1190;12;23;0;0.5;90;103;0.4808511;236;235.6117;23;2
1191;12;23;0;0.5;91;101;0.4852321;217;238.2079;23;0
1192;12;23;0;0.5;92;101;0.6040816;231;237.4158;23;0
1193;12;23;0;0.5;93;101;0.5362903;251;236.8614;23;0
1194;12;23;0;0.5;94;101;0.5063291;223;238.3861;23;0
1195;12;23;0;0.5;95;103;0.4273859;248;238.301;23;2
1196;12;23;0;0.5;96;101;0.5470852;222;234.9208;23;0
1197;12;23;0;0.5;97;103;0.5173745;257;238.534;23;2
1198;12;23;0;0.5;98;101;0.4698795;217;236.5644;23;0
1199;12;23;0;0.5;99;101;0.4777778;231;237.6238;23;0
1200;12;23;0;0.5;100;102;0.4177778;224;236.049;23;1
1201;13;25;0;0.5;1;103;0.470339;229;237.1748;25;2
1202;13;25;0;0.5;2;101;0.4509804;217;237.5842;25;0
1203;13;25;0;0.5;3;103;0.5211268;253;234.4951;25;2
1204;13;25;0;0.5;4;101;0.4242424;216;238.604;25;0
1205;13;25;0;0.5;5;101;0.5486726;270;237.2772;25;0
1206;13;25;0;0.5;6;103;0.5541667;238;236.7379;25;2
1207;13;25;0;0.5;7;101;0.4978166;220;235.0792;25;0
1208;13;25;0;0.5;8;102;0.496;223;236.0588;25;1
1209;13;25;0;0.5;9;101;0.5443548;255;237.9208;25;0
1210;13;25;0;0.5;10;102;0.5139442;240;237.451;25;1
1211;13;25;0;0.5;11;102;0.5020576;236;237.1667;25;1
1212;13;25;0;0.5;12;103;0.4793388;223;235.6699;25;2
1213;13;25;0;0.5;13;103;0.442623;213;238.0291;25;2
1214;13;25;0;0.5;14;102;0.5;246;235.2353;25;1
1215;13;25;0;0.5;15;104;0.5634921;236;237.7692;25;3
1216;13;25;0;0.5;16;101;0.4938272;264;235.7228;25;0
1217;13;25;0;0.5;17;101;0.5528455;226;236.9802;25;0
1218;13;25;0;0.5;18;102;0.4977778;242;236.8431;25;1
1219;13;25;0;0.5;19;101;0.5482456;248;237.7624;25;0
1220;13;25;0;0.5;20;103;0.5714286;230;237.3883;25;2
1221;13;25;0;0.5;21;101;0.4979424;252;237.1386;25;0
1222;13;25;0;0.5;22;101;0.501992;214;237.2574;25;0
1223;13;25;0;0.5;23;102;0.4955357;238;235.8137;25;1
1224;13;25;0;0.5;24;105;0.4957983;217;236.3714;25;4
1225;13;25;0;0.5;25;101;0.4872881;238;237.495;25;0
1226;13;25;0;0.5;26;101;0.5983264;256;237.1881;25;0
1227;13;25;0;0.5;27;101;0.5342466;250;237.0891;25;0
1228;13;25;0;0.5;28;104;0.511811;248;236.125;25;3
1229;13;25;0;0.5;29;104;0.4813278;223;236.8846;25;3
1230;13;25;0;0.5;30;103;0.4821429;245;237.4757;25;2
1231;13;25;0;0.5;31;103;0.469697;241;236.8738;25;2
1232;13;25;0;0.5;32;101;0.4424779;259;237.4653;25;0
1233;13;25;0;0.5;33;101;0.5702128;221;236.4059;25;0
1234;13;25;0;0.5;34;102;0.5598456;216;235.7451;25;1
1235;13;25;0;0.5;35;101;0.5418502;244;238.6139;25;0
1236;13;25;0;0.5;36;107;0.497561;256;237.0935;25;6
1237;13;25;0;0.5;37;105;0.5107296;223;235.4476;25;4
1238;13;25;0;0.5;38;103;0.4512195;247;239.4563;25;2
1239;13;25;0;0.5;39;102;0.4566929;248;237.9902;25;1
1240;13;25;0;0.5;40;103;0.5294118;220;236.5049;25;2
1241;13;25;0;0.5;41;101;0.5391304;256;237.6634;25;0
1242;13;25;0;0.5;42;101;0.506383;245;236.6931;25;0
1243;13;25;0;0.5;43;101;0.4798387;233;239.2277;25;0
1244;13;25;0;0.5;44;101;0.5;251;239.0891;25;0
1245;13;25;0;0.5;45;102;0.5022222;274;237.4118;25;1
1246;13;25;0;0.5;46;102;0.5867769;232;237.6667;25;1
1247;13;25;0;0.5;47;101;0.5437788;246;237.9406;25;0
1248;13;25;0;0.5;48;101;0.5149254;216;237.297;25;0
1249;13;25;0;0.5;49;101;0.5407725;256;235.6139;25;0
1250;13;25;0;0.5;50;101;0.5059289;230;239.4851;25;0
1251;13;25;0;0.5;51;101;0.4387352;215;236.1584;25;0
1252;13;25;0;0.5;52;105;0.4595745;231;238.219;25;4
1253;13;25;0;0.5;53;101;0.5205479;251;237.2772;25;0
1254;13;25;0;0.5;54;101;0.4852941;260;235.3366;25;0
1255;13;25;0;0.5;55;101;0.4719101;220;235.9604;25;0
1256;13;25;0;0.5;56;106;0.4916667;248;235.9151;25;5
1257;13;25;0;0.5;57;102;0.4650206;244;236.2353;25;1
1258;13;25;0;0.5;58;101;0.4675926;258;236.7723;25;0
1259;13;25;0;0.5;59;101;0.5;233;237.6634;25;0
1260;13;25;0;0.5;60;101;0.5058366;220;237.0099;25;0
1261;13;25;0;0.5;61;103;0.5447154;234;238.1262;25;2
1262;13;25;0;0.5;62;104;0.5619469;230;236.6442;25;3
1263;13;25;0;0.5;63;103;0.4956522;261;237.767;25;2
1264;13;25;0;0.5;64;101;0.4375;225;237.9109;25;0
1265;13;25;0;0.5;65;104;0.5304348;249;237.1538;25;3
1266;13;25;0;0.5;66;101;0.4879032;235;236.2574;25;0
1267;13;25;0;0.5;67;102;0.5089286;237;236.2843;25;1
1268;13;25;0;0.5;68;106;0.5137255;241;236.4528;25;5
1269;13;25;0;0.5;69;103;0.4680851;235;236.4078;25;2
1270;13;25;0;0.5;70;101;0.4457831;249;237.396;25;0
1271;13;25;0;0.5;71;101;0.4331797;247;236.7327;25;0
1272;13;25;0;0.5;72;103;0.5604839;245;237.1068;25;2
1273;13;25;0;0.5;73;102;0.4849785;252;237.5196;25;1
1274;13;25;0;0.5;74;101;0.442623;237;235.9109;25;0
1275;13;25;0;0.5;75;101;0.4255319;237;236.1584;25;0
1276;13;25;0;0.5;76;107;0.4786325;253;236.8785;25;6
1277;13;25;0;0.5;77;104;0.4444444;249;236.5385;25;3
1278;13;25;0;0.5;78;107;0.4918699;233;235.2897;25;6
1279;13;25;0;0.5;79;101;0.5151515;238;234.6535;25;0
1280;13;25;0;0.5;80;101;0.5215311;262;237.3663;25;0
1281;13;25;0;0.5;81;103;0.4666667;235;235.9612;25;2
1282;13;25;0;0.5;82;101;0.5191489;229;236.8713;25;0
1283;13;25;0;0.5;83;101;0.5;244;237.8119;25;0
1284;13;25;0;0.5;84;103;0.4811715;248;235.8155;25;2
1285;13;25;0;0.5;85;103;0.4510638;234;236.1068;25;2
1286;13;25;0;0.5;86;103;0.4895397;260;234.9223;25;2
1287;13;25;0;0.5;87;101;0.4700855;248;237.1881;25;0
1288;13;25;0;0.5;88;101;0.4693878;251;238.5644;25;0
1289;13;25;0;0.5;89;101;0.5361217;232;235.7525;25;0
1290;13;25;0;0.5;90;106;0.4493927;207;236.4623;25;5
1291;13;25;0;0.5;91;106;0.4958333;259;236.7736;25;5
1292;13;25;0;0.5;92;101;0.4854772;228;236.7723;25;0
1293;13;25;0;0.5;93;101;0.5123967;228;237.3267;25;0
1294;13;25;0;0.5;94;102;0.4618644;213;236.902;25;1
1295;13;25;0;0.5;95;104;0.5079365;223;235.7692;25;3
1296;13;25;0;0.5;96;103;0.46;246;238.1068;25;2
1297;13;25;0;0.5;97;101;0.507177;225;237.802;25;0
1298;13;25;0;0.5;98;105;0.4491525;232;237.8476;25;4
1299;13;25;0;0.5;99;101;0.5116279;231;235.4554;25;0
1300;13;25;0;0.5;100;103;0.5283843;251;236.6796;25;2
1301;14;27;0;0.5;1;101;0.496063;248;240.0594;27;0
1302;14;27;0;0.5;2;104;0.4957627;229;237.1827;27;3
1303;14;27;0;0.5;3;102;0.436;232;236.3529;27;1
1304;14;27;0;0.5;4;103;0.4394619;234;234.5243;27;2
1305;14;27;0;0.5;5;101;0.5086207;237;236.8614;27;0
1306;14;27;0;0.5;6;101;0.506383;229;236.802;27;0
1307;14;27;0;0.5;7;101;0.5324675;245;235.2772;27;0
1308;14;27;0;0.5;8;101;0.4460784;250;235.9208;27;0
1309;14;27;0;0.5;9;102;0.4942966;216;237.1961;27;1
1310;14;27;0;0.5;10;102;0.4820717;240;237.5196;27;1
1311;14;27;0;0.5;11;105;0.5041322;236;237.0095;27;4
1312;14;27;0;0.5;12;102;0.46875;242;236.9902;27;1
1313;14;27;0;0.5;13;101;0.4859813;252;236.6931;27;0
1314;14;27;0;0.5;14;101;0.5347826;239;237.5842;27;0
1315;14;27;0;0.5;15;106;0.46875;230;235.8774;27;5
1316;14;27;0;0.5;16;101;0.4897119;256;236.2574;27;0
1317;14;27;0;0.5;17;101;0.4844444;239;237.5248;27;0
1318;14;27;0;0.5;18;101;0.5514019;240;237.2772;27;0
1319;14;27;0;0.5;19;102;0.5041322;238;237.6176;27;1
1320;14;27;0;0.5;20;101;0.4867257;244;236.2871;27;0
1321;14;27;0;0.5;21;101;0.4603175;230;235.3663;27;0
1322;14;27;0;0.5;22;101;0.556962;226;235.4554;27;0
1323;14;27;0;0.5;23;102;0.474359;239;236.2941;27;1
1324;14;27;0;0.5;24;102;0.48;233;237.3137;27;1
1325;14;27;0;0.5;25;101;0.5185185;231;234.9802;27;0
1326;14;27;0;0.5;26;101;0.5338645;228;237.9109;27;0
1327;14;27;0;0.5;27;102;0.5100402;238;236.902;27;1
1328;14;27;0;0.5;28;102;0.5;241;236.8725;27;1
1329;14;27;0;0.5;29;104;0.4833333;222;237.6058;27;3
1330;14;27;0;0.5;30;106;0.5213675;243;236.0189;27;5
1331;14;27;0;0.5;31;101;0.4710744;252;237.9307;27;0
1332;14;27;0;0.5;32;104;0.4618834;228;237.875;27;3
1333;14;27;0;0.5;33;101;0.5022026;232;237.7723;27;0
1334;14;27;0;0.5;34;103;0.512605;233;235.5825;27;2
1335;14;27;0;0.5;35;101;0.5125;241;239.0099;27;0
1336;14;27;0;0.5;36;101;0.454955;251;236.8515;27;0
1337;14;27;0;0.5;37;101;0.545045;243;235.7723;27;0
1338;14;27;0;0.5;38;101;0.4897959;244;235.7822;27;0
1339;14;27;0;0.5;39;101;0.48583;243;236.7228;27;0
1340;14;27;0;0.5;40;101;0.5104603;240;235.1584;27;0
1341;14;27;0;0.5;41;101;0.5210084;239;235.4752;27;0
1342;14;27;0;0.5;42;104;0.5176991;249;236.6346;27;3
1343;14;27;0;0.5;43;101;0.5;211;236.8713;27;0
1344;14;27;0;0.5;44;102;0.45;242;235.1275;27;1
1345;14;27;0;0.5;45;104;0.4893617;239;235.6635;27;3
1346;14;27;0;0.5;46;101;0.515625;226;236.3366;27;0
1347;14;27;0;0.5;47;104;0.4529148;257;238.8654;27;3
1348;14;27;0;0.5;48;101;0.5702128;245;236.8713;27;0
1349;14;27;0;0.5;49;101;0.5151515;248;234.7129;27;0
1350;14;27;0;0.5;50;101;0.5458333;240;237.9505;27;0
1351;14;27;0;0.5;51;101;0.508;220;237.297;27;0
1352;14;27;0;0.5;52;101;0.5330396;230;233.7525;27;0
1353;14;27;0;0.5;53;102;0.5517241;245;236.2941;27;1
1354;14;27;0;0.5;54;104;0.5213675;210;235.0865;27;3
1355;14;27;0;0.5;55;101;0.5394191;234;237.495;27;0
1356;14;27;0;0.5;56;101;0.508547;274;235.5446;27;0
1357;14;27;0;0.5;57;101;0.446281;223;235.1782;27;0
1358;14;27;0;0.5;58;101;0.5060241;248;236.5545;27;0
1359;14;27;0;0.5;59;101;0.4978166;260;236.3267;27;0
1360;14;27;0;0.5;60;101;0.5169492;206;236.5743;27;0
1361;14;27;0;0.5;61;107;0.5291829;221;236.5514;27;6
1362;14;27;0;0.5;62;101;0.4978723;257;237.9901;27;0
1363;14;27;0;0.5;63;101;0.5062241;236;237.7921;27;0
1364;14;27;0;0.5;64;101;0.5275229;250;234.703;27;0
1365;14;27;0;0.5;65;101;0.4773663;230;235.8119;27;0
1366;14;27;0;0.5;66;104;0.4920635;226;236.4808;27;3
1367;14;27;0;0.5;67;101;0.5151515;235;237.1584;27;0
1368;14;27;0;0.5;68;101;0.5081967;228;235.6931;27;0
1369;14;27;0;0.5;69;101;0.486166;233;238.1683;27;0
1370;14;27;0;0.5;70;104;0.5084746;241;235.8654;27;3
1371;14;27;0;0.5;71;101;0.5534351;199;237.6139;27;0
1372;14;27;0;0.5;72;101;0.5411255;252;236.9703;27;0
1373;14;27;0;0.5;73;101;0.4978723;232;236.7822;27;0
1374;14;27;0;0.5;74;101;0.5885167;247;237.1485;27;0
1375;14;27;0;0.5;75;102;0.5493562;238;237.2255;27;1
1376;14;27;0;0.5;76;105;0.5228216;231;235.6571;27;4
1377;14;27;0;0.5;77;102;0.4935065;247;235.598;27;1
1378;14;27;0;0.5;78;105;0.4844961;226;236.3714;27;4
1379;14;27;0;0.5;79;102;0.5159817;259;236.8922;27;1
1380;14;27;0;0.5;80;101;0.4728033;225;237.1584;27;0
1381;14;27;0;0.5;81;101;0.4902724;224;237.7822;27;0
1382;14;27;0;0.5;82;104;0.473029;237;237.7212;27;3
1383;14;27;0;0.5;83;103;0.4644195;223;236.6408;27;2
1384;14;27;0;0.5;84;102;0.488;227;237.1863;27;1
1385;14;27;0;0.5;85;102;0.5186722;238;236.7157;27;1
1386;14;27;0;0.5;86;101;0.4877049;227;236.2871;27;0
1387;14;27;0;0.5;87;101;0.5333333;237;239.5149;27;0
1388;14;27;0;0.5;88;102;0.495614;240;238.4902;27;1
1389;14;27;0;0.5;89;102;0.4980392;227;237.1373;27;1
1390;14;27;0;0.5;90;101;0.4763948;238;237.1683;27;0
1391;14;27;0;0.5;91;102;0.4698795;218;236.7843;27;1
1392;14;27;0;0.5;92;103;0.4977578;248;239.6019;27;2
1393;14;27;0;0.5;93;102;0.4644351;229;236.3627;27;1
1394;14;27;0;0.5;94;103;0.5091743;244;234.4951;27;2
1395;14;27;0;0.5;95;107;0.48;237;235.8598;27;6
1396;14;27;0;0.5;96;101;0.5396825;238;235.4653;27;0
1397;14;27;0;0.5;97;103;0.5172414;232;235.835;27;2
1398;14;27;0;0.5;98;101;0.4453782;234;235.9406;27;0
1399;14;27;0;0.5;99;101;0.4421488;249;237.2376;27;0
1400;14;27;0;0.5;100;101;0.5;230;237.9901;27;0
1401;15;29;0;0.5;1;104;0.5076923;234;235.3269;29;3
1402;15;29;0;0.5;2;102;0.487395;215;236.8431;29;1
1403;15;29;0;0.5;3;101;0.5468165;225;236.3069;29;0
1404;15;29;0;0.5;4;101;0.5;229;237.7822;29;0
1405;15;29;0;0.5;5;106;0.4454976;262;237.6321;29;5
1406;15;29;0;0.5;6;102;0.4792453;223;237.3824;29;1
1407;15;29;0;0.5;7;105;0.4981132;215;235.6952;29;4
1408;15;29;0;0.5;8;103;0.5043103;233;235.9417;29;2
1409;15;29;0;0.5;9;102;0.5263158;250;237.3137;29;1
1410;15;29;0;0.5;10;103;0.4570312;234;236.9515;29;2
1411;15;29;0;0.5;11;103;0.4786325;228;236.8932;29;2
1412;15;29;0;0.5;12;102;0.5367965;225;237.0686;29;1
1413;15;29;0;0.5;13;101;0.4814815;233;233.6139;29;0
1414;15;29;0;0.5;14;101;0.5502183;229;235.0297;29;0
1415;15;29;0;0.5;15;102;0.4824561;239;238.5098;29;1
1416;15;29;0;0.5;16;101;0.5056604;219;236.6535;29;0
1417;15;29;0;0.5;17;101;0.5022026;248;235.2277;29;0
1418;15;29;0;0.5;18;102;0.5833333;260;236.0882;29;1
1419;15;29;0;0.5;19;101;0.4776119;217;238.3366;29;0
1420;15;29;0;0.5;20;106;0.4727273;243;238.283;29;5
1421;15;29;0;0.5;21;101;0.4758065;229;235.8416;29;0
1422;15;29;0;0.5;22;104;0.4595745;225;236.7885;29;3
1423;15;29;0;0.5;23;103;0.5172414;247;236.1942;29;2
1424;15;29;0;0.5;24;101;0.515748;225;237.3564;29;0
1425;15;29;0;0.5;25;101;0.5263158;242;238;29;0
1426;15;29;0;0.5;26;102;0.4771784;201;237;29;1
1427;15;29;0;0.5;27;106;0.5146444;235;234.5377;29;5
1428;15;29;0;0.5;28;101;0.495935;238;238.4059;29;0
1429;15;29;0;0.5;29;103;0.5351562;208;236.3495;29;2
1430;15;29;0;0.5;30;101;0.5064935;236;235.4356;29;0
1431;15;29;0;0.5;31;101;0.5106383;245;237.9109;29;0
1432;15;29;0;0.5;32;104;0.4977578;232;237.1154;29;3
1433;15;29;0;0.5;33;104;0.4766355;258;237.6442;29;3
1434;15;29;0;0.5;34;102;0.482906;228;236.1765;29;1
1435;15;29;0;0.5;35;101;0.4759825;239;236.0594;29;0
1436;15;29;0;0.5;36;101;0.508547;242;236;29;0
1437;15;29;0;0.5;37;101;0.4859813;257;235.0198;29;0
1438;15;29;0;0.5;38;101;0.5381166;234;237.0792;29;0
1439;15;29;0;0.5;39;101;0.4937759;220;237.2871;29;0
1440;15;29;0;0.5;40;101;0.4956522;246;236.495;29;0
1441;15;29;0;0.5;41;101;0.5118483;233;237.1386;29;0
1442;15;29;0;0.5;42;101;0.5324074;273;236.6535;29;0
1443;15;29;0;0.5;43;102;0.4909091;245;236.8725;29;1
1444;15;29;0;0.5;44;101;0.5061224;221;237.5743;29;0
1445;15;29;0;0.5;45;104;0.468;217;236.4519;29;3
1446;15;29;0;0.5;46;102;0.4745763;242;235.7255;29;1
1447;15;29;0;0.5;47;101;0.5040984;225;235.7525;29;0
1448;15;29;0;0.5;48;101;0.4484305;243;237.3366;29;0
1449;15;29;0;0.5;49;103;0.4816327;240;234.4757;29;2
1450;15;29;0;0.5;50;104;0.5023041;223;235.5481;29;3
1451;15;29;0;0.5;51;101;0.4979253;225;237.2673;29;0
1452;15;29;0;0.5;52;101;0.481982;250;236.2772;29;0
1453;15;29;0;0.5;53;103;0.5022222;252;236.9223;29;2
1454;15;29;0;0.5;54;102;0.5608696;232;237.3235;29;1
1455;15;29;0;0.5;55;101;0.5413223;212;235.703;29;0
1456;15;29;0;0.5;56;101;0.4979253;237;239.7426;29;0
1457;15;29;0;0.5;57;102;0.4869565;220;235.6176;29;1
1458;15;29;0;0.5;58;105;0.5306122;243;237.3619;29;4
1459;15;29;0;0.5;59;101;0.5327103;244;237.7921;29;0
1460;15;29;0;0.5;60;101;0.5106383;227;236.9307;29;0
1461;15;29;0;0.5;61;101;0.4599156;219;236.7525;29;0
1462;15;29;0;0.5;62;102;0.4516129;231;236.0686;29;1
1463;15;29;0;0.5;63;103;0.5252101;221;236.7961;29;2
1464;15;29;0;0.5;64;106;0.5122951;237;237.6509;29;5
1465;15;29;0;0.5;65;102;0.5247525;244;236.6373;29;1
1466;15;29;0;0.5;66;101;0.5289256;229;238.0099;29;0
1467;15;29;0;0.5;67;102;0.494382;224;238.7745;29;1
1468;15;29;0;0.5;68;101;0.4823009;229;236.8317;29;0
1469;15;29;0;0.5;69;101;0.4801587;232;236.2376;29;0
1470;15;29;0;0.5;70;103;0.5531915;246;236.1068;29;2
1471;15;29;0;0.5;71;106;0.5107296;253;237.1321;29;5
1472;15;29;0;0.5;72;101;0.4738956;243;236.3267;29;0
1473;15;29;0;0.5;73;103;0.4794521;248;236.6893;29;2
1474;15;29;0;0.5;74;101;0.5708333;230;234.297;29;0
1475;15;29;0;0.5;75;103;0.5643154;230;236.7767;29;2
1476;15;29;0;0.5;76;101;0.4487179;237;234.8515;29;0
1477;15;29;0;0.5;77;101;0.4979079;251;235.4158;29;0
1478;15;29;0;0.5;78;101;0.4871795;245;236.8317;29;0
1479;15;29;0;0.5;79;104;0.5;235;234.75;29;3
1480;15;29;0;0.5;80;101;0.4575472;246;237.6238;29;0
1481;15;29;0;0.5;81;103;0.5438596;221;239.6602;29;2
1482;15;29;0;0.5;82;101;0.5178571;246;237.3366;29;0
1483;15;29;0;0.5;83;103;0.4979253;242;237.1845;29;2
1484;15;29;0;0.5;84;101;0.5195312;269;237.8416;29;0
1485;15;29;0;0.5;85;104;0.4698795;200;236.375;29;3
1486;15;29;0;0.5;86;102;0.5021277;251;236.9412;29;1
1487;15;29;0;0.5;87;101;0.4608295;236;234.901;29;0
1488;15;29;0;0.5;88;102;0.496;229;236.5784;29;1
1489;15;29;0;0.5;89;101;0.5041667;256;236.297;29;0
1490;15;29;0;0.5;90;103;0.4976959;247;237.466;29;2
1491;15;29;0;0.5;91;105;0.4978903;233;237.6857;29;4
1492;15;29;0;0.5;92;102;0.4638298;262;236.4608;29;1
1493;15;29;0;0.5;93;105;0.5240175;244;235.6667;29;4
1494;15;29;0;0.5;94;101;0.460251;224;236.0495;29;0
1495;15;29;0;0.5;95;101;0.5062762;237;238.198;29;0
1496;15;29;0;0.5;96;102;0.5098814;222;237.7451;29;1
1497;15;29;0;0.5;97;102;0.4894515;231;234.7451;29;1
1498;15;29;0;0.5;98;102;0.5247934;244;237.902;29;1
1499;15;29;0;0.5;99;101;0.5291667;240;236.3861;29;0
1500;15;29;0;0.5;100;102;0.4879032;233;237.598;29;1
1501;16;224;0;0.5;1;102;0.5140562;234;235.4608;222.3039;1
1502;16;224;0;0.5;2;102;0.5665236;232;236.7549;223.1275;1
1503;16;224;0;0.5;3;103;0.4918033;227;237.6311;222.8058;2
1504;16;224;0;0.5;4;102;0.5353982;253;234.9608;221.6863;1
1505;16;224;0;0.5;5;108;0.4752852;231;236.2778;222.7963;7
1506;16;224;0;0.5;6;102;0.4977578;263;234.4412;221.2843;1
1507;16;224;0;0.5;7;101;0.5142857;220;236.9307;223.2277;0
1508;16;224;0;0.5;8;101;0.5042017;236;237.6139;223.0099;0
1509;16;224;0;0.5;9;101;0.4872881;214;234.2376;221.2178;0
1510;16;224;0;0.5;10;101;0.5430712;201;236.2772;223.1089;0
1511;16;224;0;0.5;11;103;0.4440154;219;237.9029;223.0583;2
1512;16;224;0;0.5;12;103;0.5707763;221;236.2621;222.7476;2
1513;16;224;0;0.5;13;104;0.5;253;238.4135;223.3462;3
1514;16;224;0;0.5;14;102;0.487069;240;238.7059;222.5686;1
1515;16;224;0;0.5;15;102;0.4786325;264;236.5098;223.0392;1
1516;16;224;0;0.5;16;102;0.5394737;240;237.0098;223.3039;1
1517;16;224;0;0.5;17;106;0.504386;247;237;222.8019;5
1518;16;224;0;0.5;18;101;0.5504202;226;237.5941;222.6634;0
1519;16;224;0;0.5;19;101;0.4728682;244;237.0792;223.0891;0
1520;16;224;0;0.5;20;101;0.4937759;234;236.3465;222.6931;0
1521;16;224;0;0.5;21;101;0.4518828;243;235.1683;222.3564;0
1522;16;224;0;0.5;22;101;0.4596774;229;238.7426;222.9406;0
1523;16;224;0;0.5;23;101;0.5146444;229;236.7327;222.8515;0
1524;16;224;0;0.5;24;101;0.4576271;234;238.0099;223.1089;0
1525;16;224;0;0.5;25;104;0.4279476;244;237.0577;223.0288;3
1526;16;224;0;0.5;26;101;0.4886878;257;237.7723;222.8911;0
1527;16;224;0;0.5;27;102;0.5145228;210;238.8235;223.098;1
1528;16;224;0;0.5;28;102;0.506383;228;236.6667;223.0686;1
1529;16;224;0;0.5;29;101;0.5;244;234.0495;222.1485;0
1530;16;224;0;0.5;30;102;0.5270758;216;236.9314;222.0882;1
1531;16;224;0;0.5;31;101;0.5166667;233;237.6931;223.2871;0
1532;16;224;0;0.5;32;101;0.5277778;238;237.3762;222.5446;0
1533;16;224;0;0.5;33;101;0.4754098;244;237.6238;222.099;0
1534;16;224;0;0.5;34;101;0.5679012;245;237.1881;222.1881;0
1535;16;224;0;0.5;35;101;0.5186722;253;238.7228;223.1683;0
1536;16;224;0;0.5;36;103;0.5022222;241;235.835;222.9806;2
1537;16;224;0;0.5;37;101;0.5604839;261;237.7921;223.5842;0
1538;16;224;0;0.5;38;101;0.4765957;234;236.8317;222.6535;0
1539;16;224;0;0.5;39;101;0.5084034;252;239.1782;223.0792;0
1540;16;224;0;0.5;40;105;0.4957265;236;237.0667;222.8762;4
1541;16;224;0;0.5;41;102;0.4690265;238;235.2059;222.8333;1
1542;16;224;0;0.5;42;101;0.5021459;243;236.9307;223.0099;0
1543;16;224;0;0.5;43;101;0.545045;260;235.0099;222.1584;0
1544;16;224;0;0.5;44;101;0.5041667;252;237.5446;222.2772;0
1545;16;224;0;0.5;45;104;0.5;238;238.1154;223.3269;3
1546;16;224;0;0.5;46;103;0.5375;244;236.1748;223.1165;2
1547;16;224;0;0.5;47;101;0.4609053;251;237.6436;222.495;0
1548;16;224;0;0.5;48;102;0.512931;224;235.7059;222.7255;1
1549;16;224;0;0.5;49;101;0.5163934;237;235.0891;223.3465;0
1550;16;224;0;0.5;50;102;0.5045872;263;237.3529;222.549;1
1551;16;224;0;0.5;51;101;0.5181818;229;236.0198;221.6535;0
1552;16;224;0;0.5;52;101;0.4612069;225;235.1485;222.9505;0
1553;16;224;0;0.5;53;101;0.508547;210;237.7822;222.505;0
1554;16;224;0;0.5;54;102;0.507874;228;237.7647;222.8235;1
1555;16;224;0;0.5;55;101;0.4872881;245;235.7426;222.5248;0
1556;16;224;0;0.5;56;102;0.5431034;242;237.5686;223.0588;1
1557;16;224;0;0.5;57;101;0.5091743;247;237.4059;223.0099;0
1558;16;224;0;0.5;58;103;0.5046729;239;237.0485;222.5146;2
1559;16;224;0;0.5;59;105;0.5;221;234.419;222.2286;4
1560;16;224;0;0.5;60;103;0.5045045;231;238.1553;223.1359;2
1561;16;224;0;0.5;61;101;0.484375;250;237.1683;222.9802;0
1562;16;224;0;0.5;62;101;0.5153846;235;235.9901;222.9505;0
1563;16;224;0;0.5;63;101;0.5670996;216;237.0396;221.9307;0
1564;16;224;0;0.5;64;102;0.531746;228;237.1863;222.6078;1
1565;16;224;0;0.5;65;101;0.4599156;228;236.9109;222.1089;0
1566;16;224;0;0.5;66;101;0.5381166;263;236.9406;222.505;0
1567;16;224;0;0.5;67;105;0.5041322;216;235.9238;222.7143;4
1568;16;224;0;0.5;68;103;0.5465116;230;237.6408;223.301;2
1569;16;224;0;0.5;69;101;0.5099602;206;236.0891;222.297;0
1570;16;224;0;0.5;70;101;0.5598291;256;236.8515;222.6535;0
1571;16;224;0;0.5;71;101;0.4615385;217;236.4158;222.6634;0
1572;16;224;0;0.5;72;101;0.5248869;240;235.3762;223.1683;0
1573;16;224;0;0.5;73;101;0.446281;247;236.4455;222.0594;0
1574;16;224;0;0.5;74;101;0.52;241;237.5743;223.0495;0
1575;16;224;0;0.5;75;101;0.4449339;236;236.5347;222.6931;0
1576;16;224;0;0.5;76;102;0.5535714;243;238.4902;223.2451;1
1577;16;224;0;0.5;77;101;0.5102041;228;234.9802;222.6535;0
1578;16;224;0;0.5;78;105;0.4752066;258;237.9905;223.4286;4
1579;16;224;0;0.5;79;104;0.4718615;248;235.6827;222.5577;3
1580;16;224;0;0.5;80;104;0.4669421;245;235.8654;222.3365;3
1581;16;224;0;0.5;81;104;0.4878049;196;235.9327;222.5865;3
1582;16;224;0;0.5;82;104;0.5381356;235;237.7019;223.2212;3
1583;16;224;0;0.5;83;101;0.4961538;222;236.7426;222.2079;0
1584;16;224;0;0.5;84;103;0.5;262;237.6699;222.7476;2
1585;16;224;0;0.5;85;102;0.4806202;223;237.4608;222.5294;1
1586;16;224;0;0.5;86;102;0.488;218;236.1667;223.1863;1
1587;16;224;0;0.5;87;103;0.5045872;283;236.8544;222.7864;2
1588;16;224;0;0.5;88;101;0.4924242;211;237.0396;222.7921;0
1589;16;224;0;0.5;89;101;0.5265487;237;236.8812;222.6436;0
1590;16;224;0;0.5;90;103;0.4712644;198;237.4951;222.9806;2
1591;16;224;0;0.5;91;101;0.4977974;249;236.6238;222.396;0
1592;16;224;0;0.5;92;103;0.5;251;235.5243;222.2524;2
1593;16;224;0;0.5;93;101;0.5222222;228;237.9406;223.2376;0
1594;16;224;0;0.5;94;101;0.4652174;232;236.4059;222.9307;0
1595;16;224;0;0.5;95;103;0.5220884;226;237.5437;222.8932;2
1596;16;224;0;0.5;96;108;0.510917;242;234.4722;222.8611;7
1597;16;224;0;0.5;97;101;0.4934498;265;237.505;222.7822;0
1598;16;224;0;0.5;98;103;0.5189873;245;235.9029;223.2233;2
1599;16;224;0;0.5;99;101;0.460177;215;239.5248;223.1089;0
1600;16;224;0;0.5;100;103;0.5062241;235;234.7184;222.8155;2
1601;17;1;0.1;0.5;1;102;0.5296443;240;235.7843;1;1
1602;17;1;0.1;0.5;2;101;0.51417;240;237.0396;1;0
1603;17;1;0.1;0.5;3;104;0.5213675;230;236.2308;1;3
1604;17;1;0.1;0.5;4;101;0.487069;252;237.5446;1;0
1605;17;1;0.1;0.5;5;103;0.4695652;224;237.3495;1;2
1606;17;1;0.1;0.5;6;102;0.4915966;249;237.9314;1;1
1607;17;1;0.1;0.5;7;102;0.4089069;228;235.098;1;1
1608;17;1;0.1;0.5;8;101;0.4977376;234;237.2475;1;0
1609;17;1;0.1;0.5;9;101;0.5081967;261;235.6238;1;0
1610;17;1;0.1;0.5;10;102;0.4692982;230;236.4216;1;1
1611;17;1;0.1;0.5;11;101;0.4978723;234;234.1485;1;0
1612;17;1;0.1;0.5;12;102;0.467433;223;238.3529;1;1
1613;17;1;0.1;0.5;13;101;0.4349593;212;236.3564;1;0
1614;17;1;0.1;0.5;14;101;0.4758065;260;236.2079;1;0
1615;17;1;0.1;0.5;15;101;0.535865;246;234.495;1;0
1616;17;1;0.1;0.5;16;103;0.4142259;241;236.9126;1;2
1617;17;1;0.1;0.5;17;101;0.5387755;241;236.3267;1;0
1618;17;1;0.1;0.5;18;102;0.5381356;254;236.7843;1;1
1619;17;1;0.1;0.5;19;103;0.4564315;226;238.3689;1;2
1620;17;1;0.1;0.5;20;104;0.5597015;235;237.0288;1;3
1621;17;1;0.1;0.5;21;104;0.4844961;232;236.5577;1;3
1622;17;1;0.1;0.5;22;104;0.5349794;248;237.9904;1;3
1623;17;1;0.1;0.5;23;101;0.5079365;237;236.8812;1;0
1624;17;1;0.1;0.5;24;102;0.5221239;210;237.1275;1;1
1625;17;1;0.1;0.5;25;101;0.5045872;245;236.9604;1;0
1626;17;1;0.1;0.5;26;103;0.4375;253;235.0971;1;2
1627;17;1;0.1;0.5;27;101;0.5327511;246;236.7921;1;0
1628;17;1;0.1;0.5;28;101;0.4900398;232;236.2772;1;0
1629;17;1;0.1;0.5;29;103;0.4718615;242;235.8252;1;2
1630;17;1;0.1;0.5;30;101;0.5101215;234;235.4752;1;0
1631;17;1;0.1;0.5;31;102;0.5080645;244;237.2451;1;1
1632;17;1;0.1;0.5;32;103;0.5406504;249;236.301;1;2
1633;17;1;0.1;0.5;33;104;0.473251;227;236.8077;1;3
1634;17;1;0.1;0.5;34;103;0.4731707;241;236.2913;1;2
1635;17;1;0.1;0.5;35;101;0.4934498;239;236.4851;1;0
1636;17;1;0.1;0.5;36;102;0.5245283;220;237.7647;1;1
1637;17;1;0.1;0.5;37;101;0.5091743;234;235.099;1;0
1638;17;1;0.1;0.5;38;101;0.5057471;223;236.6931;1;0
1639;17;1;0.1;0.5;39;101;0.4414414;253;234.7228;1;0
1640;17;1;0.1;0.5;40;101;0.5291667;244;238.4554;1;0
1641;17;1;0.1;0.5;41;101;0.5559846;232;238.8218;1;0
1642;17;1;0.1;0.5;42;101;0.4756098;227;233.5941;1;0
1643;17;1;0.1;0.5;43;101;0.4335938;228;236.5248;1;0
1644;17;1;0.1;0.5;44;101;0.480315;236;239.5743;1;0
1645;17;1;0.1;0.5;45;101;0.4765957;236;236.3267;1;0
1646;17;1;0.1;0.5;46;102;0.4805195;269;234.6569;1;1
1647;17;1;0.1;0.5;47;102;0.5528455;220;237.3235;1;1
1648;17;1;0.1;0.5;48;101;0.4497817;222;236.4356;1;0
1649;17;1;0.1;0.5;49;101;0.5069767;235;236.8317;1;0
1650;17;1;0.1;0.5;50;104;0.5283843;234;238.4423;1;3
1651;17;1;0.1;0.5;51;101;0.4932127;256;238.5743;1;0
1652;17;1;0.1;0.5;52;101;0.4847162;227;235.3366;1;0
1653;17;1;0.1;0.5;53;101;0.5163934;252;236.1782;1;0
1654;17;1;0.1;0.5;54;104;0.4717742;227;236.3077;1;3
1655;17;1;0.1;0.5;55;102;0.5454545;228;234.2451;1;1
1656;17;1;0.1;0.5;56;103;0.5469388;230;234.5437;1;2
1657;17;1;0.1;0.5;57;101;0.4937759;223;236.099;1;0
1658;17;1;0.1;0.5;58;103;0.5;248;237.2718;1;2
1659;17;1;0.1;0.5;59;102;0.4887892;261;237.0686;1;1
1660;17;1;0.1;0.5;60;102;0.5294118;253;237.4314;1;1
1661;17;1;0.1;0.5;61;104;0.4506438;230;235.8173;1;3
1662;17;1;0.1;0.5;62;101;0.4713115;242;234.8614;1;0
1663;17;1;0.1;0.5;63;101;0.5504202;223;236.0396;1;0
1664;17;1;0.1;0.5;64;101;0.4956897;242;236.9802;1;0
1665;17;1;0.1;0.5;65;101;0.488;252;236.495;1;0
1666;17;1;0.1;0.5;66;103;0.4661017;218;237.1942;1;2
1667;17;1;0.1;0.5;67;101;0.5043103;229;237.1683;1;0
1668;17;1;0.1;0.5;68;105;0.4565217;226;237.4952;1;4
1669;17;1;0.1;0.5;69;101;0.5046729;258;234.5248;1;0
1670;17;1;0.1;0.5;70;102;0.484;243;235.6765;1;1
1671;17;1;0.1;0.5;71;101;0.473029;240;236.0891;1;0
1672;17;1;0.1;0.5;72;103;0.5;231;237.1553;1;2
1673;17;1;0.1;0.5;73;101;0.4577778;253;237.9703;1;0
1674;17;1;0.1;0.5;74;102;0.4792627;245;236.7549;1;1
1675;17;1;0.1;0.5;75;101;0.4763948;222;237.9307;1;0
1676;17;1;0.1;0.5;76;101;0.4609375;239;236.0099;1;0
1677;17;1;0.1;0.5;77;103;0.4834711;236;239.3592;1;2
1678;17;1;0.1;0.5;78;101;0.4615385;241;236.7822;1;0
1679;17;1;0.1;0.5;79;101;0.4510638;244;236.901;1;0
1680;17;1;0.1;0.5;80;102;0.5019608;242;237.549;1;1
1681;17;1;0.1;0.5;81;101;0.5144231;254;237.9406;1;0
1682;17;1;0.1;0.5;82;101;0.5076336;220;235.8317;1;0
1683;17;1;0.1;0.5;83;101;0.4493392;235;235.2574;1;0
1684;17;1;0.1;0.5;84;101;0.5086957;232;236.6733;1;0
1685;17;1;0.1;0.5;85;103;0.5676856;228;234.8058;1;2
1686;17;1;0.1;0.5;86;102;0.4810127;237;236.049;1;1
1687;17;1;0.1;0.5;87;101;0.5150376;230;233.5842;1;0
1688;17;1;0.1;0.5;88;101;0.5446809;216;238.297;1;0
1689;17;1;0.1;0.5;89;101;0.5414847;242;235.7822;1;0
1690;17;1;0.1;0.5;90;101;0.4678899;253;237.6733;1;0
1691;17;1;0.1;0.5;91;103;0.4713656;260;239.1456;1;2
1692;17;1;0.1;0.5;92;102;0.5;222;236.6275;1;1
1693;17;1;0.1;0.5;93;101;0.4834711;234;237.2475;1;0
1694;17;1;0.1;0.5;94;101;0.5661157;259;237.2079;1;0
1695;17;1;0.1;0.5;95;101;0.4853556;246;234.9406;1;0
1696;17;1;0.1;0.5;96;101;0.5433071;229;236.4059;1;0
1697;17;1;0.1;0.5;97;101;0.5493562;225;237.5545;1;0
1698;17;1;0.1;0.5;98;102;0.5145228;231;239.8725;1;1
1699;17;1;0.1;0.5;99;101;0.4705882;222;237.7624;1;0
1700;17;1;0.1;0.5;100;101;0.4853556;238;236.1782;1;0
1701;18;3;0.1;0.5;1;101;0.4871795;226;236.0495;3;0
1702;18;3;0.1;0.5;2;101;0.4823009;216;235.0099;3;0
1703;18;3;0.1;0.5;3;101;0.5060729;201;235.7228;3;0
1704;18;3;0.1;0.5;4;102;0.5;242;235.0294;3;1
1705;18;3;0.1;0.5;5;101;0.52;244;234.8911;3;0
1706;18;3;0.1;0.5;6;101;0.4851064;241;236.9901;3;0
1707;18;3;0.1;0.5;7;101;0.4841629;252;237.7327;3;0
1708;18;3;0.1;0.5;8;103;0.6007463;235;237.9612;3;2
1709;18;3;0.1;0.5;9;103;0.4915254;239;236.9709;3;2
1710;18;3;0.1;0.5;10;101;0.4719626;244;236.0198;3;0
1711;18;3;0.1;0.5;11;102;0.5194805;240;236.0784;3;1
1712;18;3;0.1;0.5;12;105;0.4826087;217;236.9429;3;4
1713;18;3;0.1;0.5;13;102;0.509009;255;238.2941;3;1
1714;18;3;0.1;0.5;14;101;0.5217391;243;237.5743;3;0
1715;18;3;0.1;0.5;15;102;0.4705882;243;236.7255;3;1
1716;18;3;0.1;0.5;16;101;0.479638;232;238.5743;3;0
1717;18;3;0.1;0.5;17;101;0.4493392;225;236.6832;3;0
1718;18;3;0.1;0.5;18;101;0.5194805;239;237.2079;3;0
1719;18;3;0.1;0.5;19;104;0.4686347;222;237.1346;3;3
1720;18;3;0.1;0.5;20;102;0.5274262;221;235.6569;3;1
1721;18;3;0.1;0.5;21;101;0.5169492;246;238.1089;3;0
1722;18;3;0.1;0.5;22;102;0.4688797;242;237.7549;3;1
1723;18;3;0.1;0.5;23;102;0.488;241;236.0392;3;1
1724;18;3;0.1;0.5;24;107;0.4941176;241;236.1028;3;6
1725;18;3;0.1;0.5;25;101;0.5777778;241;237.7525;3;0
1726;18;3;0.1;0.5;26;101;0.553719;259;236.4257;3;0
1727;18;3;0.1;0.5;27;101;0.5169492;245;236.7723;3;0
1728;18;3;0.1;0.5;28;102;0.4844961;246;237.6373;3;1
1729;18;3;0.1;0.5;29;101;0.5142857;245;237.8317;3;0
1730;18;3;0.1;0.5;30;102;0.5247934;230;234.4412;3;1
1731;18;3;0.1;0.5;31;105;0.4598214;233;236.3238;3;4
1732;18;3;0.1;0.5;32;101;0.542735;249;237.0099;3;0
1733;18;3;0.1;0.5;33;103;0.5641026;243;234.9709;3;2
1734;18;3;0.1;0.5;34;102;0.5416667;248;238.2941;3;1
1735;18;3;0.1;0.5;35;102;0.4765625;233;238.9804;3;1
1736;18;3;0.1;0.5;36;101;0.5185185;246;237.3762;3;0
1737;18;3;0.1;0.5;37;101;0.4980237;221;234.7723;3;0
1738;18;3;0.1;0.5;38;101;0.5021459;244;234.7426;3;0
1739;18;3;0.1;0.5;39;101;0.4959677;240;236.6436;3;0
1740;18;3;0.1;0.5;40;102;0.4774775;234;234.7255;3;1
1741;18;3;0.1;0.5;41;103;0.4479638;270;236.5825;3;2
1742;18;3;0.1;0.5;42;101;0.4824903;246;237.6238;3;0
1743;18;3;0.1;0.5;43;102;0.5384615;251;237.6078;3;1
1744;18;3;0.1;0.5;44;101;0.5177866;243;235.7228;3;0
1745;18;3;0.1;0.5;45;102;0.4882629;225;235.1765;3;1
1746;18;3;0.1;0.5;46;101;0.4888889;251;236.6733;3;0
1747;18;3;0.1;0.5;47;101;0.4958678;233;236.1188;3;0
1748;18;3;0.1;0.5;48;103;0.470852;216;237.2621;3;2
1749;18;3;0.1;0.5;49;101;0.5401786;228;235.0396;3;0
1750;18;3;0.1;0.5;50;102;0.4787645;234;236.549;3;1
1751;18;3;0.1;0.5;51;103;0.5483871;228;235.7476;3;2
1752;18;3;0.1;0.5;52;102;0.4621849;236;234.902;3;1
1753;18;3;0.1;0.5;53;103;0.5407725;217;236.9612;3;2
1754;18;3;0.1;0.5;54;102;0.5043478;248;236.7353;3;1
1755;18;3;0.1;0.5;55;101;0.5299145;245;238.0891;3;0
1756;18;3;0.1;0.5;56;103;0.5418502;240;237.7282;3;2
1757;18;3;0.1;0.5;57;103;0.4692308;235;237.0485;3;2
1758;18;3;0.1;0.5;58;102;0.5102041;223;236.5;3;1
1759;18;3;0.1;0.5;59;101;0.4734694;263;237.5545;3;0
1760;18;3;0.1;0.5;60;104;0.5307018;261;236.9038;3;3
1761;18;3;0.1;0.5;61;101;0.4875;257;236.9505;3;0
1762;18;3;0.1;0.5;62;101;0.4736842;230;235.5644;3;0
1763;18;3;0.1;0.5;63;102;0.4977974;229;236.402;3;1
1764;18;3;0.1;0.5;64;102;0.4790698;231;237.8529;3;1
1765;18;3;0.1;0.5;65;103;0.5357143;226;234.9806;3;2
1766;18;3;0.1;0.5;66;101;0.4808511;223;236.505;3;0
1767;18;3;0.1;0.5;67;101;0.52;238;236.4257;3;0
1768;18;3;0.1;0.5;68;104;0.4711111;246;236.3846;3;3
1769;18;3;0.1;0.5;69;101;0.5064935;250;238.3465;3;0
1770;18;3;0.1;0.5;70;103;0.5384615;237;239.1845;3;2
1771;18;3;0.1;0.5;71;101;0.5232068;215;237.505;3;0
1772;18;3;0.1;0.5;72;103;0.5361217;210;235.7379;3;2
1773;18;3;0.1;0.5;73;102;0.474359;248;236.1667;3;1
1774;18;3;0.1;0.5;74;101;0.4734694;224;235.8218;3;0
1775;18;3;0.1;0.5;75;101;0.465587;241;235.8515;3;0
1776;18;3;0.1;0.5;76;101;0.5169492;259;236.9901;3;0
1777;18;3;0.1;0.5;77;101;0.537037;248;236.6238;3;0
1778;18;3;0.1;0.5;78;101;0.5357143;228;238.5545;3;0
1779;18;3;0.1;0.5;79;101;0.5232068;262;238.1188;3;0
1780;18;3;0.1;0.5;80;102;0.4811321;255;237.1176;3;1
1781;18;3;0.1;0.5;81;101;0.5538462;219;236;3;0
1782;18;3;0.1;0.5;82;103;0.4895397;245;236.6214;3;2
1783;18;3;0.1;0.5;83;107;0.5225225;240;237.2056;3;6
1784;18;3;0.1;0.5;84;101;0.5454545;257;236.8416;3;0
1785;18;3;0.1;0.5;85;103;0.5121951;210;237.7184;3;2
1786;18;3;0.1;0.5;86;103;0.440678;243;236.7184;3;2
1787;18;3;0.1;0.5;87;104;0.5470852;239;236.1827;3;3
1788;18;3;0.1;0.5;88;101;0.4669421;227;236.1386;3;0
1789;18;3;0.1;0.5;89;102;0.474359;241;237.5882;3;1
1790;18;3;0.1;0.5;90;101;0.5060729;224;237.3267;3;0
1791;18;3;0.1;0.5;91;101;0.5089286;239;235.5545;3;0
1792;18;3;0.1;0.5;92;102;0.4980989;234;236.951;3;1
1793;18;3;0.1;0.5;93;102;0.5070423;268;238.0098;3;1
1794;18;3;0.1;0.5;94;104;0.5062762;262;237.7885;3;3
1795;18;3;0.1;0.5;95;101;0.479638;269;237.802;3;0
1796;18;3;0.1;0.5;96;101;0.5489362;220;237.3564;3;0
1797;18;3;0.1;0.5;97;102;0.4642857;235;236.4412;3;1
1798;18;3;0.1;0.5;98;102;0.5;277;238.2843;3;1
1799;18;3;0.1;0.5;99;102;0.4916667;220;237.1961;3;1
1800;18;3;0.1;0.5;100;101;0.4636364;247;234.3861;3;0
1801;19;5;0.1;0.5;1;101;0.5708155;232;235.6634;5;0
1802;19;5;0.1;0.5;2;101;0.4979424;226;237.7822;5;0
1803;19;5;0.1;0.5;3;101;0.5265306;225;235.802;5;0
1804;19;5;0.1;0.5;4;102;0.4576271;230;235.1373;5;1
1805;19;5;0.1;0.5;5;102;0.4263566;235;237.0098;5;1
1806;19;5;0.1;0.5;6;102;0.4780702;229;237.2451;5;1
1807;19;5;0.1;0.5;7;104;0.5066079;242;235.9231;5;3
1808;19;5;0.1;0.5;8;104;0.502008;212;237.0481;5;3
1809;19;5;0.1;0.5;9;101;0.5423729;232;236.1188;5;0
1810;19;5;0.1;0.5;10;102;0.5037879;244;237.3725;5;1
1811;19;5;0.1;0.5;11;101;0.5;234;236.6634;5;0
1812;19;5;0.1;0.5;12;103;0.5042735;247;235.9417;5;2
1813;19;5;0.1;0.5;13;101;0.4490741;240;237.9307;5;0
1814;19;5;0.1;0.5;14;101;0.5019157;227;238.2079;5;0
1815;19;5;0.1;0.5;15;101;0.517094;234;237.7228;5;0
1816;19;5;0.1;0.5;16;101;0.4252336;237;235.7525;5;0
1817;19;5;0.1;0.5;17;101;0.4769874;242;234.4851;5;0
1818;19;5;0.1;0.5;18;103;0.5142857;240;236.6214;5;2
1819;19;5;0.1;0.5;19;102;0.4579832;211;236.549;5;1
1820;19;5;0.1;0.5;20;102;0.4791667;226;235.8627;5;1
1821;19;5;0.1;0.5;21;103;0.5243902;242;237.233;5;2
1822;19;5;0.1;0.5;22;101;0.5644444;256;236.1584;5;0
1823;19;5;0.1;0.5;23;104;0.508;243;237.6442;5;3
1824;19;5;0.1;0.5;24;101;0.5128205;244;237.4851;5;0
1825;19;5;0.1;0.5;25;106;0.5060729;232;237.0943;5;5
1826;19;5;0.1;0.5;26;102;0.4693878;238;234.5;5;1
1827;19;5;0.1;0.5;27;102;0.4899598;234;237.598;5;1
1828;19;5;0.1;0.5;28;102;0.4784483;246;237.5294;5;1
1829;19;5;0.1;0.5;29;101;0.508547;211;237.9604;5;0
1830;19;5;0.1;0.5;30;101;0.4439252;244;237.6238;5;0
1831;19;5;0.1;0.5;31;104;0.5355649;232;238.2212;5;3
1832;19;5;0.1;0.5;32;101;0.4801762;224;236.2376;5;0
1833;19;5;0.1;0.5;33;101;0.51417;221;236.2277;5;0
1834;19;5;0.1;0.5;34;103;0.4974359;264;237.7476;5;2
1835;19;5;0.1;0.5;35;101;0.5;229;237.2178;5;0
1836;19;5;0.1;0.5;36;101;0.5127119;232;235.2277;5;0
1837;19;5;0.1;0.5;37;101;0.5041322;251;237.2376;5;0
1838;19;5;0.1;0.5;38;102;0.4599156;242;236.1863;5;1
1839;19;5;0.1;0.5;39;103;0.4899598;256;237.1748;5;2
1840;19;5;0.1;0.5;40;101;0.5213675;244;237.4653;5;0
1841;19;5;0.1;0.5;41;103;0.5368852;227;237.0971;5;2
1842;19;5;0.1;0.5;42;101;0.473913;229;236.1782;5;0
1843;19;5;0.1;0.5;43;101;0.5358852;216;236.4158;5;0
1844;19;5;0.1;0.5;44;102;0.5254237;231;235.549;5;1
1845;19;5;0.1;0.5;45;103;0.4940239;227;238.0388;5;2
1846;19;5;0.1;0.5;46;102;0.5225225;242;235.7941;5;1
1847;19;5;0.1;0.5;47;101;0.5;240;238.5545;5;0
1848;19;5;0.1;0.5;48;102;0.4933921;222;234.6863;5;1
1849;19;5;0.1;0.5;49;104;0.4672489;249;237.3942;5;3
1850;19;5;0.1;0.5;50;102;0.4541485;218;235.7941;5;1
1851;19;5;0.1;0.5;51;103;0.5416667;228;235.6699;5;2
1852;19;5;0.1;0.5;52;110;0.5267176;233;236.9091;5;9
1853;19;5;0.1;0.5;53;101;0.4606299;225;236.3366;5;0
1854;19;5;0.1;0.5;54;102;0.48583;264;235.2353;5;1
1855;19;5;0.1;0.5;55;101;0.4561404;230;237.2871;5;0
1856;19;5;0.1;0.5;56;101;0.5065502;253;236.2178;5;0
1857;19;5;0.1;0.5;57;101;0.4596774;208;237.6634;5;0
1858;19;5;0.1;0.5;58;102;0.4439834;222;237.4804;5;1
1859;19;5;0.1;0.5;59;103;0.5471698;252;236.7476;5;2
1860;19;5;0.1;0.5;60;102;0.5060729;232;237.3529;5;1
1861;19;5;0.1;0.5;61;102;0.4692982;225;236.5784;5;1
1862;19;5;0.1;0.5;62;101;0.4590909;216;236.2475;5;0
1863;19;5;0.1;0.5;63;101;0.4383562;241;236.6733;5;0
1864;19;5;0.1;0.5;64;101;0.5474138;223;238.1188;5;0
1865;19;5;0.1;0.5;65;102;0.5471698;239;234.598;5;1
1866;19;5;0.1;0.5;66;104;0.4776786;243;237.7692;5;3
1867;19;5;0.1;0.5;67;102;0.4574899;211;237.9118;5;1
1868;19;5;0.1;0.5;68;102;0.4940711;224;237.049;5;1
1869;19;5;0.1;0.5;69;102;0.4979253;227;235.6863;5;1
1870;19;5;0.1;0.5;70;101;0.4763948;236;238.1485;5;0
1871;19;5;0.1;0.5;71;101;0.5022831;241;234.4059;5;0
1872;19;5;0.1;0.5;72;102;0.5;251;236.1667;5;1
1873;19;5;0.1;0.5;73;101;0.5101215;256;236.9307;5;0
1874;19;5;0.1;0.5;74;102;0.4901961;231;236.2941;5;1
1875;19;5;0.1;0.5;75;101;0.530303;237;237.2277;5;0
1876;19;5;0.1;0.5;76;101;0.5062762;204;237.3366;5;0
1877;19;5;0.1;0.5;77;101;0.4931507;244;237.0594;5;0
1878;19;5;0.1;0.5;78;104;0.5358491;208;237.1154;5;3
1879;19;5;0.1;0.5;79;105;0.3989637;256;235.0476;5;4
1880;19;5;0.1;0.5;80;102;0.5555556;224;235.2843;5;1
1881;19;5;0.1;0.5;81;102;0.509009;246;237.5588;5;1
1882;19;5;0.1;0.5;82;103;0.4522822;229;236.8252;5;2
1883;19;5;0.1;0.5;83;102;0.5581395;242;236.1667;5;1
1884;19;5;0.1;0.5;84;102;0.464135;232;236.1569;5;1
1885;19;5;0.1;0.5;85;103;0.489083;253;238.2718;5;2
1886;19;5;0.1;0.5;86;103;0.4541485;243;238.2524;5;2
1887;19;5;0.1;0.5;87;101;0.5225225;239;236.297;5;0
1888;19;5;0.1;0.5;88;101;0.496;219;236.2079;5;0
1889;19;5;0.1;0.5;89;102;0.5021645;230;235.7941;5;1
1890;19;5;0.1;0.5;90;103;0.4491525;241;237.6019;5;2
1891;19;5;0.1;0.5;91;101;0.4980237;219;236.8317;5;0
1892;19;5;0.1;0.5;92;101;0.4684685;242;237.3168;5;0
1893;19;5;0.1;0.5;93;101;0.5121951;234;240.0396;5;0
1894;19;5;0.1;0.5;94;102;0.4678112;250;236.8725;5;1
1895;19;5;0.1;0.5;95;103;0.4553191;258;235.8447;5;2
1896;19;5;0.1;0.5;96;101;0.5098814;226;237.1386;5;0
1897;19;5;0.1;0.5;97;102;0.4734513;239;236.6373;5;1
1898;19;5;0.1;0.5;98;106;0.5123967;218;236.9057;5;5
1899;19;5;0.1;0.5;99;101;0.4814815;251;236.396;5;0
1900;19;5;0.1;0.5;100;104;0.5238095;210;235.6346;5;3
1901;20;7;0.1;0.5;1;103;0.5497835;254;236.9515;7;2
1902;20;7;0.1;0.5;2;101;0.503937;235;236.5149;7;0
1903;20;7;0.1;0.5;3;101;0.5760369;241;236.8713;7;0
1904;20;7;0.1;0.5;4;101;0.5822785;229;236.6535;7;0
1905;20;7;0.1;0.5;5;101;0.4467213;224;238.1683;7;0
1906;20;7;0.1;0.5;6;101;0.4267241;269;235.4752;7;0
1907;20;7;0.1;0.5;7;101;0.5390947;238;236.8317;7;0
1908;20;7;0.1;0.5;8;101;0.5702811;225;235.0198;7;0
1909;20;7;0.1;0.5;9;101;0.454918;230;237.2673;7;0
1910;20;7;0.1;0.5;10;101;0.4741379;231;234.6733;7;0
1911;20;7;0.1;0.5;11;101;0.4977578;265;235.9208;7;0
1912;20;7;0.1;0.5;12;102;0.5127119;220;237.6863;7;1
1913;20;7;0.1;0.5;13;101;0.4711111;224;236.1386;7;0
1914;20;7;0.1;0.5;14;102;0.4716157;227;235.0686;7;1
1915;20;7;0.1;0.5;15;101;0.483871;243;236.7723;7;0
1916;20;7;0.1;0.5;16;105;0.4944238;237;236.2476;7;4
1917;20;7;0.1;0.5;17;101;0.4916667;249;235.9505;7;0
1918;20;7;0.1;0.5;18;102;0.4757709;230;234.7549;7;1
1919;20;7;0.1;0.5;19;101;0.464135;240;238.396;7;0
1920;20;7;0.1;0.5;20;102;0.4776786;261;238.1569;7;1
1921;20;7;0.1;0.5;21;101;0.5086957;263;236.4455;7;0
1922;20;7;0.1;0.5;22;104;0.4906367;225;238.3269;7;3
1923;20;7;0.1;0.5;23;101;0.4868421;245;235.6931;7;0
1924;20;7;0.1;0.5;24;101;0.4932735;226;236.7921;7;0
1925;20;7;0.1;0.5;25;101;0.4622222;238;237.1386;7;0
1926;20;7;0.1;0.5;26;101;0.5286885;238;236.2178;7;0
1927;20;7;0.1;0.5;27;101;0.5307018;229;236.3564;7;0
1928;20;7;0.1;0.5;28;101;0.4382979;257;236.1287;7;0
1929;20;7;0.1;0.5;29;104;0.4957627;235;237.0769;7;3
1930;20;7;0.1;0.5;30;101;0.523622;218;235.5446;7;0
1931;20;7;0.1;0.5;31;102;0.4823009;251;236.5;7;1
1932;20;7;0.1;0.5;32;102;0.5;228;238.2941;7;1
1933;20;7;0.1;0.5;33;101;0.5387931;236;235.3465;7;0
1934;20;7;0.1;0.5;34;103;0.5168067;218;236.8738;7;2
1935;20;7;0.1;0.5;35;102;0.5485232;262;236.1863;7;1
1936;20;7;0.1;0.5;36;102;0.5321888;237;235.6667;7;1
1937;20;7;0.1;0.5;37;102;0.4458333;235;238.8824;7;1
1938;20;7;0.1;0.5;38;102;0.4979424;232;236.5882;7;1
1939;20;7;0.1;0.5;39;101;0.4568966;237;235.703;7;0
1940;20;7;0.1;0.5;40;103;0.4918699;218;236.1456;7;2
1941;20;7;0.1;0.5;41;102;0.5201613;202;234.6569;7;1
1942;20;7;0.1;0.5;42;101;0.5321888;240;235.6931;7;0
1943;20;7;0.1;0.5;43;101;0.5560748;248;237.1089;7;0
1944;20;7;0.1;0.5;44;102;0.5215517;222;237.3039;7;1
1945;20;7;0.1;0.5;45;101;0.4801762;217;239.4356;7;0
1946;20;7;0.1;0.5;46;101;0.5102041;240;236.5644;7;0
1947;20;7;0.1;0.5;47;103;0.4918699;246;234.4078;7;2
1948;20;7;0.1;0.5;48;101;0.4405286;250;236.5149;7;0
1949;20;7;0.1;0.5;49;103;0.5065502;244;236.6214;7;2
1950;20;7;0.1;0.5;50;101;0.5102041;249;238.1683;7;0
1951;20;7;0.1;0.5;51;102;0.4648438;234;237.0392;7;1
1952;20;7;0.1;0.5;52;101;0.5115207;243;237.0198;7;0
1953;20;7;0.1;0.5;53;104;0.4508197;227;238.3077;7;3
1954;20;7;0.1;0.5;54;102;0.5144033;236;237.7255;7;1
1955;20;7;0.1;0.5;55;103;0.5059289;243;237.466;7;2
1956;20;7;0.1;0.5;56;102;0.4920635;250;236.6569;7;1
1957;20;7;0.1;0.5;57;103;0.5210084;209;237.3981;7;2
1958;20;7;0.1;0.5;58;101;0.493617;233;236.5842;7;0
1959;20;7;0.1;0.5;59;111;0.4803493;251;237.5495;7;10
1960;20;7;0.1;0.5;60;101;0.513834;246;237.0792;7;0
1961;20;7;0.1;0.5;61;101;0.4658635;227;236.3465;7;0
1962;20;7;0.1;0.5;62;103;0.5346939;229;236.6214;7;2
1963;20;7;0.1;0.5;63;101;0.4414414;226;235.6634;7;0
1964;20;7;0.1;0.5;64;103;0.557377;230;236.4272;7;2
1965;20;7;0.1;0.5;65;103;0.5506608;224;236.699;7;2
1966;20;7;0.1;0.5;66;102;0.5194805;235;235.5784;7;1
1967;20;7;0.1;0.5;67;101;0.5063291;259;237.1584;7;0
1968;20;7;0.1;0.5;68;107;0.5206612;220;237.3458;7;6
1969;20;7;0.1;0.5;69;102;0.5454545;230;236.9608;7;1
1970;20;7;0.1;0.5;70;102;0.564;245;237.2745;7;1
1971;20;7;0.1;0.5;71;102;0.4472574;260;236.6176;7;1
1972;20;7;0.1;0.5;72;104;0.477551;229;238.0481;7;3
1973;20;7;0.1;0.5;73;102;0.4978541;218;237.7549;7;1
1974;20;7;0.1;0.5;74;101;0.464;228;238.297;7;0
1975;20;7;0.1;0.5;75;101;0.5020921;222;235.0891;7;0
1976;20;7;0.1;0.5;76;104;0.5180723;239;237.9615;7;3
1977;20;7;0.1;0.5;77;101;0.4938272;247;237.099;7;0
1978;20;7;0.1;0.5;78;101;0.4579832;238;235.495;7;0
1979;20;7;0.1;0.5;79;102;0.4745763;239;237.6373;7;1
1980;20;7;0.1;0.5;80;105;0.5042017;238;237.2571;7;4
1981;20;7;0.1;0.5;81;102;0.4837398;247;235.7647;7;1
1982;20;7;0.1;0.5;82;101;0.443038;254;237.0891;7;0
1983;20;7;0.1;0.5;83;101;0.511811;245;237.5248;7;0
1984;20;7;0.1;0.5;84;104;0.5486381;225;235.5288;7;3
1985;20;7;0.1;0.5;85;101;0.5372549;230;235.6832;7;0
1986;20;7;0.1;0.5;86;101;0.4979079;242;236.5545;7;0
1987;20;7;0.1;0.5;87;103;0.5752212;254;237.0388;7;2
1988;20;7;0.1;0.5;88;101;0.4333333;264;239.2376;7;0
1989;20;7;0.1;0.5;89;102;0.4823009;238;236.9216;7;1
1990;20;7;0.1;0.5;90;103;0.5103734;235;236.2913;7;2
1991;20;7;0.1;0.5;91;103;0.5679012;215;237.6796;7;2
1992;20;7;0.1;0.5;92;103;0.513834;230;237.2816;7;2
1993;20;7;0.1;0.5;93;102;0.4979424;240;236.0588;7;1
1994;20;7;0.1;0.5;94;101;0.4932735;270;237.3861;7;0
1995;20;7;0.1;0.5;95;101;0.548;225;236.8119;7;0
1996;20;7;0.1;0.5;96;102;0.5289256;258;237.0882;7;1
1997;20;7;0.1;0.5;97;102;0.4761905;209;236.3431;7;1
1998;20;7;0.1;0.5;98;101;0.5275229;254;237.7129;7;0
1999;20;7;0.1;0.5;99;102;0.5362903;240;236.2745;7;1
2000;20;7;0.1;0.5;100;101;0.506383;235;236.0198;7;0
2001;21;9;0.1;0.5;1;108;0.4678112;251;234.8981;9;7
2002;21;9;0.1;0.5;2;103;0.5042735;219;236.466;9;2
2003;21;9;0.1;0.5;3;101;0.5132743;223;235.6832;9;0
2004;21;9;0.1;0.5;4;102;0.4855967;246;235.4902;9;1
2005;21;9;0.1;0.5;5;101;0.5106383;246;236.1287;9;0
2006;21;9;0.1;0.5;6;101;0.4897119;231;238.9505;9;0
2007;21;9;0.1;0.5;7;101;0.5223214;239;237.5941;9;0
2008;21;9;0.1;0.5;8;105;0.472103;230;238.4952;9;4
2009;21;9;0.1;0.5;9;101;0.4980237;225;237.802;9;0
2010;21;9;0.1;0.5;10;103;0.5413223;242;238.2816;9;2
2011;21;9;0.1;0.5;11;101;0.4563107;246;237.0891;9;0
2012;21;9;0.1;0.5;12;102;0.5367965;233;235.6961;9;1
2013;21;9;0.1;0.5;13;101;0.4699248;223;237.3861;9;0
2014;21;9;0.1;0.5;14;102;0.5210084;256;236.3627;9;1
2015;21;9;0.1;0.5;15;102;0.4583333;244;236.951;9;1
2016;21;9;0.1;0.5;16;102;0.4688797;244;238.1275;9;1
2017;21;9;0.1;0.5;17;102;0.5474138;234;236.9902;9;1
2018;21;9;0.1;0.5;18;101;0.4823529;227;237.4554;9;0
2019;21;9;0.1;0.5;19;101;0.4571429;253;236.6436;9;0
2020;21;9;0.1;0.5;20;102;0.5684647;248;235.1667;9;1
2021;21;9;0.1;0.5;21;105;0.5458515;233;236.9524;9;4
2022;21;9;0.1;0.5;22;101;0.4840183;231;237.9109;9;0
2023;21;9;0.1;0.5;23;102;0.4732143;238;236.5588;9;1
2024;21;9;0.1;0.5;24;101;0.5064935;220;237.7624;9;0
2025;21;9;0.1;0.5;25;101;0.5180723;228;237.495;9;0
2026;21;9;0.1;0.5;26;101;0.4638298;248;236.2376;9;0
2027;21;9;0.1;0.5;27;103;0.4716981;245;236.8447;9;2
2028;21;9;0.1;0.5;28;103;0.4690265;253;235.6796;9;2
2029;21;9;0.1;0.5;29;101;0.5169492;232;235.9802;9;0
2030;21;9;0.1;0.5;30;101;0.5062762;220;237.2475;9;0
2031;21;9;0.1;0.5;31;110;0.4736842;219;235.3455;9;9
2032;21;9;0.1;0.5;32;107;0.4931507;270;237.3551;9;6
2033;21;9;0.1;0.5;33;105;0.513834;223;236.8857;9;4
2034;21;9;0.1;0.5;34;102;0.5172414;257;236.9314;9;1
2035;21;9;0.1;0.5;35;102;0.55;230;237.3725;9;1
2036;21;9;0.1;0.5;36;103;0.4541485;237;236.835;9;2
2037;21;9;0.1;0.5;37;101;0.527897;263;238.8119;9;0
2038;21;9;0.1;0.5;38;105;0.5146444;269;235.5048;9;4
2039;21;9;0.1;0.5;39;101;0.4705882;240;236.0891;9;0
2040;21;9;0.1;0.5;40;101;0.4896266;239;236.8614;9;0
2041;21;9;0.1;0.5;41;103;0.4678899;252;236.6408;9;2
2042;21;9;0.1;0.5;42;101;0.475;219;234.9307;9;0
2043;21;9;0.1;0.5;43;102;0.4824561;231;236.4804;9;1
2044;21;9;0.1;0.5;44;101;0.53125;226;235.7822;9;0
2045;21;9;0.1;0.5;45;101;0.4960938;237;237.7822;9;0
2046;21;9;0.1;0.5;46;105;0.4718615;251;237.3619;9;4
2047;21;9;0.1;0.5;47;102;0.5039062;234;238.5;9;1
2048;21;9;0.1;0.5;48;101;0.4694836;240;237.4752;9;0
2049;21;9;0.1;0.5;49;102;0.5308642;244;236.3529;9;1
2050;21;9;0.1;0.5;50;102;0.4366197;277;236.7647;9;1
2051;21;9;0.1;0.5;51;101;0.5283843;245;238.0693;9;0
2052;21;9;0.1;0.5;52;101;0.4894515;236;236.9406;9;0
2053;21;9;0.1;0.5;53;101;0.5348837;218;234.3069;9;0
2054;21;9;0.1;0.5;54;101;0.5189873;229;236.6733;9;0
2055;21;9;0.1;0.5;55;102;0.460251;246;236.049;9;1
2056;21;9;0.1;0.5;56;102;0.4650206;237;237.402;9;1
2057;21;9;0.1;0.5;57;101;0.5411255;244;236.4059;9;0
2058;21;9;0.1;0.5;58;101;0.4803493;240;237.9208;9;0
2059;21;9;0.1;0.5;59;101;0.4621514;244;238.0198;9;0
2060;21;9;0.1;0.5;60;101;0.5169492;235;237.9307;9;0
2061;21;9;0.1;0.5;61;101;0.512605;232;238.9406;9;0
2062;21;9;0.1;0.5;62;101;0.5021645;232;235.8119;9;0
2063;21;9;0.1;0.5;63;109;0.5044643;253;236.4404;9;8
2064;21;9;0.1;0.5;64;101;0.5039062;210;235.0495;9;0
2065;21;9;0.1;0.5;65;101;0.4895397;221;238.3762;9;0
2066;21;9;0.1;0.5;66;103;0.3868313;210;237.5631;9;2
2067;21;9;0.1;0.5;67;102;0.5429864;228;235.3627;9;1
2068;21;9;0.1;0.5;68;101;0.4827586;231;236.3267;9;0
2069;21;9;0.1;0.5;69;102;0.4212766;233;236.4902;9;1
2070;21;9;0.1;0.5;70;102;0.5454545;259;236.8529;9;1
2071;21;9;0.1;0.5;71;101;0.4816514;242;235.0396;9;0
2072;21;9;0.1;0.5;72;106;0.4794521;236;236.2925;9;5
2073;21;9;0.1;0.5;73;102;0.5156951;249;238.049;9;1
2074;21;9;0.1;0.5;74;101;0.5299145;246;235.2178;9;0
2075;21;9;0.1;0.5;75;101;0.5201613;218;237.8317;9;0
2076;21;9;0.1;0.5;76;101;0.5;242;236.3861;9;0
2077;21;9;0.1;0.5;77;102;0.548;226;235.0294;9;1
2078;21;9;0.1;0.5;78;102;0.5083333;223;237.2255;9;1
2079;21;9;0.1;0.5;79;102;0.526087;262;235.902;9;1
2080;21;9;0.1;0.5;80;107;0.5541126;235;238.8411;9;6
2081;21;9;0.1;0.5;81;103;0.5594714;240;236.466;9;2
2082;21;9;0.1;0.5;82;103;0.4916667;250;238.2427;9;2
2083;21;9;0.1;0.5;83;105;0.4811321;226;236.819;9;4
2084;21;9;0.1;0.5;84;101;0.437247;212;236.5446;9;0
2085;21;9;0.1;0.5;85;101;0.4955752;256;235.9901;9;0
2086;21;9;0.1;0.5;86;102;0.5330396;235;238.1667;9;1
2087;21;9;0.1;0.5;87;102;0.5929204;245;234.5098;9;1
2088;21;9;0.1;0.5;88;101;0.4692308;242;236.5842;9;0
2089;21;9;0.1;0.5;89;106;0.535865;256;236.3679;9;5
2090;21;9;0.1;0.5;90;101;0.4810127;231;236.0396;9;0
2091;21;9;0.1;0.5;91;102;0.5118483;240;236.4706;9;1
2092;21;9;0.1;0.5;92;101;0.4541833;243;237.9307;9;0
2093;21;9;0.1;0.5;93;102;0.5256917;239;235.8627;9;1
2094;21;9;0.1;0.5;94;101;0.4840183;247;236.0297;9;0
2095;21;9;0.1;0.5;95;101;0.5;219;236.8218;9;0
2096;21;9;0.1;0.5;96;102;0.4764151;256;237.8039;9;1
2097;21;9;0.1;0.5;97;104;0.4693878;239;238.7885;9;3
2098;21;9;0.1;0.5;98;106;0.4680851;235;237.0566;9;5
2099;21;9;0.1;0.5;99;104;0.4958678;225;238.2404;9;3
2100;21;9;0.1;0.5;100;102;0.4979253;255;238.8627;9;1
2101;22;11;0.1;0.5;1;101;0.4917355;206;234.0594;11;0
2102;22;11;0.1;0.5;2;101;0.4565217;235;237.6139;11;0
2103;22;11;0.1;0.5;3;101;0.5420168;216;236.495;11;0
2104;22;11;0.1;0.5;4;103;0.4743083;244;234.4272;11;2
2105;22;11;0.1;0.5;5;101;0.5166667;226;236.9604;11;0
2106;22;11;0.1;0.5;6;105;0.5263158;245;237.6381;11;4
2107;22;11;0.1;0.5;7;101;0.465812;255;236.4158;11;0
2108;22;11;0.1;0.5;8;101;0.5019763;254;237.0297;11;0
2109;22;11;0.1;0.5;9;102;0.483871;251;237.5098;11;1
2110;22;11;0.1;0.5;10;103;0.4695652;225;237.1748;11;2
2111;22;11;0.1;0.5;11;102;0.5;227;236.0686;11;1
2112;22;11;0.1;0.5;12;103;0.4684015;231;237.6311;11;2
2113;22;11;0.1;0.5;13;101;0.5108225;258;238.3663;11;0
2114;22;11;0.1;0.5;14;101;0.5263158;244;236.7426;11;0
2115;22;11;0.1;0.5;15;104;0.5246637;230;236.4904;11;3
2116;22;11;0.1;0.5;16;107;0.504065;243;235.8131;11;6
2117;22;11;0.1;0.5;17;101;0.4952381;253;236.6436;11;0
2118;22;11;0.1;0.5;18;101;0.5450644;244;237.0198;11;0
2119;22;11;0.1;0.5;19;107;0.4849785;224;235.7196;11;6
2120;22;11;0.1;0.5;20;105;0.476;226;236.0095;11;4
2121;22;11;0.1;0.5;21;101;0.4514768;234;237.0198;11;0
2122;22;11;0.1;0.5;22;101;0.515625;238;238.8614;11;0
2123;22;11;0.1;0.5;23;104;0.5381356;249;236.3846;11;3
2124;22;11;0.1;0.5;24;101;0.4853556;236;238.4059;11;0
2125;22;11;0.1;0.5;25;101;0.4497817;236;237.6238;11;0
2126;22;11;0.1;0.5;26;104;0.5040984;226;236.6731;11;3
2127;22;11;0.1;0.5;27;101;0.4795082;253;238.3366;11;0
2128;22;11;0.1;0.5;28;103;0.4834711;234;234.7864;11;2
2129;22;11;0.1;0.5;29;101;0.5409091;229;234.6436;11;0
2130;22;11;0.1;0.5;30;101;0.4395161;257;236.9802;11;0
2131;22;11;0.1;0.5;31;101;0.4568966;259;237.0495;11;0
2132;22;11;0.1;0.5;32;101;0.534413;237;236.7129;11;0
2133;22;11;0.1;0.5;33;101;0.452381;227;237.2673;11;0
2134;22;11;0.1;0.5;34;101;0.4414414;214;237.5149;11;0
2135;22;11;0.1;0.5;35;101;0.5276596;225;235.5743;11;0
2136;22;11;0.1;0.5;36;102;0.4749035;230;238.1078;11;1
2137;22;11;0.1;0.5;37;101;0.4606299;236;236.9802;11;0
2138;22;11;0.1;0.5;38;102;0.4383562;276;237.549;11;1
2139;22;11;0.1;0.5;39;102;0.4678899;239;235.2157;11;1
2140;22;11;0.1;0.5;40;102;0.5097276;218;237.7549;11;1
2141;22;11;0.1;0.5;41;103;0.5387931;261;236.0194;11;2
2142;22;11;0.1;0.5;42;101;0.5405405;236;235.5446;11;0
2143;22;11;0.1;0.5;43;104;0.5042373;229;236.6635;11;3
2144;22;11;0.1;0.5;44;101;0.4892704;236;236.0297;11;0
2145;22;11;0.1;0.5;45;105;0.5570776;260;235.7048;11;4
2146;22;11;0.1;0.5;46;101;0.4714286;241;236.6535;11;0
2147;22;11;0.1;0.5;47;105;0.4956522;227;235.6667;11;4
2148;22;11;0.1;0.5;48;102;0.56;236;236.4412;11;1
2149;22;11;0.1;0.5;49;103;0.4849785;247;235.6117;11;2
2150;22;11;0.1;0.5;50;101;0.5;245;237.7723;11;0
2151;22;11;0.1;0.5;51;103;0.4655172;248;236.1456;11;2
2152;22;11;0.1;0.5;52;102;0.5273632;267;236.6078;11;1
2153;22;11;0.1;0.5;53;106;0.472103;219;236.6509;11;5
2154;22;11;0.1;0.5;54;101;0.516129;249;236.8812;11;0
2155;22;11;0.1;0.5;55;101;0.4920635;248;236.9901;11;0
2156;22;11;0.1;0.5;56;107;0.4609053;223;235.9533;11;6
2157;22;11;0.1;0.5;57;103;0.4481328;242;239.7961;11;2
2158;22;11;0.1;0.5;58;101;0.5066079;229;236.7624;11;0
2159;22;11;0.1;0.5;59;103;0.5176471;235;237.8932;11;2
2160;22;11;0.1;0.5;60;102;0.4915254;242;235.7647;11;1
2161;22;11;0.1;0.5;61;101;0.4653061;217;236.9208;11;0
2162;22;11;0.1;0.5;62;101;0.5207373;255;237.3366;11;0
2163;22;11;0.1;0.5;63;101;0.51417;250;237.8713;11;0
2164;22;11;0.1;0.5;64;102;0.506383;225;236.8922;11;1
2165;22;11;0.1;0.5;65;103;0.524;242;235.4466;11;2
2166;22;11;0.1;0.5;66;101;0.5418502;241;234.198;11;0
2167;22;11;0.1;0.5;67;104;0.48;217;237.7019;11;3
2168;22;11;0.1;0.5;68;101;0.5622318;245;236.6634;11;0
2169;22;11;0.1;0.5;69;101;0.509009;239;236.7525;11;0
2170;22;11;0.1;0.5;70;104;0.52;257;236.5288;11;3
2171;22;11;0.1;0.5;71;102;0.5508475;250;234.8725;11;1
2172;22;11;0.1;0.5;72;103;0.4642857;263;236.233;11;2
2173;22;11;0.1;0.5;73;102;0.5;230;235.7451;11;1
2174;22;11;0.1;0.5;74;101;0.5606695;247;235.0792;11;0
2175;22;11;0.1;0.5;75;101;0.5265306;237;237.3564;11;0
2176;22;11;0.1;0.5;76;101;0.4823009;223;236.1683;11;0
2177;22;11;0.1;0.5;77;101;0.5166667;230;236.8416;11;0
2178;22;11;0.1;0.5;78;101;0.5272727;256;236.3564;11;0
2179;22;11;0.1;0.5;79;102;0.4780702;243;236.7843;11;1
2180;22;11;0.1;0.5;80;106;0.4808511;241;236.7453;11;5
2181;22;11;0.1;0.5;81;101;0.5046296;232;235.9703;11;0
2182;22;11;0.1;0.5;82;101;0.5211864;233;236.6436;11;0
2183;22;11;0.1;0.5;83;101;0.4390244;230;236.0396;11;0
2184;22;11;0.1;0.5;84;101;0.4820717;232;237.7327;11;0
2185;22;11;0.1;0.5;85;101;0.5186916;235;236.1683;11;0
2186;22;11;0.1;0.5;86;103;0.4875;241;237.0388;11;2
2187;22;11;0.1;0.5;87;101;0.5232558;240;235.3663;11;0
2188;22;11;0.1;0.5;88;101;0.5067265;241;237.6832;11;0
2189;22;11;0.1;0.5;89;101;0.4934498;233;237.0891;11;0
2190;22;11;0.1;0.5;90;101;0.5291829;252;237.6832;11;0
2191;22;11;0.1;0.5;91;101;0.5814978;237;237.1683;11;0
2192;22;11;0.1;0.5;92;103;0.4612245;222;236.5631;11;2
2193;22;11;0.1;0.5;93;104;0.5251142;216;235.6442;11;3
2194;22;11;0.1;0.5;94;101;0.4875;215;236.7525;11;0
2195;22;11;0.1;0.5;95;101;0.5023041;252;235.5347;11;0
2196;22;11;0.1;0.5;96;101;0.4268775;218;235.8713;11;0
2197;22;11;0.1;0.5;97;103;0.5;217;236.534;11;2
2198;22;11;0.1;0.5;98;101;0.4133333;223;237.495;11;0
2199;22;11;0.1;0.5;99;102;0.4576923;222;237.3235;11;1
2200;22;11;0.1;0.5;100;102;0.526971;234;235.4902;11;1
2201;23;13;0.1;0.5;1;103;0.5545852;229;236.5243;13;2
2202;23;13;0.1;0.5;2;101;0.5306122;267;236.4257;13;0
2203;23;13;0.1;0.5;3;103;0.496124;257;239.767;13;2
2204;23;13;0.1;0.5;4;101;0.5146444;240;236.4455;13;0
2205;23;13;0.1;0.5;5;103;0.5384615;231;237.6796;13;2
2206;23;13;0.1;0.5;6;102;0.4734513;252;236.6176;13;1
2207;23;13;0.1;0.5;7;101;0.4675926;225;237.0693;13;0
2208;23;13;0.1;0.5;8;103;0.5609756;237;236.6408;13;2
2209;23;13;0.1;0.5;9;101;0.5181818;251;238.2277;13;0
2210;23;13;0.1;0.5;10;102;0.4636364;212;236.4118;13;1
2211;23;13;0.1;0.5;11;102;0.4581673;256;237.1863;13;1
2212;23;13;0.1;0.5;12;101;0.4957627;254;236.2475;13;0
2213;23;13;0.1;0.5;13;102;0.5291829;235;236.4314;13;1
2214;23;13;0.1;0.5;14;101;0.4522822;247;237.9109;13;0
2215;23;13;0.1;0.5;15;102;0.4739336;231;235.5882;13;1
2216;23;13;0.1;0.5;16;101;0.5043103;216;235.1287;13;0
2217;23;13;0.1;0.5;17;104;0.5186567;224;236.8942;13;3
2218;23;13;0.1;0.5;18;102;0.5020243;243;235.7843;13;1
2219;23;13;0.1;0.5;19;101;0.5416667;259;238.5248;13;0
2220;23;13;0.1;0.5;20;101;0.4913793;245;237.5842;13;0
2221;23;13;0.1;0.5;21;101;0.5644444;231;236;13;0
2222;23;13;0.1;0.5;22;102;0.5166667;227;237.8137;13;1
2223;23;13;0.1;0.5;23;104;0.487069;240;237.7115;13;3
2224;23;13;0.1;0.5;24;102;0.4736842;260;238.0196;13;1
2225;23;13;0.1;0.5;25;101;0.5263158;251;237.5644;13;0
2226;23;13;0.1;0.5;26;101;0.5495495;242;235.4851;13;0
2227;23;13;0.1;0.5;27;102;0.4849624;209;238.0294;13;1
2228;23;13;0.1;0.5;28;102;0.5042017;261;238.4118;13;1
2229;23;13;0.1;0.5;29;102;0.5291667;242;237.8137;13;1
2230;23;13;0.1;0.5;30;101;0.4724771;219;236.7129;13;0
2231;23;13;0.1;0.5;31;101;0.4751131;241;237.4752;13;0
2232;23;13;0.1;0.5;32;101;0.5482456;245;236.9307;13;0
2233;23;13;0.1;0.5;33;105;0.5732759;258;237.5429;13;4
2234;23;13;0.1;0.5;34;101;0.5061224;247;236.7723;13;0
2235;23;13;0.1;0.5;35;101;0.5762712;217;236.4653;13;0
2236;23;13;0.1;0.5;36;102;0.5;235;236.8137;13;1
2237;23;13;0.1;0.5;37;101;0.5059761;247;236.8515;13;0
2238;23;13;0.1;0.5;38;101;0.524;259;236.7327;13;0
2239;23;13;0.1;0.5;39;101;0.4583333;252;236.8416;13;0
2240;23;13;0.1;0.5;40;102;0.4837209;246;237.1667;13;1
2241;23;13;0.1;0.5;41;101;0.4725738;258;236.3366;13;0
2242;23;13;0.1;0.5;42;101;0.46;253;237.8911;13;0
2243;23;13;0.1;0.5;43;103;0.4816514;253;233.7184;13;2
2244;23;13;0.1;0.5;44;102;0.5023923;275;238.2353;13;1
2245;23;13;0.1;0.5;45;101;0.4771784;241;237.3663;13;0
2246;23;13;0.1;0.5;46;104;0.5303644;233;235.6635;13;3
2247;23;13;0.1;0.5;47;105;0.5173913;247;235.2857;13;4
2248;23;13;0.1;0.5;48;102;0.5321101;236;237.2941;13;1
2249;23;13;0.1;0.5;49;101;0.4847162;243;238.6832;13;0
2250;23;13;0.1;0.5;50;108;0.4552846;246;237.1574;13;7
2251;23;13;0.1;0.5;51;101;0.5384615;240;236.0891;13;0
2252;23;13;0.1;0.5;52;101;0.5020921;226;237.9505;13;0
2253;23;13;0.1;0.5;53;102;0.4893617;241;235.9706;13;1
2254;23;13;0.1;0.5;54;101;0.470852;229;235.7525;13;0
2255;23;13;0.1;0.5;55;101;0.483871;241;236.1683;13;0
2256;23;13;0.1;0.5;56;102;0.5162602;246;236.8039;13;1
2257;23;13;0.1;0.5;57;101;0.5265306;228;236.6139;13;0
2258;23;13;0.1;0.5;58;101;0.4793388;245;236.5149;13;0
2259;23;13;0.1;0.5;59;106;0.502008;239;238.0472;13;5
2260;23;13;0.1;0.5;60;102;0.4795082;230;237.2941;13;1
2261;23;13;0.1;0.5;61;101;0.4805825;241;238.3267;13;0
2262;23;13;0.1;0.5;62;101;0.4552846;235;238.1287;13;0
2263;23;13;0.1;0.5;63;102;0.5330579;241;236.6961;13;1
2264;23;13;0.1;0.5;64;101;0.5020576;234;235.9505;13;0
2265;23;13;0.1;0.5;65;101;0.5019608;251;238.0198;13;0
2266;23;13;0.1;0.5;66;104;0.5163934;219;236.1923;13;3
2267;23;13;0.1;0.5;67;101;0.4684685;254;238.1386;13;0
2268;23;13;0.1;0.5;68;106;0.5145228;248;236.7736;13;5
2269;23;13;0.1;0.5;69;102;0.5097276;233;235.451;13;1
2270;23;13;0.1;0.5;70;101;0.5330739;207;237.8614;13;0
2271;23;13;0.1;0.5;71;102;0.4880952;220;236.7647;13;1
2272;23;13;0.1;0.5;72;102;0.534188;235;237.2157;13;1
2273;23;13;0.1;0.5;73;104;0.5060729;228;235.9327;13;3
2274;23;13;0.1;0.5;74;102;0.4789916;234;237.098;13;1
2275;23;13;0.1;0.5;75;103;0.5299145;246;236.7379;13;2
2276;23;13;0.1;0.5;76;102;0.448;241;235.3333;13;1
2277;23;13;0.1;0.5;77;102;0.4978355;236;237.902;13;1
2278;23;13;0.1;0.5;78;101;0.5423729;276;236.4158;13;0
2279;23;13;0.1;0.5;79;101;0.4661017;248;238.297;13;0
2280;23;13;0.1;0.5;80;101;0.5133929;255;237.1584;13;0
2281;23;13;0.1;0.5;81;101;0.4320988;231;235.2772;13;0
2282;23;13;0.1;0.5;82;101;0.4931507;255;238.9109;13;0
2283;23;13;0.1;0.5;83;105;0.4409449;214;237.6;13;4
2284;23;13;0.1;0.5;84;102;0.5309735;233;236.9804;13;1
2285;23;13;0.1;0.5;85;101;0.4453782;264;238.1188;13;0
2286;23;13;0.1;0.5;86;102;0.5536481;221;236.951;13;1
2287;23;13;0.1;0.5;87;105;0.521327;247;237.6476;13;4
2288;23;13;0.1;0.5;88;101;0.4756098;240;233.9208;13;0
2289;23;13;0.1;0.5;89;102;0.4752852;241;236.6471;13;1
2290;23;13;0.1;0.5;90;101;0.4647303;238;236.8218;13;0
2291;23;13;0.1;0.5;91;101;0.4638298;227;236.0495;13;0
2292;23;13;0.1;0.5;92;102;0.5111111;227;236.1863;13;1
2293;23;13;0.1;0.5;93;102;0.5086207;234;237.4608;13;1
2294;23;13;0.1;0.5;94;103;0.5104603;237;236.1942;13;2
2295;23;13;0.1;0.5;95;103;0.508;208;236.6893;13;2
2296;23;13;0.1;0.5;96;101;0.4404762;226;236.0099;13;0
2297;23;13;0.1;0.5;97;102;0.5225225;245;236.1667;13;1
2298;23;13;0.1;0.5;98;101;0.4979424;231;238.0099;13;0
2299;23;13;0.1;0.5;99;102;0.5041322;247;237.9314;13;1
2300;23;13;0.1;0.5;100;102;0.5165289;236;236.3922;13;1
2301;24;15;0.1;0.5;1;101;0.4957265;238;237.0495;15;0
2302;24;15;0.1;0.5;2;105;0.4958333;228;238.1048;15;4
2303;24;15;0.1;0.5;3;101;0.5454545;211;235.9109;15;0
2304;24;15;0.1;0.5;4;103;0.4698795;240;239.5922;15;2
2305;24;15;0.1;0.5;5;102;0.5240175;257;237.3725;15;1
2306;24;15;0.1;0.5;6;101;0.4935065;261;236.3366;15;0
2307;24;15;0.1;0.5;7;103;0.4466403;220;234.9126;15;2
2308;24;15;0.1;0.5;8;102;0.4384615;237;236.0882;15;1
2309;24;15;0.1;0.5;9;101;0.4545455;225;235.8713;15;0
2310;24;15;0.1;0.5;10;102;0.5226337;229;237.549;15;1
2311;24;15;0.1;0.5;11;101;0.5714286;253;238.3762;15;0
2312;24;15;0.1;0.5;12;101;0.4954955;254;236.3069;15;0
2313;24;15;0.1;0.5;13;101;0.4957983;239;237.0099;15;0
2314;24;15;0.1;0.5;14;101;0.4979253;263;237.6634;15;0
2315;24;15;0.1;0.5;15;101;0.4538153;249;238.9802;15;0
2316;24;15;0.1;0.5;16;101;0.5327511;250;237.1683;15;0
2317;24;15;0.1;0.5;17;101;0.5434783;249;237.1485;15;0
2318;24;15;0.1;0.5;18;101;0.5276596;235;237.4455;15;0
2319;24;15;0.1;0.5;19;109;0.5068493;224;237.9541;15;8
2320;24;15;0.1;0.5;20;101;0.4309623;223;238.1188;15;0
2321;24;15;0.1;0.5;21;101;0.5144033;225;235.6337;15;0
2322;24;15;0.1;0.5;22;101;0.5198238;237;238.8713;15;0
2323;24;15;0.1;0.5;23;101;0.5276596;222;237.8515;15;0
2324;24;15;0.1;0.5;24;105;0.5517241;240;237.1619;15;4
2325;24;15;0.1;0.5;25;104;0.5209125;234;238.0481;15;3
2326;24;15;0.1;0.5;26;101;0.5306122;258;237.1089;15;0
2327;24;15;0.1;0.5;27;101;0.4912281;241;237.4554;15;0
2328;24;15;0.1;0.5;28;105;0.4691358;243;236.7524;15;4
2329;24;15;0.1;0.5;29;101;0.5108225;215;235.4455;15;0
2330;24;15;0.1;0.5;30;101;0.5409836;238;236.1782;15;0
2331;24;15;0.1;0.5;31;102;0.4653061;247;236.2745;15;1
2332;24;15;0.1;0.5;32;101;0.489083;255;237.4059;15;0
2333;24;15;0.1;0.5;33;103;0.5020576;240;237.0485;15;2
2334;24;15;0.1;0.5;34;103;0.523622;225;238.0583;15;2
2335;24;15;0.1;0.5;35;101;0.5096154;234;235.0099;15;0
2336;24;15;0.1;0.5;36;101;0.4977578;227;237.3267;15;0
2337;24;15;0.1;0.5;37;101;0.5;214;237.2277;15;0
2338;24;15;0.1;0.5;38;101;0.4652015;239;237.8812;15;0
2339;24;15;0.1;0.5;39;103;0.5663717;244;238.2136;15;2
2340;24;15;0.1;0.5;40;101;0.5084034;218;237.8515;15;0
2341;24;15;0.1;0.5;41;101;0.4899598;219;237.4653;15;0
2342;24;15;0.1;0.5;42;102;0.5650224;219;235.2843;15;1
2343;24;15;0.1;0.5;43;101;0.496063;231;236.505;15;0
2344;24;15;0.1;0.5;44;101;0.4754098;224;234.4455;15;0
2345;24;15;0.1;0.5;45;103;0.5173913;230;235.3689;15;2
2346;24;15;0.1;0.5;46;101;0.5215517;228;236.8911;15;0
2347;24;15;0.1;0.5;47;101;0.5040323;226;237.9505;15;0
2348;24;15;0.1;0.5;48;103;0.492;226;235.5922;15;2
2349;24;15;0.1;0.5;49;103;0.4680851;228;238.6019;15;2
2350;24;15;0.1;0.5;50;101;0.5079365;237;238.6139;15;0
2351;24;15;0.1;0.5;51;101;0.5191489;247;237.3168;15;0
2352;24;15;0.1;0.5;52;101;0.5855856;239;235.9604;15;0
2353;24;15;0.1;0.5;53;102;0.5761317;232;235.5784;15;1
2354;24;15;0.1;0.5;54;103;0.5720165;235;237.466;15;2
2355;24;15;0.1;0.5;55;101;0.5139442;218;236.8416;15;0
2356;24;15;0.1;0.5;56;101;0.5078125;214;237.5842;15;0
2357;24;15;0.1;0.5;57;108;0.5648148;241;235.0741;15;7
2358;24;15;0.1;0.5;58;103;0.4615385;231;236.8835;15;2
2359;24;15;0.1;0.5;59;102;0.526971;242;236.2255;15;1
2360;24;15;0.1;0.5;60;102;0.5067873;246;235.951;15;1
2361;24;15;0.1;0.5;61;101;0.5384615;248;237.9307;15;0
2362;24;15;0.1;0.5;62;101;0.5;230;239.4059;15;0
2363;24;15;0.1;0.5;63;102;0.4979757;237;235.2745;15;1
2364;24;15;0.1;0.5;64;101;0.4795082;213;237.5149;15;0
2365;24;15;0.1;0.5;65;102;0.4615385;242;236.7353;15;1
2366;24;15;0.1;0.5;66;102;0.4898785;221;236.5784;15;1
2367;24;15;0.1;0.5;67;101;0.4931507;275;237.505;15;0
2368;24;15;0.1;0.5;68;101;0.4612245;248;237.1683;15;0
2369;24;15;0.1;0.5;69;102;0.4979757;244;236.5196;15;1
2370;24;15;0.1;0.5;70;101;0.4898785;237;235.7228;15;0
2371;24;15;0.1;0.5;71;101;0.4644351;238;237.2574;15;0
2372;24;15;0.1;0.5;72;101;0.5042373;252;236.802;15;0
2373;24;15;0.1;0.5;73;105;0.4751131;237;236.4095;15;4
2374;24;15;0.1;0.5;74;102;0.529148;217;235.9216;15;1
2375;24;15;0.1;0.5;75;103;0.5144033;231;236.8544;15;2
2376;24;15;0.1;0.5;76;101;0.4583333;242;239.3663;15;0
2377;24;15;0.1;0.5;77;102;0.523622;224;237.6471;15;1
2378;24;15;0.1;0.5;78;102;0.4805195;245;236.6275;15;1
2379;24;15;0.1;0.5;79;104;0.5;244;236.0481;15;3
2380;24;15;0.1;0.5;80;102;0.4741379;239;237.3529;15;1
2381;24;15;0.1;0.5;81;102;0.5154185;240;236.1569;15;1
2382;24;15;0.1;0.5;82;103;0.4622222;235;236.1845;15;2
2383;24;15;0.1;0.5;83;105;0.5041322;248;237.3238;15;4
2384;24;15;0.1;0.5;84;101;0.5020243;223;236.5347;15;0
2385;24;15;0.1;0.5;85;104;0.4933921;221;235.4135;15;3
2386;24;15;0.1;0.5;86;101;0.4480287;213;236.8812;15;0
2387;24;15;0.1;0.5;87;106;0.5023474;263;236.5472;15;5
2388;24;15;0.1;0.5;88;101;0.5066667;244;237.0198;15;0
2389;24;15;0.1;0.5;89;101;0.484127;229;237.8119;15;0
2390;24;15;0.1;0.5;90;101;0.4826255;248;236.2574;15;0
2391;24;15;0.1;0.5;91;101;0.5;207;237.9307;15;0
2392;24;15;0.1;0.5;92;102;0.4780702;231;236.5392;15;1
2393;24;15;0.1;0.5;93;101;0.5299145;256;237.2376;15;0
2394;24;15;0.1;0.5;94;104;0.4957627;240;236.6635;15;3
2395;24;15;0.1;0.5;95;101;0.5785441;230;236.8119;15;0
2396;24;15;0.1;0.5;96;101;0.4834123;232;235.6535;15;0
2397;24;15;0.1;0.5;97;103;0.4722222;223;237.4466;15;2
2398;24;15;0.1;0.5;98;102;0.4820717;230;237.8137;15;1
2399;24;15;0.1;0.5;99;102;0.55;228;236.598;15;1
2400;24;15;0.1;0.5;100;102;0.4691358;249;236.9706;15;1
2401;25;17;0.1;0.5;1;101;0.4497817;243;236.5347;17;0
2402;25;17;0.1;0.5;2;101;0.5;249;237.1188;17;0
2403;25;17;0.1;0.5;3;101;0.4357798;251;237.2574;17;0
2404;25;17;0.1;0.5;4;101;0.42;235;235.3762;17;0
2405;25;17;0.1;0.5;5;101;0.4724771;231;237.0396;17;0
2406;25;17;0.1;0.5;6;101;0.4957983;247;238.5248;17;0
2407;25;17;0.1;0.5;7;101;0.4680851;247;237.1881;17;0
2408;25;17;0.1;0.5;8;101;0.5111111;231;236.7921;17;0
2409;25;17;0.1;0.5;9;101;0.4744186;248;236.5347;17;0
2410;25;17;0.1;0.5;10;101;0.4695652;255;236.1089;17;0
2411;25;17;0.1;0.5;11;101;0.4690265;251;236.4752;17;0
2412;25;17;0.1;0.5;12;101;0.4525862;237;236;17;0
2413;25;17;0.1;0.5;13;101;0.4675325;235;236.604;17;0
2414;25;17;0.1;0.5;14;103;0.4382979;229;238.0388;17;2
2415;25;17;0.1;0.5;15;101;0.4700461;235;236.7228;17;0
2416;25;17;0.1;0.5;16;101;0.5884956;247;238.0693;17;0
2417;25;17;0.1;0.5;17;104;0.4957983;233;236.7212;17;3
2418;25;17;0.1;0.5;18;102;0.5;255;234.3922;17;1
2419;25;17;0.1;0.5;19;101;0.4785992;255;237.5743;17;0
2420;25;17;0.1;0.5;20;101;0.4609375;216;238.5644;17;0
2421;25;17;0.1;0.5;21;104;0.4745763;230;238.1058;17;3
2422;25;17;0.1;0.5;22;101;0.4545455;246;237.7129;17;0
2423;25;17;0.1;0.5;23;103;0.5421687;227;237.6893;17;2
2424;25;17;0.1;0.5;24;104;0.4248927;241;234.75;17;3
2425;25;17;0.1;0.5;25;101;0.516;222;236.6436;17;0
2426;25;17;0.1;0.5;26;102;0.560166;253;235.7157;17;1
2427;25;17;0.1;0.5;27;101;0.526087;249;234.802;17;0
2428;25;17;0.1;0.5;28;104;0.4675325;241;238.2692;17;3
2429;25;17;0.1;0.5;29;103;0.4449153;247;235.7573;17;2
2430;25;17;0.1;0.5;30;101;0.5391705;233;234.8812;17;0
2431;25;17;0.1;0.5;31;101;0.5;252;236.3465;17;0
2432;25;17;0.1;0.5;32;104;0.4137931;222;238.6154;17;3
2433;25;17;0.1;0.5;33;102;0.5384615;225;235.7157;17;1
2434;25;17;0.1;0.5;34;102;0.6061776;227;237.2157;17;1
2435;25;17;0.1;0.5;35;103;0.5119048;227;236.5728;17;2
2436;25;17;0.1;0.5;36;101;0.5479452;240;236.495;17;0
2437;25;17;0.1;0.5;37;102;0.4888889;246;235.9118;17;1
2438;25;17;0.1;0.5;38;102;0.4186047;224;236.6961;17;1
2439;25;17;0.1;0.5;39;103;0.5111111;228;237.4078;17;2
2440;25;17;0.1;0.5;40;101;0.4834711;242;237.2475;17;0
2441;25;17;0.1;0.5;41;101;0.5;214;235.8416;17;0
2442;25;17;0.1;0.5;42;101;0.5211864;228;238.7426;17;0
2443;25;17;0.1;0.5;43;102;0.513834;236;236.6176;17;1
2444;25;17;0.1;0.5;44;101;0.5105485;236;236.5941;17;0
2445;25;17;0.1;0.5;45;101;0.487395;255;236.604;17;0
2446;25;17;0.1;0.5;46;101;0.4806867;236;236.802;17;0
2447;25;17;0.1;0.5;47;101;0.4821429;239;238.7327;17;0
2448;25;17;0.1;0.5;48;101;0.4444444;244;238.198;17;0
2449;25;17;0.1;0.5;49;102;0.4808511;237;236.598;17;1
2450;25;17;0.1;0.5;50;101;0.4923077;225;238.0594;17;0
2451;25;17;0.1;0.5;51;103;0.5204918;249;236.6311;17;2
2452;25;17;0.1;0.5;52;101;0.4454148;243;237.2772;17;0
2453;25;17;0.1;0.5;53;104;0.4578313;230;236.0673;17;3
2454;25;17;0.1;0.5;54;101;0.4814815;243;238.4455;17;0
2455;25;17;0.1;0.5;55;105;0.5515873;212;237.1143;17;4
2456;25;17;0.1;0.5;56;103;0.5299145;248;236.3786;17;2
2457;25;17;0.1;0.5;57;101;0.438247;226;237.6832;17;0
2458;25;17;0.1;0.5;58;101;0.4979424;219;236.0594;17;0
2459;25;17;0.1;0.5;59;101;0.5137615;241;236.8812;17;0
2460;25;17;0.1;0.5;60;103;0.5652174;246;235.7767;17;2
2461;25;17;0.1;0.5;61;103;0.4937759;213;235.9417;17;2
2462;25;17;0.1;0.5;62;103;0.5351562;249;237.068;17;2
2463;25;17;0.1;0.5;63;101;0.5175439;263;237.7525;17;0
2464;25;17;0.1;0.5;64;102;0.5240175;252;234.6275;17;1
2465;25;17;0.1;0.5;65;101;0.5130435;252;238.297;17;0
2466;25;17;0.1;0.5;66;101;0.504065;277;235.2178;17;0
2467;25;17;0.1;0.5;67;101;0.4912281;264;237.6733;17;0
2468;25;17;0.1;0.5;68;101;0.5447154;236;236.8515;17;0
2469;25;17;0.1;0.5;69;101;0.4579832;206;236.6337;17;0
2470;25;17;0.1;0.5;70;101;0.5076923;219;235.3465;17;0
2471;25;17;0.1;0.5;71;105;0.4522822;262;236.3333;17;4
2472;25;17;0.1;0.5;72;101;0.5198413;223;235.505;17;0
2473;25;17;0.1;0.5;73;102;0.5064935;247;237.2451;17;1
2474;25;17;0.1;0.5;74;102;0.4978723;230;236.9608;17;1
2475;25;17;0.1;0.5;75;102;0.5515695;239;236.5392;17;1
2476;25;17;0.1;0.5;76;101;0.513834;254;235.7228;17;0
2477;25;17;0.1;0.5;77;106;0.5581395;246;238.5377;17;5
2478;25;17;0.1;0.5;78;101;0.5301205;244;234.8317;17;0
2479;25;17;0.1;0.5;79;103;0.4900398;219;236.6117;17;2
2480;25;17;0.1;0.5;80;105;0.4857143;234;236.0762;17;4
2481;25;17;0.1;0.5;81;101;0.5176471;239;237.8119;17;0
2482;25;17;0.1;0.5;82;102;0.472973;234;235.5392;17;1
2483;25;17;0.1;0.5;83;102;0.4916667;234;235.2843;17;1
2484;25;17;0.1;0.5;84;103;0.4929577;247;237.0485;17;2
2485;25;17;0.1;0.5;85;102;0.5245902;245;236.3922;17;1
2486;25;17;0.1;0.5;86;101;0.5254902;237;236.0891;17;0
2487;25;17;0.1;0.5;87;102;0.4728033;236;239.0098;17;1
2488;25;17;0.1;0.5;88;101;0.48;228;235.4158;17;0
2489;25;17;0.1;0.5;89;101;0.4595745;241;237.5446;17;0
2490;25;17;0.1;0.5;90;102;0.4635036;214;236.7059;17;1
2491;25;17;0.1;0.5;91;101;0.5020243;254;238.6634;17;0
2492;25;17;0.1;0.5;92;101;0.4589552;220;237.4356;17;0
2493;25;17;0.1;0.5;93;101;0.5546875;214;236.6436;17;0
2494;25;17;0.1;0.5;94;101;0.527027;229;237.0495;17;0
2495;25;17;0.1;0.5;95;101;0.4703557;222;236.4851;17;0
2496;25;17;0.1;0.5;96;102;0.5044643;220;235.5196;17;1
2497;25;17;0.1;0.5;97;101;0.5;248;238.5644;17;0
2498;25;17;0.1;0.5;98;101;0.5495868;228;237.3663;17;0
2499;25;17;0.1;0.5;99;102;0.496;252;238.049;17;1
2500;25;17;0.1;0.5;100;101;0.4424779;224;236.7228;17;0
2501;26;19;0.1;0.5;1;101;0.4347826;230;236.1089;19;0
2502;26;19;0.1;0.5;2;101;0.475;242;238.0594;19;0
2503;26;19;0.1;0.5;3;102;0.4476987;251;238.1667;19;1
2504;26;19;0.1;0.5;4;101;0.5400844;239;235.3267;19;0
2505;26;19;0.1;0.5;5;102;0.5321888;234;234.8431;19;1
2506;26;19;0.1;0.5;6;102;0.4977974;267;236.5098;19;1
2507;26;19;0.1;0.5;7;101;0.5672269;229;238.6139;19;0
2508;26;19;0.1;0.5;8;101;0.5409836;252;237.3762;19;0
2509;26;19;0.1;0.5;9;101;0.4678899;250;237.2376;19;0
2510;26;19;0.1;0.5;10;101;0.5060241;243;238.1485;19;0
2511;26;19;0.1;0.5;11;102;0.4763948;262;238.0588;19;1
2512;26;19;0.1;0.5;12;102;0.5343511;216;236.5784;19;1
2513;26;19;0.1;0.5;13;101;0.4862385;240;235.2574;19;0
2514;26;19;0.1;0.5;14;101;0.5;233;236.3366;19;0
2515;26;19;0.1;0.5;15;101;0.5066667;272;234.9109;19;0
2516;26;19;0.1;0.5;16;101;0.5097087;266;235.2277;19;0
2517;26;19;0.1;0.5;17;103;0.4959677;247;237.932;19;2
2518;26;19;0.1;0.5;18;101;0.4221311;229;237.3564;19;0
2519;26;19;0.1;0.5;19;104;0.5188285;230;237.125;19;3
2520;26;19;0.1;0.5;20;101;0.5889831;253;236.4158;19;0
2521;26;19;0.1;0.5;21;103;0.5403226;251;236.0777;19;2
2522;26;19;0.1;0.5;22;103;0.4776119;205;237.4175;19;2
2523;26;19;0.1;0.5;23;102;0.5351562;255;238.7059;19;1
2524;26;19;0.1;0.5;24;101;0.5041322;227;236.604;19;0
2525;26;19;0.1;0.5;25;101;0.4960938;235;235.9208;19;0
2526;26;19;0.1;0.5;26;101;0.4763948;242;237.9406;19;0
2527;26;19;0.1;0.5;27;106;0.526749;258;237.3774;19;5
2528;26;19;0.1;0.5;28;101;0.4504505;214;234.7327;19;0
2529;26;19;0.1;0.5;29;102;0.4627451;244;237.5098;19;1
2530;26;19;0.1;0.5;30;104;0.4777328;250;237.3558;19;3
2531;26;19;0.1;0.5;31;101;0.493617;244;235.9604;19;0
2532;26;19;0.1;0.5;32;101;0.5186722;234;235.2772;19;0
2533;26;19;0.1;0.5;33;101;0.4796748;231;235.0198;19;0
2534;26;19;0.1;0.5;34;102;0.4473684;231;238.5098;19;1
2535;26;19;0.1;0.5;35;101;0.4745763;248;236.0198;19;0
2536;26;19;0.1;0.5;36;101;0.4688797;255;238.0891;19;0
2537;26;19;0.1;0.5;37;102;0.5304348;238;235.8235;19;1
2538;26;19;0.1;0.5;38;101;0.4954955;272;237.703;19;0
2539;26;19;0.1;0.5;39;101;0.4887892;225;235.7525;19;0
2540;26;19;0.1;0.5;40;101;0.5346939;236;237.2772;19;0
2541;26;19;0.1;0.5;41;101;0.487395;231;237.6733;19;0
2542;26;19;0.1;0.5;42;101;0.5135135;234;237.4059;19;0
2543;26;19;0.1;0.5;43;101;0.5105485;227;238;19;0
2544;26;19;0.1;0.5;44;103;0.5022222;242;236.4854;19;2
2545;26;19;0.1;0.5;45;101;0.5247525;231;237.7822;19;0
2546;26;19;0.1;0.5;46;101;0.4935065;220;234.1188;19;0
2547;26;19;0.1;0.5;47;101;0.4908257;251;237.0198;19;0
2548;26;19;0.1;0.5;48;105;0.4853556;235;237.6667;19;4
2549;26;19;0.1;0.5;49;103;0.4724409;221;235.8738;19;2
2550;26;19;0.1;0.5;50;102;0.5088496;242;237.6471;19;1
2551;26;19;0.1;0.5;51;102;0.51417;236;236.7255;19;1
2552;26;19;0.1;0.5;52;102;0.5267857;238;237.3529;19;1
2553;26;19;0.1;0.5;53;101;0.5222672;232;238.7822;19;0
2554;26;19;0.1;0.5;54;101;0.4651163;247;236.9307;19;0
2555;26;19;0.1;0.5;55;101;0.5263158;260;238.8713;19;0
2556;26;19;0.1;0.5;56;101;0.4784483;215;235.6238;19;0
2557;26;19;0.1;0.5;57;101;0.5198238;237;237.0693;19;0
2558;26;19;0.1;0.5;58;101;0.4561404;240;237.8515;19;0
2559;26;19;0.1;0.5;59;102;0.5020576;254;238.7745;19;1
2560;26;19;0.1;0.5;60;101;0.4594595;244;237.1683;19;0
2561;26;19;0.1;0.5;61;103;0.4214876;219;234.7864;19;2
2562;26;19;0.1;0.5;62;102;0.4642857;243;236.6863;19;1
2563;26;19;0.1;0.5;63;101;0.5021834;245;235.2673;19;0
2564;26;19;0.1;0.5;64;103;0.5725806;228;238.2427;19;2
2565;26;19;0.1;0.5;65;101;0.536036;227;236.8812;19;0
2566;26;19;0.1;0.5;66;101;0.4663866;264;236.4158;19;0
2567;26;19;0.1;0.5;67;101;0.472103;268;235.7525;19;0
2568;26;19;0.1;0.5;68;101;0.4918699;251;237.1188;19;0
2569;26;19;0.1;0.5;69;104;0.4962121;248;237.0865;19;3
2570;26;19;0.1;0.5;70;104;0.5067265;237;238.6923;19;3
2571;26;19;0.1;0.5;71;102;0.520362;232;236.6176;19;1
2572;26;19;0.1;0.5;72;101;0.526087;239;238.2871;19;0
2573;26;19;0.1;0.5;73;101;0.5040984;245;236.8911;19;0
2574;26;19;0.1;0.5;74;101;0.5179283;225;238.2376;19;0
2575;26;19;0.1;0.5;75;101;0.4754098;241;237.297;19;0
2576;26;19;0.1;0.5;76;103;0.4978355;224;236.3398;19;2
2577;26;19;0.1;0.5;77;101;0.504065;258;235.8218;19;0
2578;26;19;0.1;0.5;78;102;0.4804688;235;236.6569;19;1
2579;26;19;0.1;0.5;79;101;0.4834711;248;237.6733;19;0
2580;26;19;0.1;0.5;80;101;0.4482759;251;236.1089;19;0
2581;26;19;0.1;0.5;81;102;0.5325203;247;236.6863;19;1
2582;26;19;0.1;0.5;82;101;0.4915254;248;238.5347;19;0
2583;26;19;0.1;0.5;83;101;0.5265487;229;234.1782;19;0
2584;26;19;0.1;0.5;84;101;0.5521739;233;237.0297;19;0
2585;26;19;0.1;0.5;85;104;0.5454545;234;236.8558;19;3
2586;26;19;0.1;0.5;86;102;0.5108225;240;237.4804;19;1
2587;26;19;0.1;0.5;87;101;0.4391304;237;237;19;0
2588;26;19;0.1;0.5;88;101;0.460251;237;238.0495;19;0
2589;26;19;0.1;0.5;89;101;0.5263158;232;236.7723;19;0
2590;26;19;0.1;0.5;90;102;0.4465649;214;236.9412;19;1
2591;26;19;0.1;0.5;91;103;0.5067873;229;234.3786;19;2
2592;26;19;0.1;0.5;92;104;0.4435146;255;238.2115;19;3
2593;26;19;0.1;0.5;93;101;0.5152672;247;237.7921;19;0
2594;26;19;0.1;0.5;94;102;0.5020747;235;237.902;19;1
2595;26;19;0.1;0.5;95;101;0.5377778;255;235.5149;19;0
2596;26;19;0.1;0.5;96;103;0.4935622;237;239.7476;19;2
2597;26;19;0.1;0.5;97;102;0.563981;244;237.451;19;1
2598;26;19;0.1;0.5;98;103;0.5341365;226;237.0291;19;2
2599;26;19;0.1;0.5;99;101;0.4956897;241;237.8713;19;0
2600;26;19;0.1;0.5;100;101;0.4939271;244;237.802;19;0
2601;27;21;0.1;0.5;1;102;0.4574899;216;237.3137;21;1
2602;27;21;0.1;0.5;2;103;0.5204918;222;237.165;21;2
2603;27;21;0.1;0.5;3;102;0.5377778;230;237.0098;21;1
2604;27;21;0.1;0.5;4;101;0.4806867;246;237.3762;21;0
2605;27;21;0.1;0.5;5;102;0.5022026;260;236.8137;21;1
2606;27;21;0.1;0.5;6;101;0.5121951;234;236.2079;21;0
2607;27;21;0.1;0.5;7;102;0.4852321;246;236.4412;21;1
2608;27;21;0.1;0.5;8;101;0.4770642;260;237.4455;21;0
2609;27;21;0.1;0.5;9;106;0.516;209;237.5094;21;5
2610;27;21;0.1;0.5;10;102;0.4696356;231;237.098;21;1
2611;27;21;0.1;0.5;11;101;0.5747664;262;235.1188;21;0
2612;27;21;0.1;0.5;12;101;0.4771784;248;236.3465;21;0
2613;27;21;0.1;0.5;13;101;0.4956522;233;236.1881;21;0
2614;27;21;0.1;0.5;14;101;0.515873;229;235.7327;21;0
2615;27;21;0.1;0.5;15;102;0.4493927;209;237.5686;21;1
2616;27;21;0.1;0.5;16;102;0.5225225;228;236.1471;21;1
2617;27;21;0.1;0.5;17;103;0.5201613;246;237.2913;21;2
2618;27;21;0.1;0.5;18;102;0.5105485;249;236.3627;21;1
2619;27;21;0.1;0.5;19;101;0.4869565;262;237.604;21;0
2620;27;21;0.1;0.5;20;102;0.470852;231;236.3137;21;1
2621;27;21;0.1;0.5;21;101;0.4464286;237;238.5446;21;0
2622;27;21;0.1;0.5;22;101;0.472103;230;237.198;21;0
2623;27;21;0.1;0.5;23;101;0.517094;226;237.4455;21;0
2624;27;21;0.1;0.5;24;103;0.5;214;238.0194;21;2
2625;27;21;0.1;0.5;25;101;0.4615385;240;238.9109;21;0
2626;27;21;0.1;0.5;26;101;0.5443548;226;235.3564;21;0
2627;27;21;0.1;0.5;27;103;0.5;263;236.5146;21;2
2628;27;21;0.1;0.5;28;102;0.4716981;240;235.4608;21;1
2629;27;21;0.1;0.5;29;104;0.5219124;238;238.25;21;3
2630;27;21;0.1;0.5;30;101;0.556;215;236.7723;21;0
2631;27;21;0.1;0.5;31;102;0.5384615;233;235.2059;21;1
2632;27;21;0.1;0.5;32;103;0.5059761;240;237.1456;21;2
2633;27;21;0.1;0.5;33;101;0.504065;226;235.9208;21;0
2634;27;21;0.1;0.5;34;102;0.5309091;232;237.1176;21;1
2635;27;21;0.1;0.5;35;102;0.5583333;214;236.2745;21;1
2636;27;21;0.1;0.5;36;102;0.5276596;242;237.6275;21;1
2637;27;21;0.1;0.5;37;104;0.4587156;246;237.0385;21;3
2638;27;21;0.1;0.5;38;101;0.5020576;249;237.4059;21;0
2639;27;21;0.1;0.5;39;101;0.4600939;241;237.0693;21;0
2640;27;21;0.1;0.5;40;101;0.5375;235;236.4752;21;0
2641;27;21;0.1;0.5;41;104;0.4647887;231;237.0865;21;3
2642;27;21;0.1;0.5;42;101;0.48;238;238.0198;21;0
2643;27;21;0.1;0.5;43;102;0.5426009;254;237.6078;21;1
2644;27;21;0.1;0.5;44;102;0.5100402;246;236.8627;21;1
2645;27;21;0.1;0.5;45;101;0.5601504;233;236.7525;21;0
2646;27;21;0.1;0.5;46;102;0.4819277;228;235.0588;21;1
2647;27;21;0.1;0.5;47;101;0.4369748;209;237.8713;21;0
2648;27;21;0.1;0.5;48;102;0.5245902;206;236.451;21;1
2649;27;21;0.1;0.5;49;101;0.5473251;239;236.8515;21;0
2650;27;21;0.1;0.5;50;101;0.4716157;242;238.1287;21;0
2651;27;21;0.1;0.5;51;102;0.4852321;255;236.6176;21;1
2652;27;21;0.1;0.5;52;103;0.5123967;247;236.5437;21;2
2653;27;21;0.1;0.5;53;101;0.487395;246;237.6436;21;0
2654;27;21;0.1;0.5;54;102;0.5;250;237.1765;21;1
2655;27;21;0.1;0.5;55;102;0.5813008;217;237.6471;21;1
2656;27;21;0.1;0.5;56;102;0.4180328;217;237.8431;21;1
2657;27;21;0.1;0.5;57;102;0.488;217;236.6373;21;1
2658;27;21;0.1;0.5;58;101;0.4940239;241;234.6139;21;0
2659;27;21;0.1;0.5;59;101;0.5115207;255;237.0693;21;0
2660;27;21;0.1;0.5;60;103;0.5039062;220;236.068;21;2
2661;27;21;0.1;0.5;61;101;0.482906;257;238.5941;21;0
2662;27;21;0.1;0.5;62;101;0.5088496;234;236.2673;21;0
2663;27;21;0.1;0.5;63;103;0.4621514;235;234.8058;21;2
2664;27;21;0.1;0.5;64;102;0.5215517;256;235.9216;21;1
2665;27;21;0.1;0.5;65;102;0.5021097;235;236.5196;21;1
2666;27;21;0.1;0.5;66;101;0.4957983;246;237.5347;21;0
2667;27;21;0.1;0.5;67;107;0.4370079;225;235.2523;21;6
2668;27;21;0.1;0.5;68;101;0.4907407;224;237.6634;21;0
2669;27;21;0.1;0.5;69;101;0.512;227;235.0693;21;0
2670;27;21;0.1;0.5;70;101;0.5532787;240;235.5248;21;0
2671;27;21;0.1;0.5;71;103;0.5150215;235;236.4078;21;2
2672;27;21;0.1;0.5;72;101;0.4678112;255;238.0693;21;0
2673;27;21;0.1;0.5;73;102;0.4933921;258;237.2745;21;1
2674;27;21;0.1;0.5;74;101;0.525641;222;239.0297;21;0
2675;27;21;0.1;0.5;75;102;0.552;238;237.3922;21;1
2676;27;21;0.1;0.5;76;101;0.5570776;261;237.099;21;0
2677;27;21;0.1;0.5;77;103;0.5265487;223;238.233;21;2
2678;27;21;0.1;0.5;78;102;0.4834711;231;236.049;21;1
2679;27;21;0.1;0.5;79;106;0.5458333;214;236.9623;21;5
2680;27;21;0.1;0.5;80;101;0.4791667;239;238.2277;21;0
2681;27;21;0.1;0.5;81;102;0.4734694;226;235.8627;21;1
2682;27;21;0.1;0.5;82;103;0.5122951;241;236.3981;21;2
2683;27;21;0.1;0.5;83;102;0.5435685;239;236.8627;21;1
2684;27;21;0.1;0.5;84;102;0.5228216;229;237.5294;21;1
2685;27;21;0.1;0.5;85;104;0.5451128;238;236.8269;21;3
2686;27;21;0.1;0.5;86;114;0.4782609;230;235.5351;21;13
2687;27;21;0.1;0.5;87;110;0.4810127;237;236.0091;21;9
2688;27;21;0.1;0.5;88;108;0.4941634;242;237.2685;21;7
2689;27;21;0.1;0.5;89;103;0.5122951;231;238.2816;21;2
2690;27;21;0.1;0.5;90;101;0.5020576;236;237.495;21;0
2691;27;21;0.1;0.5;91;102;0.4845815;246;237.951;21;1
2692;27;21;0.1;0.5;92;101;0.4487179;247;236.8416;21;0
2693;27;21;0.1;0.5;93;102;0.5039683;233;236.2549;21;1
2694;27;21;0.1;0.5;94;102;0.5948276;240;236.6569;21;1
2695;27;21;0.1;0.5;95;102;0.5254237;218;235.3431;21;1
2696;27;21;0.1;0.5;96;103;0.5375;262;236.6699;21;2
2697;27;21;0.1;0.5;97;102;0.5228216;222;236.402;21;1
2698;27;21;0.1;0.5;98;101;0.5301724;237;236.6733;21;0
2699;27;21;0.1;0.5;99;101;0.4897119;228;236.8812;21;0
2700;27;21;0.1;0.5;100;102;0.525;232;237.1373;21;1
2701;28;23;0.1;0.5;1;101;0.4434783;222;236.5644;23;0
2702;28;23;0.1;0.5;2;101;0.4655172;241;235.9802;23;0
2703;28;23;0.1;0.5;3;101;0.5536481;222;237.6139;23;0
2704;28;23;0.1;0.5;4;103;0.5325203;269;236.4466;23;2
2705;28;23;0.1;0.5;5;106;0.5185185;233;236.1226;23;5
2706;28;23;0.1;0.5;6;101;0.5123967;228;235.4554;23;0
2707;28;23;0.1;0.5;7;101;0.4869565;264;238.198;23;0
2708;28;23;0.1;0.5;8;103;0.5361702;256;236.7476;23;2
2709;28;23;0.1;0.5;9;102;0.537037;265;234.9118;23;1
2710;28;23;0.1;0.5;10;103;0.4517544;256;235.8641;23;2
2711;28;23;0.1;0.5;11;102;0.5107296;213;236.2059;23;1
2712;28;23;0.1;0.5;12;102;0.482906;224;236.6275;23;1
2713;28;23;0.1;0.5;13;102;0.5213675;226;238;23;1
2714;28;23;0.1;0.5;14;102;0.4804688;244;237.6176;23;1
2715;28;23;0.1;0.5;15;104;0.4764151;233;237.7596;23;3
2716;28;23;0.1;0.5;16;101;0.4741379;234;236.6931;23;0
2717;28;23;0.1;0.5;17;101;0.497992;248;236.3267;23;0
2718;28;23;0.1;0.5;18;101;0.5178571;239;236.4158;23;0
2719;28;23;0.1;0.5;19;102;0.5147679;235;238.3137;23;1
2720;28;23;0.1;0.5;20;103;0.4875;259;237.4078;23;2
2721;28;23;0.1;0.5;21;102;0.5147679;230;234.0196;23;1
2722;28;23;0.1;0.5;22;102;0.4936709;245;236.3627;23;1
2723;28;23;0.1;0.5;23;101;0.506383;237;235.6139;23;0
2724;28;23;0.1;0.5;24;101;0.5306122;221;236.703;23;0
2725;28;23;0.1;0.5;25;101;0.4955752;254;237.5743;23;0
2726;28;23;0.1;0.5;26;101;0.5322581;236;235.8218;23;0
2727;28;23;0.1;0.5;27;106;0.5040323;239;237.3679;23;5
2728;28;23;0.1;0.5;28;101;0.5622318;217;235.6139;23;0
2729;28;23;0.1;0.5;29;101;0.4628821;243;236.4554;23;0
2730;28;23;0.1;0.5;30;102;0.472973;225;237.2353;23;1
2731;28;23;0.1;0.5;31;102;0.4937238;204;237.0196;23;1
2732;28;23;0.1;0.5;32;101;0.5106383;260;236.9505;23;0
2733;28;23;0.1;0.5;33;102;0.5;219;238.4118;23;1
2734;28;23;0.1;0.5;34;101;0.4530612;231;236.6139;23;0
2735;28;23;0.1;0.5;35;106;0.5466102;208;235.4057;23;5
2736;28;23;0.1;0.5;36;101;0.5350554;234;237.1584;23;0
2737;28;23;0.1;0.5;37;101;0.4473684;222;237.0396;23;0
2738;28;23;0.1;0.5;38;102;0.4894515;249;236.7549;23;1
2739;28;23;0.1;0.5;39;102;0.4894515;240;236.7451;23;1
2740;28;23;0.1;0.5;40;101;0.5059289;225;237.3564;23;0
2741;28;23;0.1;0.5;41;101;0.5021277;241;235.2673;23;0
2742;28;23;0.1;0.5;42;101;0.4483986;208;235.4455;23;0
2743;28;23;0.1;0.5;43;101;0.5145228;246;236.703;23;0
2744;28;23;0.1;0.5;44;103;0.5294118;245;238.6019;23;2
2745;28;23;0.1;0.5;45;101;0.5201794;236;235.7327;23;0
2746;28;23;0.1;0.5;46;101;0.5444444;221;236.8416;23;0
2747;28;23;0.1;0.5;47;101;0.5137615;249;237.4356;23;0
2748;28;23;0.1;0.5;48;104;0.4826087;237;238.6538;23;3
2749;28;23;0.1;0.5;49;101;0.5434783;251;236.495;23;0
2750;28;23;0.1;0.5;50;104;0.5614035;232;235.1731;23;3
2751;28;23;0.1;0.5;51;101;0.5353982;214;236.8119;23;0
2752;28;23;0.1;0.5;52;101;0.5022422;263;236.396;23;0
2753;28;23;0.1;0.5;53;101;0.4756098;246;238.4554;23;0
2754;28;23;0.1;0.5;54;102;0.4653846;220;236.2353;23;1
2755;28;23;0.1;0.5;55;105;0.4793388;247;236.7714;23;4
2756;28;23;0.1;0.5;56;105;0.4932735;241;237.5524;23;4
2757;28;23;0.1;0.5;57;101;0.5470852;252;238.1089;23;0
2758;28;23;0.1;0.5;58;102;0.4979424;233;236.4216;23;1
2759;28;23;0.1;0.5;59;101;0.5037037;213;234.8416;23;0
2760;28;23;0.1;0.5;60;102;0.5351562;253;236.7647;23;1
2761;28;23;0.1;0.5;61;102;0.4952381;249;236.7353;23;1
2762;28;23;0.1;0.5;62;105;0.5021097;257;236.8952;23;4
2763;28;23;0.1;0.5;63;101;0.5286885;252;237.1287;23;0
2764;28;23;0.1;0.5;64;101;0.5022831;257;237.5644;23;0
2765;28;23;0.1;0.5;65;101;0.5774059;243;235.505;23;0
2766;28;23;0.1;0.5;66;102;0.5514403;260;237.0098;23;1
2767;28;23;0.1;0.5;67;104;0.4886364;250;238.8654;23;3
2768;28;23;0.1;0.5;68;101;0.4893617;228;235.3564;23;0
2769;28;23;0.1;0.5;69;101;0.4955752;245;235.2376;23;0
2770;28;23;0.1;0.5;70;101;0.5508475;233;235.1386;23;0
2771;28;23;0.1;0.5;71;104;0.5;235;239;23;3
2772;28;23;0.1;0.5;72;101;0.5242718;249;237.1188;23;0
2773;28;23;0.1;0.5;73;103;0.4597701;232;236.5534;23;2
2774;28;23;0.1;0.5;74;103;0.5375;237;235.8252;23;2
2775;28;23;0.1;0.5;75;101;0.5223214;219;237.5347;23;0
2776;28;23;0.1;0.5;76;102;0.4736842;232;238.1863;23;1
2777;28;23;0.1;0.5;77;102;0.4888889;260;234.8333;23;1
2778;28;23;0.1;0.5;78;102;0.4780702;253;235.7549;23;1
2779;28;23;0.1;0.5;79;101;0.5294118;259;236.1584;23;0
2780;28;23;0.1;0.5;80;101;0.5021459;249;237.8218;23;0
2781;28;23;0.1;0.5;81;102;0.5498008;241;235.6471;23;1
2782;28;23;0.1;0.5;82;102;0.5574468;224;236.7451;23;1
2783;28;23;0.1;0.5;83;101;0.523622;233;235.1287;23;0
2784;28;23;0.1;0.5;84;102;0.5234043;245;236.8333;23;1
2785;28;23;0.1;0.5;85;101;0.4866071;245;236.6733;23;0
2786;28;23;0.1;0.5;86;102;0.4886878;237;236.4608;23;1
2787;28;23;0.1;0.5;87;101;0.5325203;242;238.4158;23;0
2788;28;23;0.1;0.5;88;101;0.4761905;209;236.7624;23;0
2789;28;23;0.1;0.5;89;101;0.5286885;233;235.6139;23;0
2790;28;23;0.1;0.5;90;101;0.4747082;249;235.5743;23;0
2791;28;23;0.1;0.5;91;101;0.5215517;232;236.8119;23;0
2792;28;23;0.1;0.5;92;102;0.495935;244;236.5196;23;1
2793;28;23;0.1;0.5;93;102;0.5311203;235;235.0196;23;1
2794;28;23;0.1;0.5;94;102;0.5138889;226;237.5784;23;1
2795;28;23;0.1;0.5;95;101;0.5106383;242;236.0693;23;0
2796;28;23;0.1;0.5;96;102;0.4411765;242;237.7255;23;1
2797;28;23;0.1;0.5;97;102;0.5186722;241;236.7255;23;1
2798;28;23;0.1;0.5;98;101;0.4849785;247;236.1386;23;0
2799;28;23;0.1;0.5;99;101;0.5276596;249;236.8713;23;0
2800;28;23;0.1;0.5;100;101;0.5;244;236.703;23;0
2801;29;25;0.1;0.5;1;101;0.4959016;227;237.7129;25;0
2802;29;25;0.1;0.5;2;101;0.4831933;247;236.5545;25;0
2803;29;25;0.1;0.5;3;102;0.5020408;234;235.2647;25;1
2804;29;25;0.1;0.5;4;107;0.5307018;245;239.3084;25;6
2805;29;25;0.1;0.5;5;102;0.5466102;278;236.0588;25;1
2806;29;25;0.1;0.5;6;101;0.5167286;233;236.297;25;0
2807;29;25;0.1;0.5;7;101;0.5;262;237.4158;25;0
2808;29;25;0.1;0.5;8;102;0.5084746;230;236.6569;25;1
2809;29;25;0.1;0.5;9;102;0.5021277;228;237.7647;25;1
2810;29;25;0.1;0.5;10;106;0.5387931;260;236.283;25;5
2811;29;25;0.1;0.5;11;103;0.5084034;231;236.0388;25;2
2812;29;25;0.1;0.5;12;101;0.4448819;215;236.8119;25;0
2813;29;25;0.1;0.5;13;103;0.5101215;250;237.1456;25;2
2814;29;25;0.1;0.5;14;101;0.4954128;261;236.3168;25;0
2815;29;25;0.1;0.5;15;101;0.5333333;256;235.2871;25;0
2816;29;25;0.1;0.5;16;102;0.5;240;236.3824;25;1
2817;29;25;0.1;0.5;17;101;0.464135;251;233.6139;25;0
2818;29;25;0.1;0.5;18;104;0.5311203;246;235.5192;25;3
2819;29;25;0.1;0.5;19;102;0.5106383;228;238.3235;25;1
2820;29;25;0.1;0.5;20;108;0.5069767;234;238.2407;25;7
2821;29;25;0.1;0.5;21;102;0.4942529;220;235.5882;25;1
2822;29;25;0.1;0.5;22;101;0.5148936;231;237.5743;25;0
2823;29;25;0.1;0.5;23;101;0.4765957;229;235.1089;25;0
2824;29;25;0.1;0.5;24;101;0.5166667;225;237.1782;25;0
2825;29;25;0.1;0.5;25;104;0.5163934;218;236.8173;25;3
2826;29;25;0.1;0.5;26;102;0.503937;237;234.3431;25;1
2827;29;25;0.1;0.5;27;101;0.4861111;248;237.1188;25;0
2828;29;25;0.1;0.5;28;101;0.5060729;245;236.1584;25;0
2829;29;25;0.1;0.5;29;104;0.4326531;229;236.6731;25;3
2830;29;25;0.1;0.5;30;102;0.4724409;234;237.2941;25;1
2831;29;25;0.1;0.5;31;102;0.4778761;242;238.0882;25;1
2832;29;25;0.1;0.5;32;101;0.516129;220;237.1584;25;0
2833;29;25;0.1;0.5;33;101;0.5067873;236;238.9901;25;0
2834;29;25;0.1;0.5;34;101;0.443038;231;236.4356;25;0
2835;29;25;0.1;0.5;35;101;0.4920635;232;237.3861;25;0
2836;29;25;0.1;0.5;36;102;0.4771784;247;236.4902;25;1
2837;29;25;0.1;0.5;37;102;0.4458333;236;235.9412;25;1
2838;29;25;0.1;0.5;38;103;0.5315315;235;237.9806;25;2
2839;29;25;0.1;0.5;39;101;0.5181818;236;236.1782;25;0
2840;29;25;0.1;0.5;40;101;0.5221239;234;237.1188;25;0
2841;29;25;0.1;0.5;41;101;0.5084746;232;236.2772;25;0
2842;29;25;0.1;0.5;42;101;0.46875;247;237.2772;25;0
2843;29;25;0.1;0.5;43;102;0.4934498;222;234.951;25;1
2844;29;25;0.1;0.5;44;101;0.4820717;241;236.7525;25;0
2845;29;25;0.1;0.5;45;104;0.5495868;238;238.5192;25;3
2846;29;25;0.1;0.5;46;102;0.4979424;232;237.2647;25;1
2847;29;25;0.1;0.5;47;101;0.5144033;230;237.7525;25;0
2848;29;25;0.1;0.5;48;102;0.4918699;217;235.2353;25;1
2849;29;25;0.1;0.5;49;101;0.4795082;244;237.2673;25;0
2850;29;25;0.1;0.5;50;101;0.4734694;235;234.7228;25;0
2851;29;25;0.1;0.5;51;107;0.4834711;237;236.9439;25;6
2852;29;25;0.1;0.5;52;102;0.4688995;261;235.2451;25;1
2853;29;25;0.1;0.5;53;101;0.5341365;234;236.3663;25;0
2854;29;25;0.1;0.5;54;101;0.476378;237;237.099;25;0
2855;29;25;0.1;0.5;55;101;0.5183673;230;235.6337;25;0
2856;29;25;0.1;0.5;56;101;0.4857143;253;236.9406;25;0
2857;29;25;0.1;0.5;57;102;0.4298643;232;237.3235;25;1
2858;29;25;0.1;0.5;58;102;0.4669421;246;237.1863;25;1
2859;29;25;0.1;0.5;59;101;0.5022422;246;237.7525;25;0
2860;29;25;0.1;0.5;60;101;0.5400844;239;234.901;25;0
2861;29;25;0.1;0.5;61;102;0.4895397;258;237.1275;25;1
2862;29;25;0.1;0.5;62;102;0.4618644;223;236.5294;25;1
2863;29;25;0.1;0.5;63;101;0.5670996;233;235.7426;25;0
2864;29;25;0.1;0.5;64;102;0.4560669;227;236.4804;25;1
2865;29;25;0.1;0.5;65;104;0.5020408;230;237.7788;25;3
2866;29;25;0.1;0.5;66;101;0.4595745;258;237.2475;25;0
2867;29;25;0.1;0.5;67;102;0.4553571;269;237.6471;25;1
2868;29;25;0.1;0.5;68;102;0.5169811;225;236.1275;25;1
2869;29;25;0.1;0.5;69;101;0.487069;250;236.7327;25;0
2870;29;25;0.1;0.5;70;101;0.4621849;239;236.4851;25;0
2871;29;25;0.1;0.5;71;104;0.4981132;217;237.4519;25;3
2872;29;25;0.1;0.5;72;102;0.5338983;238;236.2451;25;1
2873;29;25;0.1;0.5;73;101;0.5435685;234;234.901;25;0
2874;29;25;0.1;0.5;74;101;0.5106383;247;236.0792;25;0
2875;29;25;0.1;0.5;75;101;0.522449;241;235.0495;25;0
2876;29;25;0.1;0.5;76;101;0.4200913;218;235.6733;25;0
2877;29;25;0.1;0.5;77;103;0.5304348;229;234.2427;25;2
2878;29;25;0.1;0.5;78;108;0.4680851;231;235.7315;25;7
2879;29;25;0.1;0.5;79;103;0.4876033;224;235.9903;25;2
2880;29;25;0.1;0.5;80;102;0.4560669;220;237.4902;25;1
2881;29;25;0.1;0.5;81;103;0.5659574;221;236.1068;25;2
2882;29;25;0.1;0.5;82;101;0.5423729;253;239.0693;25;0
2883;29;25;0.1;0.5;83;103;0.5176991;240;235.7282;25;2
2884;29;25;0.1;0.5;84;101;0.4979757;228;236.9604;25;0
2885;29;25;0.1;0.5;85;102;0.5179283;241;237.4706;25;1
2886;29;25;0.1;0.5;86;102;0.5406504;227;236.5392;25;1
2887;29;25;0.1;0.5;87;105;0.4977578;241;237.1048;25;4
2888;29;25;0.1;0.5;88;101;0.4666667;242;236.6139;25;0
2889;29;25;0.1;0.5;89;105;0.4747082;228;236.9524;25;4
2890;29;25;0.1;0.5;90;101;0.4935622;232;238.0297;25;0
2891;29;25;0.1;0.5;91;101;0.5215686;238;236.6634;25;0
2892;29;25;0.1;0.5;92;101;0.5465587;208;236.7525;25;0
2893;29;25;0.1;0.5;93;102;0.4434783;260;236.8431;25;1
2894;29;25;0.1;0.5;94;101;0.4979253;231;236.5842;25;0
2895;29;25;0.1;0.5;95;103;0.5201794;239;235.0097;25;2
2896;29;25;0.1;0.5;96;102;0.4703196;223;236.1373;25;1
2897;29;25;0.1;0.5;97;105;0.5;231;236.4762;25;4
2898;29;25;0.1;0.5;98;101;0.4756098;233;236.9307;25;0
2899;29;25;0.1;0.5;99;101;0.5082645;210;235.1584;25;0
2900;29;25;0.1;0.5;100;103;0.522449;236;237.4854;25;2
2901;30;27;0.1;0.5;1;101;0.4891775;257;237.1881;27;0
2902;30;27;0.1;0.5;2;102;0.4897119;227;236.1176;27;1
2903;30;27;0.1;0.5;3;101;0.503876;240;236.297;27;0
2904;30;27;0.1;0.5;4;102;0.492;202;236.8431;27;1
2905;30;27;0.1;0.5;5;104;0.5021277;241;236.2404;27;3
2906;30;27;0.1;0.5;6;101;0.4909091;252;236.6634;27;0
2907;30;27;0.1;0.5;7;101;0.4691358;221;234.6238;27;0
2908;30;27;0.1;0.5;8;103;0.4666667;233;237.8155;27;2
2909;30;27;0.1;0.5;9;102;0.5152672;225;235.6863;27;1
2910;30;27;0.1;0.5;10;101;0.5069124;250;236.6733;27;0
2911;30;27;0.1;0.5;11;101;0.4384236;243;238.1188;27;0
2912;30;27;0.1;0.5;12;101;0.4725738;250;236.5842;27;0
2913;30;27;0.1;0.5;13;102;0.5165289;246;237.5196;27;1
2914;30;27;0.1;0.5;14;102;0.5608696;225;237.6176;27;1
2915;30;27;0.1;0.5;15;101;0.5040984;228;236.8317;27;0
2916;30;27;0.1;0.5;16;102;0.4479638;245;236.0784;27;1
2917;30;27;0.1;0.5;17;101;0.510917;255;235.8416;27;0
2918;30;27;0.1;0.5;18;101;0.5;231;235.4059;27;0
2919;30;27;0.1;0.5;19;104;0.4527559;248;238.2212;27;3
2920;30;27;0.1;0.5;20;104;0.5154185;243;235.7019;27;3
2921;30;27;0.1;0.5;21;101;0.4747899;236;237.4257;27;0
2922;30;27;0.1;0.5;22;101;0.5104603;244;237.5545;27;0
2923;30;27;0.1;0.5;23;102;0.5247148;234;236.6667;27;1
2924;30;27;0.1;0.5;24;101;0.5230769;218;238.3069;27;0
2925;30;27;0.1;0.5;25;101;0.5046296;235;237.8713;27;0
2926;30;27;0.1;0.5;26;101;0.4915254;250;235.5941;27;0
2927;30;27;0.1;0.5;27;101;0.5374449;253;237.4554;27;0
2928;30;27;0.1;0.5;28;103;0.4385965;251;238.0777;27;2
2929;30;27;0.1;0.5;29;101;0.526971;224;235.2871;27;0
2930;30;27;0.1;0.5;30;103;0.474359;247;236.4563;27;2
2931;30;27;0.1;0.5;31;103;0.510917;233;236.3301;27;2
2932;30;27;0.1;0.5;32;101;0.4844961;251;237.3069;27;0
2933;30;27;0.1;0.5;33;105;0.5;230;237.2381;27;4
2934;30;27;0.1;0.5;34;101;0.5862069;229;236.2079;27;0
2935;30;27;0.1;0.5;35;101;0.4791667;243;236.6733;27;0
2936;30;27;0.1;0.5;36;101;0.5164319;251;237.3267;27;0
2937;30;27;0.1;0.5;37;103;0.4605263;254;236.5631;27;2
2938;30;27;0.1;0.5;38;102;0.5428571;273;237.6078;27;1
2939;30;27;0.1;0.5;39;102;0.5172414;226;238.4608;27;1
2940;30;27;0.1;0.5;40;101;0.5165877;227;237.8911;27;0
2941;30;27;0.1;0.5;41;101;0.5179283;256;235.7129;27;0
2942;30;27;0.1;0.5;42;101;0.5461847;240;238.1287;27;0
2943;30;27;0.1;0.5;43;101;0.5116279;254;237.6733;27;0
2944;30;27;0.1;0.5;44;101;0.5353982;249;236.5149;27;0
2945;30;27;0.1;0.5;45;101;0.5135135;222;236.2178;27;0
2946;30;27;0.1;0.5;46;101;0.5254237;253;235.3663;27;0
2947;30;27;0.1;0.5;47;107;0.516129;222;238.1776;27;6
2948;30;27;0.1;0.5;48;102;0.5210084;234;236.5588;27;1
2949;30;27;0.1;0.5;49;105;0.4791667;242;237.4286;27;4
2950;30;27;0.1;0.5;50;101;0.5117188;236;237.7624;27;0
2951;30;27;0.1;0.5;51;104;0.4736842;224;236.0096;27;3
2952;30;27;0.1;0.5;52;101;0.5419847;226;236.8614;27;0
2953;30;27;0.1;0.5;53;104;0.4669604;244;236.9327;27;3
2954;30;27;0.1;0.5;54;101;0.4787645;246;237.9901;27;0
2955;30;27;0.1;0.5;55;101;0.477551;227;236.495;27;0
2956;30;27;0.1;0.5;56;102;0.5435685;247;237.3725;27;1
2957;30;27;0.1;0.5;57;102;0.5666667;234;237.3333;27;1
2958;30;27;0.1;0.5;58;103;0.5234043;233;237.1068;27;2
2959;30;27;0.1;0.5;59;101;0.527897;218;236.4356;27;0
2960;30;27;0.1;0.5;60;105;0.4863636;244;235.1238;27;4
2961;30;27;0.1;0.5;61;103;0.4512195;228;237.8155;27;2
2962;30;27;0.1;0.5;62;103;0.4713115;244;236.767;27;2
2963;30;27;0.1;0.5;63;101;0.4978166;232;237.0891;27;0
2964;30;27;0.1;0.5;64;102;0.504386;255;236.5294;27;1
2965;30;27;0.1;0.5;65;101;0.6008969;242;237.9109;27;0
2966;30;27;0.1;0.5;66;101;0.4672897;240;236.099;27;0
2967;30;27;0.1;0.5;67;101;0.4919355;241;237.901;27;0
2968;30;27;0.1;0.5;68;103;0.5443038;222;236.4272;27;2
2969;30;27;0.1;0.5;69;101;0.5119048;223;235.2871;27;0
2970;30;27;0.1;0.5;70;101;0.4834711;249;233.1782;27;0
2971;30;27;0.1;0.5;71;101;0.4534413;267;235.396;27;0
2972;30;27;0.1;0.5;72;101;0.482906;239;237.4158;27;0
2973;30;27;0.1;0.5;73;101;0.4845815;242;238.0099;27;0
2974;30;27;0.1;0.5;74;101;0.512;241;235.1881;27;0
2975;30;27;0.1;0.5;75;102;0.4642857;221;236.8824;27;1
2976;30;27;0.1;0.5;76;101;0.4958333;230;237.5446;27;0
2977;30;27;0.1;0.5;77;101;0.4521739;242;236.8812;27;0
2978;30;27;0.1;0.5;78;101;0.5193133;234;237.8218;27;0
2979;30;27;0.1;0.5;79;102;0.5;230;236.8039;27;1
2980;30;27;0.1;0.5;80;101;0.539749;228;236.1386;27;0
2981;30;27;0.1;0.5;81;104;0.5043103;290;236.8654;27;3
2982;30;27;0.1;0.5;82;104;0.5;225;236.5962;27;3
2983;30;27;0.1;0.5;83;103;0.539749;228;236.534;27;2
2984;30;27;0.1;0.5;84;101;0.4782609;216;237.5941;27;0
2985;30;27;0.1;0.5;85;101;0.5747126;235;236.9901;27;0
2986;30;27;0.1;0.5;86;101;0.4574899;244;238.0594;27;0
2987;30;27;0.1;0.5;87;101;0.4590164;220;236.0099;27;0
2988;30;27;0.1;0.5;88;101;0.460177;243;237.9505;27;0
2989;30;27;0.1;0.5;89;102;0.495935;236;237.402;27;1
2990;30;27;0.1;0.5;90;101;0.5111111;251;234.4554;27;0
2991;30;27;0.1;0.5;91;101;0.5318182;252;237.1089;27;0
2992;30;27;0.1;0.5;92;102;0.5119048;251;235.8922;27;1
2993;30;27;0.1;0.5;93;101;0.5677966;244;236.4158;27;0
2994;30;27;0.1;0.5;94;101;0.4612069;232;236.5644;27;0
2995;30;27;0.1;0.5;95;103;0.5203252;232;237.5049;27;2
2996;30;27;0.1;0.5;96;105;0.4941176;221;237.6095;27;4
2997;30;27;0.1;0.5;97;102;0.5228216;266;236.5;27;1
2998;30;27;0.1;0.5;98;101;0.5230126;227;235.901;27;0
2999;30;27;0.1;0.5;99;102;0.4788136;246;236.451;27;1
3000;30;27;0.1;0.5;100;102;0.5120968;233;237.4412;27;1
3001;31;29;0.1;0.5;1;103;0.519685;258;237.3495;29;2
3002;31;29;0.1;0.5;2;102;0.5294118;221;238.5588;29;1
3003;31;29;0.1;0.5;3;101;0.4615385;232;236.5941;29;0
3004;31;29;0.1;0.5;4;106;0.5422222;225;236.3679;29;5
3005;31;29;0.1;0.5;5;101;0.4684015;202;236;29;0
3006;31;29;0.1;0.5;6;102;0.535865;239;237.2255;29;1
3007;31;29;0.1;0.5;7;101;0.5188285;223;235.396;29;0
3008;31;29;0.1;0.5;8;101;0.4920635;240;236.7624;29;0
3009;31;29;0.1;0.5;9;102;0.5442478;240;236.5588;29;1
3010;31;29;0.1;0.5;10;101;0.5066667;243;237.5446;29;0
3011;31;29;0.1;0.5;11;101;0.4940711;249;234.7426;29;0
3012;31;29;0.1;0.5;12;102;0.4913793;232;237.3333;29;1
3013;31;29;0.1;0.5;13;101;0.4960317;244;235.9505;29;0
3014;31;29;0.1;0.5;14;102;0.4710425;247;237.3137;29;1
3015;31;29;0.1;0.5;15;101;0.51341;230;236.4059;29;0
3016;31;29;0.1;0.5;16;101;0.4444444;227;236.1584;29;0
3017;31;29;0.1;0.5;17;101;0.5622318;228;236.5347;29;0
3018;31;29;0.1;0.5;18;101;0.5039683;226;236.0495;29;0
3019;31;29;0.1;0.5;19;103;0.4556962;227;236.6602;29;2
3020;31;29;0.1;0.5;20;103;0.5578512;241;236.2816;29;2
3021;31;29;0.1;0.5;21;102;0.4894515;272;237.402;29;1
3022;31;29;0.1;0.5;22;103;0.4366812;243;237.1553;29;2
3023;31;29;0.1;0.5;23;102;0.5233645;246;235;29;1
3024;31;29;0.1;0.5;24;101;0.5166667;253;237.5347;29;0
3025;31;29;0.1;0.5;25;101;0.4886878;235;236.5347;29;0
3026;31;29;0.1;0.5;26;105;0.5437788;238;236.4762;29;4
3027;31;29;0.1;0.5;27;102;0.4728033;238;237.6863;29;1
3028;31;29;0.1;0.5;28;101;0.4827586;257;237.8119;29;0
3029;31;29;0.1;0.5;29;101;0.4956522;226;235.1089;29;0
3030;31;29;0.1;0.5;30;101;0.440367;242;236.8218;29;0
3031;31;29;0.1;0.5;31;101;0.5208333;232;237.495;29;0
3032;31;29;0.1;0.5;32;105;0.5642857;230;237.7143;29;4
3033;31;29;0.1;0.5;33;101;0.4700461;249;239.4752;29;0
3034;31;29;0.1;0.5;34;101;0.4853556;236;234.5743;29;0
3035;31;29;0.1;0.5;35;102;0.5506073;245;235.951;29;1
3036;31;29;0.1;0.5;36;104;0.487069;245;235.9808;29;3
3037;31;29;0.1;0.5;37;103;0.4887892;257;237.4466;29;2
3038;31;29;0.1;0.5;38;101;0.4939759;240;236.4455;29;0
3039;31;29;0.1;0.5;39;103;0.4672489;247;237.4369;29;2
3040;31;29;0.1;0.5;40;101;0.5774059;212;236.1386;29;0
3041;31;29;0.1;0.5;41;101;0.5611814;238;235.4356;29;0
3042;31;29;0.1;0.5;42;102;0.5614035;235;235.9314;29;1
3043;31;29;0.1;0.5;43;102;0.4253394;231;236.6471;29;1
3044;31;29;0.1;0.5;44;101;0.5294118;235;237.9802;29;0
3045;31;29;0.1;0.5;45;103;0.4567901;228;237.4272;29;2
3046;31;29;0.1;0.5;46;102;0.4356846;238;238.3922;29;1
3047;31;29;0.1;0.5;47;101;0.5395683;231;235.4554;29;0
3048;31;29;0.1;0.5;48;103;0.5301724;257;237.2913;29;2
3049;31;29;0.1;0.5;49;102;0.5354331;225;237.8235;29;1
3050;31;29;0.1;0.5;50;101;0.4219409;241;237.2376;29;0
3051;31;29;0.1;0.5;51;101;0.5204461;218;236.7624;29;0
3052;31;29;0.1;0.5;52;101;0.438247;217;239;29;0
3053;31;29;0.1;0.5;53;101;0.4852321;237;236.6139;29;0
3054;31;29;0.1;0.5;54;101;0.5625;236;238.1386;29;0
3055;31;29;0.1;0.5;55;101;0.554717;239;237.5347;29;0
3056;31;29;0.1;0.5;56;103;0.5159817;254;237.0777;29;2
3057;31;29;0.1;0.5;57;101;0.4917355;232;234.2079;29;0
3058;31;29;0.1;0.5;58;101;0.5333333;225;236.7921;29;0
3059;31;29;0.1;0.5;59;101;0.5568627;225;235.6733;29;0
3060;31;29;0.1;0.5;60;102;0.5551181;230;237.5588;29;1
3061;31;29;0.1;0.5;61;101;0.4916667;232;237.9901;29;0
3062;31;29;0.1;0.5;62;101;0.5401786;235;237.1881;29;0
3063;31;29;0.1;0.5;63;102;0.4977169;245;236.1275;29;1
3064;31;29;0.1;0.5;64;101;0.4780876;225;236.3267;29;0
3065;31;29;0.1;0.5;65;108;0.4401544;189;234.9074;29;7
3066;31;29;0.1;0.5;66;101;0.5286344;232;236.396;29;0
3067;31;29;0.1;0.5;67;103;0.4813278;227;236.4854;29;2
3068;31;29;0.1;0.5;68;101;0.4901961;266;236.5743;29;0
3069;31;29;0.1;0.5;69;101;0.5338983;240;236.4653;29;0
3070;31;29;0.1;0.5;70;102;0.5254237;241;237.0686;29;1
3071;31;29;0.1;0.5;71;102;0.475;235;234.3627;29;1
3072;31;29;0.1;0.5;72;101;0.4705882;234;235.099;29;0
3073;31;29;0.1;0.5;73;101;0.4777328;241;235.9109;29;0
3074;31;29;0.1;0.5;74;103;0.4957265;235;237.1456;29;2
3075;31;29;0.1;0.5;75;106;0.4647887;226;236.4528;29;5
3076;31;29;0.1;0.5;76;105;0.4936709;254;235.7333;29;4
3077;31;29;0.1;0.5;77;102;0.4855967;236;235.7451;29;1
3078;31;29;0.1;0.5;78;101;0.4859438;237;236.6931;29;0
3079;31;29;0.1;0.5;79;101;0.4693878;220;235.6535;29;0
3080;31;29;0.1;0.5;80;101;0.508;223;236.198;29;0
3081;31;29;0.1;0.5;81;104;0.5211864;257;237.2308;29;3
3082;31;29;0.1;0.5;82;101;0.6141079;244;236.495;29;0
3083;31;29;0.1;0.5;83;101;0.5265306;257;238.5347;29;0
3084;31;29;0.1;0.5;84;102;0.5142857;239;236.9118;29;1
3085;31;29;0.1;0.5;85;101;0.5229358;245;236.1386;29;0
3086;31;29;0.1;0.5;86;101;0.4484127;227;235.5941;29;0
3087;31;29;0.1;0.5;87;101;0.544;251;236.6139;29;0
3088;31;29;0.1;0.5;88;104;0.5132743;245;237.0673;29;3
3089;31;29;0.1;0.5;89;102;0.5086207;245;235.7745;29;1
3090;31;29;0.1;0.5;90;103;0.542735;254;236.2718;29;2
3091;31;29;0.1;0.5;91;105;0.5274262;232;236;29;4
3092;31;29;0.1;0.5;92;105;0.5263158;228;236.7238;29;4
3093;31;29;0.1;0.5;93;101;0.4622642;258;238.2178;29;0
3094;31;29;0.1;0.5;94;102;0.4693878;239;235.3431;29;1
3095;31;29;0.1;0.5;95;101;0.484127;223;236.2574;29;0
3096;31;29;0.1;0.5;96;101;0.5535714;250;236.1386;29;0
3097;31;29;0.1;0.5;97;101;0.5123967;213;235.604;29;0
3098;31;29;0.1;0.5;98;103;0.5214008;210;235.9515;29;2
3099;31;29;0.1;0.5;99;102;0.4417671;214;237.4706;29;1
3100;31;29;0.1;0.5;100;101;0.5207373;222;235.2475;29;0
3101;32;224;0.1;0.5;1;101;0.5413223;259;235.8218;223.099;0
3102;32;224;0.1;0.5;2;101;0.4579832;230;235.505;222.2871;0
3103;32;224;0.1;0.5;3;103;0.490566;270;237.1748;222.3398;2
3104;32;224;0.1;0.5;4;101;0.5178571;260;236.3465;222.4752;0
3105;32;224;0.1;0.5;5;102;0.5040323;216;237.1569;222.9804;1
3106;32;224;0.1;0.5;6;103;0.5086957;233;235.8835;221.534;2
3107;32;224;0.1;0.5;7;101;0.4430894;237;237.7327;223.1683;0
3108;32;224;0.1;0.5;8;101;0.5191489;240;234.6733;223.0297;0
3109;32;224;0.1;0.5;9;101;0.4528302;233;235.9406;222.3564;0
3110;32;224;0.1;0.5;10;101;0.546729;248;239.0594;222.2871;0
3111;32;224;0.1;0.5;11;102;0.5068493;237;235.8235;222.4706;1
3112;32;224;0.1;0.5;12;101;0.5105485;243;237.7525;223.1782;0
3113;32;224;0.1;0.5;13;102;0.48;232;237.0196;222.8824;1
3114;32;224;0.1;0.5;14;101;0.5368852;215;237.3465;223.1386;0
3115;32;224;0.1;0.5;15;101;0.517094;210;237.7129;223.505;0
3116;32;224;0.1;0.5;16;105;0.4891775;255;237.419;222.9238;4
3117;32;224;0.1;0.5;17;102;0.5320755;226;238.2059;223.2255;1
3118;32;224;0.1;0.5;18;101;0.5210728;222;235.0891;221.7624;0
3119;32;224;0.1;0.5;19;101;0.517094;232;237.0099;222.8218;0
3120;32;224;0.1;0.5;20;102;0.5400844;233;234.1471;221.9314;1
3121;32;224;0.1;0.5;21;103;0.5188285;224;236.8544;222.7767;2
3122;32;224;0.1;0.5;22;101;0.4529148;234;235.6832;222.0891;0
3123;32;224;0.1;0.5;23;101;0.5550847;241;235.9307;222.0495;0
3124;32;224;0.1;0.5;24;103;0.4608696;211;236.6796;222.9223;2
3125;32;224;0.1;0.5;25;101;0.5020747;237;235.9802;222.8911;0
3126;32;224;0.1;0.5;26;104;0.5062241;224;235.9038;222.6154;3
3127;32;224;0.1;0.5;27;107;0.5198413;275;236.4579;222.9626;6
3128;32;224;0.1;0.5;28;101;0.5041322;233;237.3465;222.9307;0
3129;32;224;0.1;0.5;29;101;0.5;233;237.7129;222.9307;0
3130;32;224;0.1;0.5;30;105;0.5409091;233;236.4381;222.419;4
3131;32;224;0.1;0.5;31;104;0.4826087;236;236.3077;222.4808;3
3132;32;224;0.1;0.5;32;101;0.5252918;218;235.9901;222.2277;0
3133;32;224;0.1;0.5;33;101;0.495098;237;237.7822;222.5149;0
3134;32;224;0.1;0.5;34;101;0.5349794;232;238.7327;223.297;0
3135;32;224;0.1;0.5;35;101;0.4688797;230;235.7723;222.7525;0
3136;32;224;0.1;0.5;36;104;0.5;233;238.1058;222.9423;3
3137;32;224;0.1;0.5;37;101;0.5327869;211;235.7822;222.7426;0
3138;32;224;0.1;0.5;38;102;0.4273859;221;236.9412;223.2353;1
3139;32;224;0.1;0.5;39;102;0.529148;260;235.5;222.8431;1
3140;32;224;0.1;0.5;40;103;0.5286344;229;236.0583;222.9126;2
3141;32;224;0.1;0.5;41;102;0.529148;241;236.2549;222.3235;1
3142;32;224;0.1;0.5;42;101;0.4849785;253;236;222.703;0
3143;32;224;0.1;0.5;43;103;0.4917355;204;236.1359;222.7476;2
3144;32;224;0.1;0.5;44;101;0.5090909;255;236.8119;222.2772;0
3145;32;224;0.1;0.5;45;101;0.5130112;234;238.1188;222.6832;0
3146;32;224;0.1;0.5;46;102;0.4658635;201;237.8431;222.451;1
3147;32;224;0.1;0.5;47;101;0.4878049;213;238.7525;223.0396;0
3148;32;224;0.1;0.5;48;101;0.4754098;211;236.8317;222.0891;0
3149;32;224;0.1;0.5;49;101;0.4858491;223;236.8713;222.5347;0
3150;32;224;0.1;0.5;50;101;0.5286885;236;238.0891;223.0495;0
3151;32;224;0.1;0.5;51;102;0.4784483;231;237.598;222.9314;1
3152;32;224;0.1;0.5;52;101;0.5;241;237.901;223.1089;0
3153;32;224;0.1;0.5;53;103;0.5355649;247;235.8932;222.2524;2
3154;32;224;0.1;0.5;54;103;0.5534884;256;234.2913;222.3204;2
3155;32;224;0.1;0.5;55;102;0.4941176;251;237.1569;223.0098;1
3156;32;224;0.1;0.5;56;101;0.5039683;226;236.2178;222.9604;0
3157;32;224;0.1;0.5;57;101;0.4725738;244;236.3564;222.8515;0
3158;32;224;0.1;0.5;58;104;0.4950495;256;238.7308;222.5385;3
3159;32;224;0.1;0.5;59;101;0.4417671;226;236.3663;222.5545;0
3160;32;224;0.1;0.5;60;101;0.4979424;228;237.1584;223.198;0
3161;32;224;0.1;0.5;61;102;0.5123967;242;237.3824;222.6176;1
3162;32;224;0.1;0.5;62;102;0.4752066;262;238.4118;222.8431;1
3163;32;224;0.1;0.5;63;101;0.5242291;252;236.9901;223.0693;0
3164;32;224;0.1;0.5;64;101;0.5227273;248;236.6139;222.8317;0
3165;32;224;0.1;0.5;65;101;0.4790875;245;236.1584;222.0099;0
3166;32;224;0.1;0.5;66;103;0.4577778;231;237.3495;222.4466;2
3167;32;224;0.1;0.5;67;101;0.5377358;231;237.6931;223.1287;0
3168;32;224;0.1;0.5;68;101;0.4863636;243;235.4851;220.7228;0
3169;32;224;0.1;0.5;69;101;0.454955;260;239.198;223.5644;0
3170;32;224;0.1;0.5;70;105;0.5132743;259;237.2095;222.2476;4
3171;32;224;0.1;0.5;71;101;0.4549356;244;237.5842;222.9505;0
3172;32;224;0.1;0.5;72;102;0.508547;246;237.402;223.098;1
3173;32;224;0.1;0.5;73;101;0.4801762;234;235.0099;222.0099;0
3174;32;224;0.1;0.5;74;104;0.4763948;245;236.6538;222.4231;3
3175;32;224;0.1;0.5;75;102;0.5039062;230;237.1471;222.7647;1
3176;32;224;0.1;0.5;76;101;0.5425101;251;237.2277;222.8317;0
3177;32;224;0.1;0.5;77;102;0.4861111;217;235.7843;223.2647;1
3178;32;224;0.1;0.5;78;101;0.5022026;243;235.4455;222.7822;0
3179;32;224;0.1;0.5;79;101;0.4495798;203;237.0495;222.3762;0
3180;32;224;0.1;0.5;80;101;0.4752066;239;237.3168;222.9307;0
3181;32;224;0.1;0.5;81;101;0.426009;241;237.1287;222.3663;0
3182;32;224;0.1;0.5;82;102;0.560166;227;237.5294;223.2451;1
3183;32;224;0.1;0.5;83;103;0.5044248;245;237.0485;222.767;2
3184;32;224;0.1;0.5;84;102;0.4504505;229;236.9608;222.7941;1
3185;32;224;0.1;0.5;85;104;0.4618321;216;235.2404;222.1058;3
3186;32;224;0.1;0.5;86;102;0.468;238;235.9902;223.0098;1
3187;32;224;0.1;0.5;87;102;0.527027;252;237.9608;222.6765;1
3188;32;224;0.1;0.5;88;101;0.4824561;227;238.8911;223.3663;0
3189;32;224;0.1;0.5;89;102;0.5021277;251;237.7745;222.5882;1
3190;32;224;0.1;0.5;90;101;0.4916667;243;237.3663;222.2277;0
3191;32;224;0.1;0.5;91;101;0.5366972;253;236.8218;222.5248;0
3192;32;224;0.1;0.5;92;102;0.4669421;219;238.2157;223.1078;1
3193;32;224;0.1;0.5;93;101;0.4823529;216;235.5842;223.0693;0
3194;32;224;0.1;0.5;94;101;0.4478764;231;236.3267;222.6337;0
3195;32;224;0.1;0.5;95;101;0.4824903;227;235.0099;222.2673;0
3196;32;224;0.1;0.5;96;101;0.5131579;254;236.4455;222.9208;0
3197;32;224;0.1;0.5;97;105;0.5286885;248;235.9048;222.4857;4
3198;32;224;0.1;0.5;98;101;0.482906;250;238.5644;223.4059;0
3199;32;224;0.1;0.5;99;101;0.4705882;221;236.5347;221.6634;0
3200;32;224;0.1;0.5;100;107;0.5909091;228;237.6822;222.3645;6
3201;33;1;0.2;0.5;1;101;0.4429224;261;236.703;1;0
3202;33;1;0.2;0.5;2;102;0.4723404;246;238.2549;1;1
3203;33;1;0.2;0.5;3;102;0.4780702;256;239.1961;1;1
3204;33;1;0.2;0.5;4;102;0.4830508;236;237.6471;1;1
3205;33;1;0.2;0.5;5;105;0.5223214;237;235.7333;1;4
3206;33;1;0.2;0.5;6;101;0.5458515;236;236.8317;1;0
3207;33;1;0.2;0.5;7;101;0.484127;235;237.6832;1;0
3208;33;1;0.2;0.5;8;102;0.4691358;227;239.3431;1;1
3209;33;1;0.2;0.5;9;104;0.4528302;235;237.0192;1;3
3210;33;1;0.2;0.5;10;102;0.4685039;254;236.8431;1;1
3211;33;1;0.2;0.5;11;103;0.4958333;251;236.1359;1;2
3212;33;1;0.2;0.5;12;103;0.4592275;236;235.4951;1;2
3213;33;1;0.2;0.5;13;101;0.508547;262;237.1782;1;0
3214;33;1;0.2;0.5;14;111;0.477551;240;237.6126;1;10
3215;33;1;0.2;0.5;15;102;0.4939271;239;237.7843;1;1
3216;33;1;0.2;0.5;16;105;0.5;250;239.419;1;4
3217;33;1;0.2;0.5;17;102;0.5423729;233;235.549;1;1
3218;33;1;0.2;0.5;18;105;0.4872881;231;237.1429;1;4
3219;33;1;0.2;0.5;19;104;0.4889868;252;236.5962;1;3
3220;33;1;0.2;0.5;20;102;0.5390947;253;237.2843;1;1
3221;33;1;0.2;0.5;21;104;0.5165289;226;237.5288;1;3
3222;33;1;0.2;0.5;22;102;0.4444444;246;237.5098;1;1
3223;33;1;0.2;0.5;23;101;0.488189;256;237.6139;1;0
3224;33;1;0.2;0.5;24;101;0.5020747;194;236.1683;1;0
3225;33;1;0.2;0.5;25;104;0.4779116;240;237.0577;1;3
3226;33;1;0.2;0.5;26;101;0.5458515;241;236.5743;1;0
3227;33;1;0.2;0.5;27;101;0.5144033;241;236.6436;1;0
3228;33;1;0.2;0.5;28;101;0.4955357;247;236.2871;1;0
3229;33;1;0.2;0.5;29;101;0.4337349;198;234.5644;1;0
3230;33;1;0.2;0.5;30;101;0.5357143;253;235.5941;1;0
3231;33;1;0.2;0.5;31;101;0.5232068;202;237.2079;1;0
3232;33;1;0.2;0.5;32;101;0.5375494;234;236.1782;1;0
3233;33;1;0.2;0.5;33;101;0.460177;232;235.1584;1;0
3234;33;1;0.2;0.5;34;101;0.4826087;225;235.6238;1;0
3235;33;1;0.2;0.5;35;101;0.4658635;244;235.5248;1;0
3236;33;1;0.2;0.5;36;102;0.4653061;225;237.2941;1;1
3237;33;1;0.2;0.5;37;101;0.4930876;253;236.5149;1;0
3238;33;1;0.2;0.5;38;102;0.5;238;235.6373;1;1
3239;33;1;0.2;0.5;39;101;0.5042373;241;237.396;1;0
3240;33;1;0.2;0.5;40;101;0.4798206;237;236.6931;1;0
3241;33;1;0.2;0.5;41;101;0.4698276;231;236.2178;1;0
3242;33;1;0.2;0.5;42;101;0.5020243;240;238.505;1;0
3243;33;1;0.2;0.5;43;103;0.5577689;236;236.5631;1;2
3244;33;1;0.2;0.5;44;103;0.5188285;255;236.9223;1;2
3245;33;1;0.2;0.5;45;101;0.4691943;243;237.7228;1;0
3246;33;1;0.2;0.5;46;104;0.5130435;231;236.0865;1;3
3247;33;1;0.2;0.5;47;101;0.5478261;231;236.9307;1;0
3248;33;1;0.2;0.5;48;103;0.5123967;252;236.9126;1;2
3249;33;1;0.2;0.5;49;102;0.493617;241;238.049;1;1
3250;33;1;0.2;0.5;50;101;0.5125;221;236.3465;1;0
3251;33;1;0.2;0.5;51;106;0.5748031;228;237.4623;1;5
3252;33;1;0.2;0.5;52;101;0.509009;223;235.7723;1;0
3253;33;1;0.2;0.5;53;102;0.5394737;254;235.3431;1;1
3254;33;1;0.2;0.5;54;101;0.5095238;247;235.5347;1;0
3255;33;1;0.2;0.5;55;102;0.4852321;221;236.2353;1;1
3256;33;1;0.2;0.5;56;101;0.4728033;241;237.3267;1;0
3257;33;1;0.2;0.5;57;102;0.5470852;226;236.4902;1;1
3258;33;1;0.2;0.5;58;101;0.5020921;229;235.0891;1;0
3259;33;1;0.2;0.5;59;103;0.4631148;250;236.9515;1;2
3260;33;1;0.2;0.5;60;101;0.555102;240;237.0693;1;0
3261;33;1;0.2;0.5;61;102;0.5020576;250;236.8627;1;1
3262;33;1;0.2;0.5;62;102;0.5080645;210;236.6765;1;1
3263;33;1;0.2;0.5;63;104;0.4847162;232;237.8173;1;3
3264;33;1;0.2;0.5;64;107;0.4979424;217;235.0467;1;6
3265;33;1;0.2;0.5;65;101;0.5276596;216;236.1683;1;0
3266;33;1;0.2;0.5;66;102;0.4913043;207;236.1961;1;1
3267;33;1;0.2;0.5;67;101;0.4590164;239;235.6634;1;0
3268;33;1;0.2;0.5;68;102;0.5258621;231;235.402;1;1
3269;33;1;0.2;0.5;69;107;0.484127;232;236.2617;1;6
3270;33;1;0.2;0.5;70;102;0.493617;233;234.5;1;1
3271;33;1;0.2;0.5;71;102;0.4671815;223;238.902;1;1
3272;33;1;0.2;0.5;72;106;0.4897119;219;237.5849;1;5
3273;33;1;0.2;0.5;73;101;0.5405405;230;235.3861;1;0
3274;33;1;0.2;0.5;74;101;0.5108225;230;237.6337;1;0
3275;33;1;0.2;0.5;75;104;0.4934498;247;235.3173;1;3
3276;33;1;0.2;0.5;76;102;0.4734513;252;235.3824;1;1
3277;33;1;0.2;0.5;77;101;0.524;229;237.9802;1;0
3278;33;1;0.2;0.5;78;101;0.4977376;250;236.1287;1;0
3279;33;1;0.2;0.5;79;102;0.5020576;245;239.2647;1;1
3280;33;1;0.2;0.5;80;103;0.5254902;220;238.534;1;2
3281;33;1;0.2;0.5;81;101;0.4913043;223;238.2475;1;0
3282;33;1;0.2;0.5;82;101;0.5062241;235;236.5545;1;0
3283;33;1;0.2;0.5;83;101;0.5428571;204;237.5347;1;0
3284;33;1;0.2;0.5;84;105;0.5443038;254;238.9714;1;4
3285;33;1;0.2;0.5;85;101;0.5374449;227;239.198;1;0
3286;33;1;0.2;0.5;86;101;0.5172414;241;237.1584;1;0
3287;33;1;0.2;0.5;87;105;0.4806867;274;237.2286;1;4
3288;33;1;0.2;0.5;88;101;0.4638298;259;236.7129;1;0
3289;33;1;0.2;0.5;89;102;0.5151515;237;236.3824;1;1
3290;33;1;0.2;0.5;90;101;0.4625;224;235.2772;1;0
3291;33;1;0.2;0.5;91;101;0.526971;226;237.9802;1;0
3292;33;1;0.2;0.5;92;102;0.4957983;222;237.3137;1;1
3293;33;1;0.2;0.5;93;101;0.4606299;233;236.3168;1;0
3294;33;1;0.2;0.5;94;101;0.5242291;237;235.8812;1;0
3295;33;1;0.2;0.5;95;105;0.5418327;239;236.1619;1;4
3296;33;1;0.2;0.5;96;102;0.4423077;242;236.0882;1;1
3297;33;1;0.2;0.5;97;102;0.5107296;256;238.1863;1;1
3298;33;1;0.2;0.5;98;101;0.5021097;250;238.4059;1;0
3299;33;1;0.2;0.5;99;103;0.4609053;247;235.6311;1;2
3300;33;1;0.2;0.5;100;103;0.5042735;222;236.301;1;2
3301;34;3;0.2;0.5;1;103;0.4895397;222;238.7087;3;2
3302;34;3;0.2;0.5;2;101;0.4933921;257;236.901;3;0
3303;34;3;0.2;0.5;3;101;0.5245902;248;236.5941;3;0
3304;34;3;0.2;0.5;4;104;0.5533597;257;236.4904;3;3
3305;34;3;0.2;0.5;5;101;0.4813278;229;238.396;3;0
3306;34;3;0.2;0.5;6;101;0.5107296;258;237.7624;3;0
3307;34;3;0.2;0.5;7;101;0.5324675;244;234.3564;3;0
3308;34;3;0.2;0.5;8;105;0.4876033;215;234.8762;3;4
3309;34;3;0.2;0.5;9;102;0.4864865;213;235.3137;3;1
3310;34;3;0.2;0.5;10;101;0.473913;240;236.8515;3;0
3311;34;3;0.2;0.5;11;101;0.5393701;231;236.9109;3;0
3312;34;3;0.2;0.5;12;103;0.5511111;244;236.6019;3;2
3313;34;3;0.2;0.5;13;104;0.5560345;228;235.9231;3;3
3314;34;3;0.2;0.5;14;103;0.4958678;239;237.3301;3;2
3315;34;3;0.2;0.5;15;101;0.5550847;207;237.0198;3;0
3316;34;3;0.2;0.5;16;102;0.5065502;251;235.5098;3;1
3317;34;3;0.2;0.5;17;101;0.4901961;226;236.0297;3;0
3318;34;3;0.2;0.5;18;101;0.495283;230;235.7723;3;0
3319;34;3;0.2;0.5;19;102;0.4978723;250;235.5784;3;1
3320;34;3;0.2;0.5;20;101;0.5089286;256;236.9109;3;0
3321;34;3;0.2;0.5;21;102;0.4756098;247;235.1667;3;1
3322;34;3;0.2;0.5;22;102;0.5226337;257;237.1078;3;1
3323;34;3;0.2;0.5;23;103;0.4488889;218;237.6699;3;2
3324;34;3;0.2;0.5;24;101;0.5107296;223;234.8812;3;0
3325;34;3;0.2;0.5;25;106;0.4695652;215;237.2642;3;5
3326;34;3;0.2;0.5;26;101;0.5022831;242;236.1584;3;0
3327;34;3;0.2;0.5;27;102;0.5055762;234;237.1667;3;1
3328;34;3;0.2;0.5;28;101;0.5439331;228;234.7624;3;0
3329;34;3;0.2;0.5;29;101;0.552;234;237.1089;3;0
3330;34;3;0.2;0.5;30;103;0.4714286;248;235.9223;3;2
3331;34;3;0.2;0.5;31;103;0.5081967;250;238.7573;3;2
3332;34;3;0.2;0.5;32;101;0.5040323;241;236.9604;3;0
3333;34;3;0.2;0.5;33;106;0.4688797;241;237.4245;3;5
3334;34;3;0.2;0.5;34;101;0.4153846;234;237.5743;3;0
3335;34;3;0.2;0.5;35;105;0.5165289;217;236.0571;3;4
3336;34;3;0.2;0.5;36;102;0.5466102;229;237.2647;3;1
3337;34;3;0.2;0.5;37;102;0.5367965;240;237.1961;3;1
3338;34;3;0.2;0.5;38;101;0.4938776;215;236.2772;3;0
3339;34;3;0.2;0.5;39;104;0.5929204;222;237.5385;3;3
3340;34;3;0.2;0.5;40;102;0.5301205;240;236.2451;3;1
3341;34;3;0.2;0.5;41;101;0.4779116;239;235.9109;3;0
3342;34;3;0.2;0.5;42;103;0.4959016;227;237.1942;3;2
3343;34;3;0.2;0.5;43;101;0.5210084;234;237.4059;3;0
3344;34;3;0.2;0.5;44;104;0.4603175;230;238;3;3
3345;34;3;0.2;0.5;45;101;0.5240175;242;236.0594;3;0
3346;34;3;0.2;0.5;46;101;0.5083333;245;237.7723;3;0
3347;34;3;0.2;0.5;47;104;0.5240175;233;239.0673;3;3
3348;34;3;0.2;0.5;48;101;0.5140562;241;237.2178;3;0
3349;34;3;0.2;0.5;49;104;0.5309735;229;236.5962;3;3
3350;34;3;0.2;0.5;50;103;0.4878049;220;236.1845;3;2
3351;34;3;0.2;0.5;51;103;0.5494071;240;236.1456;3;2
3352;34;3;0.2;0.5;52;101;0.4808511;234;236.1386;3;0
3353;34;3;0.2;0.5;53;101;0.4959016;238;236.3663;3;0
3354;34;3;0.2;0.5;54;101;0.3950617;241;237.3663;3;0
3355;34;3;0.2;0.5;55;101;0.5442478;232;237.6238;3;0
3356;34;3;0.2;0.5;56;101;0.4618644;229;234.7525;3;0
3357;34;3;0.2;0.5;57;103;0.5769231;233;236.466;3;2
3358;34;3;0.2;0.5;58;102;0.5350877;256;236.4804;3;1
3359;34;3;0.2;0.5;59;106;0.4818182;242;236.8679;3;5
3360;34;3;0.2;0.5;60;102;0.5737052;223;236.1765;3;1
3361;34;3;0.2;0.5;61;102;0.5103734;221;235.9118;3;1
3362;34;3;0.2;0.5;62;101;0.477551;229;236.7228;3;0
3363;34;3;0.2;0.5;63;102;0.5281385;233;235.8137;3;1
3364;34;3;0.2;0.5;64;101;0.5228216;245;236.6832;3;0
3365;34;3;0.2;0.5;65;102;0.5041322;227;238.2941;3;1
3366;34;3;0.2;0.5;66;101;0.5357143;224;234.8317;3;0
3367;34;3;0.2;0.5;67;101;0.5219124;243;235.2673;3;0
3368;34;3;0.2;0.5;68;101;0.5113636;229;237.5149;3;0
3369;34;3;0.2;0.5;69;102;0.4817814;230;235.4314;3;1
3370;34;3;0.2;0.5;70;101;0.5158371;234;236.9703;3;0
3371;34;3;0.2;0.5;71;103;0.5046296;243;237.4854;3;2
3372;34;3;0.2;0.5;72;103;0.4978541;240;236.767;3;2
3373;34;3;0.2;0.5;73;103;0.4954128;238;235.8447;3;2
3374;34;3;0.2;0.5;74;103;0.4957983;239;234.8835;3;2
3375;34;3;0.2;0.5;75;101;0.5131579;247;237.9802;3;0
3376;34;3;0.2;0.5;76;102;0.4978903;259;236.098;3;1
3377;34;3;0.2;0.5;77;104;0.4430894;219;235.4231;3;3
3378;34;3;0.2;0.5;78;101;0.5164319;233;236.9703;3;0
3379;34;3;0.2;0.5;79;101;0.454918;225;237.2574;3;0
3380;34;3;0.2;0.5;80;101;0.5080645;230;235.9208;3;0
3381;34;3;0.2;0.5;81;104;0.5518672;236;234.6346;3;3
3382;34;3;0.2;0.5;82;103;0.4978166;247;237.1068;3;2
3383;34;3;0.2;0.5;83;101;0.5258621;247;237.703;3;0
3384;34;3;0.2;0.5;84;102;0.4866071;247;236.6471;3;1
3385;34;3;0.2;0.5;85;101;0.5355649;237;237.495;3;0
3386;34;3;0.2;0.5;86;102;0.5436508;216;237.2549;3;1
3387;34;3;0.2;0.5;87;105;0.4312796;248;235.8571;3;4
3388;34;3;0.2;0.5;88;104;0.4826087;255;238.3654;3;3
3389;34;3;0.2;0.5;89;102;0.5433071;239;237.1275;3;1
3390;34;3;0.2;0.5;90;101;0.464455;230;235.1188;3;0
3391;34;3;0.2;0.5;91;101;0.508547;232;236.7327;3;0
3392;34;3;0.2;0.5;92;101;0.4279476;247;238.0396;3;0
3393;34;3;0.2;0.5;93;101;0.5154185;251;237.3267;3;0
3394;34;3;0.2;0.5;94;102;0.5366972;262;236.5588;3;1
3395;34;3;0.2;0.5;95;101;0.5327869;232;238.2079;3;0
3396;34;3;0.2;0.5;96;101;0.5555556;241;237.0693;3;0
3397;34;3;0.2;0.5;97;101;0.480198;250;237.3663;3;0
3398;34;3;0.2;0.5;98;103;0.5515695;246;239.4951;3;2
3399;34;3;0.2;0.5;99;101;0.4979592;254;235.5149;3;0
3400;34;3;0.2;0.5;100;103;0.4975845;257;237.3495;3;2
3401;35;5;0.2;0.5;1;101;0.4892704;233;236.5248;5;0
3402;35;5;0.2;0.5;2;103;0.527897;234;237.5049;5;2
3403;35;5;0.2;0.5;3;102;0.5526316;243;238.049;5;1
3404;35;5;0.2;0.5;4;103;0.5064935;229;239.1456;5;2
3405;35;5;0.2;0.5;5;101;0.5064935;252;238.1089;5;0
3406;35;5;0.2;0.5;6;101;0.5111111;227;236.3663;5;0
3407;35;5;0.2;0.5;7;104;0.5466102;234;234.4712;5;3
3408;35;5;0.2;0.5;8;101;0.476378;223;237.1881;5;0
3409;35;5;0.2;0.5;9;104;0.5707071;257;238.5962;5;3
3410;35;5;0.2;0.5;10;102;0.4851064;235;236.049;5;1
3411;35;5;0.2;0.5;11;105;0.5194175;239;234.3429;5;4
3412;35;5;0.2;0.5;12;102;0.504;237;236.8627;5;1
3413;35;5;0.2;0.5;13;103;0.5178571;243;236.3495;5;2
3414;35;5;0.2;0.5;14;104;0.473029;231;237.0673;5;3
3415;35;5;0.2;0.5;15;102;0.4401709;205;234.6667;5;1
3416;35;5;0.2;0.5;16;102;0.53125;261;235.049;5;1
3417;35;5;0.2;0.5;17;101;0.4625551;231;235.3564;5;0
3418;35;5;0.2;0.5;18;101;0.5021645;227;237.5446;5;0
3419;35;5;0.2;0.5;19;102;0.5020576;235;237.6471;5;1
3420;35;5;0.2;0.5;20;101;0.4549356;237;235.6931;5;0
3421;35;5;0.2;0.5;21;102;0.4955752;222;235.7451;5;1
3422;35;5;0.2;0.5;22;101;0.4793388;242;236.9901;5;0
3423;35;5;0.2;0.5;23;101;0.5219298;251;237.802;5;0
3424;35;5;0.2;0.5;24;101;0.4347826;250;236.901;5;0
3425;35;5;0.2;0.5;25;102;0.4510638;231;236.1176;5;1
3426;35;5;0.2;0.5;26;102;0.470852;227;236.951;5;1
3427;35;5;0.2;0.5;27;101;0.5305164;249;236.7327;5;0
3428;35;5;0.2;0.5;28;105;0.5454545;250;239.5238;5;4
3429;35;5;0.2;0.5;29;101;0.4830508;227;237.2277;5;0
3430;35;5;0.2;0.5;30;102;0.4881517;259;235.7157;5;1
3431;35;5;0.2;0.5;31;102;0.5;230;236.2549;5;1
3432;35;5;0.2;0.5;32;102;0.5206612;232;235.098;5;1
3433;35;5;0.2;0.5;33;101;0.4976303;229;235.9802;5;0
3434;35;5;0.2;0.5;34;101;0.5090909;241;236.8119;5;0
3435;35;5;0.2;0.5;35;101;0.4671815;220;236.099;5;0
3436;35;5;0.2;0.5;36;102;0.4419643;225;234.549;5;1
3437;35;5;0.2;0.5;37;101;0.4067797;247;236.5743;5;0
3438;35;5;0.2;0.5;38;101;0.4952381;256;238.1485;5;0
3439;35;5;0.2;0.5;39;102;0.4330357;242;235.0784;5;1
3440;35;5;0.2;0.5;40;105;0.4894515;221;234.7714;5;4
3441;35;5;0.2;0.5;41;103;0.5384615;231;237.5631;5;2
3442;35;5;0.2;0.5;42;102;0.5194805;216;234.0784;5;1
3443;35;5;0.2;0.5;43;101;0.4622222;235;235.7228;5;0
3444;35;5;0.2;0.5;44;101;0.5344828;231;236.901;5;0
3445;35;5;0.2;0.5;45;101;0.4917355;220;235.2574;5;0
3446;35;5;0.2;0.5;46;101;0.5555556;269;237.0099;5;0
3447;35;5;0.2;0.5;47;102;0.4590164;229;234.8039;5;1
3448;35;5;0.2;0.5;48;101;0.5042373;238;237.5545;5;0
3449;35;5;0.2;0.5;49;101;0.4859438;235;236.0297;5;0
3450;35;5;0.2;0.5;50;105;0.5168067;260;235.1905;5;4
3451;35;5;0.2;0.5;51;101;0.5086957;243;238.4257;5;0
3452;35;5;0.2;0.5;52;102;0.4961832;213;237.3431;5;1
3453;35;5;0.2;0.5;53;103;0.5075758;226;234.4854;5;2
3454;35;5;0.2;0.5;54;102;0.5180723;230;235.8235;5;1
3455;35;5;0.2;0.5;55;101;0.483871;218;237.7129;5;0
3456;35;5;0.2;0.5;56;101;0.512605;225;235.8713;5;0
3457;35;5;0.2;0.5;57;101;0.5068493;211;238.2475;5;0
3458;35;5;0.2;0.5;58;102;0.5387931;243;236.5784;5;1
3459;35;5;0.2;0.5;59;101;0.4795082;245;236.3069;5;0
3460;35;5;0.2;0.5;60;104;0.4736842;251;237.0481;5;3
3461;35;5;0.2;0.5;61;103;0.484;234;237.5728;5;2
3462;35;5;0.2;0.5;62;102;0.4605263;243;234.9118;5;1
3463;35;5;0.2;0.5;63;106;0.5103734;219;236.6509;5;5
3464;35;5;0.2;0.5;64;101;0.5437788;223;236.495;5;0
3465;35;5;0.2;0.5;65;101;0.4678112;251;237.5743;5;0
3466;35;5;0.2;0.5;66;102;0.4777328;255;237.3824;5;1
3467;35;5;0.2;0.5;67;102;0.4252874;221;235.2157;5;1
3468;35;5;0.2;0.5;68;103;0.495614;224;233.4272;5;2
3469;35;5;0.2;0.5;69;101;0.4347826;238;237.8515;5;0
3470;35;5;0.2;0.5;70;101;0.4937759;245;236.9109;5;0
3471;35;5;0.2;0.5;71;102;0.4910714;252;236.1275;5;1
3472;35;5;0.2;0.5;72;102;0.4574899;228;235.4314;5;1
3473;35;5;0.2;0.5;73;103;0.4940239;230;235.9806;5;2
3474;35;5;0.2;0.5;74;107;0.4545455;248;238.3084;5;6
3475;35;5;0.2;0.5;75;102;0.4937238;228;235.8627;5;1
3476;35;5;0.2;0.5;76;103;0.4529915;225;236.835;5;2
3477;35;5;0.2;0.5;77;104;0.4804688;220;236.0577;5;3
3478;35;5;0.2;0.5;78;106;0.5204918;229;238.0189;5;5
3479;35;5;0.2;0.5;79;102;0.4751131;246;236.4216;5;1
3480;35;5;0.2;0.5;80;103;0.4389313;251;235.6505;5;2
3481;35;5;0.2;0.5;81;102;0.5222672;232;237.0882;5;1
3482;35;5;0.2;0.5;82;102;0.5306122;222;237.3431;5;1
3483;35;5;0.2;0.5;83;103;0.4612069;229;238.6214;5;2
3484;35;5;0.2;0.5;84;101;0.53125;252;235.4851;5;0
3485;35;5;0.2;0.5;85;101;0.4978903;237;235.5842;5;0
3486;35;5;0.2;0.5;86;101;0.4958333;242;237;5;0
3487;35;5;0.2;0.5;87;102;0.5135135;247;235.8333;5;1
3488;35;5;0.2;0.5;88;102;0.4747899;244;237.5588;5;1
3489;35;5;0.2;0.5;89;103;0.5322581;230;235.9029;5;2
3490;35;5;0.2;0.5;90;103;0.5140187;244;236.4854;5;2
3491;35;5;0.2;0.5;91;102;0.4604651;252;237.1765;5;1
3492;35;5;0.2;0.5;92;105;0.5041322;242;236.2286;5;4
3493;35;5;0.2;0.5;93;103;0.4717742;230;238.2913;5;2
3494;35;5;0.2;0.5;94;101;0.4859438;238;238.3168;5;0
3495;35;5;0.2;0.5;95;105;0.528;241;236.6667;5;4
3496;35;5;0.2;0.5;96;101;0.4933333;257;238.396;5;0
3497;35;5;0.2;0.5;97;102;0.4857143;234;236.2647;5;1
3498;35;5;0.2;0.5;98;107;0.4423963;242;237.6542;5;6
3499;35;5;0.2;0.5;99;102;0.5061728;229;237.8431;5;1
3500;35;5;0.2;0.5;100;101;0.5232558;220;237.0099;5;0
3501;36;7;0.2;0.5;1;103;0.4913793;252;236.301;7;2
3502;36;7;0.2;0.5;2;101;0.5120968;229;235.5446;7;0
3503;36;7;0.2;0.5;3;102;0.5610687;234;234.0588;7;1
3504;36;7;0.2;0.5;4;104;0.5155039;242;237.5385;7;3
3505;36;7;0.2;0.5;5;103;0.473913;219;235.6408;7;2
3506;36;7;0.2;0.5;6;101;0.4151786;218;237.9307;7;0
3507;36;7;0.2;0.5;7;102;0.5670996;222;237.5686;7;1
3508;36;7;0.2;0.5;8;104;0.4959016;241;234.6538;7;3
3509;36;7;0.2;0.5;9;103;0.4444444;246;236.3786;7;2
3510;36;7;0.2;0.5;10;106;0.4541667;237;238.5189;7;5
3511;36;7;0.2;0.5;11;104;0.5213675;225;237.8365;7;3
3512;36;7;0.2;0.5;12;101;0.487069;218;237.2673;7;0
3513;36;7;0.2;0.5;13;102;0.5084034;240;236;7;1
3514;36;7;0.2;0.5;14;101;0.5261194;212;237.6436;7;0
3515;36;7;0.2;0.5;15;101;0.5564854;243;237.3762;7;0
3516;36;7;0.2;0.5;16;103;0.5308642;226;234.2039;7;2
3517;36;7;0.2;0.5;17;101;0.5176991;224;236.1584;7;0
3518;36;7;0.2;0.5;18;101;0.5219124;240;237.4158;7;0
3519;36;7;0.2;0.5;19;103;0.4864865;253;237.1456;7;2
3520;36;7;0.2;0.5;20;101;0.4919355;231;235.7822;7;0
3521;36;7;0.2;0.5;21;102;0.5176991;246;235.7745;7;1
3522;36;7;0.2;0.5;22;101;0.483871;232;235.2079;7;0
3523;36;7;0.2;0.5;23;101;0.484127;227;236.901;7;0
3524;36;7;0.2;0.5;24;101;0.4776786;219;237.0099;7;0
3525;36;7;0.2;0.5;25;103;0.4763948;238;237.932;7;2
3526;36;7;0.2;0.5;26;103;0.4957627;230;236.9126;7;2
3527;36;7;0.2;0.5;27;102;0.4820717;240;238.3725;7;1
3528;36;7;0.2;0.5;28;101;0.5138889;239;237.396;7;0
3529;36;7;0.2;0.5;29;101;0.5022831;252;235.2871;7;0
3530;36;7;0.2;0.5;30;101;0.4795082;236;237.2871;7;0
3531;36;7;0.2;0.5;31;102;0.5215517;238;237.9902;7;1
3532;36;7;0.2;0.5;32;104;0.5372549;225;235.0769;7;3
3533;36;7;0.2;0.5;33;104;0.5580357;252;237.6635;7;3
3534;36;7;0.2;0.5;34;102;0.4785992;241;237.0294;7;1
3535;36;7;0.2;0.5;35;101;0.4976526;244;235.7624;7;0
3536;36;7;0.2;0.5;36;107;0.4787645;248;236.4486;7;6
3537;36;7;0.2;0.5;37;103;0.4941634;216;236.4563;7;2
3538;36;7;0.2;0.5;38;102;0.5443038;224;236.8431;7;1
3539;36;7;0.2;0.5;39;102;0.5236052;248;236.1863;7;1
3540;36;7;0.2;0.5;40;102;0.4669421;248;238.2451;7;1
3541;36;7;0.2;0.5;41;101;0.5;222;237.2574;7;0
3542;36;7;0.2;0.5;42;102;0.5;243;236.5882;7;1
3543;36;7;0.2;0.5;43;104;0.5242291;226;236.4423;7;3
3544;36;7;0.2;0.5;44;102;0.4866071;217;236.6078;7;1
3545;36;7;0.2;0.5;45;104;0.5020747;235;235.8846;7;3
3546;36;7;0.2;0.5;46;101;0.4827586;221;237.8119;7;0
3547;36;7;0.2;0.5;47;101;0.516129;225;234.6634;7;0
3548;36;7;0.2;0.5;48;102;0.5020747;240;236.2255;7;1
3549;36;7;0.2;0.5;49;103;0.4564315;236;236.3592;7;2
3550;36;7;0.2;0.5;50;102;0.4978541;228;236.402;7;1
3551;36;7;0.2;0.5;51;101;0.497992;212;235.8713;7;0
3552;36;7;0.2;0.5;52;104;0.5182186;224;236.6538;7;3
3553;36;7;0.2;0.5;53;101;0.4751131;253;236.7228;7;0
3554;36;7;0.2;0.5;54;101;0.4646018;240;237.495;7;0
3555;36;7;0.2;0.5;55;103;0.5;248;236.7282;7;2
3556;36;7;0.2;0.5;56;101;0.5193133;227;236.9604;7;0
3557;36;7;0.2;0.5;57;104;0.4958333;243;235.8654;7;3
3558;36;7;0.2;0.5;58;101;0.4822134;231;237.198;7;0
3559;36;7;0.2;0.5;59;103;0.4911504;245;237.8155;7;2
3560;36;7;0.2;0.5;60;104;0.5422222;244;236.9808;7;3
3561;36;7;0.2;0.5;61;101;0.4699248;223;237.7921;7;0
3562;36;7;0.2;0.5;62;101;0.51341;224;237.0297;7;0
3563;36;7;0.2;0.5;63;103;0.5378486;212;237.6311;7;2
3564;36;7;0.2;0.5;64;101;0.5691057;233;235.8416;7;0
3565;36;7;0.2;0.5;65;101;0.5550239;265;235.802;7;0
3566;36;7;0.2;0.5;66;101;0.4660633;247;236.9901;7;0
3567;36;7;0.2;0.5;67;102;0.4957983;222;235.9216;7;1
3568;36;7;0.2;0.5;68;102;0.5267857;248;237.1863;7;1
3569;36;7;0.2;0.5;69;102;0.5121951;222;236.951;7;1
3570;36;7;0.2;0.5;70;104;0.5191489;230;238.1058;7;3
3571;36;7;0.2;0.5;71;101;0.4956897;239;236.0198;7;0
3572;36;7;0.2;0.5;72;101;0.4978166;227;236.396;7;0
3573;36;7;0.2;0.5;73;102;0.5144231;242;238.6961;7;1
3574;36;7;0.2;0.5;74;101;0.5108225;245;236.3465;7;0
3575;36;7;0.2;0.5;75;101;0.4893617;245;236.1485;7;0
3576;36;7;0.2;0.5;76;103;0.5089286;218;237.3981;7;2
3577;36;7;0.2;0.5;77;101;0.5418327;229;237.7822;7;0
3578;36;7;0.2;0.5;78;102;0.5357143;250;236.451;7;1
3579;36;7;0.2;0.5;79;101;0.5231481;230;236.1683;7;0
3580;36;7;0.2;0.5;80;102;0.5070423;229;237.2843;7;1
3581;36;7;0.2;0.5;81;101;0.5162602;222;235.9703;7;0
3582;36;7;0.2;0.5;82;101;0.4878049;241;234.8119;7;0
3583;36;7;0.2;0.5;83;103;0.4309623;247;235.534;7;2
3584;36;7;0.2;0.5;84;101;0.4391304;234;236.2871;7;0
3585;36;7;0.2;0.5;85;103;0.4920635;248;236.4078;7;2
3586;36;7;0.2;0.5;86;102;0.4663866;236;236.4216;7;1
3587;36;7;0.2;0.5;87;102;0.4716157;236;237.2647;7;1
3588;36;7;0.2;0.5;88;101;0.5518672;233;239.5644;7;0
3589;36;7;0.2;0.5;89;103;0.5263158;227;236.3495;7;2
3590;36;7;0.2;0.5;90;102;0.4714286;252;235;7;1
3591;36;7;0.2;0.5;91;105;0.4784314;216;236.2476;7;4
3592;36;7;0.2;0.5;92;104;0.5020243;255;236.625;7;3
3593;36;7;0.2;0.5;93;101;0.516;239;237.9406;7;0
3594;36;7;0.2;0.5;94;102;0.561086;231;235.2941;7;1
3595;36;7;0.2;0.5;95;101;0.4621514;219;237.0396;7;0
3596;36;7;0.2;0.5;96;102;0.5062762;230;236.5196;7;1
3597;36;7;0.2;0.5;97;102;0.4937238;239;237.9412;7;1
3598;36;7;0.2;0.5;98;101;0.4612069;229;236.6634;7;0
3599;36;7;0.2;0.5;99;101;0.5286344;249;237.396;7;0
3600;36;7;0.2;0.5;100;101;0.4868421;242;236.2178;7;0
3601;37;9;0.2;0.5;1;102;0.5263158;239;235.902;9;1
3602;37;9;0.2;0.5;2;101;0.4831461;251;238.8614;9;0
3603;37;9;0.2;0.5;3;102;0.5560345;244;235.6863;9;1
3604;37;9;0.2;0.5;4;101;0.4780876;226;236.3267;9;0
3605;37;9;0.2;0.5;5;101;0.5877551;225;237.5248;9;0
3606;37;9;0.2;0.5;6;101;0.5294118;230;237.297;9;0
3607;37;9;0.2;0.5;7;101;0.4697674;231;236.2475;9;0
3608;37;9;0.2;0.5;8;101;0.5131579;230;236.5842;9;0
3609;37;9;0.2;0.5;9;101;0.4714829;212;235.6931;9;0
3610;37;9;0.2;0.5;10;108;0.5215517;266;237.7222;9;7
3611;37;9;0.2;0.5;11;103;0.4474886;233;237.2427;9;2
3612;37;9;0.2;0.5;12;102;0.525641;241;236;9;1
3613;37;9;0.2;0.5;13;101;0.460251;230;236.297;9;0
3614;37;9;0.2;0.5;14;101;0.5023041;240;236.3168;9;0
3615;37;9;0.2;0.5;15;105;0.4910714;234;236.7333;9;4
3616;37;9;0.2;0.5;16;104;0.4612245;243;235.0096;9;3
3617;37;9;0.2;0.5;17;102;0.5061224;225;236.4118;9;1
3618;37;9;0.2;0.5;18;101;0.5;235;237.0792;9;0
3619;37;9;0.2;0.5;19;105;0.4723404;228;235.781;9;4
3620;37;9;0.2;0.5;20;105;0.5345622;223;236.4381;9;4
3621;37;9;0.2;0.5;21;101;0.4761905;229;237.2178;9;0
3622;37;9;0.2;0.5;22;101;0.4814815;217;236.9406;9;0
3623;37;9;0.2;0.5;23;101;0.4553191;225;237.5149;9;0
3624;37;9;0.2;0.5;24;102;0.4933333;245;236.0686;9;1
3625;37;9;0.2;0.5;25;101;0.4467213;220;236.396;9;0
3626;37;9;0.2;0.5;26;101;0.5254902;222;238.1188;9;0
3627;37;9;0.2;0.5;27;101;0.4647303;260;235.7129;9;0
3628;37;9;0.2;0.5;28;104;0.4814815;243;237.4904;9;3
3629;37;9;0.2;0.5;29;101;0.5245902;249;237.0792;9;0
3630;37;9;0.2;0.5;30;101;0.5086957;248;236.1782;9;0
3631;37;9;0.2;0.5;31;101;0.4876033;221;235.0495;9;0
3632;37;9;0.2;0.5;32;101;0.4794521;257;236.0594;9;0
3633;37;9;0.2;0.5;33;102;0.481982;231;236.598;9;1
3634;37;9;0.2;0.5;34;103;0.4916667;236;237.233;9;2
3635;37;9;0.2;0.5;35;101;0.5112108;232;235.3861;9;0
3636;37;9;0.2;0.5;36;103;0.5105485;235;237.767;9;2
3637;37;9;0.2;0.5;37;102;0.4700461;273;238.7059;9;1
3638;37;9;0.2;0.5;38;101;0.4615385;237;237.7723;9;0
3639;37;9;0.2;0.5;39;101;0.4567901;246;237.5446;9;0
3640;37;9;0.2;0.5;40;101;0.4922481;222;236.6634;9;0
3641;37;9;0.2;0.5;41;101;0.5146444;232;237.1089;9;0
3642;37;9;0.2;0.5;42;102;0.4790875;221;235.6373;9;1
3643;37;9;0.2;0.5;43;101;0.4710744;224;236.703;9;0
3644;37;9;0.2;0.5;44;101;0.486166;220;236.8218;9;0
3645;37;9;0.2;0.5;45;106;0.5125;233;238.0094;9;5
3646;37;9;0.2;0.5;46;101;0.4638298;225;236.6832;9;0
3647;37;9;0.2;0.5;47;101;0.510101;252;235.7723;9;0
3648;37;9;0.2;0.5;48;101;0.4644195;244;238.7228;9;0
3649;37;9;0.2;0.5;49;102;0.4940711;234;235.902;9;1
3650;37;9;0.2;0.5;50;101;0.4646018;256;236.1485;9;0
3651;37;9;0.2;0.5;51;103;0.5022026;228;236.8932;9;2
3652;37;9;0.2;0.5;52;103;0.5169492;227;236.5825;9;2
3653;37;9;0.2;0.5;53;103;0.5162602;244;238.3883;9;2
3654;37;9;0.2;0.5;54;103;0.5267857;256;235.9029;9;2
3655;37;9;0.2;0.5;55;101;0.5244444;250;237.2475;9;0
3656;37;9;0.2;0.5;56;104;0.4744186;243;237.1154;9;3
3657;37;9;0.2;0.5;57;101;0.5062241;228;235.495;9;0
3658;37;9;0.2;0.5;58;104;0.4608696;228;237.5192;9;3
3659;37;9;0.2;0.5;59;101;0.4782609;207;238.1485;9;0
3660;37;9;0.2;0.5;60;102;0.5209302;234;236.3922;9;1
3661;37;9;0.2;0.5;61;102;0.4705882;246;235.8627;9;1
3662;37;9;0.2;0.5;62;103;0.4911504;216;233.4078;9;2
3663;37;9;0.2;0.5;63;101;0.5170732;231;237.2178;9;0
3664;37;9;0.2;0.5;64;103;0.5041667;248;237.8155;9;2
3665;37;9;0.2;0.5;65;101;0.4493927;239;234.8119;9;0
3666;37;9;0.2;0.5;66;101;0.5122951;242;237.1188;9;0
3667;37;9;0.2;0.5;67;102;0.4714286;264;235.6765;9;1
3668;37;9;0.2;0.5;68;101;0.4716157;237;237.0099;9;0
3669;37;9;0.2;0.5;69;101;0.6416667;236;236.604;9;0
3670;37;9;0.2;0.5;70;101;0.51341;218;237.1386;9;0
3671;37;9;0.2;0.5;71;101;0.5058366;240;239.5149;9;0
3672;37;9;0.2;0.5;72;101;0.4642857;240;237.2277;9;0
3673;37;9;0.2;0.5;73;102;0.4728033;231;236.3431;9;1
3674;37;9;0.2;0.5;74;102;0.5594714;234;234.6176;9;1
3675;37;9;0.2;0.5;75;107;0.5061728;224;238.0093;9;6
3676;37;9;0.2;0.5;76;105;0.4765957;238;236.1048;9;4
3677;37;9;0.2;0.5;77;101;0.5255814;219;235.7129;9;0
3678;37;9;0.2;0.5;78;103;0.4642857;228;233.4272;9;2
3679;37;9;0.2;0.5;79;101;0.4892704;231;237.2376;9;0
3680;37;9;0.2;0.5;80;102;0.5176991;238;237.2059;9;1
3681;37;9;0.2;0.5;81;102;0.4273128;231;235.1471;9;1
3682;37;9;0.2;0.5;82;101;0.4867257;246;238.8911;9;0
3683;37;9;0.2;0.5;83;105;0.472103;244;238.4;9;4
3684;37;9;0.2;0.5;84;101;0.4615385;254;235.6337;9;0
3685;37;9;0.2;0.5;85;103;0.4633205;239;238.4272;9;2
3686;37;9;0.2;0.5;86;103;0.5315315;234;237.3786;9;2
3687;37;9;0.2;0.5;87;102;0.504065;232;236.8137;9;1
3688;37;9;0.2;0.5;88;104;0.5244444;244;238.6635;9;3
3689;37;9;0.2;0.5;89;107;0.5080645;235;237.3084;9;6
3690;37;9;0.2;0.5;90;105;0.475;230;236.5238;9;4
3691;37;9;0.2;0.5;91;101;0.5066079;261;237.1188;9;0
3692;37;9;0.2;0.5;92;101;0.4590164;248;236.6535;9;0
3693;37;9;0.2;0.5;93;101;0.5139442;234;237;9;0
3694;37;9;0.2;0.5;94;101;0.5574468;228;235.8713;9;0
3695;37;9;0.2;0.5;95;102;0.4954545;240;235.8039;9;1
3696;37;9;0.2;0.5;96;101;0.5103734;236;236.6436;9;0
3697;37;9;0.2;0.5;97;101;0.5110132;245;238.8713;9;0
3698;37;9;0.2;0.5;98;101;0.4938272;240;235;9;0
3699;37;9;0.2;0.5;99;101;0.4115226;234;234.7228;9;0
3700;37;9;0.2;0.5;100;102;0.5387755;213;236.7549;9;1
3701;38;11;0.2;0.5;1;101;0.5534884;247;236.0396;11;0
3702;38;11;0.2;0.5;2;101;0.5165289;241;236.2673;11;0
3703;38;11;0.2;0.5;3;101;0.4867257;252;237.5743;11;0
3704;38;11;0.2;0.5;4;101;0.4816514;243;235.7921;11;0
3705;38;11;0.2;0.5;5;101;0.4698276;233;238.5347;11;0
3706;38;11;0.2;0.5;6;101;0.5256917;231;237.0891;11;0
3707;38;11;0.2;0.5;7;101;0.5324074;234;236.4752;11;0
3708;38;11;0.2;0.5;8;102;0.4521739;236;236.2745;11;1
3709;38;11;0.2;0.5;9;103;0.5211268;239;235.8738;11;2
3710;38;11;0.2;0.5;10;101;0.5193133;254;236.3663;11;0
3711;38;11;0.2;0.5;11;101;0.5082645;248;238.297;11;0
3712;38;11;0.2;0.5;12;103;0.5194805;247;236.6602;11;2
3713;38;11;0.2;0.5;13;103;0.4418605;258;236.0388;11;2
3714;38;11;0.2;0.5;14;101;0.4916667;220;236.3564;11;0
3715;38;11;0.2;0.5;15;104;0.5177866;233;238.3365;11;3
3716;38;11;0.2;0.5;16;101;0.5702811;243;236.7624;11;0
3717;38;11;0.2;0.5;17;101;0.4577778;227;237.0594;11;0
3718;38;11;0.2;0.5;18;105;0.5041667;248;236.7524;11;4
3719;38;11;0.2;0.5;19;101;0.5127119;225;236.7723;11;0
3720;38;11;0.2;0.5;20;106;0.5260664;215;236.1226;11;5
3721;38;11;0.2;0.5;21;103;0.4915254;246;235.5825;11;2
3722;38;11;0.2;0.5;22;101;0.5189873;248;237.4554;11;0
3723;38;11;0.2;0.5;23;103;0.5183673;253;236.5631;11;2
3724;38;11;0.2;0.5;24;103;0.4728682;216;237.6505;11;2
3725;38;11;0.2;0.5;25;102;0.4444444;234;237.5882;11;1
3726;38;11;0.2;0.5;26;101;0.4976959;247;235.2772;11;0
3727;38;11;0.2;0.5;27;101;0.5062762;238;237.3861;11;0
3728;38;11;0.2;0.5;28;101;0.5276596;223;237.396;11;0
3729;38;11;0.2;0.5;29;101;0.5;226;235.9703;11;0
3730;38;11;0.2;0.5;30;102;0.4779116;262;236.4804;11;1
3731;38;11;0.2;0.5;31;101;0.5495495;222;236.7129;11;0
3732;38;11;0.2;0.5;32;101;0.4834711;233;237.0792;11;0
3733;38;11;0.2;0.5;33;102;0.487395;237;237.6961;11;1
3734;38;11;0.2;0.5;34;102;0.5220884;236;238.6373;11;1
3735;38;11;0.2;0.5;35;107;0.5265306;224;236.5981;11;6
3736;38;11;0.2;0.5;36;101;0.588;240;236.7327;11;0
3737;38;11;0.2;0.5;37;101;0.4571429;245;237.6733;11;0
3738;38;11;0.2;0.5;38;111;0.5434783;253;237.6937;11;10
3739;38;11;0.2;0.5;39;102;0.4830508;226;235.8137;11;1
3740;38;11;0.2;0.5;40;101;0.5101215;232;234.6535;11;0
3741;38;11;0.2;0.5;41;103;0.5308642;239;237.2427;11;2
3742;38;11;0.2;0.5;42;104;0.4915966;241;235.6923;11;3
3743;38;11;0.2;0.5;43;102;0.528;252;238.7843;11;1
3744;38;11;0.2;0.5;44;104;0.4788136;253;238.3173;11;3
3745;38;11;0.2;0.5;45;108;0.4405286;254;235.7407;11;7
3746;38;11;0.2;0.5;46;103;0.5438596;234;237.0291;11;2
3747;38;11;0.2;0.5;47;102;0.4866071;246;236.0588;11;1
3748;38;11;0.2;0.5;48;102;0.5652174;251;236.549;11;1
3749;38;11;0.2;0.5;49;101;0.5110132;225;237.5644;11;0
3750;38;11;0.2;0.5;50;104;0.4217391;248;237.4808;11;3
3751;38;11;0.2;0.5;51;101;0.4820717;226;236.0396;11;0
3752;38;11;0.2;0.5;52;101;0.5601852;240;236.9604;11;0
3753;38;11;0.2;0.5;53;104;0.5103734;222;237.0962;11;3
3754;38;11;0.2;0.5;54;102;0.4830189;215;236.0686;11;1
3755;38;11;0.2;0.5;55;101;0.4748858;224;235.9307;11;0
3756;38;11;0.2;0.5;56;101;0.4911504;238;236.8911;11;0
3757;38;11;0.2;0.5;57;103;0.4908257;234;237.9029;11;2
3758;38;11;0.2;0.5;58;101;0.4801762;247;236.6832;11;0
3759;38;11;0.2;0.5;59;101;0.5020921;252;236.4059;11;0
3760;38;11;0.2;0.5;60;101;0.4581673;242;236.3663;11;0
3761;38;11;0.2;0.5;61;101;0.5086207;250;236.4059;11;0
3762;38;11;0.2;0.5;62;102;0.5148936;214;235.4608;11;1
3763;38;11;0.2;0.5;63;103;0.4716157;215;236.2913;11;2
3764;38;11;0.2;0.5;64;101;0.5242291;241;236;11;0
3765;38;11;0.2;0.5;65;101;0.4830508;256;237.3663;11;0
3766;38;11;0.2;0.5;66;102;0.540856;222;237.7255;11;1
3767;38;11;0.2;0.5;67;104;0.4279279;236;235.5769;11;3
3768;38;11;0.2;0.5;68;103;0.5;245;234.7379;11;2
3769;38;11;0.2;0.5;69;101;0.5104603;237;237.9109;11;0
3770;38;11;0.2;0.5;70;102;0.5172414;236;238.3627;11;1
3771;38;11;0.2;0.5;71;102;0.4599156;241;236.451;11;1
3772;38;11;0.2;0.5;72;102;0.5327869;217;236.4314;11;1
3773;38;11;0.2;0.5;73;103;0.5;228;237.0874;11;2
3774;38;11;0.2;0.5;74;102;0.4978903;240;237.1078;11;1
3775;38;11;0.2;0.5;75;110;0.4843049;230;236.6727;11;9
3776;38;11;0.2;0.5;76;101;0.518018;245;234.703;11;0
3777;38;11;0.2;0.5;77;102;0.4915966;271;239.0686;11;1
3778;38;11;0.2;0.5;78;101;0.4841629;249;237.3168;11;0
3779;38;11;0.2;0.5;79;102;0.4507042;229;236.7255;11;1
3780;38;11;0.2;0.5;80;103;0.4879032;233;235.6602;11;2
3781;38;11;0.2;0.5;81;101;0.4912281;212;234.802;11;0
3782;38;11;0.2;0.5;82;102;0.518018;241;236.2353;11;1
3783;38;11;0.2;0.5;83;102;0.5219298;239;236.9706;11;1
3784;38;11;0.2;0.5;84;101;0.4976303;257;238.396;11;0
3785;38;11;0.2;0.5;85;101;0.5130112;233;236.1881;11;0
3786;38;11;0.2;0.5;86;101;0.4918033;253;235.5446;11;0
3787;38;11;0.2;0.5;87;101;0.4726562;231;239.4257;11;0
3788;38;11;0.2;0.5;88;102;0.5136364;241;235.6863;11;1
3789;38;11;0.2;0.5;89;103;0.4977376;263;238.5631;11;2
3790;38;11;0.2;0.5;90;101;0.508547;245;238.396;11;0
3791;38;11;0.2;0.5;91;101;0.5394191;238;235.6436;11;0
3792;38;11;0.2;0.5;92;101;0.4713656;238;236.3366;11;0
3793;38;11;0.2;0.5;93;102;0.4979253;236;237.1667;11;1
3794;38;11;0.2;0.5;94;103;0.4444444;215;234.301;11;2
3795;38;11;0.2;0.5;95;103;0.4708171;247;237.2524;11;2
3796;38;11;0.2;0.5;96;101;0.5498008;208;236.4752;11;0
3797;38;11;0.2;0.5;97;107;0.5469388;221;236.4206;11;6
3798;38;11;0.2;0.5;98;105;0.4915254;237;237.5905;11;4
3799;38;11;0.2;0.5;99;101;0.4956522;246;235.2277;11;0
3800;38;11;0.2;0.5;100;101;0.4739336;253;235.6931;11;0
3801;39;13;0.2;0.5;1;101;0.4877049;204;237.0099;13;0
3802;39;13;0.2;0.5;2;101;0.453125;242;235.7822;13;0
3803;39;13;0.2;0.5;3;102;0.4611872;231;236.5392;13;1
3804;39;13;0.2;0.5;4;103;0.497992;244;237.1748;13;2
3805;39;13;0.2;0.5;5;101;0.48583;224;235.0198;13;0
3806;39;13;0.2;0.5;6;102;0.4806202;232;236.598;13;1
3807;39;13;0.2;0.5;7;101;0.516129;257;236.3762;13;0
3808;39;13;0.2;0.5;8;101;0.4827586;229;235.4059;13;0
3809;39;13;0.2;0.5;9;101;0.4748858;238;235.4851;13;0
3810;39;13;0.2;0.5;10;103;0.4853556;226;237.5049;13;2
3811;39;13;0.2;0.5;11;101;0.4576271;252;237.3861;13;0
3812;39;13;0.2;0.5;12;102;0.4622222;256;237.7353;13;1
3813;39;13;0.2;0.5;13;104;0.492126;233;238.4904;13;3
3814;39;13;0.2;0.5;14;101;0.5617021;240;238.7723;13;0
3815;39;13;0.2;0.5;15;101;0.5021834;239;235.802;13;0
3816;39;13;0.2;0.5;16;102;0.512931;232;237.0196;13;1
3817;39;13;0.2;0.5;17;104;0.4892704;229;238.7212;13;3
3818;39;13;0.2;0.5;18;101;0.4933921;265;239.495;13;0
3819;39;13;0.2;0.5;19;104;0.5;246;235.8654;13;3
3820;39;13;0.2;0.5;20;101;0.4533898;256;235.8218;13;0
3821;39;13;0.2;0.5;21;102;0.4791667;224;237.6961;13;1
3822;39;13;0.2;0.5;22;101;0.5458167;207;236.9406;13;0
3823;39;13;0.2;0.5;23;102;0.460177;233;238;13;1
3824;39;13;0.2;0.5;24;102;0.4570136;230;236.6078;13;1
3825;39;13;0.2;0.5;25;101;0.5504587;234;237.0693;13;0
3826;39;13;0.2;0.5;26;101;0.5102881;250;236.1188;13;0
3827;39;13;0.2;0.5;27;101;0.4936709;236;238.2574;13;0
3828;39;13;0.2;0.5;28;101;0.5183673;219;237.4851;13;0
3829;39;13;0.2;0.5;29;101;0.556962;245;235.7525;13;0
3830;39;13;0.2;0.5;30;103;0.504;221;234.8835;13;2
3831;39;13;0.2;0.5;31;102;0.492126;234;237.6569;13;1
3832;39;13;0.2;0.5;32;101;0.4710744;226;237.9208;13;0
3833;39;13;0.2;0.5;33;101;0.5296296;205;236.0396;13;0
3834;39;13;0.2;0.5;34;102;0.4885845;243;235.9118;13;1
3835;39;13;0.2;0.5;35;101;0.5387755;233;237.8515;13;0
3836;39;13;0.2;0.5;36;103;0.4962121;245;238.2913;13;2
3837;39;13;0.2;0.5;37;102;0.4830508;231;236.4118;13;1
3838;39;13;0.2;0.5;38;101;0.5344828;235;236.4158;13;0
3839;39;13;0.2;0.5;39;101;0.5103734;235;236.6535;13;0
3840;39;13;0.2;0.5;40;101;0.4741379;218;237.2574;13;0
3841;39;13;0.2;0.5;41;102;0.4810127;223;237.7157;13;1
3842;39;13;0.2;0.5;42;102;0.5122951;224;237.3922;13;1
3843;39;13;0.2;0.5;43;101;0.5102881;229;237.0594;13;0
3844;39;13;0.2;0.5;44;103;0.4430894;212;236.4466;13;2
3845;39;13;0.2;0.5;45;102;0.4976959;210;235.0686;13;1
3846;39;13;0.2;0.5;46;103;0.5657895;242;236.6019;13;2
3847;39;13;0.2;0.5;47;101;0.520362;224;237.1386;13;0
3848;39;13;0.2;0.5;48;101;0.5234043;230;236.2673;13;0
3849;39;13;0.2;0.5;49;103;0.5163934;237;237.1748;13;2
3850;39;13;0.2;0.5;50;101;0.4771784;212;236.3465;13;0
3851;39;13;0.2;0.5;51;103;0.4795082;225;236.3107;13;2
3852;39;13;0.2;0.5;52;103;0.5308642;224;235.0097;13;2
3853;39;13;0.2;0.5;53;106;0.4793388;222;236.934;13;5
3854;39;13;0.2;0.5;54;101;0.5253456;249;236.901;13;0
3855;39;13;0.2;0.5;55;101;0.5020243;231;237.1782;13;0
3856;39;13;0.2;0.5;56;101;0.498008;214;239.3465;13;0
3857;39;13;0.2;0.5;57;101;0.5577689;245;236.7426;13;0
3858;39;13;0.2;0.5;58;105;0.5407725;241;238.6095;13;4
3859;39;13;0.2;0.5;59;105;0.495614;236;235.5619;13;4
3860;39;13;0.2;0.5;60;101;0.4943396;243;238.2475;13;0
3861;39;13;0.2;0.5;61;102;0.5121951;222;236.3725;13;1
3862;39;13;0.2;0.5;62;101;0.5217391;230;235.2277;13;0
3863;39;13;0.2;0.5;63;103;0.532;238;238.1748;13;2
3864;39;13;0.2;0.5;64;103;0.5435685;215;236.6019;13;2
3865;39;13;0.2;0.5;65;101;0.5057915;223;236.802;13;0
3866;39;13;0.2;0.5;66;101;0.4485597;229;235.495;13;0
3867;39;13;0.2;0.5;67;101;0.5020747;227;235.2574;13;0
3868;39;13;0.2;0.5;68;102;0.5022831;231;235.2647;13;1
3869;39;13;0.2;0.5;69;101;0.4767932;223;238.2871;13;0
3870;39;13;0.2;0.5;70;101;0.5063291;232;236.1089;13;0
3871;39;13;0.2;0.5;71;102;0.4875;209;235.9608;13;1
3872;39;13;0.2;0.5;72;103;0.5021277;265;237.2039;13;2
3873;39;13;0.2;0.5;73;101;0.4529915;243;235.3168;13;0
3874;39;13;0.2;0.5;74;101;0.4805195;239;237.3663;13;0
3875;39;13;0.2;0.5;75;102;0.522449;250;236.8431;13;1
3876;39;13;0.2;0.5;76;102;0.4959677;221;236.8039;13;1
3877;39;13;0.2;0.5;77;101;0.5446809;255;239.3267;13;0
3878;39;13;0.2;0.5;78;103;0.5020408;247;235.3301;13;2
3879;39;13;0.2;0.5;79;102;0.424;231;236.8824;13;1
3880;39;13;0.2;0.5;80;101;0.5411765;223;237.0396;13;0
3881;39;13;0.2;0.5;81;108;0.4907407;255;236.9352;13;7
3882;39;13;0.2;0.5;82;101;0.4956897;247;237.099;13;0
3883;39;13;0.2;0.5;83;102;0.4395604;217;236.6176;13;1
3884;39;13;0.2;0.5;84;105;0.5;236;236.8667;13;4
3885;39;13;0.2;0.5;85;102;0.5151515;249;237.7451;13;1
3886;39;13;0.2;0.5;86;101;0.4808511;240;237.9901;13;0
3887;39;13;0.2;0.5;87;101;0.4;234;238.1386;13;0
3888;39;13;0.2;0.5;88;101;0.4877049;226;237.6436;13;0
3889;39;13;0.2;0.5;89;104;0.4751131;249;235.9904;13;3
3890;39;13;0.2;0.5;90;103;0.4938776;231;236.0194;13;2
3891;39;13;0.2;0.5;91;102;0.4752066;222;236.3725;13;1
3892;39;13;0.2;0.5;92;101;0.512931;232;237.5842;13;0
3893;39;13;0.2;0.5;93;101;0.5061728;234;236.703;13;0
3894;39;13;0.2;0.5;94;103;0.4599156;238;236.6214;13;2
3895;39;13;0.2;0.5;95;106;0.5043103;232;236.7075;13;5
3896;39;13;0.2;0.5;96;101;0.4816327;238;237.8119;13;0
3897;39;13;0.2;0.5;97;104;0.4934498;244;235.3173;13;3
3898;39;13;0.2;0.5;98;102;0.535865;255;237.7745;13;1
3899;39;13;0.2;0.5;99;102;0.4891775;234;235.3235;13;1
3900;39;13;0.2;0.5;100;103;0.4913043;252;236.6602;13;2
3901;40;15;0.2;0.5;1;105;0.5333333;232;237.7714;15;4
3902;40;15;0.2;0.5;2;102;0.5145228;243;238.1471;15;1
3903;40;15;0.2;0.5;3;101;0.5364807;236;236.4356;15;0
3904;40;15;0.2;0.5;4;101;0.4918033;247;236.4158;15;0
3905;40;15;0.2;0.5;5;101;0.5098814;237;237.3663;15;0
3906;40;15;0.2;0.5;6;104;0.5173913;214;236.125;15;3
3907;40;15;0.2;0.5;7;101;0.5;245;237.0693;15;0
3908;40;15;0.2;0.5;8;101;0.5422222;244;236.2178;15;0
3909;40;15;0.2;0.5;9;101;0.5307018;246;236.0891;15;0
3910;40;15;0.2;0.5;10;104;0.5362903;242;236.2308;15;3
3911;40;15;0.2;0.5;11;104;0.483871;255;237.6058;15;3
3912;40;15;0.2;0.5;12;103;0.5514403;244;237.5922;15;2
3913;40;15;0.2;0.5;13;104;0.4541667;229;237.2596;15;3
3914;40;15;0.2;0.5;14;102;0.5458515;255;237.451;15;1
3915;40;15;0.2;0.5;15;101;0.5696203;240;237.4851;15;0
3916;40;15;0.2;0.5;16;101;0.5069767;238;238.8317;15;0
3917;40;15;0.2;0.5;17;102;0.4958678;263;234.3725;15;1
3918;40;15;0.2;0.5;18;106;0.5475285;234;236.3774;15;5
3919;40;15;0.2;0.5;19;101;0.4848485;271;239;15;0
3920;40;15;0.2;0.5;20;102;0.5245902;221;236.6471;15;1
3921;40;15;0.2;0.5;21;101;0.5168067;236;236.297;15;0
3922;40;15;0.2;0.5;22;101;0.5242291;250;236.505;15;0
3923;40;15;0.2;0.5;23;102;0.4473684;248;237.6961;15;1
3924;40;15;0.2;0.5;24;101;0.4824561;241;237.2871;15;0
3925;40;15;0.2;0.5;25;101;0.5;247;235.6337;15;0
3926;40;15;0.2;0.5;26;101;0.4701195;236;235.7426;15;0
3927;40;15;0.2;0.5;27;102;0.4888889;246;236.7549;15;1
3928;40;15;0.2;0.5;28;101;0.5194805;221;236.5347;15;0
3929;40;15;0.2;0.5;29;101;0.5148936;230;235.703;15;0
3930;40;15;0.2;0.5;30;101;0.5135135;246;236.0099;15;0
3931;40;15;0.2;0.5;31;102;0.482906;230;237.6471;15;1
3932;40;15;0.2;0.5;32;104;0.5299145;255;237.875;15;3
3933;40;15;0.2;0.5;33;104;0.4895397;237;235.9135;15;3
3934;40;15;0.2;0.5;34;101;0.440678;247;236.604;15;0
3935;40;15;0.2;0.5;35;109;0.5021645;251;236.7982;15;8
3936;40;15;0.2;0.5;36;101;0.5222672;245;236.0297;15;0
3937;40;15;0.2;0.5;37;102;0.4823009;251;239.1176;15;1
3938;40;15;0.2;0.5;38;105;0.5152838;235;236.5905;15;4
3939;40;15;0.2;0.5;39;102;0.513308;232;239.3431;15;1
3940;40;15;0.2;0.5;40;106;0.5348837;243;236.566;15;5
3941;40;15;0.2;0.5;41;101;0.4934498;227;237.2673;15;0
3942;40;15;0.2;0.5;42;104;0.5425101;234;238.3365;15;3
3943;40;15;0.2;0.5;43;104;0.5124378;236;238.2981;15;3
3944;40;15;0.2;0.5;44;101;0.5020408;236;236.0198;15;0
3945;40;15;0.2;0.5;45;101;0.537594;231;237.6436;15;0
3946;40;15;0.2;0.5;46;101;0.4860558;218;236.1584;15;0
3947;40;15;0.2;0.5;47;102;0.5064378;237;236.9314;15;1
3948;40;15;0.2;0.5;48;101;0.5122951;228;235.9703;15;0
3949;40;15;0.2;0.5;49;101;0.464135;234;235;15;0
3950;40;15;0.2;0.5;50;101;0.5545455;231;237.9802;15;0
3951;40;15;0.2;0.5;51;101;0.4889868;233;238.1683;15;0
3952;40;15;0.2;0.5;52;103;0.4757709;194;235.5728;15;2
3953;40;15;0.2;0.5;53;101;0.4959677;235;235.901;15;0
3954;40;15;0.2;0.5;54;101;0.5205479;267;235.6733;15;0
3955;40;15;0.2;0.5;55;101;0.5101215;225;236.802;15;0
3956;40;15;0.2;0.5;56;104;0.5144033;242;237.25;15;3
3957;40;15;0.2;0.5;57;103;0.5;227;236.2427;15;2
3958;40;15;0.2;0.5;58;102;0.504065;214;236.9608;15;1
3959;40;15;0.2;0.5;59;104;0.493617;233;236.3462;15;3
3960;40;15;0.2;0.5;60;103;0.5422222;238;238.1845;15;2
3961;40;15;0.2;0.5;61;102;0.4794521;229;237.8137;15;1
3962;40;15;0.2;0.5;62;101;0.5327103;215;235.0891;15;0
3963;40;15;0.2;0.5;63;102;0.5;243;234;15;1
3964;40;15;0.2;0.5;64;101;0.5477387;281;236.1485;15;0
3965;40;15;0.2;0.5;65;102;0.5405405;239;236.3627;15;1
3966;40;15;0.2;0.5;66;102;0.4810127;249;237.7157;15;1
3967;40;15;0.2;0.5;67;101;0.5063291;243;237.4455;15;0
3968;40;15;0.2;0.5;68;103;0.4837398;259;238.1456;15;2
3969;40;15;0.2;0.5;69;101;0.5019157;250;237.5446;15;0
3970;40;15;0.2;0.5;70;101;0.4761905;230;236.7921;15;0
3971;40;15;0.2;0.5;71;101;0.5527426;224;236.6733;15;0
3972;40;15;0.2;0.5;72;101;0.4570136;236;236.6634;15;0
3973;40;15;0.2;0.5;73;101;0.4345992;243;237.901;15;0
3974;40;15;0.2;0.5;74;102;0.4903475;220;237.2255;15;1
3975;40;15;0.2;0.5;75;102;0.4951456;252;235.7157;15;1
3976;40;15;0.2;0.5;76;104;0.5282258;236;235.3462;15;3
3977;40;15;0.2;0.5;77;102;0.5316456;252;237.5196;15;1
3978;40;15;0.2;0.5;78;101;0.42723;240;235.1386;15;0
3979;40;15;0.2;0.5;79;101;0.4864865;265;235.0693;15;0
3980;40;15;0.2;0.5;80;101;0.460251;217;235.0594;15;0
3981;40;15;0.2;0.5;81;102;0.5403226;211;235.3725;15;1
3982;40;15;0.2;0.5;82;102;0.5;247;236.4804;15;1
3983;40;15;0.2;0.5;83;106;0.4894515;221;237.1321;15;5
3984;40;15;0.2;0.5;84;101;0.4843049;244;237.4257;15;0
3985;40;15;0.2;0.5;85;101;0.5020243;226;238.1386;15;0
3986;40;15;0.2;0.5;86;103;0.5180723;234;236.5922;15;2
3987;40;15;0.2;0.5;87;104;0.4796748;229;238.2885;15;3
3988;40;15;0.2;0.5;88;101;0.5229358;226;237.3366;15;0
3989;40;15;0.2;0.5;89;101;0.4892704;245;237.396;15;0
3990;40;15;0.2;0.5;90;101;0.5142857;239;236.4158;15;0
3991;40;15;0.2;0.5;91;101;0.4884793;242;237.4455;15;0
3992;40;15;0.2;0.5;92;101;0.48659;221;236.5842;15;0
3993;40;15;0.2;0.5;93;102;0.5088496;242;237.5392;15;1
3994;40;15;0.2;0.5;94;101;0.5267857;247;237.3465;15;0
3995;40;15;0.2;0.5;95;102;0.5101215;246;237.1078;15;1
3996;40;15;0.2;0.5;96;101;0.5438596;236;236.4158;15;0
3997;40;15;0.2;0.5;97;101;0.5394737;259;235.9208;15;0
3998;40;15;0.2;0.5;98;101;0.427907;238;238.5347;15;0
3999;40;15;0.2;0.5;99;101;0.4403292;247;235.8218;15;0
4000;40;15;0.2;0.5;100;103;0.5113122;228;234.8447;15;2
4001;41;17;0.2;0.5;1;102;0.5335968;233;236.2353;17;1
4002;41;17;0.2;0.5;2;103;0.5230126;246;235.1068;17;2
4003;41;17;0.2;0.5;3;106;0.4913043;260;237.3019;17;5
4004;41;17;0.2;0.5;4;101;0.5378151;217;236.5347;17;0
4005;41;17;0.2;0.5;5;104;0.5019763;227;235.8654;17;3
4006;41;17;0.2;0.5;6;104;0.5229358;238;236.2596;17;3
4007;41;17;0.2;0.5;7;101;0.5170732;240;235.7723;17;0
4008;41;17;0.2;0.5;8;101;0.5588235;250;237.0594;17;0
4009;41;17;0.2;0.5;9;101;0.4482759;241;238.0891;17;0
4010;41;17;0.2;0.5;10;103;0.4958333;239;237.1845;17;2
4011;41;17;0.2;0.5;11;102;0.4693878;227;237.2353;17;1
4012;41;17;0.2;0.5;12;101;0.5069124;273;237.2277;17;0
4013;41;17;0.2;0.5;13;102;0.477551;250;238.4804;17;1
4014;41;17;0.2;0.5;14;101;0.5149254;226;238.6337;17;0
4015;41;17;0.2;0.5;15;101;0.5258964;214;237.0693;17;0
4016;41;17;0.2;0.5;16;101;0.4504132;235;238.5941;17;0
4017;41;17;0.2;0.5;17;101;0.46875;244;237.4059;17;0
4018;41;17;0.2;0.5;18;102;0.4647303;243;237.4412;17;1
4019;41;17;0.2;0.5;19;102;0.4869565;235;235.2745;17;1
4020;41;17;0.2;0.5;20;102;0.5381356;246;238.9608;17;1
4021;41;17;0.2;0.5;21;101;0.5508475;221;236.604;17;0
4022;41;17;0.2;0.5;22;101;0.4541833;233;236.5545;17;0
4023;41;17;0.2;0.5;23;101;0.4631148;227;234.7822;17;0
4024;41;17;0.2;0.5;24;101;0.5685484;242;235.099;17;0
4025;41;17;0.2;0.5;25;102;0.5148936;226;237.2451;17;1
4026;41;17;0.2;0.5;26;101;0.5381166;231;236.3267;17;0
4027;41;17;0.2;0.5;27;101;0.4871795;237;237.2079;17;0
4028;41;17;0.2;0.5;28;103;0.491453;219;237.9709;17;2
4029;41;17;0.2;0.5;29;103;0.4904943;244;237.9612;17;2
4030;41;17;0.2;0.5;30;102;0.5281385;233;235.4314;17;1
4031;41;17;0.2;0.5;31;101;0.4804688;230;237.396;17;0
4032;41;17;0.2;0.5;32;101;0.4676806;236;235.7822;17;0
4033;41;17;0.2;0.5;33;104;0.5316456;235;237.7308;17;3
4034;41;17;0.2;0.5;34;103;0.5163934;216;237.8932;17;2
4035;41;17;0.2;0.5;35;104;0.5219298;235;239.2885;17;3
4036;41;17;0.2;0.5;36;101;0.4818182;247;235.9505;17;0
4037;41;17;0.2;0.5;37;101;0.5316456;240;238.2673;17;0
4038;41;17;0.2;0.5;38;101;0.4681818;254;236.099;17;0
4039;41;17;0.2;0.5;39;101;0.5277778;230;235.8614;17;0
4040;41;17;0.2;0.5;40;103;0.4938272;231;233.8738;17;2
4041;41;17;0.2;0.5;41;102;0.4229249;228;235.6275;17;1
4042;41;17;0.2;0.5;42;101;0.5062762;224;237.1287;17;0
4043;41;17;0.2;0.5;43;102;0.4520548;245;236.5294;17;1
4044;41;17;0.2;0.5;44;101;0.437247;219;236.6337;17;0
4045;41;17;0.2;0.5;45;102;0.515873;226;237.7941;17;1
4046;41;17;0.2;0.5;46;101;0.4814815;229;236.0297;17;0
4047;41;17;0.2;0.5;47;101;0.4836066;222;236.6832;17;0
4048;41;17;0.2;0.5;48;101;0.5570175;252;236.8614;17;0
4049;41;17;0.2;0.5;49;102;0.4868421;259;236.7353;17;1
4050;41;17;0.2;0.5;50;102;0.6282051;268;238.049;17;1
4051;41;17;0.2;0.5;51;102;0.5304348;241;235.2451;17;1
4052;41;17;0.2;0.5;52;105;0.4503817;218;235.8571;17;4
4053;41;17;0.2;0.5;53;101;0.4977578;252;234.0297;17;0
4054;41;17;0.2;0.5;54;101;0.4955752;250;237.2673;17;0
4055;41;17;0.2;0.5;55;102;0.5042735;247;237.2745;17;1
4056;41;17;0.2;0.5;56;101;0.4625;271;237.0594;17;0
4057;41;17;0.2;0.5;57;101;0.525;254;239.0594;17;0
4058;41;17;0.2;0.5;58;102;0.4439462;229;236.902;17;1
4059;41;17;0.2;0.5;59;101;0.4705882;229;235.495;17;0
4060;41;17;0.2;0.5;60;104;0.5236052;251;236.8846;17;3
4061;41;17;0.2;0.5;61;101;0.5097276;237;236.3762;17;0
4062;41;17;0.2;0.5;62;106;0.512605;216;236.8868;17;5
4063;41;17;0.2;0.5;63;104;0.4636364;231;237.1346;17;3
4064;41;17;0.2;0.5;64;103;0.5228216;227;236.6505;17;2
4065;41;17;0.2;0.5;65;101;0.5127119;240;236.703;17;0
4066;41;17;0.2;0.5;66;104;0.5133929;241;236.7212;17;3
4067;41;17;0.2;0.5;67;101;0.490991;238;237.4851;17;0
4068;41;17;0.2;0.5;68;102;0.5062241;255;238.8235;17;1
4069;41;17;0.2;0.5;69;101;0.4917355;230;239.2574;17;0
4070;41;17;0.2;0.5;70;102;0.482906;234;235.3922;17;1
4071;41;17;0.2;0.5;71;104;0.4977578;245;235.3462;17;3
4072;41;17;0.2;0.5;72;101;0.4837209;245;238.3663;17;0
4073;41;17;0.2;0.5;73;102;0.5231481;250;236.3431;17;1
4074;41;17;0.2;0.5;74;101;0.5238095;222;236.9802;17;0
4075;41;17;0.2;0.5;75;101;0.4940239;232;236.1485;17;0
4076;41;17;0.2;0.5;76;104;0.4565217;254;237.6635;17;3
4077;41;17;0.2;0.5;77;101;0.5092593;239;235.5644;17;0
4078;41;17;0.2;0.5;78;103;0.4596774;248;236.9806;17;2
4079;41;17;0.2;0.5;79;103;0.4700855;253;237.1942;17;2
4080;41;17;0.2;0.5;80;102;0.4621849;223;236.1569;17;1
4081;41;17;0.2;0.5;81;105;0.5;240;235.9238;17;4
4082;41;17;0.2;0.5;82;103;0.5046296;248;237.301;17;2
4083;41;17;0.2;0.5;83;101;0.5081301;233;237.4158;17;0
4084;41;17;0.2;0.5;84;103;0.481982;241;238.4272;17;2
4085;41;17;0.2;0.5;85;102;0.4867257;243;236.7059;17;1
4086;41;17;0.2;0.5;86;101;0.5301724;224;235.396;17;0
4087;41;17;0.2;0.5;87;101;0.4713115;220;234.7525;17;0
4088;41;17;0.2;0.5;88;103;0.4505929;233;236.9903;17;2
4089;41;17;0.2;0.5;89;102;0.5023697;258;238.5294;17;1
4090;41;17;0.2;0.5;90;102;0.56;249;236.5196;17;1
4091;41;17;0.2;0.5;91;101;0.504065;224;236;17;0
4092;41;17;0.2;0.5;92;101;0.5215517;245;237.6139;17;0
4093;41;17;0.2;0.5;93;103;0.4761905;233;237.8738;17;2
4094;41;17;0.2;0.5;94;101;0.468254;232;237.8614;17;0
4095;41;17;0.2;0.5;95;101;0.4765957;224;236.099;17;0
4096;41;17;0.2;0.5;96;103;0.5098814;234;237.4078;17;2
4097;41;17;0.2;0.5;97;104;0.5532787;242;237.4038;17;3
4098;41;17;0.2;0.5;98;102;0.5378151;219;236.1961;17;1
4099;41;17;0.2;0.5;99;102;0.4504132;232;236.9314;17;1
4100;41;17;0.2;0.5;100;101;0.5;222;235.0297;17;0
4101;42;19;0.2;0.5;1;105;0.5042735;244;236.3048;19;4
4102;42;19;0.2;0.5;2;101;0.4975124;229;233.6139;19;0
4103;42;19;0.2;0.5;3;101;0.4318182;232;235.9406;19;0
4104;42;19;0.2;0.5;4;105;0.5211864;261;239.181;19;4
4105;42;19;0.2;0.5;5;101;0.4526749;218;237.9505;19;0
4106;42;19;0.2;0.5;6;106;0.5119048;242;237.566;19;5
4107;42;19;0.2;0.5;7;101;0.5387755;250;238.9109;19;0
4108;42;19;0.2;0.5;8;102;0.492;230;237.402;19;1
4109;42;19;0.2;0.5;9;101;0.5650407;223;237.5248;19;0
4110;42;19;0.2;0.5;10;105;0.5307018;215;235.3333;19;4
4111;42;19;0.2;0.5;11;104;0.4955752;254;236.8654;19;3
4112;42;19;0.2;0.5;12;102;0.491453;220;235.4412;19;1
4113;42;19;0.2;0.5;13;104;0.5208333;217;236.5673;19;3
4114;42;19;0.2;0.5;14;102;0.4545455;220;236.4706;19;1
4115;42;19;0.2;0.5;15;101;0.495614;233;236.0099;19;0
4116;42;19;0.2;0.5;16;102;0.5630631;254;235.1275;19;1
4117;42;19;0.2;0.5;17;101;0.5042735;243;235.6832;19;0
4118;42;19;0.2;0.5;18;101;0.4826087;249;238.7822;19;0
4119;42;19;0.2;0.5;19;101;0.5486726;267;236.495;19;0
4120;42;19;0.2;0.5;20;101;0.5084746;241;236.495;19;0
4121;42;19;0.2;0.5;21;101;0.4747899;232;235.3762;19;0
4122;42;19;0.2;0.5;22;101;0.5251142;247;236.2376;19;0
4123;42;19;0.2;0.5;23;101;0.4879032;232;236.2178;19;0
4124;42;19;0.2;0.5;24;102;0.5115207;247;235.8235;19;1
4125;42;19;0.2;0.5;25;101;0.5381166;255;237.0495;19;0
4126;42;19;0.2;0.5;26;101;0.5246637;259;236.3762;19;0
4127;42;19;0.2;0.5;27;101;0.5081301;209;236.5149;19;0
4128;42;19;0.2;0.5;28;102;0.5265306;260;236.5882;19;1
4129;42;19;0.2;0.5;29;104;0.5708333;236;237;19;3
4130;42;19;0.2;0.5;30;104;0.4724771;239;238.1058;19;3
4131;42;19;0.2;0.5;31;101;0.4761905;244;236.3564;19;0
4132;42;19;0.2;0.5;32;101;0.4979757;248;237.6436;19;0
4133;42;19;0.2;0.5;33;101;0.4724771;243;238.4653;19;0
4134;42;19;0.2;0.5;34;106;0.5039683;221;236.1887;19;5
4135;42;19;0.2;0.5;35;101;0.5445545;234;235.6238;19;0
4136;42;19;0.2;0.5;36;103;0.501992;229;236.1359;19;2
4137;42;19;0.2;0.5;37;105;0.4854772;225;237.7524;19;4
4138;42;19;0.2;0.5;38;101;0.477551;241;237.0792;19;0
4139;42;19;0.2;0.5;39;103;0.4791667;246;236.7184;19;2
4140;42;19;0.2;0.5;40;103;0.4980843;229;237.8252;19;2
4141;42;19;0.2;0.5;41;101;0.487395;206;236.5743;19;0
4142;42;19;0.2;0.5;42;105;0.4860558;222;237.0286;19;4
4143;42;19;0.2;0.5;43;103;0.4590909;240;236.0485;19;2
4144;42;19;0.2;0.5;44;104;0.5099602;223;238.6346;19;3
4145;42;19;0.2;0.5;45;101;0.5091743;237;235.3366;19;0
4146;42;19;0.2;0.5;46;101;0.4902724;253;236.9901;19;0
4147;42;19;0.2;0.5;47;102;0.555102;227;236.0882;19;1
4148;42;19;0.2;0.5;48;105;0.5668016;234;236.6476;19;4
4149;42;19;0.2;0.5;49;101;0.4734694;228;236.604;19;0
4150;42;19;0.2;0.5;50;101;0.5116279;241;238.0693;19;0
4151;42;19;0.2;0.5;51;101;0.5066667;238;236.198;19;0
4152;42;19;0.2;0.5;52;102;0.5061728;225;236.7353;19;1
4153;42;19;0.2;0.5;53;101;0.4756098;237;235.7525;19;0
4154;42;19;0.2;0.5;54;106;0.4454976;248;236.4528;19;5
4155;42;19;0.2;0.5;55;102;0.5021834;245;236.8333;19;1
4156;42;19;0.2;0.5;56;104;0.525641;261;238.7692;19;3
4157;42;19;0.2;0.5;57;102;0.5041322;229;236.7059;19;1
4158;42;19;0.2;0.5;58;103;0.44;255;237.4369;19;2
4159;42;19;0.2;0.5;59;103;0.477551;237;238.1165;19;2
4160;42;19;0.2;0.5;60;101;0.515873;230;237.5149;19;0
4161;42;19;0.2;0.5;61;102;0.507109;252;235.9608;19;1
4162;42;19;0.2;0.5;62;102;0.4955357;254;236.6471;19;1
4163;42;19;0.2;0.5;63;101;0.5542636;238;238.4158;19;0
4164;42;19;0.2;0.5;64;102;0.4837398;235;237.0588;19;1
4165;42;19;0.2;0.5;65;101;0.5103734;255;237.4059;19;0
4166;42;19;0.2;0.5;66;105;0.55;246;235.7524;19;4
4167;42;19;0.2;0.5;67;102;0.477551;243;237.1863;19;1
4168;42;19;0.2;0.5;68;102;0.4482759;229;236.2157;19;1
4169;42;19;0.2;0.5;69;101;0.4765957;244;235.2277;19;0
4170;42;19;0.2;0.5;70;101;0.4525862;224;236.7822;19;0
4171;42;19;0.2;0.5;71;101;0.4663677;228;234.9802;19;0
4172;42;19;0.2;0.5;72;101;0.454955;233;239.0396;19;0
4173;42;19;0.2;0.5;73;103;0.4204082;231;236.5146;19;2
4174;42;19;0.2;0.5;74;103;0.4917355;266;237.7379;19;2
4175;42;19;0.2;0.5;75;101;0.516129;221;235.5545;19;0
4176;42;19;0.2;0.5;76;104;0.4537037;257;235.5577;19;3
4177;42;19;0.2;0.5;77;105;0.5107296;251;236.0952;19;4
4178;42;19;0.2;0.5;78;101;0.5079365;211;235.4059;19;0
4179;42;19;0.2;0.5;79;105;0.468254;233;238.6286;19;4
4180;42;19;0.2;0.5;80;103;0.4855967;231;235.8738;19;2
4181;42;19;0.2;0.5;81;101;0.4625551;239;235.2376;19;0
4182;42;19;0.2;0.5;82;102;0.4626168;246;236.7157;19;1
4183;42;19;0.2;0.5;83;105;0.4573991;245;238.9333;19;4
4184;42;19;0.2;0.5;84;104;0.5186722;262;236.5865;19;3
4185;42;19;0.2;0.5;85;105;0.4713656;257;238.9905;19;4
4186;42;19;0.2;0.5;86;102;0.5421245;216;234.5294;19;1
4187;42;19;0.2;0.5;87;103;0.460177;229;238.5243;19;2
4188;42;19;0.2;0.5;88;101;0.518018;227;235.5347;19;0
4189;42;19;0.2;0.5;89;101;0.4261603;248;237.9802;19;0
4190;42;19;0.2;0.5;90;103;0.5485232;235;237.9612;19;2
4191;42;19;0.2;0.5;91;102;0.5657895;246;235.7353;19;1
4192;42;19;0.2;0.5;92;103;0.5265152;243;234.4757;19;2
4193;42;19;0.2;0.5;93;101;0.5151515;272;234.8614;19;0
4194;42;19;0.2;0.5;94;101;0.5;235;237.0396;19;0
4195;42;19;0.2;0.5;95;102;0.5900901;230;235.098;19;1
4196;42;19;0.2;0.5;96;102;0.5038168;237;236.5392;19;1
4197;42;19;0.2;0.5;97;102;0.4473684;235;235.2941;19;1
4198;42;19;0.2;0.5;98;101;0.5169811;231;237.5347;19;0
4199;42;19;0.2;0.5;99;101;0.5102041;238;237.0693;19;0
4200;42;19;0.2;0.5;100;101;0.526749;233;235.8911;19;0
4201;43;21;0.2;0.5;1;101;0.518018;233;237.901;21;0
4202;43;21;0.2;0.5;2;102;0.512605;228;235.8039;21;1
4203;43;21;0.2;0.5;3;101;0.4872881;237;237.2772;21;0
4204;43;21;0.2;0.5;4;101;0.4621849;267;236.7426;21;0
4205;43;21;0.2;0.5;5;104;0.4565217;222;236.3173;21;3
4206;43;21;0.2;0.5;6;101;0.5362903;234;236.7723;21;0
4207;43;21;0.2;0.5;7;102;0.5511111;232;237.2353;21;1
4208;43;21;0.2;0.5;8;101;0.5221239;243;235.8812;21;0
4209;43;21;0.2;0.5;9;101;0.5;248;236.6238;21;0
4210;43;21;0.2;0.5;10;102;0.5102881;232;237.1961;21;1
4211;43;21;0.2;0.5;11;101;0.5483871;249;237.8713;21;0
4212;43;21;0.2;0.5;12;101;0.5100402;227;236.4257;21;0
4213;43;21;0.2;0.5;13;101;0.5081967;243;238.6238;21;0
4214;43;21;0.2;0.5;14;101;0.4817518;235;238.0495;21;0
4215;43;21;0.2;0.5;15;103;0.5146444;241;237.0291;21;2
4216;43;21;0.2;0.5;16;101;0.5185185;240;236.6337;21;0
4217;43;21;0.2;0.5;17;101;0.4897119;226;235.0099;21;0
4218;43;21;0.2;0.5;18;101;0.4876033;231;236.1782;21;0
4219;43;21;0.2;0.5;19;106;0.5238095;263;237.8585;21;5
4220;43;21;0.2;0.5;20;102;0.4714829;220;236.1275;21;1
4221;43;21;0.2;0.5;21;102;0.5321101;249;234.9216;21;1
4222;43;21;0.2;0.5;22;105;0.4877049;234;236.9048;21;4
4223;43;21;0.2;0.5;23;102;0.4767932;237;236.0196;21;1
4224;43;21;0.2;0.5;24;108;0.4976744;244;236.6481;21;7
4225;43;21;0.2;0.5;25;104;0.498008;230;238.6731;21;3
4226;43;21;0.2;0.5;26;101;0.5333333;245;236.6832;21;0
4227;43;21;0.2;0.5;27;101;0.5114504;207;237.8218;21;0
4228;43;21;0.2;0.5;28;101;0.4593301;214;237.3465;21;0
4229;43;21;0.2;0.5;29;102;0.5541126;238;238.6863;21;1
4230;43;21;0.2;0.5;30;101;0.5082645;243;236.9505;21;0
4231;43;21;0.2;0.5;31;105;0.4910714;252;236.5429;21;4
4232;43;21;0.2;0.5;32;102;0.488;223;236.6863;21;1
4233;43;21;0.2;0.5;33;102;0.4883721;231;235.4216;21;1
4234;43;21;0.2;0.5;34;101;0.4823009;228;237.3168;21;0
4235;43;21;0.2;0.5;35;104;0.5529954;235;234.7115;21;3
4236;43;21;0.2;0.5;36;102;0.4489796;237;239.049;21;1
4237;43;21;0.2;0.5;37;101;0.4891775;242;236.6337;21;0
4238;43;21;0.2;0.5;38;101;0.4954128;241;235.2079;21;0
4239;43;21;0.2;0.5;39;102;0.4608696;208;237.4608;21;1
4240;43;21;0.2;0.5;40;101;0.5021097;256;237.0693;21;0
4241;43;21;0.2;0.5;41;101;0.4863636;215;236.9604;21;0
4242;43;21;0.2;0.5;42;101;0.4655172;209;237.2673;21;0
4243;43;21;0.2;0.5;43;102;0.5302326;243;238.549;21;1
4244;43;21;0.2;0.5;44;102;0.5429688;227;234.8039;21;1
4245;43;21;0.2;0.5;45;104;0.4794521;234;235.3173;21;3
4246;43;21;0.2;0.5;46;101;0.4936709;227;237.5446;21;0
4247;43;21;0.2;0.5;47;101;0.504386;245;236.8911;21;0
4248;43;21;0.2;0.5;48;101;0.4666667;234;237.9208;21;0
4249;43;21;0.2;0.5;49;104;0.4915254;255;237.0288;21;3
4250;43;21;0.2;0.5;50;103;0.5354331;241;236.1165;21;2
4251;43;21;0.2;0.5;51;104;0.4716157;251;238;21;3
4252;43;21;0.2;0.5;52;101;0.56;248;237.8614;21;0
4253;43;21;0.2;0.5;53;101;0.5079365;230;237.2574;21;0
4254;43;21;0.2;0.5;54;102;0.4417671;213;235.7941;21;1
4255;43;21;0.2;0.5;55;101;0.4908425;208;235.5545;21;0
4256;43;21;0.2;0.5;56;101;0.4698276;237;237.1881;21;0
4257;43;21;0.2;0.5;57;101;0.5087719;238;235.495;21;0
4258;43;21;0.2;0.5;58;102;0.5042373;208;236.4412;21;1
4259;43;21;0.2;0.5;59;102;0.4940711;235;237.4216;21;1
4260;43;21;0.2;0.5;60;102;0.4824561;255;237.2941;21;1
4261;43;21;0.2;0.5;61;103;0.4660633;230;235.7573;21;2
4262;43;21;0.2;0.5;62;101;0.5702479;203;236;21;0
4263;43;21;0.2;0.5;63;103;0.5040984;230;237.0388;21;2
4264;43;21;0.2;0.5;64;102;0.4939759;228;235.2745;21;1
4265;43;21;0.2;0.5;65;102;0.4980545;226;236.6961;21;1
4266;43;21;0.2;0.5;66;102;0.5021834;233;235.1569;21;1
4267;43;21;0.2;0.5;67;103;0.5193133;270;237.4854;21;2
4268;43;21;0.2;0.5;68;101;0.476;225;236.1386;21;0
4269;43;21;0.2;0.5;69;103;0.5411255;220;236.4951;21;2
4270;43;21;0.2;0.5;70;101;0.4831933;219;235.1386;21;0
4271;43;21;0.2;0.5;71;103;0.4444444;203;236.7184;21;2
4272;43;21;0.2;0.5;72;101;0.5142857;220;237.4752;21;0
4273;43;21;0.2;0.5;73;101;0.4958678;238;238.9208;21;0
4274;43;21;0.2;0.5;74;104;0.5;253;237.9808;21;3
4275;43;21;0.2;0.5;75;103;0.4959677;220;236.6311;21;2
4276;43;21;0.2;0.5;76;102;0.4485597;245;236.3235;21;1
4277;43;21;0.2;0.5;77;101;0.4663866;231;235.7723;21;0
4278;43;21;0.2;0.5;78;101;0.4741379;227;236.2277;21;0
4279;43;21;0.2;0.5;79;103;0.5654008;231;237.8738;21;2
4280;43;21;0.2;0.5;80;105;0.44;231;237.5333;21;4
4281;43;21;0.2;0.5;81;106;0.4854772;238;236.1981;21;5
4282;43;21;0.2;0.5;82;102;0.4888889;238;238.0882;21;1
4283;43;21;0.2;0.5;83;101;0.474359;233;236.5347;21;0
4284;43;21;0.2;0.5;84;101;0.4728033;238;236.4851;21;0
4285;43;21;0.2;0.5;85;105;0.4814815;267;237.219;21;4
4286;43;21;0.2;0.5;86;101;0.5121951;246;237.1881;21;0
4287;43;21;0.2;0.5;87;101;0.5391304;236;237.901;21;0
4288;43;21;0.2;0.5;88;101;0.5508475;251;236.8911;21;0
4289;43;21;0.2;0.5;89;102;0.4918699;239;237.2157;21;1
4290;43;21;0.2;0.5;90;101;0.4553191;233;237.3465;21;0
4291;43;21;0.2;0.5;91;101;0.5352697;238;234.0396;21;0
4292;43;21;0.2;0.5;92;101;0.465587;240;237.0693;21;0
4293;43;21;0.2;0.5;93;102;0.5091743;250;237.2745;21;1
4294;43;21;0.2;0.5;94;101;0.4977169;234;236.2574;21;0
4295;43;21;0.2;0.5;95;101;0.5469388;241;236.297;21;0
4296;43;21;0.2;0.5;96;102;0.4758065;229;235.2745;21;1
4297;43;21;0.2;0.5;97;103;0.5150215;232;236.5922;21;2
4298;43;21;0.2;0.5;98;101;0.4951923;229;234.604;21;0
4299;43;21;0.2;0.5;99;102;0.4533898;257;237.9902;21;1
4300;43;21;0.2;0.5;100;102;0.5122951;223;237.1961;21;1
4301;44;23;0.2;0.5;1;102;0.4741036;230;237.4412;23;1
4302;44;23;0.2;0.5;2;101;0.5536481;236;238.4653;23;0
4303;44;23;0.2;0.5;3;101;0.5163934;257;237.1089;23;0
4304;44;23;0.2;0.5;4;101;0.4956897;252;236.1683;23;0
4305;44;23;0.2;0.5;5;102;0.490991;231;235.6863;23;1
4306;44;23;0.2;0.5;6;101;0.5132743;238;236.495;23;0
4307;44;23;0.2;0.5;7;104;0.446281;240;234.0577;23;3
4308;44;23;0.2;0.5;8;102;0.5043103;251;236.9902;23;1
4309;44;23;0.2;0.5;9;101;0.529661;218;236.2079;23;0
4310;44;23;0.2;0.5;10;109;0.4816514;233;236.6881;23;8
4311;44;23;0.2;0.5;11;102;0.4273504;231;235.9902;23;1
4312;44;23;0.2;0.5;12;104;0.5229008;224;236.9231;23;3
4313;44;23;0.2;0.5;13;101;0.5454545;227;236.7624;23;0
4314;44;23;0.2;0.5;14;102;0.5173913;227;235.902;23;1
4315;44;23;0.2;0.5;15;103;0.5475113;244;237.7961;23;2
4316;44;23;0.2;0.5;16;102;0.530303;231;238.3529;23;1
4317;44;23;0.2;0.5;17;101;0.4364407;257;238.2871;23;0
4318;44;23;0.2;0.5;18;103;0.4836066;228;236.8932;23;2
4319;44;23;0.2;0.5;19;101;0.5274262;255;236.3069;23;0
4320;44;23;0.2;0.5;20;101;0.5114504;241;238.1089;23;0
4321;44;23;0.2;0.5;21;102;0.4938776;215;236.2255;23;1
4322;44;23;0.2;0.5;22;101;0.5327869;233;236.8416;23;0
4323;44;23;0.2;0.5;23;101;0.4767932;245;238.0099;23;0
4324;44;23;0.2;0.5;24;101;0.5288889;226;236.5149;23;0
4325;44;23;0.2;0.5;25;102;0.4618474;232;237.3529;23;1
4326;44;23;0.2;0.5;26;101;0.5894309;206;237.5347;23;0
4327;44;23;0.2;0.5;27;103;0.4724771;252;237.068;23;2
4328;44;23;0.2;0.5;28;102;0.53125;253;237.3431;23;1
4329;44;23;0.2;0.5;29;103;0.4615385;221;235.068;23;2
4330;44;23;0.2;0.5;30;101;0.4666667;248;238.0792;23;0
4331;44;23;0.2;0.5;31;103;0.53125;243;235.7864;23;2
4332;44;23;0.2;0.5;32;107;0.4816327;248;234.9346;23;6
4333;44;23;0.2;0.5;33;103;0.4922481;219;237.1845;23;2
4334;44;23;0.2;0.5;34;103;0.5128205;247;236.8447;23;2
4335;44;23;0.2;0.5;35;103;0.512;223;237;23;2
4336;44;23;0.2;0.5;36;102;0.5172414;214;236.049;23;1
4337;44;23;0.2;0.5;37;101;0.5042017;246;237.2376;23;0
4338;44;23;0.2;0.5;38;106;0.5021645;242;236.6132;23;5
4339;44;23;0.2;0.5;39;103;0.5545852;244;235.0388;23;2
4340;44;23;0.2;0.5;40;101;0.5294118;244;238.1188;23;0
4341;44;23;0.2;0.5;41;101;0.4767932;259;239.2475;23;0
4342;44;23;0.2;0.5;42;101;0.4506438;252;236.4455;23;0
4343;44;23;0.2;0.5;43;101;0.501992;235;236.9703;23;0
4344;44;23;0.2;0.5;44;103;0.4978723;242;238.7573;23;2
4345;44;23;0.2;0.5;45;101;0.5465116;255;236.1782;23;0
4346;44;23;0.2;0.5;46;101;0.5057915;210;235.9703;23;0
4347;44;23;0.2;0.5;47;101;0.5450644;214;237.0693;23;0
4348;44;23;0.2;0.5;48;101;0.5394737;235;238.6634;23;0
4349;44;23;0.2;0.5;49;102;0.476;223;236.7353;23;1
4350;44;23;0.2;0.5;50;101;0.4677419;224;237.1584;23;0
4351;44;23;0.2;0.5;51;101;0.4878049;262;235.8713;23;0
4352;44;23;0.2;0.5;52;101;0.4676806;233;237.2772;23;0
4353;44;23;0.2;0.5;53;101;0.5192308;229;238.5644;23;0
4354;44;23;0.2;0.5;54;102;0.4933333;234;236.8137;23;1
4355;44;23;0.2;0.5;55;103;0.4648438;222;236.5243;23;2
4356;44;23;0.2;0.5;56;102;0.540856;222;238.6373;23;1
4357;44;23;0.2;0.5;57;101;0.4747899;246;238.4653;23;0
4358;44;23;0.2;0.5;58;103;0.4915966;243;238.7379;23;2
4359;44;23;0.2;0.5;59;102;0.4518828;239;235.0196;23;1
4360;44;23;0.2;0.5;60;105;0.4954128;250;237.381;23;4
4361;44;23;0.2;0.5;61;101;0.4411765;249;236.396;23;0
4362;44;23;0.2;0.5;62;101;0.4725738;225;237.0792;23;0
4363;44;23;0.2;0.5;63;102;0.4867257;228;235.4118;23;1
4364;44;23;0.2;0.5;64;102;0.453271;235;234.7549;23;1
4365;44;23;0.2;0.5;65;102;0.5147679;249;239.6078;23;1
4366;44;23;0.2;0.5;66;101;0.482906;237;236.7921;23;0
4367;44;23;0.2;0.5;67;101;0.4806867;239;234.3564;23;0
4368;44;23;0.2;0.5;68;102;0.4955357;233;236.2745;23;1
4369;44;23;0.2;0.5;69;102;0.45;221;235.4608;23;1
4370;44;23;0.2;0.5;70;101;0.5355649;247;236.495;23;0
4371;44;23;0.2;0.5;71;101;0.5062241;230;236.5941;23;0
4372;44;23;0.2;0.5;72;101;0.5163934;227;236.2574;23;0
4373;44;23;0.2;0.5;73;103;0.489083;269;236.068;23;2
4374;44;23;0.2;0.5;74;101;0.4537445;224;236.9505;23;0
4375;44;23;0.2;0.5;75;101;0.5504202;243;236;23;0
4376;44;23;0.2;0.5;76;101;0.5238095;242;236.198;23;0
4377;44;23;0.2;0.5;77;102;0.4749035;224;237.5686;23;1
4378;44;23;0.2;0.5;78;101;0.5220884;227;237.297;23;0
4379;44;23;0.2;0.5;79;103;0.483871;253;238.4369;23;2
4380;44;23;0.2;0.5;80;106;0.508547;245;236.1509;23;5
4381;44;23;0.2;0.5;81;101;0.5084746;238;238.4059;23;0
4382;44;23;0.2;0.5;82;103;0.4786325;239;237.4854;23;2
4383;44;23;0.2;0.5;83;108;0.5174129;277;236.963;23;7
4384;44;23;0.2;0.5;84;102;0.5078125;224;238.5882;23;1
4385;44;23;0.2;0.5;85;101;0.5106383;249;236.4554;23;0
4386;44;23;0.2;0.5;86;101;0.5319149;246;237.9901;23;0
4387;44;23;0.2;0.5;87;104;0.4767932;219;235.9615;23;3
4388;44;23;0.2;0.5;88;102;0.4612403;240;237.7843;23;1
4389;44;23;0.2;0.5;89;101;0.5251142;231;236.9307;23;0
4390;44;23;0.2;0.5;90;104;0.4847162;231;234.8462;23;3
4391;44;23;0.2;0.5;91;102;0.5175439;235;238.6275;23;1
4392;44;23;0.2;0.5;92;103;0.5574468;247;235.8058;23;2
4393;44;23;0.2;0.5;93;101;0.4784483;263;236.7327;23;0
4394;44;23;0.2;0.5;94;101;0.4887892;237;237.4653;23;0
4395;44;23;0.2;0.5;95;108;0.4553191;218;236.8889;23;7
4396;44;23;0.2;0.5;96;105;0.4464945;221;235.9905;23;4
4397;44;23;0.2;0.5;97;104;0.4615385;228;236.2115;23;3
4398;44;23;0.2;0.5;98;104;0.536036;236;237.9904;23;3
4399;44;23;0.2;0.5;99;101;0.5122951;247;236.5446;23;0
4400;44;23;0.2;0.5;100;102;0.4847162;270;237.2843;23;1
4401;45;25;0.2;0.5;1;104;0.4776786;235;237.5962;25;3
4402;45;25;0.2;0.5;2;101;0.4708333;227;236.8713;25;0
4403;45;25;0.2;0.5;3;101;0.5232558;211;237.3861;25;0
4404;45;25;0.2;0.5;4;101;0.4934498;229;236.7129;25;0
4405;45;25;0.2;0.5;5;102;0.4879032;238;237.9216;25;1
4406;45;25;0.2;0.5;6;101;0.5110132;241;235.2772;25;0
4407;45;25;0.2;0.5;7;101;0.5189873;243;235.9703;25;0
4408;45;25;0.2;0.5;8;101;0.492891;252;237.3663;25;0
4409;45;25;0.2;0.5;9;103;0.5416667;261;235.534;25;2
4410;45;25;0.2;0.5;10;102;0.4444444;245;234.0686;25;1
4411;45;25;0.2;0.5;11;101;0.5170732;235;236.5644;25;0
4412;45;25;0.2;0.5;12;106;0.4660633;230;237.3396;25;5
4413;45;25;0.2;0.5;13;101;0.4822134;221;236.8119;25;0
4414;45;25;0.2;0.5;14;102;0.4763948;244;235.1569;25;1
4415;45;25;0.2;0.5;15;102;0.4780702;250;238.5686;25;1
4416;45;25;0.2;0.5;16;101;0.4978541;220;237.1683;25;0
4417;45;25;0.2;0.5;17;101;0.5336134;249;237.4158;25;0
4418;45;25;0.2;0.5;18;101;0.5165289;224;236.8911;25;0
4419;45;25;0.2;0.5;19;102;0.4908257;231;237.0686;25;1
4420;45;25;0.2;0.5;20;102;0.5215517;260;236.4314;25;1
4421;45;25;0.2;0.5;21;104;0.5120773;238;238.4808;25;3
4422;45;25;0.2;0.5;22;101;0.5720524;245;236.5446;25;0
4423;45;25;0.2;0.5;23;103;0.4545455;205;237.4272;25;2
4424;45;25;0.2;0.5;24;101;0.4596774;234;237.8713;25;0
4425;45;25;0.2;0.5;25;101;0.5127119;240;237.1287;25;0
4426;45;25;0.2;0.5;26;101;0.5111111;244;236.0099;25;0
4427;45;25;0.2;0.5;27;101;0.5;253;236.6139;25;0
4428;45;25;0.2;0.5;28;101;0.5333333;249;238.1188;25;0
4429;45;25;0.2;0.5;29;107;0.470339;235;234.1215;25;6
4430;45;25;0.2;0.5;30;101;0.4778761;244;234.4356;25;0
4431;45;25;0.2;0.5;31;105;0.5168067;247;236.8857;25;4
4432;45;25;0.2;0.5;32;101;0.4693878;244;235;25;0
4433;45;25;0.2;0.5;33;101;0.5087719;244;239.2871;25;0
4434;45;25;0.2;0.5;34;103;0.5040323;249;236.6699;25;2
4435;45;25;0.2;0.5;35;101;0.4960938;236;235.5446;25;0
4436;45;25;0.2;0.5;36;102;0.5198413;233;236.9118;25;1
4437;45;25;0.2;0.5;37;101;0.5512821;231;236.3861;25;0
4438;45;25;0.2;0.5;38;101;0.5067873;242;237.6832;25;0
4439;45;25;0.2;0.5;39;101;0.5021277;243;235.3663;25;0
4440;45;25;0.2;0.5;40;101;0.4938776;240;235.3663;25;0
4441;45;25;0.2;0.5;41;101;0.4099099;223;236.4653;25;0
4442;45;25;0.2;0.5;42;106;0.4958678;247;236.0189;25;5
4443;45;25;0.2;0.5;43;103;0.4810127;227;234.9029;25;2
4444;45;25;0.2;0.5;44;101;0.5670996;232;236.8416;25;0
4445;45;25;0.2;0.5;45;101;0.4809524;230;235.8713;25;0
4446;45;25;0.2;0.5;46;101;0.5131086;220;237.7624;25;0
4447;45;25;0.2;0.5;47;101;0.5020408;225;237.4455;25;0
4448;45;25;0.2;0.5;48;101;0.4567901;237;236.7921;25;0
4449;45;25;0.2;0.5;49;106;0.5061728;219;239.2642;25;5
4450;45;25;0.2;0.5;50;102;0.4895397;229;237.7157;25;1
4451;45;25;0.2;0.5;51;103;0.5425101;241;235.9903;25;2
4452;45;25;0.2;0.5;52;101;0.5186722;213;238.4158;25;0
4453;45;25;0.2;0.5;53;103;0.4903475;232;235.5049;25;2
4454;45;25;0.2;0.5;54;101;0.504;241;236.5545;25;0
4455;45;25;0.2;0.5;55;104;0.5131579;227;236.7596;25;3
4456;45;25;0.2;0.5;56;101;0.5241935;264;237.5941;25;0
4457;45;25;0.2;0.5;57;102;0.496;225;236.2549;25;1
4458;45;25;0.2;0.5;58;101;0.4883721;241;238.3267;25;0
4459;45;25;0.2;0.5;59;101;0.5656109;222;235.1683;25;0
4460;45;25;0.2;0.5;60;101;0.4851064;217;236.4059;25;0
4461;45;25;0.2;0.5;61;104;0.4979253;246;235.4904;25;3
4462;45;25;0.2;0.5;62;102;0.4903475;216;238.2157;25;1
4463;45;25;0.2;0.5;63;101;0.5333333;241;238.2475;25;0
4464;45;25;0.2;0.5;64;102;0.512605;243;238.4412;25;1
4465;45;25;0.2;0.5;65;101;0.5020576;227;235.6535;25;0
4466;45;25;0.2;0.5;66;102;0.482906;236;238.4314;25;1
4467;45;25;0.2;0.5;67;101;0.4978723;198;237.9109;25;0
4468;45;25;0.2;0.5;68;101;0.4894515;240;234.8119;25;0
4469;45;25;0.2;0.5;69;102;0.4700461;229;234.9118;25;1
4470;45;25;0.2;0.5;70;102;0.4693878;241;238.8922;25;1
4471;45;25;0.2;0.5;71;101;0.512605;251;236.6436;25;0
4472;45;25;0.2;0.5;72;101;0.506383;214;236.2376;25;0
4473;45;25;0.2;0.5;73;102;0.5367965;231;235.9314;25;1
4474;45;25;0.2;0.5;74;101;0.5564854;246;235.8812;25;0
4475;45;25;0.2;0.5;75;107;0.4830508;263;237.6355;25;6
4476;45;25;0.2;0.5;76;102;0.4852321;209;237.9804;25;1
4477;45;25;0.2;0.5;77;104;0.4606742;215;238.4519;25;3
4478;45;25;0.2;0.5;78;101;0.5409836;238;235.9109;25;0
4479;45;25;0.2;0.5;79;101;0.4633205;204;236;25;0
4480;45;25;0.2;0.5;80;102;0.5308642;235;237.598;25;1
4481;45;25;0.2;0.5;81;104;0.5136364;257;234.8846;25;3
4482;45;25;0.2;0.5;82;101;0.5121951;228;235.8317;25;0
4483;45;25;0.2;0.5;83;102;0.4363636;246;237.1961;25;1
4484;45;25;0.2;0.5;84;102;0.5115207;250;237.2647;25;1
4485;45;25;0.2;0.5;85;102;0.4886878;220;237.1765;25;1
4486;45;25;0.2;0.5;86;101;0.4581498;260;236.7624;25;0
4487;45;25;0.2;0.5;87;103;0.4170616;238;235.8252;25;2
4488;45;25;0.2;0.5;88;103;0.5629921;222;236.9223;25;2
4489;45;25;0.2;0.5;89;101;0.536965;229;237.0099;25;0
4490;45;25;0.2;0.5;90;103;0.4661017;259;237.0388;25;2
4491;45;25;0.2;0.5;91;101;0.4893617;220;235.495;25;0
4492;45;25;0.2;0.5;92;101;0.495614;250;238.0396;25;0
4493;45;25;0.2;0.5;93;102;0.5428571;235;236.6078;25;1
4494;45;25;0.2;0.5;94;101;0.5353982;244;236.7228;25;0
4495;45;25;0.2;0.5;95;105;0.4791667;256;235.9048;25;4
4496;45;25;0.2;0.5;96;101;0.5038168;241;238.1683;25;0
4497;45;25;0.2;0.5;97;101;0.5243446;239;236.1485;25;0
4498;45;25;0.2;0.5;98;102;0.5793991;254;237.6863;25;1
4499;45;25;0.2;0.5;99;101;0.4598214;246;235.9703;25;0
4500;45;25;0.2;0.5;100;101;0.4834711;248;240.703;25;0
4501;46;27;0.2;0.5;1;103;0.536036;218;236.4466;27;2
4502;46;27;0.2;0.5;2;101;0.5252101;244;237.5149;27;0
4503;46;27;0.2;0.5;3;104;0.5691057;251;237.8173;27;3
4504;46;27;0.2;0.5;4;101;0.5152838;242;234.9505;27;0
4505;46;27;0.2;0.5;5;101;0.5406504;235;237.7624;27;0
4506;46;27;0.2;0.5;6;101;0.5062762;239;236.8119;27;0
4507;46;27;0.2;0.5;7;101;0.5192308;265;236.3564;27;0
4508;46;27;0.2;0.5;8;101;0.4770642;234;238.0297;27;0
4509;46;27;0.2;0.5;9;107;0.4747082;204;236.3645;27;6
4510;46;27;0.2;0.5;10;101;0.5446429;260;238.1881;27;0
4511;46;27;0.2;0.5;11;101;0.5579399;242;235.9208;27;0
4512;46;27;0.2;0.5;12;101;0.5120968;234;239.6535;27;0
4513;46;27;0.2;0.5;13;103;0.5041667;247;236.3883;27;2
4514;46;27;0.2;0.5;14;105;0.4830508;215;236.5048;27;4
4515;46;27;0.2;0.5;15;101;0.510917;256;234.8416;27;0
4516;46;27;0.2;0.5;16;102;0.5039062;238;236.8431;27;1
4517;46;27;0.2;0.5;17;101;0.4487179;239;236.7327;27;0
4518;46;27;0.2;0.5;18;103;0.5247934;223;237.9903;27;2
4519;46;27;0.2;0.5;19;103;0.5514403;231;237.301;27;2
4520;46;27;0.2;0.5;20;101;0.5294118;254;237.7921;27;0
4521;46;27;0.2;0.5;21;101;0.5327869;230;236.9406;27;0
4522;46;27;0.2;0.5;22;102;0.5251142;232;236.7059;27;1
4523;46;27;0.2;0.5;23;102;0.4772727;248;235.8922;27;1
4524;46;27;0.2;0.5;24;104;0.5767635;248;237.7596;27;3
4525;46;27;0.2;0.5;25;101;0.5;239;237.3069;27;0
4526;46;27;0.2;0.5;26;101;0.4807692;239;234.7426;27;0
4527;46;27;0.2;0.5;27;101;0.493617;239;237.1089;27;0
4528;46;27;0.2;0.5;28;102;0.4497817;234;237.5294;27;1
4529;46;27;0.2;0.5;29;101;0.5420168;258;235.4059;27;0
4530;46;27;0.2;0.5;30;101;0.495935;228;235.7426;27;0
4531;46;27;0.2;0.5;31;103;0.4887892;243;234.9223;27;2
4532;46;27;0.2;0.5;32;101;0.5406504;218;236.5149;27;0
4533;46;27;0.2;0.5;33;105;0.5677966;239;236.4571;27;4
4534;46;27;0.2;0.5;34;101;0.4663866;262;235.0693;27;0
4535;46;27;0.2;0.5;35;101;0.4461538;231;235.8812;27;0
4536;46;27;0.2;0.5;36;101;0.4814815;258;236.5941;27;0
4537;46;27;0.2;0.5;37;101;0.4571429;240;237.1287;27;0
4538;46;27;0.2;0.5;38;102;0.5020243;220;235.6961;27;1
4539;46;27;0.2;0.5;39;102;0.4833333;243;238.5196;27;1
4540;46;27;0.2;0.5;40;102;0.4448669;214;235.8333;27;1
4541;46;27;0.2;0.5;41;101;0.5462555;237;237.3465;27;0
4542;46;27;0.2;0.5;42;103;0.4886878;242;235.9515;27;2
4543;46;27;0.2;0.5;43;101;0.5082645;236;238.8812;27;0
4544;46;27;0.2;0.5;44;104;0.5357143;244;236.5962;27;3
4545;46;27;0.2;0.5;45;101;0.5742972;232;235.6139;27;0
4546;46;27;0.2;0.5;46;101;0.5042735;248;236.6733;27;0
4547;46;27;0.2;0.5;47;104;0.4854772;203;237.125;27;3
4548;46;27;0.2;0.5;48;101;0.5022026;233;236.2574;27;0
4549;46;27;0.2;0.5;49;101;0.5175439;231;238.2772;27;0
4550;46;27;0.2;0.5;50;103;0.4980695;236;237.8641;27;2
4551;46;27;0.2;0.5;51;101;0.5087719;238;236.9604;27;0
4552;46;27;0.2;0.5;52;102;0.3981481;234;235.5588;27;1
4553;46;27;0.2;0.5;53;101;0.5502008;237;236.3564;27;0
4554;46;27;0.2;0.5;54;101;0.5494071;215;234.802;27;0
4555;46;27;0.2;0.5;55;105;0.4916667;227;236.7714;27;4
4556;46;27;0.2;0.5;56;101;0.5414847;229;236.1881;27;0
4557;46;27;0.2;0.5;57;101;0.4916667;240;234.5248;27;0
4558;46;27;0.2;0.5;58;103;0.5198238;245;235.2816;27;2
4559;46;27;0.2;0.5;59;104;0.5227273;245;236.3173;27;3
4560;46;27;0.2;0.5;60;102;0.5;242;236.5294;27;1
4561;46;27;0.2;0.5;61;101;0.483871;249;237.2475;27;0
4562;46;27;0.2;0.5;62;102;0.5770925;235;238.0686;27;1
4563;46;27;0.2;0.5;63;104;0.5495868;257;236.6058;27;3
4564;46;27;0.2;0.5;64;102;0.5;246;234.9216;27;1
4565;46;27;0.2;0.5;65;102;0.5276596;223;238.7745;27;1
4566;46;27;0.2;0.5;66;104;0.4738806;227;234.8365;27;3
4567;46;27;0.2;0.5;67;101;0.495614;262;239.1089;27;0
4568;46;27;0.2;0.5;68;101;0.5291262;252;237.8515;27;0
4569;46;27;0.2;0.5;69;101;0.4618474;230;237.3663;27;0
4570;46;27;0.2;0.5;70;101;0.4375;254;235.5545;27;0
4571;46;27;0.2;0.5;71;101;0.4747899;263;237.3465;27;0
4572;46;27;0.2;0.5;72;104;0.4686192;237;237.2115;27;3
4573;46;27;0.2;0.5;73;101;0.5103734;246;235.7129;27;0
4574;46;27;0.2;0.5;74;101;0.4959016;246;235.8317;27;0
4575;46;27;0.2;0.5;75;102;0.496;225;236.1373;27;1
4576;46;27;0.2;0.5;76;102;0.5387931;248;237.5588;27;1
4577;46;27;0.2;0.5;77;101;0.4867257;257;238.802;27;0
4578;46;27;0.2;0.5;78;101;0.5144033;215;236.3861;27;0
4579;46;27;0.2;0.5;79;105;0.4925373;216;237.2762;27;4
4580;46;27;0.2;0.5;80;104;0.5255814;246;237.0673;27;3
4581;46;27;0.2;0.5;81;103;0.5084746;223;235.9903;27;2
4582;46;27;0.2;0.5;82;101;0.5466102;240;236.703;27;0
4583;46;27;0.2;0.5;83;107;0.5485232;246;237.3832;27;6
4584;46;27;0.2;0.5;84;101;0.4978903;233;236.1683;27;0
4585;46;27;0.2;0.5;85;106;0.5172414;246;236.5755;27;5
4586;46;27;0.2;0.5;86;101;0.5232558;242;236.1782;27;0
4587;46;27;0.2;0.5;87;105;0.4560669;232;236.819;27;4
4588;46;27;0.2;0.5;88;103;0.5082645;238;237.8252;27;2
4589;46;27;0.2;0.5;89;111;0.4780876;221;237.5856;27;10
4590;46;27;0.2;0.5;90;103;0.4490741;249;236.8835;27;2
4591;46;27;0.2;0.5;91;101;0.5307018;237;235.4257;27;0
4592;46;27;0.2;0.5;92;101;0.4356846;235;237.6436;27;0
4593;46;27;0.2;0.5;93;101;0.5355649;211;236.0198;27;0
4594;46;27;0.2;0.5;94;102;0.4943396;241;237.1569;27;1
4595;46;27;0.2;0.5;95;101;0.4736842;237;237.9406;27;0
4596;46;27;0.2;0.5;96;101;0.4830918;237;235.9901;27;0
4597;46;27;0.2;0.5;97;101;0.4788136;225;236.9901;27;0
4598;46;27;0.2;0.5;98;102;0.432;232;235.8922;27;1
4599;46;27;0.2;0.5;99;101;0.5058824;208;235.1386;27;0
4600;46;27;0.2;0.5;100;102;0.4794521;241;237.4216;27;1
4601;47;29;0.2;0.5;1;102;0.5;235;236.3235;29;1
4602;47;29;0.2;0.5;2;103;0.5486381;223;235.2427;29;2
4603;47;29;0.2;0.5;3;103;0.5060729;226;236.8058;29;2
4604;47;29;0.2;0.5;4;101;0.4666667;256;238;29;0
4605;47;29;0.2;0.5;5;101;0.4913043;239;237.1089;29;0
4606;47;29;0.2;0.5;6;101;0.512931;256;236.1287;29;0
4607;47;29;0.2;0.5;7;101;0.4814815;214;237.0099;29;0
4608;47;29;0.2;0.5;8;101;0.4876033;222;237.703;29;0
4609;47;29;0.2;0.5;9;101;0.4857143;242;237.5842;29;0
4610;47;29;0.2;0.5;10;102;0.4632035;238;236.8431;29;1
4611;47;29;0.2;0.5;11;101;0.4834123;227;236.7426;29;0
4612;47;29;0.2;0.5;12;103;0.5105485;224;237.4175;29;2
4613;47;29;0.2;0.5;13;102;0.5137615;264;236.2353;29;1
4614;47;29;0.2;0.5;14;101;0.5242291;240;236.8713;29;0
4615;47;29;0.2;0.5;15;103;0.5065502;233;237.7184;29;2
4616;47;29;0.2;0.5;16;102;0.4805195;257;235.9118;29;1
4617;47;29;0.2;0.5;17;101;0.522449;246;237.4356;29;0
4618;47;29;0.2;0.5;18;101;0.5131086;213;237;29;0
4619;47;29;0.2;0.5;19;104;0.4871795;226;237.25;29;3
4620;47;29;0.2;0.5;20;101;0.4561404;220;237.0792;29;0
4621;47;29;0.2;0.5;21;105;0.508;256;237.2;29;4
4622;47;29;0.2;0.5;22;101;0.4686192;239;237.8911;29;0
4623;47;29;0.2;0.5;23;101;0.4939759;242;236.3465;29;0
4624;47;29;0.2;0.5;24;101;0.4916667;265;237.099;29;0
4625;47;29;0.2;0.5;25;101;0.5107296;235;237.297;29;0
4626;47;29;0.2;0.5;26;103;0.4833333;264;236.1942;29;2
4627;47;29;0.2;0.5;27;101;0.46;246;235.297;29;0
4628;47;29;0.2;0.5;28;101;0.4458874;226;234.4059;29;0
4629;47;29;0.2;0.5;29;103;0.4524715;227;236.6214;29;2
4630;47;29;0.2;0.5;30;104;0.4917355;223;236.4135;29;3
4631;47;29;0.2;0.5;31;105;0.5327869;226;236.7143;29;4
4632;47;29;0.2;0.5;32;101;0.5434783;238;236.099;29;0
4633;47;29;0.2;0.5;33;101;0.4979592;239;236.6733;29;0
4634;47;29;0.2;0.5;34;105;0.4695652;241;237.619;29;4
4635;47;29;0.2;0.5;35;104;0.5;227;238.5096;29;3
4636;47;29;0.2;0.5;36;101;0.5156951;235;238.0792;29;0
4637;47;29;0.2;0.5;37;101;0.4590164;233;236.4356;29;0
4638;47;29;0.2;0.5;38;101;0.5;252;236.4356;29;0
4639;47;29;0.2;0.5;39;101;0.5416667;250;234.3564;29;0
4640;47;29;0.2;0.5;40;101;0.524;239;237.2574;29;0
4641;47;29;0.2;0.5;41;101;0.4394619;268;235.6733;29;0
4642;47;29;0.2;0.5;42;101;0.4516129;239;236.7426;29;0
4643;47;29;0.2;0.5;43;101;0.5022026;233;235.8218;29;0
4644;47;29;0.2;0.5;44;105;0.4935065;231;237.1714;29;4
4645;47;29;0.2;0.5;45;101;0.5421687;248;238.4059;29;0
4646;47;29;0.2;0.5;46;105;0.5061728;267;238.219;29;4
4647;47;29;0.2;0.5;47;103;0.4701195;206;237.5728;29;2
4648;47;29;0.2;0.5;48;101;0.4655172;252;234.9604;29;0
4649;47;29;0.2;0.5;49;101;0.5769231;217;235.3267;29;0
4650;47;29;0.2;0.5;50;101;0.5321888;244;237.7426;29;0
4651;47;29;0.2;0.5;51;101;0.4913793;226;236.7129;29;0
4652;47;29;0.2;0.5;52;101;0.4358974;238;238.4356;29;0
4653;47;29;0.2;0.5;53;102;0.4853556;234;236.6373;29;1
4654;47;29;0.2;0.5;54;105;0.5121951;245;235.9238;29;4
4655;47;29;0.2;0.5;55;101;0.4633028;237;236.7921;29;0
4656;47;29;0.2;0.5;56;102;0.4893617;240;235.4314;29;1
4657;47;29;0.2;0.5;57;101;0.4734513;275;236.5248;29;0
4658;47;29;0.2;0.5;58;102;0.5102881;249;235.6863;29;1
4659;47;29;0.2;0.5;59;101;0.5042373;238;236.5842;29;0
4660;47;29;0.2;0.5;60;102;0.5497835;242;236.7549;29;1
4661;47;29;0.2;0.5;61;101;0.5044643;247;237.1584;29;0
4662;47;29;0.2;0.5;62;104;0.5335968;226;239.1154;29;3
4663;47;29;0.2;0.5;63;103;0.4592275;256;235.9417;29;2
4664;47;29;0.2;0.5;64;101;0.4885845;232;236.7921;29;0
4665;47;29;0.2;0.5;65;103;0.5318182;243;235.9903;29;2
4666;47;29;0.2;0.5;66;101;0.4936709;229;236.6337;29;0
4667;47;29;0.2;0.5;67;101;0.5150215;240;236.703;29;0
4668;47;29;0.2;0.5;68;102;0.4806867;236;236.9804;29;1
4669;47;29;0.2;0.5;69;103;0.4598214;248;235.6019;29;2
4670;47;29;0.2;0.5;70;101;0.4741784;248;236.901;29;0
4671;47;29;0.2;0.5;71;101;0.5060729;213;236.7129;29;0
4672;47;29;0.2;0.5;72;102;0.498008;220;235.6863;29;1
4673;47;29;0.2;0.5;73;101;0.5041667;224;237.0891;29;0
4674;47;29;0.2;0.5;74;102;0.4485597;242;238.0784;29;1
4675;47;29;0.2;0.5;75;102;0.5388128;242;237.1078;29;1
4676;47;29;0.2;0.5;76;102;0.4698276;233;237.3922;29;1
4677;47;29;0.2;0.5;77;101;0.4805825;240;234.4059;29;0
4678;47;29;0.2;0.5;78;101;0.4957627;239;235.2871;29;0
4679;47;29;0.2;0.5;79;103;0.526087;224;235.5728;29;2
4680;47;29;0.2;0.5;80;101;0.4913043;258;237.1782;29;0
4681;47;29;0.2;0.5;81;103;0.4723404;228;236.6893;29;2
4682;47;29;0.2;0.5;82;101;0.5225225;235;237.495;29;0
4683;47;29;0.2;0.5;83;101;0.4741036;222;238.604;29;0
4684;47;29;0.2;0.5;84;103;0.5344828;229;237.2233;29;2
4685;47;29;0.2;0.5;85;102;0.516;238;236.098;29;1
4686;47;29;0.2;0.5;86;102;0.5;230;237.8235;29;1
4687;47;29;0.2;0.5;87;103;0.504717;244;237.6893;29;2
4688;47;29;0.2;0.5;88;101;0.4957627;234;236.0792;29;0
4689;47;29;0.2;0.5;89;103;0.5139442;217;236.4078;29;2
4690;47;29;0.2;0.5;90;103;0.4724771;239;236.4078;29;2
4691;47;29;0.2;0.5;91;102;0.4980695;253;238.5686;29;1
4692;47;29;0.2;0.5;92;101;0.4279476;237;237.5347;29;0
4693;47;29;0.2;0.5;93;103;0.5;226;238.6796;29;2
4694;47;29;0.2;0.5;94;102;0.5185185;271;237.6961;29;1
4695;47;29;0.2;0.5;95;101;0.4852321;230;237.3861;29;0
4696;47;29;0.2;0.5;96;102;0.4385965;238;236.7745;29;1
4697;47;29;0.2;0.5;97;101;0.526087;237;235;29;0
4698;47;29;0.2;0.5;98;102;0.4958678;221;235.2745;29;1
4699;47;29;0.2;0.5;99;103;0.5211864;226;236.3495;29;2
4700;47;29;0.2;0.5;100;102;0.5168067;211;236.4902;29;1
4701;48;224;0.2;0.5;1;101;0.4819277;226;237.0099;222.6634;0
4702;48;224;0.2;0.5;2;102;0.5232068;252;236.1765;222.3039;1
4703;48;224;0.2;0.5;3;101;0.4537037;229;237.5644;223.0099;0
4704;48;224;0.2;0.5;4;102;0.4960317;247;237.4706;222.8235;1
4705;48;224;0.2;0.5;5;102;0.516;248;236.8431;222.7451;1
4706;48;224;0.2;0.5;6;102;0.4897959;250;237.7255;222.5098;1
4707;48;224;0.2;0.5;7;101;0.4958678;217;236.7327;222.7723;0
4708;48;224;0.2;0.5;8;104;0.5091743;235;236.6346;221.6731;3
4709;48;224;0.2;0.5;9;101;0.5041667;256;234.8713;222.2178;0
4710;48;224;0.2;0.5;10;101;0.4625551;251;235.0594;222.4059;0
4711;48;224;0.2;0.5;11;102;0.439834;242;236.7941;223.049;1
4712;48;224;0.2;0.5;12;103;0.4869565;208;238.0194;223.1262;2
4713;48;224;0.2;0.5;13;102;0.4811715;220;235.6569;222.8627;1
4714;48;224;0.2;0.5;14;102;0.4663677;226;236.4608;222.7549;1
4715;48;224;0.2;0.5;15;103;0.5708333;227;237.5534;223.0777;2
4716;48;224;0.2;0.5;16;107;0.5305164;249;236.3738;222.4486;6
4717;48;224;0.2;0.5;17;102;0.4510638;230;239.7353;223.1961;1
4718;48;224;0.2;0.5;18;101;0.5092937;215;235.9505;221.8614;0
4719;48;224;0.2;0.5;19;101;0.512931;251;234.5347;222.8119;0
4720;48;224;0.2;0.5;20;103;0.4830189;220;235.3981;223.1165;2
4721;48;224;0.2;0.5;21;101;0.4716157;224;236.0792;223.2574;0
4722;48;224;0.2;0.5;22;102;0.4925373;238;236.6373;221.5098;1
4723;48;224;0.2;0.5;23;103;0.5019763;216;236.1262;222.5825;2
4724;48;224;0.2;0.5;24;102;0.5521739;245;237.0588;222.6373;1
4725;48;224;0.2;0.5;25;106;0.4889868;220;236.4906;223.0189;5
4726;48;224;0.2;0.5;26;102;0.490991;265;238.3137;222.1471;1
4727;48;224;0.2;0.5;27;102;0.5021834;237;237.0882;222.9412;1
4728;48;224;0.2;0.5;28;103;0.48583;218;237.1456;222.8447;2
4729;48;224;0.2;0.5;29;101;0.5654008;249;237.703;222.9802;0
4730;48;224;0.2;0.5;30;101;0.4393305;246;237.5149;222.901;0
4731;48;224;0.2;0.5;31;101;0.5103734;243;239.1683;223.604;0
4732;48;224;0.2;0.5;32;102;0.4980237;228;234.0392;222.8039;1
4733;48;224;0.2;0.5;33;103;0.4615385;253;236.8738;222.3495;2
4734;48;224;0.2;0.5;34;102;0.4857143;245;239.1667;222.9412;1
4735;48;224;0.2;0.5;35;106;0.498008;245;238.5094;222.8019;5
4736;48;224;0.2;0.5;36;103;0.4615385;245;235.6505;222.2913;2
4737;48;224;0.2;0.5;37;103;0.5162602;218;238.4951;222.9029;2
4738;48;224;0.2;0.5;38;101;0.4955357;247;236.9505;223.2376;0
4739;48;224;0.2;0.5;39;101;0.5756303;241;236.2277;222.4851;0
4740;48;224;0.2;0.5;40;102;0.4684685;254;236.7843;222.7647;1
4741;48;224;0.2;0.5;41;101;0.525641;254;237.4653;223.0495;0
4742;48;224;0.2;0.5;42;102;0.4803493;222;239.6275;222.9216;1
4743;48;224;0.2;0.5;43;103;0.4318182;244;234.9515;222.1165;2
4744;48;224;0.2;0.5;44;101;0.5064935;241;236.4257;222.8812;0
4745;48;224;0.2;0.5;45;101;0.4868421;250;235.4059;222.5446;0
4746;48;224;0.2;0.5;46;101;0.4728033;232;236.099;222.495;0
4747;48;224;0.2;0.5;47;101;0.5564516;223;236.7129;222.7228;0
4748;48;224;0.2;0.5;48;101;0.4938272;229;235.0693;222.7822;0
4749;48;224;0.2;0.5;49;101;0.5584416;244;236.4653;222.5248;0
4750;48;224;0.2;0.5;50;102;0.4919355;237;235.6765;222.8039;1
4751;48;224;0.2;0.5;51;102;0.5043103;223;238.0196;222.6961;1
4752;48;224;0.2;0.5;52;103;0.5696721;259;237.1456;222.9417;2
4753;48;224;0.2;0.5;53;103;0.464135;198;235.6117;222.8641;2
4754;48;224;0.2;0.5;54;102;0.4836066;267;236.8922;222.9216;1
4755;48;224;0.2;0.5;55;102;0.4612245;262;236.6863;222.4608;1
4756;48;224;0.2;0.5;56;101;0.5019011;238;235.5248;222.0693;0
4757;48;224;0.2;0.5;57;101;0.5144033;215;236.3762;222.3069;0
4758;48;224;0.2;0.5;58;102;0.4594595;225;237.6176;222.1765;1
4759;48;224;0.2;0.5;59;104;0.4705882;221;236.1538;222.6346;3
4760;48;224;0.2;0.5;60;105;0.5555556;215;237.3048;223.0381;4
4761;48;224;0.2;0.5;61;103;0.5020921;228;237.6214;223.534;2
4762;48;224;0.2;0.5;62;101;0.4915254;225;238.2178;223.2178;0
4763;48;224;0.2;0.5;63;101;0.4765625;217;236.9604;222.6733;0
4764;48;224;0.2;0.5;64;101;0.4513274;222;235.2376;222.7723;0
4765;48;224;0.2;0.5;65;101;0.4902724;248;237.1683;222.6931;0
4766;48;224;0.2;0.5;66;101;0.4981413;212;238.7327;223.3168;0
4767;48;224;0.2;0.5;67;106;0.592437;257;237.4245;221.8302;5
4768;48;224;0.2;0.5;68;101;0.5240175;217;236.8416;222.7822;0
4769;48;224;0.2;0.5;69;101;0.5021097;245;239.0396;223;0
4770;48;224;0.2;0.5;70;101;0.4900398;239;235.8515;222.5545;0
4771;48;224;0.2;0.5;71;102;0.452381;233;235.7451;222.5588;1
4772;48;224;0.2;0.5;72;102;0.5020243;241;236.6078;222.598;1
4773;48;224;0.2;0.5;73;101;0.5042017;224;237.1683;222.5644;0
4774;48;224;0.2;0.5;74;101;0.4774775;237;236.1881;222.9604;0
4775;48;224;0.2;0.5;75;101;0.4811715;230;238.297;223.1782;0
4776;48;224;0.2;0.5;76;101;0.5181818;235;237.6931;223.0198;0
4777;48;224;0.2;0.5;77;103;0.4807692;259;234.9806;222.4757;2
4778;48;224;0.2;0.5;78;102;0.4962406;232;237.8725;222.8627;1
4779;48;224;0.2;0.5;79;102;0.5570776;252;239.0392;223.1569;1
4780;48;224;0.2;0.5;80;102;0.4912281;228;235.8529;222.4216;1
4781;48;224;0.2;0.5;81;101;0.4977778;235;234.5248;222.6535;0
4782;48;224;0.2;0.5;82;101;0.5039062;207;235.9604;222.1485;0
4783;48;224;0.2;0.5;83;101;0.5;222;234.8812;221.5347;0
4784;48;224;0.2;0.5;84;101;0.4633028;238;236.7327;222.9505;0
4785;48;224;0.2;0.5;85;101;0.5401786;222;237;222.6832;0
4786;48;224;0.2;0.5;86;102;0.5380952;234;237.0784;222.9216;1
4787;48;224;0.2;0.5;87;102;0.513834;237;235.6961;222.2255;1
4788;48;224;0.2;0.5;88;101;0.5185185;234;238.2376;222.7624;0
4789;48;224;0.2;0.5;89;101;0.508547;231;237.6238;222.4653;0
4790;48;224;0.2;0.5;90;101;0.5021097;222;237.8218;222.5842;0
4791;48;224;0.2;0.5;91;103;0.4915966;231;237.0874;222.8155;2
4792;48;224;0.2;0.5;92;106;0.464;206;238.2736;222.6038;5
4793;48;224;0.2;0.5;93;104;0.5042735;235;235.5962;222.5481;3
4794;48;224;0.2;0.5;94;102;0.5807692;243;238.4118;222.5784;1
4795;48;224;0.2;0.5;95;101;0.4884615;211;236.198;222.802;0
4796;48;224;0.2;0.5;96;102;0.4754098;235;237.6471;222.4314;1
4797;48;224;0.2;0.5;97;101;0.4889868;232;236.802;223.0099;0
4798;48;224;0.2;0.5;98;102;0.5211864;217;234.4902;222.3333;1
4799;48;224;0.2;0.5;99;102;0.5384615;211;234.4608;222.1667;1
4800;48;224;0.2;0.5;100;102;0.4296875;226;237.7549;223.1863;1
4801;49;1;0.3;0.5;1;102;0.4700855;225;235.451;1;1
4802;49;1;0.3;0.5;2;101;0.4734513;277;238.4455;1;0
4803;49;1;0.3;0.5;3;104;0.4793388;244;236.3558;1;3
4804;49;1;0.3;0.5;4;101;0.493617;223;237.9505;1;0
4805;49;1;0.3;0.5;5;105;0.4625;209;235.8762;1;4
4806;49;1;0.3;0.5;6;101;0.4764151;263;237.7822;1;0
4807;49;1;0.3;0.5;7;101;0.4896266;229;236.2772;1;0
4808;49;1;0.3;0.5;8;101;0.4960938;242;236;1;0
4809;49;1;0.3;0.5;9;102;0.5061224;230;235.9804;1;1
4810;49;1;0.3;0.5;10;101;0.5658915;239;236.4752;1;0
4811;49;1;0.3;0.5;11;111;0.4891775;243;238.1982;1;10
4812;49;1;0.3;0.5;12;103;0.4795082;233;237.6408;1;2
4813;49;1;0.3;0.5;13;104;0.5189394;228;235.2308;1;3
4814;49;1;0.3;0.5;14;104;0.526971;248;235.6923;1;3
4815;49;1;0.3;0.5;15;103;0.5020747;236;237.1942;1;2
4816;49;1;0.3;0.5;16;101;0.4826087;237;236.5248;1;0
4817;49;1;0.3;0.5;17;101;0.5191489;229;235.5644;1;0
4818;49;1;0.3;0.5;18;101;0.486692;237;236.2079;1;0
4819;49;1;0.3;0.5;19;102;0.4636364;228;237.1569;1;1
4820;49;1;0.3;0.5;20;101;0.546729;263;235.5446;1;0
4821;49;1;0.3;0.5;21;101;0.4199134;251;237.1782;1;0
4822;49;1;0.3;0.5;22;101;0.539823;241;237.9109;1;0
4823;49;1;0.3;0.5;23;102;0.4125561;250;234.598;1;1
4824;49;1;0.3;0.5;24;101;0.4691943;232;235.7822;1;0
4825;49;1;0.3;0.5;25;101;0.4888889;243;238.1089;1;0
4826;49;1;0.3;0.5;26;101;0.4716157;234;239.2475;1;0
4827;49;1;0.3;0.5;27;102;0.4892704;213;236.2843;1;1
4828;49;1;0.3;0.5;28;104;0.5203252;223;234.8077;1;3
4829;49;1;0.3;0.5;29;101;0.5196507;261;237.8317;1;0
4830;49;1;0.3;0.5;30;101;0.5084034;234;235.3465;1;0
4831;49;1;0.3;0.5;31;101;0.4872881;249;235.5347;1;0
4832;49;1;0.3;0.5;32;101;0.4560669;225;234.8713;1;0
4833;49;1;0.3;0.5;33;102;0.4686192;225;237.2255;1;1
4834;49;1;0.3;0.5;34;108;0.4745763;236;237.1759;1;7
4835;49;1;0.3;0.5;35;103;0.4597701;229;237.6893;1;2
4836;49;1;0.3;0.5;36;101;0.5384615;261;235.6733;1;0
4837;49;1;0.3;0.5;37;101;0.4979592;223;238.9208;1;0
4838;49;1;0.3;0.5;38;101;0.5210728;265;237.0396;1;0
4839;49;1;0.3;0.5;39;101;0.5021645;240;235.5842;1;0
4840;49;1;0.3;0.5;40;101;0.5635593;245;237.8614;1;0
4841;49;1;0.3;0.5;41;102;0.5067873;241;234.9216;1;1
4842;49;1;0.3;0.5;42;102;0.505618;225;238.1569;1;1
4843;49;1;0.3;0.5;43;101;0.5066667;235;236.1683;1;0
4844;49;1;0.3;0.5;44;104;0.5546218;237;237.4615;1;3
4845;49;1;0.3;0.5;45;101;0.547619;234;237.4257;1;0
4846;49;1;0.3;0.5;46;101;0.4413146;275;236.2475;1;0
4847;49;1;0.3;0.5;47;101;0.519685;247;236.0891;1;0
4848;49;1;0.3;0.5;48;101;0.5194805;249;236.3564;1;0
4849;49;1;0.3;0.5;49;101;0.522449;237;236.3267;1;0
4850;49;1;0.3;0.5;50;101;0.5021277;209;234.3663;1;0
4851;49;1;0.3;0.5;51;102;0.4807692;230;235.7647;1;1
4852;49;1;0.3;0.5;52;101;0.5041667;242;236.8614;1;0
4853;49;1;0.3;0.5;53;105;0.4681818;245;237.7905;1;4
4854;49;1;0.3;0.5;54;102;0.4675926;259;238.0588;1;1
4855;49;1;0.3;0.5;55;101;0.4977974;231;236.703;1;0
4856;49;1;0.3;0.5;56;101;0.4595745;222;235.5941;1;0
4857;49;1;0.3;0.5;57;101;0.5172414;238;237.0891;1;0
4858;49;1;0.3;0.5;58;102;0.5412844;239;236.9314;1;1
4859;49;1;0.3;0.5;59;102;0.5271318;243;236.6569;1;1
4860;49;1;0.3;0.5;60;102;0.576;229;236.5392;1;1
4861;49;1;0.3;0.5;61;102;0.55;223;235.549;1;1
4862;49;1;0.3;0.5;62;102;0.4912281;233;236.3627;1;1
4863;49;1;0.3;0.5;63;102;0.4879227;246;237.2059;1;1
4864;49;1;0.3;0.5;64;103;0.5598291;224;236.1165;1;2
4865;49;1;0.3;0.5;65;101;0.4931507;229;236.4653;1;0
4866;49;1;0.3;0.5;66;101;0.4510638;231;236.1584;1;0
4867;49;1;0.3;0.5;67;101;0.509901;242;237.396;1;0
4868;49;1;0.3;0.5;68;101;0.498008;254;237.3762;1;0
4869;49;1;0.3;0.5;69;104;0.5533597;248;235.9904;1;3
4870;49;1;0.3;0.5;70;102;0.4922481;214;237.8333;1;1
4871;49;1;0.3;0.5;71;102;0.4935622;248;234.7647;1;1
4872;49;1;0.3;0.5;72;101;0.5;230;238.0099;1;0
4873;49;1;0.3;0.5;73;102;0.5020408;256;237.8431;1;1
4874;49;1;0.3;0.5;74;102;0.4615385;253;238.0882;1;1
4875;49;1;0.3;0.5;75;101;0.541502;228;237.1287;1;0
4876;49;1;0.3;0.5;76;101;0.4976959;229;236.5545;1;0
4877;49;1;0.3;0.5;77;102;0.5204918;230;237.7451;1;1
4878;49;1;0.3;0.5;78;101;0.4942529;228;234.8911;1;0
4879;49;1;0.3;0.5;79;101;0.4621212;234;236.8515;1;0
4880;49;1;0.3;0.5;80;103;0.5107296;271;236.8447;1;2
4881;49;1;0.3;0.5;81;105;0.452381;252;238.2762;1;4
4882;49;1;0.3;0.5;82;101;0.3867925;253;235.5446;1;0
4883;49;1;0.3;0.5;83;104;0.4769874;231;235.5481;1;3
4884;49;1;0.3;0.5;84;101;0.5530973;243;236.6436;1;0
4885;49;1;0.3;0.5;85;101;0.5215517;249;235.495;1;0
4886;49;1;0.3;0.5;86;102;0.4857143;249;236.7157;1;1
4887;49;1;0.3;0.5;87;101;0.5352697;209;237.9901;1;0
4888;49;1;0.3;0.5;88;101;0.45;227;236.4752;1;0
4889;49;1;0.3;0.5;89;102;0.4979592;216;237;1;1
4890;49;1;0.3;0.5;90;101;0.5488372;226;236.9703;1;0
4891;49;1;0.3;0.5;91;105;0.4901186;238;237.6476;1;4
4892;49;1;0.3;0.5;92;101;0.4853556;236;235.9901;1;0
4893;49;1;0.3;0.5;93;108;0.442623;246;236.25;1;7
4894;49;1;0.3;0.5;94;101;0.4726562;217;236.0594;1;0
4895;49;1;0.3;0.5;95;101;0.5108225;233;236.7822;1;0
4896;49;1;0.3;0.5;96;101;0.5887446;237;239.0099;1;0
4897;49;1;0.3;0.5;97;101;0.4605263;270;235.4752;1;0
4898;49;1;0.3;0.5;98;104;0.4906542;263;237.9038;1;3
4899;49;1;0.3;0.5;99;102;0.5259259;222;235.6176;1;1
4900;49;1;0.3;0.5;100;101;0.495614;234;236.4653;1;0
4901;50;3;0.3;0.5;1;101;0.5313808;242;237.9505;3;0
4902;50;3;0.3;0.5;2;102;0.5023474;258;236.0588;3;1
4903;50;3;0.3;0.5;3;103;0.5299145;240;237;3;2
4904;50;3;0.3;0.5;4;101;0.5470085;216;237.4356;3;0
4905;50;3;0.3;0.5;5;102;0.509434;248;236.6961;3;1
4906;50;3;0.3;0.5;6;102;0.5208333;229;236.4216;3;1
4907;50;3;0.3;0.5;7;101;0.4866071;222;236.5644;3;0
4908;50;3;0.3;0.5;8;106;0.5489362;233;236;3;5
4909;50;3;0.3;0.5;9;102;0.4686192;219;237.3824;3;1
4910;50;3;0.3;0.5;10;102;0.5462555;231;235.2059;3;1
4911;50;3;0.3;0.5;11;101;0.5186722;232;236.0495;3;0
4912;50;3;0.3;0.5;12;102;0.4844961;255;238.1078;3;1
4913;50;3;0.3;0.5;13;101;0.4978166;241;236.3861;3;0
4914;50;3;0.3;0.5;14;103;0.4849785;222;236.1165;3;2
4915;50;3;0.3;0.5;15;102;0.539823;249;236.9314;3;1
4916;50;3;0.3;0.5;16;101;0.5443548;226;237.2772;3;0
4917;50;3;0.3;0.5;17;102;0.488189;216;236.2843;3;1
4918;50;3;0.3;0.5;18;101;0.5454545;234;238.0099;3;0
4919;50;3;0.3;0.5;19;101;0.5502183;244;237.8218;3;0
4920;50;3;0.3;0.5;20;101;0.4724771;245;236.0297;3;0
4921;50;3;0.3;0.5;21;101;0.4796748;232;238.8119;3;0
4922;50;3;0.3;0.5;22;102;0.4638298;238;239.5;3;1
4923;50;3;0.3;0.5;23;105;0.5;250;237.5524;3;4
4924;50;3;0.3;0.5;24;107;0.4910714;242;236.4673;3;6
4925;50;3;0.3;0.5;25;104;0.4864865;233;237.0192;3;3
4926;50;3;0.3;0.5;26;103;0.5062762;245;235.1262;3;2
4927;50;3;0.3;0.5;27;102;0.5069767;272;237.1176;3;1
4928;50;3;0.3;0.5;28;102;0.5119048;227;236.3235;3;1
4929;50;3;0.3;0.5;29;101;0.4285714;216;236.6139;3;0
4930;50;3;0.3;0.5;30;103;0.5265487;270;236.3495;3;2
4931;50;3;0.3;0.5;31;101;0.509434;243;235.396;3;0
4932;50;3;0.3;0.5;32;102;0.4771784;234;236.9216;3;1
4933;50;3;0.3;0.5;33;103;0.4713115;225;237.2427;3;2
4934;50;3;0.3;0.5;34;103;0.4599156;237;236.3204;3;2
4935;50;3;0.3;0.5;35;101;0.5585586;242;236.3465;3;0
4936;50;3;0.3;0.5;36;101;0.5217391;246;237.495;3;0
4937;50;3;0.3;0.5;37;102;0.4820717;224;237.2745;3;1
4938;50;3;0.3;0.5;38;102;0.5063291;258;235.6765;3;1
4939;50;3;0.3;0.5;39;102;0.5414847;229;235.8529;3;1
4940;50;3;0.3;0.5;40;101;0.5299145;247;237.802;3;0
4941;50;3;0.3;0.5;41;102;0.5294118;243;237.0882;3;1
4942;50;3;0.3;0.5;42;101;0.5575221;212;237.495;3;0
4943;50;3;0.3;0.5;43;102;0.4816514;252;236.5098;3;1
4944;50;3;0.3;0.5;44;101;0.488189;220;238.8713;3;0
4945;50;3;0.3;0.5;45;101;0.501992;235;236.7624;3;0
4946;50;3;0.3;0.5;46;102;0.4895397;233;237.6373;3;1
4947;50;3;0.3;0.5;47;102;0.5809129;221;238.4804;3;1
4948;50;3;0.3;0.5;48;101;0.472973;243;237.4257;3;0
4949;50;3;0.3;0.5;49;102;0.4921875;244;236.9216;3;1
4950;50;3;0.3;0.5;50;101;0.5084746;230;237.0693;3;0
4951;50;3;0.3;0.5;51;101;0.4976744;231;238.8317;3;0
4952;50;3;0.3;0.5;52;101;0.5213675;252;235.6832;3;0
4953;50;3;0.3;0.5;53;104;0.5545852;223;238.1538;3;3
4954;50;3;0.3;0.5;54;106;0.5423077;260;237.3868;3;5
4955;50;3;0.3;0.5;55;101;0.479638;245;238.9109;3;0
4956;50;3;0.3;0.5;56;105;0.5568627;249;237.3143;3;4
4957;50;3;0.3;0.5;57;104;0.4937238;233;236.9135;3;3
4958;50;3;0.3;0.5;58;101;0.4573991;219;236.9406;3;0
4959;50;3;0.3;0.5;59;102;0.45;247;236.1471;3;1
4960;50;3;0.3;0.5;60;103;0.4978166;262;236.6602;3;2
4961;50;3;0.3;0.5;61;101;0.4680851;243;237.0198;3;0
4962;50;3;0.3;0.5;62;103;0.4935622;240;235.5049;3;2
4963;50;3;0.3;0.5;63;101;0.4423077;202;236.2079;3;0
4964;50;3;0.3;0.5;64;101;0.5062241;240;237.297;3;0
4965;50;3;0.3;0.5;65;102;0.4959677;214;237.4216;3;1
4966;50;3;0.3;0.5;66;101;0.5208333;264;237.3366;3;0
4967;50;3;0.3;0.5;67;101;0.4479638;224;236.5347;3;0
4968;50;3;0.3;0.5;68;102;0.4881517;215;235.4902;3;1
4969;50;3;0.3;0.5;69;102;0.4961832;198;236.0588;3;1
4970;50;3;0.3;0.5;70;101;0.5299145;224;238.3663;3;0
4971;50;3;0.3;0.5;71;103;0.5222672;245;237.9515;3;2
4972;50;3;0.3;0.5;72;101;0.5238095;239;236.4356;3;0
4973;50;3;0.3;0.5;73;103;0.4147287;221;238.0388;3;2
4974;50;3;0.3;0.5;74;104;0.4444444;214;236.1346;3;3
4975;50;3;0.3;0.5;75;101;0.4734694;249;235.9901;3;0
4976;50;3;0.3;0.5;76;107;0.484127;196;236.8411;3;6
4977;50;3;0.3;0.5;77;102;0.4978903;220;237.2941;3;1
4978;50;3;0.3;0.5;78;101;0.5708661;236;236.4158;3;0
4979;50;3;0.3;0.5;79;102;0.4922481;242;236.6961;3;1
4980;50;3;0.3;0.5;80;101;0.5458015;237;238.2574;3;0
4981;50;3;0.3;0.5;81;101;0.5182186;231;235.7624;3;0
4982;50;3;0.3;0.5;82;101;0.4889868;239;236.6337;3;0
4983;50;3;0.3;0.5;83;104;0.5102881;240;237.2885;3;3
4984;50;3;0.3;0.5;84;101;0.5065502;210;235.198;3;0
4985;50;3;0.3;0.5;85;102;0.5263158;242;237.0882;3;1
4986;50;3;0.3;0.5;86;102;0.426087;245;237.402;3;1
4987;50;3;0.3;0.5;87;102;0.5064935;239;238.1863;3;1
4988;50;3;0.3;0.5;88;102;0.482906;229;235.0686;3;1
4989;50;3;0.3;0.5;89;101;0.5732218;244;235.703;3;0
4990;50;3;0.3;0.5;90;101;0.5215686;239;238.8713;3;0
4991;50;3;0.3;0.5;91;102;0.48;240;237.3137;3;1
4992;50;3;0.3;0.5;92;101;0.4868421;243;235.604;3;0
4993;50;3;0.3;0.5;93;102;0.4745763;231;236.8922;3;1
4994;50;3;0.3;0.5;94;102;0.4736842;219;234.6471;3;1
4995;50;3;0.3;0.5;95;105;0.4872881;238;235.8667;3;4
4996;50;3;0.3;0.5;96;105;0.4918699;226;236.9333;3;4
4997;50;3;0.3;0.5;97;101;0.5020408;197;234.5446;3;0
4998;50;3;0.3;0.5;98;102;0.474359;257;236.9706;3;1
4999;50;3;0.3;0.5;99;101;0.4700855;259;239.0495;3;0
5000;50;3;0.3;0.5;100;105;0.4636364;267;237.6095;3;4
5001;51;5;0.3;0.5;1;101;0.4621514;232;235.505;5;0
5002;51;5;0.3;0.5;2;102;0.4612245;221;235.7451;5;1
5003;51;5;0.3;0.5;3;104;0.4892704;250;235.6635;5;3
5004;51;5;0.3;0.5;4;101;0.5301724;231;235.9901;5;0
5005;51;5;0.3;0.5;5;101;0.4819277;233;236.5743;5;0
5006;51;5;0.3;0.5;6;101;0.4979253;239;236.8515;5;0
5007;51;5;0.3;0.5;7;101;0.4820717;230;237.198;5;0
5008;51;5;0.3;0.5;8;103;0.5895197;243;237.2427;5;2
5009;51;5;0.3;0.5;9;102;0.5493562;243;234.8922;5;1
5010;51;5;0.3;0.5;10;101;0.4848485;217;236.3069;5;0
5011;51;5;0.3;0.5;11;102;0.4734694;231;235.6569;5;1
5012;51;5;0.3;0.5;12;102;0.5147679;250;235.4118;5;1
5013;51;5;0.3;0.5;13;101;0.4771784;243;233.9505;5;0
5014;51;5;0.3;0.5;14;101;0.4481132;236;237;5;0
5015;51;5;0.3;0.5;15;104;0.5120773;241;237.0673;5;3
5016;51;5;0.3;0.5;16;101;0.4877049;218;235.1287;5;0
5017;51;5;0.3;0.5;17;101;0.5230126;229;237.0594;5;0
5018;51;5;0.3;0.5;18;101;0.5060241;222;234.6337;5;0
5019;51;5;0.3;0.5;19;103;0.4648438;218;237.0485;5;2
5020;51;5;0.3;0.5;20;103;0.5413223;232;237.4951;5;2
5021;51;5;0.3;0.5;21;102;0.5077519;234;235.8137;5;1
5022;51;5;0.3;0.5;22;101;0.5063291;225;237.2178;5;0
5023;51;5;0.3;0.5;23;104;0.4979424;253;237.1058;5;3
5024;51;5;0.3;0.5;24;104;0.5497835;225;237.8942;5;3
5025;51;5;0.3;0.5;25;103;0.4716157;249;238.2816;5;2
5026;51;5;0.3;0.5;26;102;0.48659;228;235.3627;5;1
5027;51;5;0.3;0.5;27;102;0.5421687;243;237.7549;5;1
5028;51;5;0.3;0.5;28;102;0.5036765;247;239.0686;5;1
5029;51;5;0.3;0.5;29;102;0.5390947;231;237.2549;5;1
5030;51;5;0.3;0.5;30;103;0.5322581;239;235.835;5;2
5031;51;5;0.3;0.5;31;102;0.5305164;235;237;5;1
5032;51;5;0.3;0.5;32;106;0.5229358;251;237.6698;5;5
5033;51;5;0.3;0.5;33;103;0.486166;253;234.6408;5;2
5034;51;5;0.3;0.5;34;101;0.555102;233;237.6436;5;0
5035;51;5;0.3;0.5;35;103;0.5374449;250;237.7961;5;2
5036;51;5;0.3;0.5;36;101;0.4824561;251;236.9604;5;0
5037;51;5;0.3;0.5;37;105;0.4784314;214;238.0667;5;4
5038;51;5;0.3;0.5;38;102;0.5263158;247;236.5392;5;1
5039;51;5;0.3;0.5;39;101;0.5532787;225;237.4257;5;0
5040;51;5;0.3;0.5;40;103;0.4647303;260;237.3786;5;2
5041;51;5;0.3;0.5;41;102;0.5373832;243;236.7647;5;1
5042;51;5;0.3;0.5;42;102;0.492126;198;236.7059;5;1
5043;51;5;0.3;0.5;43;102;0.5021459;223;235.6863;5;1
5044;51;5;0.3;0.5;44;101;0.4773663;245;236.4851;5;0
5045;51;5;0.3;0.5;45;101;0.4669604;237;238.6238;5;0
5046;51;5;0.3;0.5;46;102;0.5044643;253;236.6765;5;1
5047;51;5;0.3;0.5;47;101;0.504;235;235.5347;5;0
5048;51;5;0.3;0.5;48;102;0.4782609;228;236.2451;5;1
5049;51;5;0.3;0.5;49;103;0.5169492;213;235.699;5;2
5050;51;5;0.3;0.5;50;102;0.4509804;211;236.6569;5;1
5051;51;5;0.3;0.5;51;102;0.4384615;210;237.7157;5;1
5052;51;5;0.3;0.5;52;105;0.534188;238;236.4857;5;4
5053;51;5;0.3;0.5;53;101;0.4416667;244;238.3762;5;0
5054;51;5;0.3;0.5;54;104;0.5550661;258;236.125;5;3
5055;51;5;0.3;0.5;55;101;0.493617;247;237.1584;5;0
5056;51;5;0.3;0.5;56;101;0.4650206;229;235.1386;5;0
5057;51;5;0.3;0.5;57;101;0.4732143;232;237.0594;5;0
5058;51;5;0.3;0.5;58;101;0.4844961;252;235.2574;5;0
5059;51;5;0.3;0.5;59;102;0.5605381;248;235.7451;5;1
5060;51;5;0.3;0.5;60;101;0.4900398;220;237.5248;5;0
5061;51;5;0.3;0.5;61;102;0.5140562;242;235.2941;5;1
5062;51;5;0.3;0.5;62;101;0.5044248;253;237.4059;5;0
5063;51;5;0.3;0.5;63;101;0.4759615;272;236.0099;5;0
5064;51;5;0.3;0.5;64;104;0.535865;233;238.2019;5;3
5065;51;5;0.3;0.5;65;109;0.5023256;242;236.4679;5;8
5066;51;5;0.3;0.5;66;102;0.4745098;238;236.9706;5;1
5067;51;5;0.3;0.5;67;101;0.5361702;246;239.7327;5;0
5068;51;5;0.3;0.5;68;103;0.4932127;259;238.6019;5;2
5069;51;5;0.3;0.5;69;102;0.4444444;231;235.402;5;1
5070;51;5;0.3;0.5;70;101;0.5112108;250;236.2277;5;0
5071;51;5;0.3;0.5;71;102;0.5193133;239;235.8431;5;1
5072;51;5;0.3;0.5;72;101;0.5111111;253;238.3465;5;0
5073;51;5;0.3;0.5;73;103;0.5039683;252;239.9903;5;2
5074;51;5;0.3;0.5;74;102;0.5061728;256;235.8039;5;1
5075;51;5;0.3;0.5;75;102;0.5059761;224;236;5;1
5076;51;5;0.3;0.5;76;101;0.5258964;201;237.5743;5;0
5077;51;5;0.3;0.5;77;102;0.4854772;262;235.902;5;1
5078;51;5;0.3;0.5;78;101;0.4895397;246;239.198;5;0
5079;51;5;0.3;0.5;79;101;0.512605;253;236.7228;5;0
5080;51;5;0.3;0.5;80;102;0.5142857;226;236.451;5;1
5081;51;5;0.3;0.5;81;103;0.4769874;230;237.835;5;2
5082;51;5;0.3;0.5;82;101;0.5041322;253;235.1485;5;0
5083;51;5;0.3;0.5;83;102;0.48583;242;237.2549;5;1
5084;51;5;0.3;0.5;84;104;0.4818182;234;234.3365;5;3
5085;51;5;0.3;0.5;85;102;0.5702128;233;236.1471;5;1
5086;51;5;0.3;0.5;86;105;0.5361702;225;237.0286;5;4
5087;51;5;0.3;0.5;87;101;0.4780876;241;236.2475;5;0
5088;51;5;0.3;0.5;88;101;0.5220884;230;235.6931;5;0
5089;51;5;0.3;0.5;89;102;0.5215517;246;238.6765;5;1
5090;51;5;0.3;0.5;90;102;0.4396552;236;235.4804;5;1
5091;51;5;0.3;0.5;91;102;0.490991;239;234.6961;5;1
5092;51;5;0.3;0.5;92;101;0.5;232;237.3366;5;0
5093;51;5;0.3;0.5;93;101;0.4913043;238;238.2178;5;0
5094;51;5;0.3;0.5;94;101;0.4960938;252;237.1485;5;0
5095;51;5;0.3;0.5;95;102;0.4588745;229;236.1373;5;1
5096;51;5;0.3;0.5;96;101;0.5183673;239;237.5248;5;0
5097;51;5;0.3;0.5;97;102;0.504065;243;237.6863;5;1
5098;51;5;0.3;0.5;98;101;0.5077519;235;235;5;0
5099;51;5;0.3;0.5;99;101;0.4880383;263;236.9901;5;0
5100;51;5;0.3;0.5;100;103;0.5063291;246;236.2816;5;2
5101;52;7;0.3;0.5;1;101;0.4904215;223;237.8614;7;0
5102;52;7;0.3;0.5;2;107;0.515625;231;237.215;7;6
5103;52;7;0.3;0.5;3;104;0.472103;255;237.5865;7;3
5104;52;7;0.3;0.5;4;101;0.5172414;242;235.802;7;0
5105;52;7;0.3;0.5;5;103;0.4149378;233;237.0388;7;2
5106;52;7;0.3;0.5;6;101;0.495614;267;236.5842;7;0
5107;52;7;0.3;0.5;7;102;0.512931;221;235.5294;7;1
5108;52;7;0.3;0.5;8;102;0.5;239;236.8039;7;1
5109;52;7;0.3;0.5;9;101;0.4585153;236;235.0099;7;0
5110;52;7;0.3;0.5;10;101;0.4822134;231;236.5842;7;0
5111;52;7;0.3;0.5;11;101;0.5416667;224;235.5743;7;0
5112;52;7;0.3;0.5;12;101;0.4977974;214;235.6931;7;0
5113;52;7;0.3;0.5;13;102;0.4855967;238;236.549;7;1
5114;52;7;0.3;0.5;14;102;0.5214008;250;237.6373;7;1
5115;52;7;0.3;0.5;15;103;0.5089286;245;236.3786;7;2
5116;52;7;0.3;0.5;16;101;0.5107296;241;236.099;7;0
5117;52;7;0.3;0.5;17;101;0.531401;241;237.3564;7;0
5118;52;7;0.3;0.5;18;102;0.5470085;246;235.0882;7;1
5119;52;7;0.3;0.5;19;102;0.52;237;235.0882;7;1
5120;52;7;0.3;0.5;20;103;0.4618644;215;235.0583;7;2
5121;52;7;0.3;0.5;21;101;0.4977376;255;235.3069;7;0
5122;52;7;0.3;0.5;22;101;0.4979253;221;238.2475;7;0
5123;52;7;0.3;0.5;23;103;0.5069767;241;236.699;7;2
5124;52;7;0.3;0.5;24;101;0.4749035;193;237.3366;7;0
5125;52;7;0.3;0.5;25;101;0.5066667;252;238.0396;7;0
5126;52;7;0.3;0.5;26;101;0.4978541;242;237.703;7;0
5127;52;7;0.3;0.5;27;101;0.522449;220;238;7;0
5128;52;7;0.3;0.5;28;105;0.5042373;256;238.4095;7;4
5129;52;7;0.3;0.5;29;101;0.4830508;213;237.8317;7;0
5130;52;7;0.3;0.5;30;101;0.55;266;236.6832;7;0
5131;52;7;0.3;0.5;31;101;0.4836066;241;236.6535;7;0
5132;52;7;0.3;0.5;32;101;0.5275229;250;236.3267;7;0
5133;52;7;0.3;0.5;33;102;0.5042373;227;237.0588;7;1
5134;52;7;0.3;0.5;34;101;0.4509804;228;235.9307;7;0
5135;52;7;0.3;0.5;35;101;0.5;265;235.1089;7;0
5136;52;7;0.3;0.5;36;101;0.4887892;231;236.2574;7;0
5137;52;7;0.3;0.5;37;101;0.5546218;238;236.8614;7;0
5138;52;7;0.3;0.5;38;101;0.4895397;236;238.2277;7;0
5139;52;7;0.3;0.5;39;102;0.5226337;252;237.9608;7;1
5140;52;7;0.3;0.5;40;101;0.5882353;232;237.4257;7;0
5141;52;7;0.3;0.5;41;101;0.5209302;219;235.8119;7;0
5142;52;7;0.3;0.5;42;103;0.5022026;241;236.4369;7;2
5143;52;7;0.3;0.5;43;101;0.5133929;236;235.0891;7;0
5144;52;7;0.3;0.5;44;102;0.456;211;237.1373;7;1
5145;52;7;0.3;0.5;45;101;0.4298246;257;236.3762;7;0
5146;52;7;0.3;0.5;46;102;0.5482456;245;236.7059;7;1
5147;52;7;0.3;0.5;47;103;0.526087;232;237.767;7;2
5148;52;7;0.3;0.5;48;101;0.5100402;223;237.2277;7;0
5149;52;7;0.3;0.5;49;102;0.4892704;228;237.4314;7;1
5150;52;7;0.3;0.5;50;108;0.562249;226;235.1574;7;7
5151;52;7;0.3;0.5;51;102;0.4516129;225;234.2549;7;1
5152;52;7;0.3;0.5;52;101;0.473913;249;237.5248;7;0
5153;52;7;0.3;0.5;53;102;0.509434;247;236.1176;7;1
5154;52;7;0.3;0.5;54;103;0.4661355;226;235.3204;7;2
5155;52;7;0.3;0.5;55;101;0.4933333;236;238.8911;7;0
5156;52;7;0.3;0.5;56;102;0.4911504;234;236.1667;7;1
5157;52;7;0.3;0.5;57;103;0.4690265;248;235.5728;7;2
5158;52;7;0.3;0.5;58;101;0.5227273;219;235.5347;7;0
5159;52;7;0.3;0.5;59;102;0.5228216;234;234.951;7;1
5160;52;7;0.3;0.5;60;101;0.5274262;246;236.2673;7;0
5161;52;7;0.3;0.5;61;101;0.4843049;247;235.9802;7;0
5162;52;7;0.3;0.5;62;101;0.4792627;243;235.495;7;0
5163;52;7;0.3;0.5;63;101;0.5043478;250;235.7228;7;0
5164;52;7;0.3;0.5;64;101;0.4878049;263;235.2277;7;0
5165;52;7;0.3;0.5;65;102;0.4913793;228;238.1961;7;1
5166;52;7;0.3;0.5;66;101;0.5193133;241;235.3366;7;0
5167;52;7;0.3;0.5;67;102;0.501992;234;237.2843;7;1
5168;52;7;0.3;0.5;68;101;0.5131579;229;239.2673;7;0
5169;52;7;0.3;0.5;69;101;0.5299145;216;238.0099;7;0
5170;52;7;0.3;0.5;70;101;0.4501992;212;237.2871;7;0
5171;52;7;0.3;0.5;71;103;0.5482456;216;236.5437;7;2
5172;52;7;0.3;0.5;72;101;0.4777328;217;238.2178;7;0
5173;52;7;0.3;0.5;73;102;0.4661017;234;237.9118;7;1
5174;52;7;0.3;0.5;74;103;0.4867925;228;234.7573;7;2
5175;52;7;0.3;0.5;75;102;0.4866071;244;234.951;7;1
5176;52;7;0.3;0.5;76;101;0.5357143;221;238.297;7;0
5177;52;7;0.3;0.5;77;102;0.4343891;249;235.951;7;1
5178;52;7;0.3;0.5;78;102;0.5;238;237.8333;7;1
5179;52;7;0.3;0.5;79;103;0.5258621;238;237.7087;7;2
5180;52;7;0.3;0.5;80;101;0.559322;229;236.8119;7;0
5181;52;7;0.3;0.5;81;103;0.5263158;230;237.2233;7;2
5182;52;7;0.3;0.5;82;103;0.5273438;227;236.2136;7;2
5183;52;7;0.3;0.5;83;101;0.5130435;242;236.3168;7;0
5184;52;7;0.3;0.5;84;101;0.4728682;227;235.9505;7;0
5185;52;7;0.3;0.5;85;101;0.4761905;245;235.8416;7;0
5186;52;7;0.3;0.5;86;101;0.4803493;233;237.9901;7;0
5187;52;7;0.3;0.5;87;102;0.5405405;231;236.7843;7;1
5188;52;7;0.3;0.5;88;106;0.5060241;252;236.1604;7;5
5189;52;7;0.3;0.5;89;101;0.4816327;236;237.3465;7;0
5190;52;7;0.3;0.5;90;103;0.4976303;235;235.8738;7;2
5191;52;7;0.3;0.5;91;102;0.4180328;225;234.951;7;1
5192;52;7;0.3;0.5;92;101;0.4669421;254;237.8911;7;0
5193;52;7;0.3;0.5;93;102;0.4566929;238;236.098;7;1
5194;52;7;0.3;0.5;94;101;0.5;238;236.4851;7;0
5195;52;7;0.3;0.5;95;101;0.4913793;252;237.1287;7;0
5196;52;7;0.3;0.5;96;101;0.4962406;228;233.8416;7;0
5197;52;7;0.3;0.5;97;101;0.5205479;264;239.5347;7;0
5198;52;7;0.3;0.5;98;101;0.5147679;237;237.7426;7;0
5199;52;7;0.3;0.5;99;102;0.5065502;266;235.4216;7;1
5200;52;7;0.3;0.5;100;103;0.4866071;235;236.8641;7;2
5201;53;9;0.3;0.5;1;101;0.5102041;247;234.703;9;0
5202;53;9;0.3;0.5;2;101;0.4763948;256;238.1287;9;0
5203;53;9;0.3;0.5;3;101;0.5189873;238;236.099;9;0
5204;53;9;0.3;0.5;4;103;0.5465116;235;237.2427;9;2
5205;53;9;0.3;0.5;5;102;0.5510204;230;236.2255;9;1
5206;53;9;0.3;0.5;6;101;0.5100402;238;236.9109;9;0
5207;53;9;0.3;0.5;7;101;0.4761905;246;235.6634;9;0
5208;53;9;0.3;0.5;8;101;0.4869565;253;237.198;9;0
5209;53;9;0.3;0.5;9;101;0.4953704;255;236.1584;9;0
5210;53;9;0.3;0.5;10;102;0.513308;216;236.6569;9;1
5211;53;9;0.3;0.5;11;102;0.4780488;228;238.7451;9;1
5212;53;9;0.3;0.5;12;102;0.4821429;248;237.0392;9;1
5213;53;9;0.3;0.5;13;105;0.5531915;236;238.781;9;4
5214;53;9;0.3;0.5;14;102;0.5683761;232;235.902;9;1
5215;53;9;0.3;0.5;15;101;0.4638298;237;236.5644;9;0
5216;53;9;0.3;0.5;16;103;0.4444444;243;237.1845;9;2
5217;53;9;0.3;0.5;17;102;0.4818182;246;237.2451;9;1
5218;53;9;0.3;0.5;18;101;0.4917355;244;237.901;9;0
5219;53;9;0.3;0.5;19;101;0.5462555;235;236.604;9;0
5220;53;9;0.3;0.5;20;101;0.4268293;211;237.1683;9;0
5221;53;9;0.3;0.5;21;101;0.5288889;257;237.4158;9;0
5222;53;9;0.3;0.5;22;102;0.5039683;219;235.1765;9;1
5223;53;9;0.3;0.5;23;101;0.4512195;235;236.4455;9;0
5224;53;9;0.3;0.5;24;101;0.4811715;220;238.0792;9;0
5225;53;9;0.3;0.5;25;101;0.5118483;275;238.0594;9;0
5226;53;9;0.3;0.5;26;101;0.5062241;237;237.2277;9;0
5227;53;9;0.3;0.5;27;101;0.4979253;247;236.2871;9;0
5228;53;9;0.3;0.5;28;101;0.4956897;237;238;9;0
5229;53;9;0.3;0.5;29;101;0.528;233;237.9604;9;0
5230;53;9;0.3;0.5;30;103;0.5843621;236;238.2524;9;2
5231;53;9;0.3;0.5;31;105;0.5465116;235;237.9143;9;4
5232;53;9;0.3;0.5;32;101;0.526749;224;236.5941;9;0
5233;53;9;0.3;0.5;33;101;0.5361702;230;237.5347;9;0
5234;53;9;0.3;0.5;34;101;0.5;263;237.2475;9;0
5235;53;9;0.3;0.5;35;101;0.5517241;248;237.2475;9;0
5236;53;9;0.3;0.5;36;101;0.5310078;218;236.0297;9;0
5237;53;9;0.3;0.5;37;101;0.4257028;245;237.495;9;0
5238;53;9;0.3;0.5;38;107;0.4444444;238;236.4112;9;6
5239;53;9;0.3;0.5;39;101;0.4757709;246;236.1089;9;0
5240;53;9;0.3;0.5;40;102;0.541502;236;236.6078;9;1
5241;53;9;0.3;0.5;41;101;0.4893617;217;235.4059;9;0
5242;53;9;0.3;0.5;42;103;0.4612245;237;236.3592;9;2
5243;53;9;0.3;0.5;43;101;0.4903475;212;237.4752;9;0
5244;53;9;0.3;0.5;44;104;0.5019305;245;238.3173;9;3
5245;53;9;0.3;0.5;45;105;0.4621849;233;234.7238;9;4
5246;53;9;0.3;0.5;46;105;0.5550459;248;235.1238;9;4
5247;53;9;0.3;0.5;47;104;0.5625;216;235.6346;9;3
5248;53;9;0.3;0.5;48;101;0.4518828;219;236;9;0
5249;53;9;0.3;0.5;49;102;0.5038168;236;234.2255;9;1
5250;53;9;0.3;0.5;50;103;0.468;227;236.4563;9;2
5251;53;9;0.3;0.5;51;102;0.4541485;239;236.7353;9;1
5252;53;9;0.3;0.5;52;101;0.4978903;245;238.2871;9;0
5253;53;9;0.3;0.5;53;101;0.4753363;242;234.2475;9;0
5254;53;9;0.3;0.5;54;101;0.5394737;258;238.5644;9;0
5255;53;9;0.3;0.5;55;101;0.4453782;222;236.9604;9;0
5256;53;9;0.3;0.5;56;101;0.5136364;239;237.0594;9;0
5257;53;9;0.3;0.5;57;103;0.5365854;253;237.534;9;2
5258;53;9;0.3;0.5;58;103;0.4579832;224;236.6505;9;2
5259;53;9;0.3;0.5;59;105;0.5594714;232;236.8;9;4
5260;53;9;0.3;0.5;60;103;0.5361702;251;237.301;9;2
5261;53;9;0.3;0.5;61;104;0.5223214;221;237.5192;9;3
5262;53;9;0.3;0.5;62;101;0.4593496;223;236.7921;9;0
5263;53;9;0.3;0.5;63;103;0.5168067;233;237.6214;9;2
5264;53;9;0.3;0.5;64;103;0.5204918;198;235.3786;9;2
5265;53;9;0.3;0.5;65;101;0.4888889;246;237.4356;9;0
5266;53;9;0.3;0.5;66;101;0.5091743;267;237.1683;9;0
5267;53;9;0.3;0.5;67;102;0.5336134;227;237.6863;9;1
5268;53;9;0.3;0.5;68;104;0.4840183;228;236.8365;9;3
5269;53;9;0.3;0.5;69;101;0.5;236;236.2079;9;0
5270;53;9;0.3;0.5;70;103;0.4757709;249;236.1165;9;2
5271;53;9;0.3;0.5;71;101;0.5403226;251;237.3168;9;0
5272;53;9;0.3;0.5;72;103;0.4806867;233;235.0874;9;2
5273;53;9;0.3;0.5;73;101;0.4677419;226;235.7723;9;0
5274;53;9;0.3;0.5;74;104;0.5036765;235;238.7115;9;3
5275;53;9;0.3;0.5;75;101;0.4896266;246;238.2376;9;0
5276;53;9;0.3;0.5;76;112;0.5511111;243;236.6696;9;11
5277;53;9;0.3;0.5;77;105;0.4243697;251;237.181;9;4
5278;53;9;0.3;0.5;78;102;0.5065502;231;237.2745;9;1
5279;53;9;0.3;0.5;79;101;0.5037594;240;236.3663;9;0
5280;53;9;0.3;0.5;80;103;0.4921875;244;235.3786;9;2
5281;53;9;0.3;0.5;81;102;0.5299145;237;237.2451;9;1
5282;53;9;0.3;0.5;82;101;0.5114155;247;236.7525;9;0
5283;53;9;0.3;0.5;83;102;0.5707965;236;237.1078;9;1
5284;53;9;0.3;0.5;84;101;0.5188285;229;235.6238;9;0
5285;53;9;0.3;0.5;85;102;0.4957627;228;234.5686;9;1
5286;53;9;0.3;0.5;86;102;0.5230126;230;236.4706;9;1
5287;53;9;0.3;0.5;87;101;0.4837398;255;234.396;9;0
5288;53;9;0.3;0.5;88;103;0.4955357;240;236.534;9;2
5289;53;9;0.3;0.5;89;102;0.5734266;232;239.1863;9;1
5290;53;9;0.3;0.5;90;102;0.4894515;205;236.451;9;1
5291;53;9;0.3;0.5;91;101;0.4439462;251;237.2178;9;0
5292;53;9;0.3;0.5;92;102;0.5231481;252;237.0392;9;1
5293;53;9;0.3;0.5;93;103;0.4135021;242;237.6019;9;2
5294;53;9;0.3;0.5;94;102;0.5240175;220;235.9804;9;1
5295;53;9;0.3;0.5;95;102;0.543379;269;236.0784;9;1
5296;53;9;0.3;0.5;96;102;0.4194915;246;237.1765;9;1
5297;53;9;0.3;0.5;97;105;0.5458333;220;236.9905;9;4
5298;53;9;0.3;0.5;98;102;0.5125;247;236.1569;9;1
5299;53;9;0.3;0.5;99;101;0.4826255;240;237.396;9;0
5300;53;9;0.3;0.5;100;101;0.4904762;268;236.198;9;0
5301;54;11;0.3;0.5;1;101;0.5223214;226;236.2673;11;0
5302;54;11;0.3;0.5;2;101;0.5020576;242;236.0693;11;0
5303;54;11;0.3;0.5;3;102;0.5658915;210;237.1961;11;1
5304;54;11;0.3;0.5;4;101;0.4193548;245;237.3762;11;0
5305;54;11;0.3;0.5;5;101;0.4692982;266;237.0198;11;0
5306;54;11;0.3;0.5;6;106;0.532;225;236.3774;11;5
5307;54;11;0.3;0.5;7;101;0.5335968;204;236.7921;11;0
5308;54;11;0.3;0.5;8;101;0.4868421;230;237.5644;11;0
5309;54;11;0.3;0.5;9;101;0.4935622;246;237.8911;11;0
5310;54;11;0.3;0.5;10;102;0.5062241;252;236.5294;11;1
5311;54;11;0.3;0.5;11;103;0.5;222;237.835;11;2
5312;54;11;0.3;0.5;12;102;0.5301205;249;238.0588;11;1
5313;54;11;0.3;0.5;13;101;0.5123967;237;237.8317;11;0
5314;54;11;0.3;0.5;14;101;0.5521739;251;235.1386;11;0
5315;54;11;0.3;0.5;15;102;0.4978355;233;237.0882;11;1
5316;54;11;0.3;0.5;16;101;0.4653846;254;239.802;11;0
5317;54;11;0.3;0.5;17;101;0.525641;232;237.9604;11;0
5318;54;11;0.3;0.5;18;101;0.564;234;237.4059;11;0
5319;54;11;0.3;0.5;19;101;0.4488889;239;234.2376;11;0
5320;54;11;0.3;0.5;20;101;0.5230126;244;238.2673;11;0
5321;54;11;0.3;0.5;21;101;0.4611872;257;236.7327;11;0
5322;54;11;0.3;0.5;22;106;0.4769874;259;237.0283;11;5
5323;54;11;0.3;0.5;23;101;0.4891775;253;236.3267;11;0
5324;54;11;0.3;0.5;24;103;0.5581395;257;238;11;2
5325;54;11;0.3;0.5;25;102;0.5042017;234;237.7843;11;1
5326;54;11;0.3;0.5;26;102;0.5;251;237.2451;11;1
5327;54;11;0.3;0.5;27;102;0.5136187;231;239.0392;11;1
5328;54;11;0.3;0.5;28;101;0.4886878;250;235.7228;11;0
5329;54;11;0.3;0.5;29;104;0.4469027;219;237.2115;11;3
5330;54;11;0.3;0.5;30;101;0.5;229;238.703;11;0
5331;54;11;0.3;0.5;31;102;0.4836066;237;236.7451;11;1
5332;54;11;0.3;0.5;32;104;0.5353982;230;235.6058;11;3
5333;54;11;0.3;0.5;33;101;0.5364807;259;235.604;11;0
5334;54;11;0.3;0.5;34;102;0.5130435;236;237.3627;11;1
5335;54;11;0.3;0.5;35;101;0.4918033;238;237.802;11;0
5336;54;11;0.3;0.5;36;101;0.5282258;222;237.9604;11;0
5337;54;11;0.3;0.5;37;102;0.5066667;243;236.5196;11;1
5338;54;11;0.3;0.5;38;101;0.4618474;236;236.604;11;0
5339;54;11;0.3;0.5;39;101;0.5;242;236.9802;11;0
5340;54;11;0.3;0.5;40;101;0.5179283;242;236.7624;11;0
5341;54;11;0.3;0.5;41;101;0.4747899;247;237.3366;11;0
5342;54;11;0.3;0.5;42;101;0.4697674;230;235.8812;11;0
5343;54;11;0.3;0.5;43;102;0.5194805;238;237.9314;11;1
5344;54;11;0.3;0.5;44;101;0.513834;241;237.1881;11;0
5345;54;11;0.3;0.5;45;102;0.5205479;264;236.8824;11;1
5346;54;11;0.3;0.5;46;102;0.4938272;251;236.3627;11;1
5347;54;11;0.3;0.5;47;101;0.536965;216;235.7723;11;0
5348;54;11;0.3;0.5;48;104;0.48;259;237.8365;11;3
5349;54;11;0.3;0.5;49;103;0.4054054;236;235.9806;11;2
5350;54;11;0.3;0.5;50;101;0.5144033;214;235.5941;11;0
5351;54;11;0.3;0.5;51;101;0.6;257;237.4158;11;0
5352;54;11;0.3;0.5;52;101;0.4937238;245;235.2574;11;0
5353;54;11;0.3;0.5;53;102;0.532;217;236.3137;11;1
5354;54;11;0.3;0.5;54;102;0.5042373;234;236.098;11;1
5355;54;11;0.3;0.5;55;101;0.5625;206;237.1386;11;0
5356;54;11;0.3;0.5;56;105;0.512;238;236.5714;11;4
5357;54;11;0.3;0.5;57;102;0.5020921;217;235.7157;11;1
5358;54;11;0.3;0.5;58;104;0.5;244;235.2404;11;3
5359;54;11;0.3;0.5;59;101;0.4761905;241;238.703;11;0
5360;54;11;0.3;0.5;60;103;0.5086957;249;236.1845;11;2
5361;54;11;0.3;0.5;61;101;0.506383;217;235.7822;11;0
5362;54;11;0.3;0.5;62;101;0.4824561;245;238.0594;11;0
5363;54;11;0.3;0.5;63;102;0.512605;230;235;11;1
5364;54;11;0.3;0.5;64;105;0.495614;227;234.9238;11;4
5365;54;11;0.3;0.5;65;102;0.5098039;233;238.4412;11;1
5366;54;11;0.3;0.5;66;102;0.5265487;242;237.3333;11;1
5367;54;11;0.3;0.5;67;101;0.5147679;250;237.099;11;0
5368;54;11;0.3;0.5;68;101;0.4676806;209;236.2376;11;0
5369;54;11;0.3;0.5;69;102;0.5384615;275;238.3039;11;1
5370;54;11;0.3;0.5;70;101;0.5287356;222;235.4455;11;0
5371;54;11;0.3;0.5;71;101;0.4596774;240;237.1683;11;0
5372;54;11;0.3;0.5;72;102;0.4776786;244;237.451;11;1
5373;54;11;0.3;0.5;73;101;0.5093458;242;234.9901;11;0
5374;54;11;0.3;0.5;74;102;0.4806867;243;238.1667;11;1
5375;54;11;0.3;0.5;75;101;0.4778761;238;236.9505;11;0
5376;54;11;0.3;0.5;76;101;0.5;248;236.6634;11;0
5377;54;11;0.3;0.5;77;101;0.5217391;232;237.7822;11;0
5378;54;11;0.3;0.5;78;102;0.4719626;247;236.7059;11;1
5379;54;11;0.3;0.5;79;101;0.5145228;233;237.6931;11;0
5380;54;11;0.3;0.5;80;101;0.4978723;249;236.8515;11;0
5381;54;11;0.3;0.5;81;101;0.5113122;256;237.4257;11;0
5382;54;11;0.3;0.5;82;101;0.4745763;257;235.7129;11;0
5383;54;11;0.3;0.5;83;101;0.4954128;225;237.5347;11;0
5384;54;11;0.3;0.5;84;102;0.4978723;235;235.6569;11;1
5385;54;11;0.3;0.5;85;103;0.4697674;234;236.2621;11;2
5386;54;11;0.3;0.5;86;101;0.5439331;222;238.0396;11;0
5387;54;11;0.3;0.5;87;101;0.5325203;233;237.7624;11;0
5388;54;11;0.3;0.5;88;105;0.4814815;243;236.181;11;4
5389;54;11;0.3;0.5;89;103;0.4757709;242;235.6699;11;2
5390;54;11;0.3;0.5;90;101;0.512931;246;237.3069;11;0
5391;54;11;0.3;0.5;91;101;0.4786325;239;236.7525;11;0
5392;54;11;0.3;0.5;92;101;0.5313808;235;238.1683;11;0
5393;54;11;0.3;0.5;93;101;0.5669643;249;237.4257;11;0
5394;54;11;0.3;0.5;94;103;0.5425101;213;235.3495;11;2
5395;54;11;0.3;0.5;95;101;0.5155556;227;237.5644;11;0
5396;54;11;0.3;0.5;96;101;0.526971;230;237.5644;11;0
5397;54;11;0.3;0.5;97;102;0.5475113;244;236.598;11;1
5398;54;11;0.3;0.5;98;101;0.4666667;228;237.6931;11;0
5399;54;11;0.3;0.5;99;102;0.46;240;236.3922;11;1
5400;54;11;0.3;0.5;100;101;0.5344828;233;236.4455;11;0
5401;55;13;0.3;0.5;1;101;0.5021834;234;235.9505;13;0
5402;55;13;0.3;0.5;2;104;0.526087;230;238.0673;13;3
5403;55;13;0.3;0.5;3;104;0.5328185;244;238.875;13;3
5404;55;13;0.3;0.5;4;101;0.4705882;268;238.9109;13;0
5405;55;13;0.3;0.5;5;110;0.4741379;246;235.8909;13;9
5406;55;13;0.3;0.5;6;106;0.472103;239;237.9057;13;5
5407;55;13;0.3;0.5;7;101;0.5822222;253;238.7723;13;0
5408;55;13;0.3;0.5;8;101;0.4725738;252;236.5941;13;0
5409;55;13;0.3;0.5;9;101;0.5439331;236;236.604;13;0
5410;55;13;0.3;0.5;10;102;0.5164319;246;236.049;13;1
5411;55;13;0.3;0.5;11;101;0.4449153;226;235.1485;13;0
5412;55;13;0.3;0.5;12;103;0.5182186;207;236.5437;13;2
5413;55;13;0.3;0.5;13;101;0.5019455;213;236.4158;13;0
5414;55;13;0.3;0.5;14;102;0.4556962;237;236.0588;13;1
5415;55;13;0.3;0.5;15;103;0.488189;236;237.7573;13;2
5416;55;13;0.3;0.5;16;103;0.5625;210;236.7961;13;2
5417;55;13;0.3;0.5;17;105;0.5352697;232;237.3714;13;4
5418;55;13;0.3;0.5;18;102;0.4830508;228;237.0588;13;1
5419;55;13;0.3;0.5;19;101;0.5321101;238;235.8317;13;0
5420;55;13;0.3;0.5;20;101;0.4846154;214;238.703;13;0
5421;55;13;0.3;0.5;21;101;0.5189873;206;236.396;13;0
5422;55;13;0.3;0.5;22;101;0.4560669;196;234.4257;13;0
5423;55;13;0.3;0.5;23;102;0.5462963;259;236.6961;13;1
5424;55;13;0.3;0.5;24;101;0.4487179;235;236.8812;13;0
5425;55;13;0.3;0.5;25;102;0.4956897;239;236.4118;13;1
5426;55;13;0.3;0.5;26;101;0.5079365;226;237.4455;13;0
5427;55;13;0.3;0.5;27;102;0.5433962;204;236.049;13;1
5428;55;13;0.3;0.5;28;102;0.4615385;230;236.1961;13;1
5429;55;13;0.3;0.5;29;103;0.5188285;214;237.6893;13;2
5430;55;13;0.3;0.5;30;104;0.5286885;257;236.2885;13;3
5431;55;13;0.3;0.5;31;101;0.464135;227;236.9208;13;0
5432;55;13;0.3;0.5;32;101;0.5;232;237.9406;13;0
5433;55;13;0.3;0.5;33;101;0.4767932;243;236.099;13;0
5434;55;13;0.3;0.5;34;102;0.5517241;243;236.7843;13;1
5435;55;13;0.3;0.5;35;102;0.5107296;267;236.4314;13;1
5436;55;13;0.3;0.5;36;102;0.473029;237;236.8137;13;1
5437;55;13;0.3;0.5;37;102;0.5238095;223;236.1176;13;1
5438;55;13;0.3;0.5;38;101;0.4664032;232;238.1386;13;0
5439;55;13;0.3;0.5;39;101;0.480916;245;237.7525;13;0
5440;55;13;0.3;0.5;40;101;0.5021277;240;235.3069;13;0
5441;55;13;0.3;0.5;41;102;0.5228216;212;236.2451;13;1
5442;55;13;0.3;0.5;42;101;0.4298643;253;236.6733;13;0
5443;55;13;0.3;0.5;43;101;0.462406;227;235.4653;13;0
5444;55;13;0.3;0.5;44;101;0.4900398;245;237.099;13;0
5445;55;13;0.3;0.5;45;101;0.490566;239;237.1485;13;0
5446;55;13;0.3;0.5;46;101;0.5;220;236.6436;13;0
5447;55;13;0.3;0.5;47;103;0.478673;232;236.5922;13;2
5448;55;13;0.3;0.5;48;102;0.4875;227;236.7745;13;1
5449;55;13;0.3;0.5;49;101;0.484127;252;235.5446;13;0
5450;55;13;0.3;0.5;50;101;0.5321888;241;236.4851;13;0
5451;55;13;0.3;0.5;51;101;0.5116279;232;236.1881;13;0
5452;55;13;0.3;0.5;52;102;0.4517544;242;237.4902;13;1
5453;55;13;0.3;0.5;53;102;0.5391705;250;236.4902;13;1
5454;55;13;0.3;0.5;54;101;0.5585938;235;234.7525;13;0
5455;55;13;0.3;0.5;55;105;0.4863813;211;235.8857;13;4
5456;55;13;0.3;0.5;56;101;0.5133929;273;236.9802;13;0
5457;55;13;0.3;0.5;57;101;0.5350877;219;237.9901;13;0
5458;55;13;0.3;0.5;58;102;0.4978166;222;237.4216;13;1
5459;55;13;0.3;0.5;59;102;0.5023256;240;237.5784;13;1
5460;55;13;0.3;0.5;60;101;0.4788136;259;236.2178;13;0
5461;55;13;0.3;0.5;61;101;0.5333333;244;235.8515;13;0
5462;55;13;0.3;0.5;62;102;0.5509259;245;236.2745;13;1
5463;55;13;0.3;0.5;63;101;0.529148;251;237.495;13;0
5464;55;13;0.3;0.5;64;101;0.5447154;239;238.3762;13;0
5465;55;13;0.3;0.5;65;103;0.4917355;212;236.6408;13;2
5466;55;13;0.3;0.5;66;101;0.5023256;251;234.7822;13;0
5467;55;13;0.3;0.5;67;102;0.5057034;264;236.2941;13;1
5468;55;13;0.3;0.5;68;103;0.4942529;230;237.5922;13;2
5469;55;13;0.3;0.5;69;103;0.4463519;222;236.7184;13;2
5470;55;13;0.3;0.5;70;106;0.4736842;236;236.0472;13;5
5471;55;13;0.3;0.5;71;101;0.5253456;276;237.6436;13;0
5472;55;13;0.3;0.5;72;101;0.4608696;241;237.1287;13;0
5473;55;13;0.3;0.5;73;102;0.5044643;232;237.8529;13;1
5474;55;13;0.3;0.5;74;101;0.4748858;236;235.5248;13;0
5475;55;13;0.3;0.5;75;101;0.5201794;244;236.3168;13;0
5476;55;13;0.3;0.5;76;102;0.5433071;236;237.1863;13;1
5477;55;13;0.3;0.5;77;103;0.5277778;242;236.4951;13;2
5478;55;13;0.3;0.5;78;102;0.4957265;255;236.0882;13;1
5479;55;13;0.3;0.5;79;102;0.4897119;245;237.0294;13;1
5480;55;13;0.3;0.5;80;102;0.5672269;228;236.3431;13;1
5481;55;13;0.3;0.5;81;101;0.4612069;235;238.2475;13;0
5482;55;13;0.3;0.5;82;103;0.5159817;240;237.8252;13;2
5483;55;13;0.3;0.5;83;101;0.4666667;220;236.3564;13;0
5484;55;13;0.3;0.5;84;101;0.4900398;221;235.6733;13;0
5485;55;13;0.3;0.5;85;101;0.4683544;260;235.6634;13;0
5486;55;13;0.3;0.5;86;101;0.5019305;248;237.3366;13;0
5487;55;13;0.3;0.5;87;101;0.5;230;236.2871;13;0
5488;55;13;0.3;0.5;88;104;0.5318352;233;237.4135;13;3
5489;55;13;0.3;0.5;89;101;0.512605;246;236.3366;13;0
5490;55;13;0.3;0.5;90;103;0.4615385;238;237.8932;13;2
5491;55;13;0.3;0.5;91;102;0.5391304;240;237.4608;13;1
5492;55;13;0.3;0.5;92;101;0.5136364;263;236.2574;13;0
5493;55;13;0.3;0.5;93;101;0.5638767;254;237.198;13;0
5494;55;13;0.3;0.5;94;102;0.4913043;229;238;13;1
5495;55;13;0.3;0.5;95;102;0.5690377;254;237.5882;13;1
5496;55;13;0.3;0.5;96;101;0.5115385;218;237.0099;13;0
5497;55;13;0.3;0.5;97;102;0.5751073;266;237.3725;13;1
5498;55;13;0.3;0.5;98;101;0.4754098;222;236.9604;13;0
5499;55;13;0.3;0.5;99;104;0.4911504;261;235.3269;13;3
5500;55;13;0.3;0.5;100;101;0.5285714;252;236.8614;13;0
5501;56;15;0.3;0.5;1;101;0.5378486;227;235.6337;15;0
5502;56;15;0.3;0.5;2;104;0.4900398;242;237.7404;15;3
5503;56;15;0.3;0.5;3;101;0.5042735;246;235.7228;15;0
5504;56;15;0.3;0.5;4;101;0.4980843;228;236.396;15;0
5505;56;15;0.3;0.5;5;101;0.457265;225;237.5842;15;0
5506;56;15;0.3;0.5;6;101;0.46875;237;234.9802;15;0
5507;56;15;0.3;0.5;7;107;0.5115207;249;239.5327;15;6
5508;56;15;0.3;0.5;8;104;0.437751;261;237.8942;15;3
5509;56;15;0.3;0.5;9;101;0.5175097;234;235.3663;15;0
5510;56;15;0.3;0.5;10;101;0.5078125;232;235.7525;15;0
5511;56;15;0.3;0.5;11;102;0.4941176;236;237.2745;15;1
5512;56;15;0.3;0.5;12;101;0.5294118;232;236.505;15;0
5513;56;15;0.3;0.5;13;101;0.4804688;237;235.5347;15;0
5514;56;15;0.3;0.5;14;103;0.4976526;240;235.466;15;2
5515;56;15;0.3;0.5;15;102;0.5062762;245;236.402;15;1
5516;56;15;0.3;0.5;16;103;0.4875;225;236.534;15;2
5517;56;15;0.3;0.5;17;102;0.4959677;211;235.3627;15;1
5518;56;15;0.3;0.5;18;103;0.5315315;222;235.0777;15;2
5519;56;15;0.3;0.5;19;102;0.5532787;233;237.9216;15;1
5520;56;15;0.3;0.5;20;101;0.5361702;239;236.0297;15;0
5521;56;15;0.3;0.5;21;101;0.5;228;237.198;15;0
5522;56;15;0.3;0.5;22;102;0.464135;253;236.0392;15;1
5523;56;15;0.3;0.5;23;102;0.4491525;253;236.8137;15;1
5524;56;15;0.3;0.5;24;104;0.5454545;237;237.7212;15;3
5525;56;15;0.3;0.5;25;101;0.5330396;262;237.1188;15;0
5526;56;15;0.3;0.5;26;101;0.5168067;251;236.2178;15;0
5527;56;15;0.3;0.5;27;101;0.452381;234;237.9208;15;0
5528;56;15;0.3;0.5;28;105;0.510917;240;237.0381;15;4
5529;56;15;0.3;0.5;29;102;0.4711111;242;237.6176;15;1
5530;56;15;0.3;0.5;30;101;0.5661157;215;237.901;15;0
5531;56;15;0.3;0.5;31;101;0.4526749;242;237.901;15;0
5532;56;15;0.3;0.5;32;101;0.5230126;246;237.1485;15;0
5533;56;15;0.3;0.5;33;101;0.5061224;255;237.4059;15;0
5534;56;15;0.3;0.5;34;101;0.5117371;241;235.7228;15;0
5535;56;15;0.3;0.5;35;101;0.4978541;237;236.5446;15;0
5536;56;15;0.3;0.5;36;101;0.48;234;237.0495;15;0
5537;56;15;0.3;0.5;37;102;0.5130112;256;237.0294;15;1
5538;56;15;0.3;0.5;38;101;0.5521236;242;237.4158;15;0
5539;56;15;0.3;0.5;39;102;0.5194805;224;236.4314;15;1
5540;56;15;0.3;0.5;40;101;0.52;227;236.7129;15;0
5541;56;15;0.3;0.5;41;101;0.4262948;229;237.9703;15;0
5542;56;15;0.3;0.5;42;101;0.510917;239;236.3762;15;0
5543;56;15;0.3;0.5;43;101;0.4877049;223;234.9307;15;0
5544;56;15;0.3;0.5;44;107;0.483871;237;235.8224;15;6
5545;56;15;0.3;0.5;45;101;0.5021834;227;236.6634;15;0
5546;56;15;0.3;0.5;46;105;0.4834711;235;235.7429;15;4
5547;56;15;0.3;0.5;47;102;0.4622222;249;237.451;15;1
5548;56;15;0.3;0.5;48;102;0.4588745;240;236.3824;15;1
5549;56;15;0.3;0.5;49;102;0.4598214;230;237.4118;15;1
5550;56;15;0.3;0.5;50;101;0.4954128;229;236.9307;15;0
5551;56;15;0.3;0.5;51;103;0.5263158;274;236.9223;15;2
5552;56;15;0.3;0.5;52;102;0.5454545;238;236.5588;15;1
5553;56;15;0.3;0.5;53;102;0.5100402;237;234.8235;15;1
5554;56;15;0.3;0.5;54;107;0.490566;242;237.8692;15;6
5555;56;15;0.3;0.5;55;102;0.5274262;249;236.5196;15;1
5556;56;15;0.3;0.5;56;102;0.4573643;223;236.8137;15;1
5557;56;15;0.3;0.5;57;101;0.5021097;221;236.6139;15;0
5558;56;15;0.3;0.5;58;102;0.5438596;253;237.3725;15;1
5559;56;15;0.3;0.5;59;101;0.539823;248;238.4059;15;0
5560;56;15;0.3;0.5;60;103;0.5308642;242;237.2524;15;2
5561;56;15;0.3;0.5;61;103;0.5088496;243;237.301;15;2
5562;56;15;0.3;0.5;62;101;0.4798206;231;235.3168;15;0
5563;56;15;0.3;0.5;63;101;0.4959677;257;238.3069;15;0
5564;56;15;0.3;0.5;64;102;0.492126;232;235.9706;15;1
5565;56;15;0.3;0.5;65;101;0.4942085;216;235.8812;15;0
5566;56;15;0.3;0.5;66;101;0.5086207;243;236.5347;15;0
5567;56;15;0.3;0.5;67;104;0.5446809;247;235.8173;15;3
5568;56;15;0.3;0.5;68;101;0.5339367;249;236.099;15;0
5569;56;15;0.3;0.5;69;101;0.5130435;256;236.7624;15;0
5570;56;15;0.3;0.5;70;104;0.5203252;233;238.0192;15;3
5571;56;15;0.3;0.5;71;102;0.4980989;226;237.5784;15;1
5572;56;15;0.3;0.5;72;101;0.4903846;258;236.8812;15;0
5573;56;15;0.3;0.5;73;101;0.4415584;243;238.1287;15;0
5574;56;15;0.3;0.5;74;101;0.5020408;234;236.0099;15;0
5575;56;15;0.3;0.5;75;102;0.4622222;255;235.8039;15;1
5576;56;15;0.3;0.5;76;101;0.5396825;241;238.0396;15;0
5577;56;15;0.3;0.5;77;101;0.5058366;235;238.6535;15;0
5578;56;15;0.3;0.5;78;109;0.5301724;237;236.2569;15;8
5579;56;15;0.3;0.5;79;102;0.5822785;255;237.1078;15;1
5580;56;15;0.3;0.5;80;101;0.522449;230;237.0693;15;0
5581;56;15;0.3;0.5;81;102;0.4618644;236;236.9314;15;1
5582;56;15;0.3;0.5;82;101;0.5;224;237.4455;15;0
5583;56;15;0.3;0.5;83;102;0.5474138;273;237.2843;15;1
5584;56;15;0.3;0.5;84;102;0.5042373;247;238.2843;15;1
5585;56;15;0.3;0.5;85;103;0.5384615;218;235.4563;15;2
5586;56;15;0.3;0.5;86;101;0.4516129;221;236.3366;15;0
5587;56;15;0.3;0.5;87;102;0.5411255;229;235.8235;15;1
5588;56;15;0.3;0.5;88;101;0.545082;216;236.8713;15;0
5589;56;15;0.3;0.5;89;102;0.4683544;248;237.4216;15;1
5590;56;15;0.3;0.5;90;101;0.484252;224;239.4257;15;0
5591;56;15;0.3;0.5;91;101;0.4875;234;238;15;0
5592;56;15;0.3;0.5;92;104;0.5424528;247;236.4519;15;3
5593;56;15;0.3;0.5;93;102;0.4754717;217;237.3235;15;1
5594;56;15;0.3;0.5;94;101;0.4559387;247;238.9307;15;0
5595;56;15;0.3;0.5;95;101;0.475;233;236.3564;15;0
5596;56;15;0.3;0.5;96;102;0.4872881;221;234.6078;15;1
5597;56;15;0.3;0.5;97;101;0.4821429;231;239.2772;15;0
5598;56;15;0.3;0.5;98;103;0.4396552;238;236.3786;15;2
5599;56;15;0.3;0.5;99;103;0.4763948;248;238.5825;15;2
5600;56;15;0.3;0.5;100;102;0.4457831;217;236.2941;15;1
5601;57;17;0.3;0.5;1;101;0.4537037;261;237.7327;17;0
5602;57;17;0.3;0.5;2;101;0.526971;228;235.6238;17;0
5603;57;17;0.3;0.5;3;102;0.5426009;237;237.9314;17;1
5604;57;17;0.3;0.5;4;102;0.4938272;235;236.4608;17;1
5605;57;17;0.3;0.5;5;101;0.5338983;240;236.3861;17;0
5606;57;17;0.3;0.5;6;101;0.5213675;219;237.3564;17;0
5607;57;17;0.3;0.5;7;104;0.5145228;238;234.9038;17;3
5608;57;17;0.3;0.5;8;101;0.5108225;253;235.4653;17;0
5609;57;17;0.3;0.5;9;101;0.4848485;242;235.8317;17;0
5610;57;17;0.3;0.5;10;103;0.5088496;257;236.0971;17;2
5611;57;17;0.3;0.5;11;101;0.468;231;238.9901;17;0
5612;57;17;0.3;0.5;12;103;0.4910714;262;235.8641;17;2
5613;57;17;0.3;0.5;13;101;0.5168067;236;236.2772;17;0
5614;57;17;0.3;0.5;14;101;0.5254237;215;237.9307;17;0
5615;57;17;0.3;0.5;15;104;0.5204461;230;237.6346;17;3
5616;57;17;0.3;0.5;16;102;0.5106383;244;236.7941;17;1
5617;57;17;0.3;0.5;17;105;0.5;251;236.419;17;4
5618;57;17;0.3;0.5;18;102;0.4912281;269;238.0196;17;1
5619;57;17;0.3;0.5;19;101;0.5461847;230;236;17;0
5620;57;17;0.3;0.5;20;103;0.4789272;207;238.5922;17;2
5621;57;17;0.3;0.5;21;102;0.513834;240;234.8725;17;1
5622;57;17;0.3;0.5;22;102;0.5177866;232;234.1863;17;1
5623;57;17;0.3;0.5;23;103;0.5333333;240;236.0291;17;2
5624;57;17;0.3;0.5;24;101;0.5427509;226;237.802;17;0
5625;57;17;0.3;0.5;25;104;0.4420601;235;236.3077;17;3
5626;57;17;0.3;0.5;26;101;0.5686275;218;235.8614;17;0
5627;57;17;0.3;0.5;27;101;0.5855856;246;237.5149;17;0
5628;57;17;0.3;0.5;28;101;0.4813084;226;235.8911;17;0
5629;57;17;0.3;0.5;29;102;0.4530612;230;236.9706;17;1
5630;57;17;0.3;0.5;30;101;0.4919355;233;236.3564;17;0
5631;57;17;0.3;0.5;31;106;0.5731707;229;236.5943;17;5
5632;57;17;0.3;0.5;32;101;0.4364407;233;237.2574;17;0
5633;57;17;0.3;0.5;33;103;0.5321101;258;238.0777;17;2
5634;57;17;0.3;0.5;34;102;0.4843049;249;236.9804;17;1
5635;57;17;0.3;0.5;35;102;0.4841629;224;236.1569;17;1
5636;57;17;0.3;0.5;36;102;0.4872881;220;236.2843;17;1
5637;57;17;0.3;0.5;37;101;0.4388186;229;236.2475;17;0
5638;57;17;0.3;0.5;38;101;0.506383;245;238;17;0
5639;57;17;0.3;0.5;39;101;0.4826087;240;238.9505;17;0
5640;57;17;0.3;0.5;40;103;0.5617021;241;236.0485;17;2
5641;57;17;0.3;0.5;41;101;0.5139442;239;235.8119;17;0
5642;57;17;0.3;0.5;42;101;0.456621;239;237.9307;17;0
5643;57;17;0.3;0.5;43;103;0.5584416;231;236.8155;17;2
5644;57;17;0.3;0.5;44;103;0.4439252;237;236.5437;17;2
5645;57;17;0.3;0.5;45;101;0.5443548;225;236.6238;17;0
5646;57;17;0.3;0.5;46;104;0.5230126;238;236.2885;17;3
5647;57;17;0.3;0.5;47;101;0.4672489;224;236.0891;17;0
5648;57;17;0.3;0.5;48;102;0.4597156;263;236.9902;17;1
5649;57;17;0.3;0.5;49;102;0.526749;207;236.5686;17;1
5650;57;17;0.3;0.5;50;101;0.5228216;257;237.8218;17;0
5651;57;17;0.3;0.5;51;102;0.5273438;232;233.8922;17;1
5652;57;17;0.3;0.5;52;105;0.4857143;231;237.1048;17;4
5653;57;17;0.3;0.5;53;101;0.4922481;232;237.1287;17;0
5654;57;17;0.3;0.5;54;101;0.5123967;215;236.9703;17;0
5655;57;17;0.3;0.5;55;101;0.4810127;243;236.9406;17;0
5656;57;17;0.3;0.5;56;104;0.4980989;256;235.8654;17;3
5657;57;17;0.3;0.5;57;103;0.5234043;217;236.5146;17;2
5658;57;17;0.3;0.5;58;101;0.5248869;232;237.7723;17;0
5659;57;17;0.3;0.5;59;101;0.5258216;250;235.2871;17;0
5660;57;17;0.3;0.5;60;101;0.4767932;243;238.5545;17;0
5661;57;17;0.3;0.5;61;102;0.5656109;240;237.2157;17;1
5662;57;17;0.3;0.5;62;101;0.4468085;243;237.6733;17;0
5663;57;17;0.3;0.5;63;102;0.486166;236;235.8725;17;1
5664;57;17;0.3;0.5;64;103;0.4793388;219;235.233;17;2
5665;57;17;0.3;0.5;65;101;0.5089286;243;234.6238;17;0
5666;57;17;0.3;0.5;66;103;0.4485981;233;235.2427;17;2
5667;57;17;0.3;0.5;67;101;0.4788136;235;234.8614;17;0
5668;57;17;0.3;0.5;68;101;0.5191489;236;237.7921;17;0
5669;57;17;0.3;0.5;69;102;0.5022222;241;236.549;17;1
5670;57;17;0.3;0.5;70;101;0.4882629;226;237.6337;17;0
5671;57;17;0.3;0.5;71;105;0.5462963;262;236.1619;17;4
5672;57;17;0.3;0.5;72;104;0.440678;243;234.6635;17;3
5673;57;17;0.3;0.5;73;101;0.4663866;244;236.0594;17;0
5674;57;17;0.3;0.5;74;103;0.4508929;226;236.3883;17;2
5675;57;17;0.3;0.5;75;101;0.5254902;232;236.2475;17;0
5676;57;17;0.3;0.5;76;101;0.5311203;251;239.1089;17;0
5677;57;17;0.3;0.5;77;102;0.4884793;218;237.3039;17;1
5678;57;17;0.3;0.5;78;101;0.5325203;207;237.3465;17;0
5679;57;17;0.3;0.5;79;105;0.5523013;218;235.7238;17;4
5680;57;17;0.3;0.5;80;102;0.5261194;240;236.7941;17;1
5681;57;17;0.3;0.5;81;101;0.493617;256;237.0792;17;0
5682;57;17;0.3;0.5;82;101;0.5440613;254;237.6733;17;0
5683;57;17;0.3;0.5;83;101;0.5165289;228;237.099;17;0
5684;57;17;0.3;0.5;84;101;0.5428571;241;236.8911;17;0
5685;57;17;0.3;0.5;85;102;0.5090909;234;237.8431;17;1
5686;57;17;0.3;0.5;86;101;0.5244444;238;237.4851;17;0
5687;57;17;0.3;0.5;87;102;0.4979592;219;236.5882;17;1
5688;57;17;0.3;0.5;88;101;0.5846774;214;236.2178;17;0
5689;57;17;0.3;0.5;89;101;0.5019455;205;235.9406;17;0
5690;57;17;0.3;0.5;90;102;0.502008;219;235.0392;17;1
5691;57;17;0.3;0.5;91;102;0.5208333;235;235.5392;17;1
5692;57;17;0.3;0.5;92;101;0.526087;233;235.7327;17;0
5693;57;17;0.3;0.5;93;102;0.5418502;248;233.4118;17;1
5694;57;17;0.3;0.5;94;101;0.5411255;233;237.0297;17;0
5695;57;17;0.3;0.5;95;102;0.4933333;242;237.3529;17;1
5696;57;17;0.3;0.5;96;101;0.5083333;237;237.5842;17;0
5697;57;17;0.3;0.5;97;101;0.4979079;245;235.703;17;0
5698;57;17;0.3;0.5;98;101;0.5;247;236.2079;17;0
5699;57;17;0.3;0.5;99;101;0.4761905;235;238.3069;17;0
5700;57;17;0.3;0.5;100;101;0.5504202;249;238.7327;17;0
5701;58;19;0.3;0.5;1;105;0.5311203;246;236.6667;19;4
5702;58;19;0.3;0.5;2;109;0.5;228;235.5413;19;8
5703;58;19;0.3;0.5;3;102;0.4939759;223;235.9608;19;1
5704;58;19;0.3;0.5;4;103;0.4853556;231;237.0291;19;2
5705;58;19;0.3;0.5;5;102;0.489083;221;237.9902;19;1
5706;58;19;0.3;0.5;6;105;0.4609375;215;237.1238;19;4
5707;58;19;0.3;0.5;7;101;0.4979424;230;235.5149;19;0
5708;58;19;0.3;0.5;8;102;0.4464286;239;235.2745;19;1
5709;58;19;0.3;0.5;9;103;0.5;242;236.7767;19;2
5710;58;19;0.3;0.5;10;101;0.4759825;249;236.604;19;0
5711;58;19;0.3;0.5;11;104;0.5146444;238;236.8077;19;3
5712;58;19;0.3;0.5;12;101;0.5390625;242;236.4356;19;0
5713;58;19;0.3;0.5;13;104;0.4728033;221;238.1538;19;3
5714;58;19;0.3;0.5;14;101;0.5286344;245;237.198;19;0
5715;58;19;0.3;0.5;15;103;0.5497835;238;236.4563;19;2
5716;58;19;0.3;0.5;16;101;0.4824561;243;235.1881;19;0
5717;58;19;0.3;0.5;17;102;0.4782609;240;235.4608;19;1
5718;58;19;0.3;0.5;18;101;0.5330396;254;237.7525;19;0
5719;58;19;0.3;0.5;19;101;0.5;234;234.9604;19;0
5720;58;19;0.3;0.5;20;101;0.4881517;252;235.4455;19;0
5721;58;19;0.3;0.5;21;103;0.5206612;242;238.4854;19;2
5722;58;19;0.3;0.5;22;101;0.4615385;236;236.8614;19;0
5723;58;19;0.3;0.5;23;102;0.504386;244;237.4118;19;1
5724;58;19;0.3;0.5;24;101;0.5023041;229;236.0594;19;0
5725;58;19;0.3;0.5;25;104;0.539749;252;237.2019;19;3
5726;58;19;0.3;0.5;26;101;0.4605263;238;233.604;19;0
5727;58;19;0.3;0.5;27;102;0.5148936;263;237.7157;19;1
5728;58;19;0.3;0.5;28;101;0.4769874;245;239;19;0
5729;58;19;0.3;0.5;29;101;0.5100402;229;234.8614;19;0
5730;58;19;0.3;0.5;30;102;0.5175439;228;237.902;19;1
5731;58;19;0.3;0.5;31;101;0.5;227;238.7822;19;0
5732;58;19;0.3;0.5;32;101;0.4784314;230;237.5149;19;0
5733;58;19;0.3;0.5;33;105;0.4876033;231;238.2952;19;4
5734;58;19;0.3;0.5;34;102;0.4836066;251;237.2059;19;1
5735;58;19;0.3;0.5;35;101;0.4803493;234;236.1584;19;0
5736;58;19;0.3;0.5;36;101;0.5636364;230;236.4257;19;0
5737;58;19;0.3;0.5;37;102;0.4957983;229;235.4706;19;1
5738;58;19;0.3;0.5;38;101;0.511811;231;237.0495;19;0
5739;58;19;0.3;0.5;39;103;0.5;237;236.4175;19;2
5740;58;19;0.3;0.5;40;101;0.4644351;241;237.4158;19;0
5741;58;19;0.3;0.5;41;104;0.5301724;235;239.5;19;3
5742;58;19;0.3;0.5;42;101;0.512;215;235.7525;19;0
5743;58;19;0.3;0.5;43;103;0.5119617;229;237.699;19;2
5744;58;19;0.3;0.5;44;107;0.497992;220;235.8505;19;6
5745;58;19;0.3;0.5;45;102;0.4675325;226;236.5882;19;1
5746;58;19;0.3;0.5;46;101;0.4769874;237;236.2475;19;0
5747;58;19;0.3;0.5;47;102;0.4431373;239;235.7255;19;1
5748;58;19;0.3;0.5;48;101;0.4792627;238;235.6832;19;0
5749;58;19;0.3;0.5;49;101;0.5462185;241;235.1287;19;0
5750;58;19;0.3;0.5;50;101;0.5131579;262;236.9307;19;0
5751;58;19;0.3;0.5;51;102;0.4465116;243;236.7843;19;1
5752;58;19;0.3;0.5;52;102;0.4851064;216;238.6471;19;1
5753;58;19;0.3;0.5;53;101;0.4292035;272;238.4356;19;0
5754;58;19;0.3;0.5;54;102;0.5221239;239;236.6765;19;1
5755;58;19;0.3;0.5;55;101;0.547619;234;236.2871;19;0
5756;58;19;0.3;0.5;56;107;0.4533898;237;236.7196;19;6
5757;58;19;0.3;0.5;57;101;0.4661017;241;236.6733;19;0
5758;58;19;0.3;0.5;58;102;0.5;242;236.451;19;1
5759;58;19;0.3;0.5;59;101;0.5517241;257;238.4851;19;0
5760;58;19;0.3;0.5;60;101;0.5344828;228;236.3267;19;0
5761;58;19;0.3;0.5;61;103;0.4927007;198;236.9612;19;2
5762;58;19;0.3;0.5;62;101;0.4918699;204;236.7426;19;0
5763;58;19;0.3;0.5;63;102;0.4824561;229;236.2941;19;1
5764;58;19;0.3;0.5;64;102;0.4896266;201;237.9118;19;1
5765;58;19;0.3;0.5;65;104;0.5299539;245;237.2404;19;3
5766;58;19;0.3;0.5;66;101;0.5185185;240;237.5446;19;0
5767;58;19;0.3;0.5;67;101;0.5289256;206;237.0495;19;0
5768;58;19;0.3;0.5;68;101;0.5454545;243;237.5842;19;0
5769;58;19;0.3;0.5;69;101;0.5426009;220;234.7228;19;0
5770;58;19;0.3;0.5;70;101;0.5327869;210;238.9703;19;0
5771;58;19;0.3;0.5;71;105;0.4793388;230;235.8952;19;4
5772;58;19;0.3;0.5;72;102;0.5407725;223;236.3529;19;1
5773;58;19;0.3;0.5;73;102;0.4979424;244;236.4216;19;1
5774;58;19;0.3;0.5;74;101;0.5304348;234;239.3366;19;0
5775;58;19;0.3;0.5;75;104;0.5365854;226;237.3942;19;3
5776;58;19;0.3;0.5;76;101;0.4699248;223;237.9406;19;0
5777;58;19;0.3;0.5;77;101;0.4458874;237;237.7426;19;0
5778;58;19;0.3;0.5;78;101;0.438914;249;236.2475;19;0
5779;58;19;0.3;0.5;79;101;0.5021645;245;236.9505;19;0
5780;58;19;0.3;0.5;80;101;0.5535714;246;237.9901;19;0
5781;58;19;0.3;0.5;81;105;0.491453;245;235.9238;19;4
5782;58;19;0.3;0.5;82;101;0.508547;223;237.3267;19;0
5783;58;19;0.3;0.5;83;104;0.5221675;262;237.3942;19;3
5784;58;19;0.3;0.5;84;104;0.5590909;251;236.3365;19;3
5785;58;19;0.3;0.5;85;101;0.5042735;238;238.0891;19;0
5786;58;19;0.3;0.5;86;101;0.5021459;237;236.5644;19;0
5787;58;19;0.3;0.5;87;101;0.5316456;242;237.3861;19;0
5788;58;19;0.3;0.5;88;102;0.4285714;245;237.4412;19;1
5789;58;19;0.3;0.5;89;102;0.4716981;230;234.6667;19;1
5790;58;19;0.3;0.5;90;101;0.4792627;234;238.5545;19;0
5791;58;19;0.3;0.5;91;101;0.5497835;236;237.5545;19;0
5792;58;19;0.3;0.5;92;102;0.5059761;234;236.6275;19;1
5793;58;19;0.3;0.5;93;102;0.5;285;238.3235;19;1
5794;58;19;0.3;0.5;94;102;0.4608696;229;235.8824;19;1
5795;58;19;0.3;0.5;95;101;0.5511111;222;237.5644;19;0
5796;58;19;0.3;0.5;96;103;0.4666667;214;237.2427;19;2
5797;58;19;0.3;0.5;97;102;0.4875;210;237.8922;19;1
5798;58;19;0.3;0.5;98;103;0.5117188;230;235.8544;19;2
5799;58;19;0.3;0.5;99;101;0.5619835;231;236.505;19;0
5800;58;19;0.3;0.5;100;101;0.5211864;260;236.2574;19;0
5801;59;21;0.3;0.5;1;101;0.4844961;231;238.4356;21;0
5802;59;21;0.3;0.5;2;102;0.483871;229;236.5392;21;1
5803;59;21;0.3;0.5;3;101;0.4541833;236;238.3465;21;0
5804;59;21;0.3;0.5;4;101;0.5041667;256;237.198;21;0
5805;59;21;0.3;0.5;5;101;0.4669811;217;237.0297;21;0
5806;59;21;0.3;0.5;6;101;0.4925926;228;235.7327;21;0
5807;59;21;0.3;0.5;7;111;0.4957983;225;234.5315;21;10
5808;59;21;0.3;0.5;8;102;0.5388128;246;236.9706;21;1
5809;59;21;0.3;0.5;9;101;0.4561404;246;237.2079;21;0
5810;59;21;0.3;0.5;10;101;0.5106383;238;235.6535;21;0
5811;59;21;0.3;0.5;11;101;0.4805195;240;236.4257;21;0
5812;59;21;0.3;0.5;12;102;0.5366972;243;236.0588;21;1
5813;59;21;0.3;0.5;13;101;0.489083;229;238.6535;21;0
5814;59;21;0.3;0.5;14;101;0.4827586;192;236.4851;21;0
5815;59;21;0.3;0.5;15;101;0.5205479;234;237.4257;21;0
5816;59;21;0.3;0.5;16;102;0.556962;245;235.8922;21;1
5817;59;21;0.3;0.5;17;103;0.5;228;236.4854;21;2
5818;59;21;0.3;0.5;18;103;0.4769874;244;237.2816;21;2
5819;59;21;0.3;0.5;19;101;0.5084034;228;236.6238;21;0
5820;59;21;0.3;0.5;20;103;0.5665236;237;236.2427;21;2
5821;59;21;0.3;0.5;21;101;0.4696356;224;237.5941;21;0
5822;59;21;0.3;0.5;22;101;0.5327511;264;236.9109;21;0
5823;59;21;0.3;0.5;23;101;0.5324074;244;235.6832;21;0
5824;59;21;0.3;0.5;24;103;0.5899582;247;237.4175;21;2
5825;59;21;0.3;0.5;25;102;0.4618834;244;238.5784;21;1
5826;59;21;0.3;0.5;26;101;0.5176991;270;234.9406;21;0
5827;59;21;0.3;0.5;27;101;0.5458167;226;236.5545;21;0
5828;59;21;0.3;0.5;28;102;0.527897;242;236.6471;21;1
5829;59;21;0.3;0.5;29;102;0.4959677;250;237.0686;21;1
5830;59;21;0.3;0.5;30;102;0.5289256;226;236.4608;21;1
5831;59;21;0.3;0.5;31;101;0.5139442;233;237.6931;21;0
5832;59;21;0.3;0.5;32;101;0.5121951;245;237.2376;21;0
5833;59;21;0.3;0.5;33;101;0.496124;227;237.3465;21;0
5834;59;21;0.3;0.5;34;101;0.5206612;244;238.703;21;0
5835;59;21;0.3;0.5;35;102;0.4918033;257;236.1667;21;1
5836;59;21;0.3;0.5;36;101;0.5234375;249;237.0099;21;0
5837;59;21;0.3;0.5;37;101;0.5108225;275;236.0297;21;0
5838;59;21;0.3;0.5;38;102;0.4853556;255;237.9216;21;1
5839;59;21;0.3;0.5;39;103;0.5368852;234;236.5922;21;2
5840;59;21;0.3;0.5;40;101;0.504386;231;236.1386;21;0
5841;59;21;0.3;0.5;41;101;0.495935;251;237.9604;21;0
5842;59;21;0.3;0.5;42;104;0.4727273;256;236.4423;21;3
5843;59;21;0.3;0.5;43;104;0.4939271;232;237.9712;21;3
5844;59;21;0.3;0.5;44;102;0.4669421;239;240.1863;21;1
5845;59;21;0.3;0.5;45;101;0.5517241;233;237.7822;21;0
5846;59;21;0.3;0.5;46;101;0.4793388;247;236.7426;21;0
5847;59;21;0.3;0.5;47;104;0.4819277;241;236.5192;21;3
5848;59;21;0.3;0.5;48;101;0.518018;240;236.8713;21;0
5849;59;21;0.3;0.5;49;101;0.4843049;238;236.0693;21;0
5850;59;21;0.3;0.5;50;101;0.4628821;252;236.9208;21;0
5851;59;21;0.3;0.5;51;102;0.4545455;202;236.4118;21;1
5852;59;21;0.3;0.5;52;101;0.4912281;243;235.9406;21;0
5853;59;21;0.3;0.5;53;101;0.4823009;243;237.7327;21;0
5854;59;21;0.3;0.5;54;101;0.5223214;230;237.4752;21;0
5855;59;21;0.3;0.5;55;101;0.5391705;252;236.1881;21;0
5856;59;21;0.3;0.5;56;104;0.5021097;231;236.5481;21;3
5857;59;21;0.3;0.5;57;101;0.5439331;222;236.8317;21;0
5858;59;21;0.3;0.5;58;105;0.5353982;235;236.4095;21;4
5859;59;21;0.3;0.5;59;101;0.5043478;258;237.7228;21;0
5860;59;21;0.3;0.5;60;101;0.5349794;226;235.0693;21;0
5861;59;21;0.3;0.5;61;104;0.5251142;276;238.1154;21;3
5862;59;21;0.3;0.5;62;101;0.4634146;258;235.7129;21;0
5863;59;21;0.3;0.5;63;104;0.4708333;255;236.6058;21;3
5864;59;21;0.3;0.5;64;101;0.5203252;219;235.8416;21;0
5865;59;21;0.3;0.5;65;103;0.4553571;241;237.0874;21;2
5866;59;21;0.3;0.5;66;101;0.4793388;245;238.1584;21;0
5867;59;21;0.3;0.5;67;101;0.5146444;218;238.2475;21;0
5868;59;21;0.3;0.5;68;101;0.4700855;248;236.6535;21;0
5869;59;21;0.3;0.5;69;102;0.4919355;244;235.5784;21;1
5870;59;21;0.3;0.5;70;101;0.4978541;222;236.0594;21;0
5871;59;21;0.3;0.5;71;101;0.508547;229;237.495;21;0
5872;59;21;0.3;0.5;72;103;0.5193798;233;239.8252;21;2
5873;59;21;0.3;0.5;73;102;0.5087719;227;234.9902;21;1
5874;59;21;0.3;0.5;74;102;0.5570776;253;237.902;21;1
5875;59;21;0.3;0.5;75;102;0.464;246;237.8431;21;1
5876;59;21;0.3;0.5;76;101;0.472103;242;238;21;0
5877;59;21;0.3;0.5;77;101;0.562212;244;235.4356;21;0
5878;59;21;0.3;0.5;78;102;0.4827586;234;236.598;21;1
5879;59;21;0.3;0.5;79;101;0.5322581;239;239.1782;21;0
5880;59;21;0.3;0.5;80;101;0.4625551;226;236.3564;21;0
5881;59;21;0.3;0.5;81;103;0.5103734;224;235.8641;21;2
5882;59;21;0.3;0.5;82;101;0.5043478;229;236.297;21;0
5883;59;21;0.3;0.5;83;101;0.484375;234;236.703;21;0
5884;59;21;0.3;0.5;84;101;0.5061224;226;235.2277;21;0
5885;59;21;0.3;0.5;85;103;0.4568966;245;235.7087;21;2
5886;59;21;0.3;0.5;86;104;0.4978903;218;236.7596;21;3
5887;59;21;0.3;0.5;87;103;0.4653061;246;233.534;21;2
5888;59;21;0.3;0.5;88;102;0.5077519;225;238.5098;21;1
5889;59;21;0.3;0.5;89;103;0.5688889;228;235.835;21;2
5890;59;21;0.3;0.5;90;103;0.5263158;237;236.5825;21;2
5891;59;21;0.3;0.5;91;101;0.5446429;245;236.7327;21;0
5892;59;21;0.3;0.5;92;102;0.5263158;224;239.9902;21;1
5893;59;21;0.3;0.5;93;101;0.482906;235;238.2475;21;0
5894;59;21;0.3;0.5;94;104;0.5131579;249;237.9038;21;3
5895;59;21;0.3;0.5;95;104;0.526971;240;235.9519;21;3
5896;59;21;0.3;0.5;96;101;0.5133929;222;237;21;0
5897;59;21;0.3;0.5;97;101;0.5363985;212;238.1485;21;0
5898;59;21;0.3;0.5;98;101;0.516129;243;236.5347;21;0
5899;59;21;0.3;0.5;99;101;0.4774775;239;235.9406;21;0
5900;59;21;0.3;0.5;100;105;0.4938776;214;236.9333;21;4
5901;60;23;0.3;0.5;1;105;0.520362;224;236.2476;23;4
5902;60;23;0.3;0.5;2;101;0.5327869;219;236.7426;23;0
5903;60;23;0.3;0.5;3;101;0.483871;232;236.2376;23;0
5904;60;23;0.3;0.5;4;102;0.47343;246;238.8529;23;1
5905;60;23;0.3;0.5;5;101;0.526749;222;235.8317;23;0
5906;60;23;0.3;0.5;6;103;0.4907407;261;237.932;23;2
5907;60;23;0.3;0.5;7;101;0.4624506;220;237.495;23;0
5908;60;23;0.3;0.5;8;101;0.4980237;224;236.9505;23;0
5909;60;23;0.3;0.5;9;103;0.5104603;235;236.233;23;2
5910;60;23;0.3;0.5;10;101;0.4912281;248;235.2574;23;0
5911;60;23;0.3;0.5;11;102;0.531746;240;239.4118;23;1
5912;60;23;0.3;0.5;12;102;0.456621;239;237.1961;23;1
5913;60;23;0.3;0.5;13;103;0.4693878;244;235.165;23;2
5914;60;23;0.3;0.5;14;102;0.4692982;237;236.4216;23;1
5915;60;23;0.3;0.5;15;101;0.518018;239;235.8812;23;0
5916;60;23;0.3;0.5;16;104;0.4980545;241;237.4231;23;3
5917;60;23;0.3;0.5;17;102;0.496124;235;237.1275;23;1
5918;60;23;0.3;0.5;18;101;0.48;235;237.4455;23;0
5919;60;23;0.3;0.5;19;104;0.527897;236;236.3365;23;3
5920;60;23;0.3;0.5;20;101;0.5495868;238;236.2574;23;0
5921;60;23;0.3;0.5;21;102;0.4917355;247;236.2745;23;1
5922;60;23;0.3;0.5;22;101;0.5147679;240;236.7426;23;0
5923;60;23;0.3;0.5;23;103;0.5823293;223;237.0777;23;2
5924;60;23;0.3;0.5;24;101;0.5227273;250;237.1485;23;0
5925;60;23;0.3;0.5;25;104;0.4627451;233;236.5962;23;3
5926;60;23;0.3;0.5;26;102;0.5207547;247;236.3627;23;1
5927;60;23;0.3;0.5;27;102;0.503937;223;236.0294;23;1
5928;60;23;0.3;0.5;28;102;0.4772727;256;237.8039;23;1
5929;60;23;0.3;0.5;29;101;0.5112108;238;237.6535;23;0
5930;60;23;0.3;0.5;30;102;0.4940711;221;237.3235;23;1
5931;60;23;0.3;0.5;31;101;0.4960938;216;237.2376;23;0
5932;60;23;0.3;0.5;32;101;0.4710425;229;237.505;23;0
5933;60;23;0.3;0.5;33;101;0.5210084;251;237.6337;23;0
5934;60;23;0.3;0.5;34;101;0.4510638;237;236.2772;23;0
5935;60;23;0.3;0.5;35;105;0.4937759;231;238.2952;23;4
5936;60;23;0.3;0.5;36;101;0.5062762;239;236.7228;23;0
5937;60;23;0.3;0.5;37;103;0.5159817;242;234.4272;23;2
5938;60;23;0.3;0.5;38;101;0.5080645;233;237.4257;23;0
5939;60;23;0.3;0.5;39;101;0.5423729;221;238.297;23;0
5940;60;23;0.3;0.5;40;101;0.4796748;215;237.1683;23;0
5941;60;23;0.3;0.5;41;102;0.5242291;242;237.0196;23;1
5942;60;23;0.3;0.5;42;105;0.5443548;231;236.9333;23;4
5943;60;23;0.3;0.5;43;101;0.4912281;225;234.3069;23;0
5944;60;23;0.3;0.5;44;102;0.4879032;226;238.7059;23;1
5945;60;23;0.3;0.5;45;104;0.4957983;235;237.9231;23;3
5946;60;23;0.3;0.5;46;101;0.468;234;237.1287;23;0
5947;60;23;0.3;0.5;47;105;0.4807692;242;237.581;23;4
5948;60;23;0.3;0.5;48;101;0.544;235;236.4752;23;0
5949;60;23;0.3;0.5;49;103;0.4795082;215;236.8738;23;2
5950;60;23;0.3;0.5;50;102;0.5;221;237.3824;23;1
5951;60;23;0.3;0.5;51;101;0.539823;260;234.5545;23;0
5952;60;23;0.3;0.5;52;103;0.5;238;235.5728;23;2
5953;60;23;0.3;0.5;53;102;0.4444444;205;237.2745;23;1
5954;60;23;0.3;0.5;54;101;0.4937759;227;239.0099;23;0
5955;60;23;0.3;0.5;55;102;0.4894515;245;237.4118;23;1
5956;60;23;0.3;0.5;56;106;0.4541667;240;236.8491;23;5
5957;60;23;0.3;0.5;57;101;0.4710744;229;237.4356;23;0
5958;60;23;0.3;0.5;58;101;0.4784483;255;237.1881;23;0
5959;60;23;0.3;0.5;59;101;0.5078125;234;237.8515;23;0
5960;60;23;0.3;0.5;60;101;0.4854369;248;238.1188;23;0
5961;60;23;0.3;0.5;61;101;0.5173913;231;235.8218;23;0
5962;60;23;0.3;0.5;62;101;0.511811;216;237.7129;23;0
5963;60;23;0.3;0.5;63;101;0.4979079;239;238.0594;23;0
5964;60;23;0.3;0.5;64;101;0.5294118;233;235.8713;23;0
5965;60;23;0.3;0.5;65;102;0.4767932;242;236.6569;23;1
5966;60;23;0.3;0.5;66;102;0.4788732;247;236.7157;23;1
5967;60;23;0.3;0.5;67;102;0.5294118;229;237.5392;23;1
5968;60;23;0.3;0.5;68;101;0.5579399;226;236.8812;23;0
5969;60;23;0.3;0.5;69;102;0.4941634;240;236.2941;23;1
5970;60;23;0.3;0.5;70;102;0.41841;239;238.0686;23;1
5971;60;23;0.3;0.5;71;101;0.5591837;235;236.0792;23;0
5972;60;23;0.3;0.5;72;102;0.4940239;220;234.2941;23;1
5973;60;23;0.3;0.5;73;105;0.5352697;219;235.0476;23;4
5974;60;23;0.3;0.5;74;102;0.5431034;245;236.7255;23;1
5975;60;23;0.3;0.5;75;101;0.4958333;240;237.2178;23;0
5976;60;23;0.3;0.5;76;102;0.4724409;247;237.2549;23;1
5977;60;23;0.3;0.5;77;103;0.5079365;228;237.0583;23;2
5978;60;23;0.3;0.5;78;102;0.4857143;231;237.8529;23;1
5979;60;23;0.3;0.5;79;101;0.4880952;219;237.5842;23;0
5980;60;23;0.3;0.5;80;105;0.4430894;237;236.6667;23;4
5981;60;23;0.3;0.5;81;102;0.4937759;226;236.902;23;1
5982;60;23;0.3;0.5;82;104;0.4978355;241;236.2788;23;3
5983;60;23;0.3;0.5;83;104;0.5357143;247;233.8654;23;3
5984;60;23;0.3;0.5;84;101;0.5240175;216;238.4455;23;0
5985;60;23;0.3;0.5;85;101;0.4841629;244;236.4158;23;0
5986;60;23;0.3;0.5;86;101;0.526971;231;238.4059;23;0
5987;60;23;0.3;0.5;87;102;0.5470085;241;238.7255;23;1
5988;60;23;0.3;0.5;88;101;0.4851852;221;238.4158;23;0
5989;60;23;0.3;0.5;89;101;0.526087;219;237.5842;23;0
5990;60;23;0.3;0.5;90;103;0.509434;246;235.3204;23;2
5991;60;23;0.3;0.5;91;102;0.5243902;238;236.2941;23;1
5992;60;23;0.3;0.5;92;102;0.4705882;244;238.5588;23;1
5993;60;23;0.3;0.5;93;101;0.5048544;246;236.6238;23;0
5994;60;23;0.3;0.5;94;101;0.5247934;225;237.0594;23;0
5995;60;23;0.3;0.5;95;101;0.5185185;259;237.4752;23;0
5996;60;23;0.3;0.5;96;101;0.5258621;224;235.5941;23;0
5997;60;23;0.3;0.5;97;101;0.4336283;234;234.7525;23;0
5998;60;23;0.3;0.5;98;101;0.4843049;234;236.604;23;0
5999;60;23;0.3;0.5;99;102;0.488;256;235.5;23;1
6000;60;23;0.3;0.5;100;101;0.5638767;260;237.5347;23;0
6001;61;25;0.3;0.5;1;101;0.5833333;226;236.0198;25;0
6002;61;25;0.3;0.5;2;102;0.4765625;236;236.8333;25;1
6003;61;25;0.3;0.5;3;102;0.5154185;232;236.8824;25;1
6004;61;25;0.3;0.5;4;101;0.4904762;247;238.7822;25;0
6005;61;25;0.3;0.5;5;101;0.4661355;234;235.7426;25;0
6006;61;25;0.3;0.5;6;103;0.525;240;238.6893;25;2
6007;61;25;0.3;0.5;7;101;0.53125;248;237.9307;25;0
6008;61;25;0.3;0.5;8;101;0.4847162;247;237.6238;25;0
6009;61;25;0.3;0.5;9;104;0.487069;236;238.3654;25;3
6010;61;25;0.3;0.5;10;101;0.4605809;227;235.3762;25;0
6011;61;25;0.3;0.5;11;101;0.5169811;228;236.7921;25;0
6012;61;25;0.3;0.5;12;102;0.4918699;254;236.951;25;1
6013;61;25;0.3;0.5;13;101;0.4644351;221;237.6832;25;0
6014;61;25;0.3;0.5;14;102;0.4894515;249;237.049;25;1
6015;61;25;0.3;0.5;15;101;0.4393305;224;236.9307;25;0
6016;61;25;0.3;0.5;16;102;0.4960317;230;236.8824;25;1
6017;61;25;0.3;0.5;17;101;0.4765957;241;236.5248;25;0
6018;61;25;0.3;0.5;18;101;0.5369458;263;236.1287;25;0
6019;61;25;0.3;0.5;19;101;0.4715447;211;236.6139;25;0
6020;61;25;0.3;0.5;20;101;0.5242291;244;235.8614;25;0
6021;61;25;0.3;0.5;21;105;0.4915966;239;237.7143;25;4
6022;61;25;0.3;0.5;22;102;0.5176471;232;236.6667;25;1
6023;61;25;0.3;0.5;23;102;0.5258216;234;237.1176;25;1
6024;61;25;0.3;0.5;24;101;0.5078125;205;236.3267;25;0
6025;61;25;0.3;0.5;25;103;0.4857143;242;238.3495;25;2
6026;61;25;0.3;0.5;26;101;0.5583333;228;235.7129;25;0
6027;61;25;0.3;0.5;27;103;0.4957627;228;237.7184;25;2
6028;61;25;0.3;0.5;28;102;0.4977578;246;235.951;25;1
6029;61;25;0.3;0.5;29;101;0.4242424;250;237.1188;25;0
6030;61;25;0.3;0.5;30;104;0.5168067;235;235.7885;25;3
6031;61;25;0.3;0.5;31;101;0.4844961;253;236.9901;25;0
6032;61;25;0.3;0.5;32;107;0.5105485;239;237.4953;25;6
6033;61;25;0.3;0.5;33;101;0.5110132;235;235.7723;25;0
6034;61;25;0.3;0.5;34;101;0.5280899;218;238.0396;25;0
6035;61;25;0.3;0.5;35;101;0.4681818;227;236.9307;25;0
6036;61;25;0.3;0.5;36;102;0.5082645;248;237.5;25;1
6037;61;25;0.3;0.5;37;102;0.463964;243;235.1961;25;1
6038;61;25;0.3;0.5;38;101;0.5714286;248;235.7525;25;0
6039;61;25;0.3;0.5;39;102;0.525641;241;235.9412;25;1
6040;61;25;0.3;0.5;40;102;0.491453;238;237.2941;25;1
6041;61;25;0.3;0.5;41;101;0.5;228;236.0891;25;0
6042;61;25;0.3;0.5;42;103;0.493617;213;237.0194;25;2
6043;61;25;0.3;0.5;43;101;0.5403226;238;237.1881;25;0
6044;61;25;0.3;0.5;44;103;0.4891775;264;236.5049;25;2
6045;61;25;0.3;0.5;45;102;0.5084034;240;236.5882;25;1
6046;61;25;0.3;0.5;46;102;0.5598291;229;235.6765;25;1
6047;61;25;0.3;0.5;47;101;0.5367965;237;235.8416;25;0
6048;61;25;0.3;0.5;48;102;0.5309735;246;236.2745;25;1
6049;61;25;0.3;0.5;49;108;0.5146444;226;238.5093;25;7
6050;61;25;0.3;0.5;50;102;0.5432099;267;236.9216;25;1
6051;61;25;0.3;0.5;51;103;0.4854772;211;237.1942;25;2
6052;61;25;0.3;0.5;52;101;0.539823;251;236.9604;25;0
6053;61;25;0.3;0.5;53;107;0.484127;232;236.8224;25;6
6054;61;25;0.3;0.5;54;101;0.4979757;220;235.8317;25;0
6055;61;25;0.3;0.5;55;102;0.5047619;247;236.8235;25;1
6056;61;25;0.3;0.5;56;105;0.4651163;232;236.2095;25;4
6057;61;25;0.3;0.5;57;101;0.4663866;229;238.9109;25;0
6058;61;25;0.3;0.5;58;102;0.4779412;207;236.3627;25;1
6059;61;25;0.3;0.5;59;102;0.4773663;238;238.598;25;1
6060;61;25;0.3;0.5;60;101;0.504386;252;238.802;25;0
6061;61;25;0.3;0.5;61;101;0.4897959;235;235.3861;25;0
6062;61;25;0.3;0.5;62;103;0.5286885;240;235.0777;25;2
6063;61;25;0.3;0.5;63;103;0.417004;225;237.4369;25;2
6064;61;25;0.3;0.5;64;105;0.4878049;255;236.8381;25;4
6065;61;25;0.3;0.5;65;102;0.4979079;218;236.4314;25;1
6066;61;25;0.3;0.5;66;101;0.4956897;225;233.8218;25;0
6067;61;25;0.3;0.5;67;102;0.4645669;215;238.8431;25;1
6068;61;25;0.3;0.5;68;101;0.4594595;235;236.0495;25;0
6069;61;25;0.3;0.5;69;102;0.4935622;234;236.9902;25;1
6070;61;25;0.3;0.5;70;102;0.5367965;253;237.3333;25;1
6071;61;25;0.3;0.5;71;101;0.4521073;229;236.9109;25;0
6072;61;25;0.3;0.5;72;101;0.4831933;205;236.9307;25;0
6073;61;25;0.3;0.5;73;102;0.4852321;254;238.4216;25;1
6074;61;25;0.3;0.5;74;103;0.573991;237;237.6796;25;2
6075;61;25;0.3;0.5;75;101;0.4916667;236;236.4257;25;0
6076;61;25;0.3;0.5;76;102;0.4738956;235;236.2353;25;1
6077;61;25;0.3;0.5;77;102;0.5183486;244;236.7353;25;1
6078;61;25;0.3;0.5;78;101;0.4472574;234;235.7525;25;0
6079;61;25;0.3;0.5;79;104;0.4803493;247;237.6827;25;3
6080;61;25;0.3;0.5;80;101;0.5;216;238.2772;25;0
6081;61;25;0.3;0.5;81;101;0.5152838;260;237.4158;25;0
6082;61;25;0.3;0.5;82;102;0.5191489;230;235.9902;25;1
6083;61;25;0.3;0.5;83;101;0.4675325;259;236.2376;25;0
6084;61;25;0.3;0.5;84;101;0.4823529;252;235.6535;25;0
6085;61;25;0.3;0.5;85;103;0.5555556;224;235.767;25;2
6086;61;25;0.3;0.5;86;104;0.4513619;235;236.4712;25;3
6087;61;25;0.3;0.5;87;102;0.5560345;258;237.2255;25;1
6088;61;25;0.3;0.5;88;101;0.5240385;233;236.703;25;0
6089;61;25;0.3;0.5;89;103;0.4795082;222;236.165;25;2
6090;61;25;0.3;0.5;90;102;0.4959677;230;236.6961;25;1
6091;61;25;0.3;0.5;91;101;0.4979079;267;237.1386;25;0
6092;61;25;0.3;0.5;92;102;0.5162791;218;236.0686;25;1
6093;61;25;0.3;0.5;93;101;0.4718615;248;235.6238;25;0
6094;61;25;0.3;0.5;94;102;0.5150215;226;236.6961;25;1
6095;61;25;0.3;0.5;95;103;0.4978541;226;235.9223;25;2
6096;61;25;0.3;0.5;96;103;0.5603448;232;237.5437;25;2
6097;61;25;0.3;0.5;97;103;0.4672489;235;237.6408;25;2
6098;61;25;0.3;0.5;98;101;0.5371179;247;235.6634;25;0
6099;61;25;0.3;0.5;99;102;0.4713115;230;234.9804;25;1
6100;61;25;0.3;0.5;100;103;0.5;240;237.9126;25;2
6101;62;27;0.3;0.5;1;103;0.5438596;229;236.6408;27;2
6102;62;27;0.3;0.5;2;102;0.4805195;212;236.3431;27;1
6103;62;27;0.3;0.5;3;108;0.5586854;231;236.3333;27;7
6104;62;27;0.3;0.5;4;101;0.5311203;234;236.1089;27;0
6105;62;27;0.3;0.5;5;102;0.5132743;262;235.9608;27;1
6106;62;27;0.3;0.5;6;106;0.5324675;227;236.2642;27;5
6107;62;27;0.3;0.5;7;104;0.4913793;234;236.5096;27;3
6108;62;27;0.3;0.5;8;101;0.4618474;238;234.7426;27;0
6109;62;27;0.3;0.5;9;101;0.4752066;232;236.802;27;0
6110;62;27;0.3;0.5;10;103;0.4854772;245;237.3301;27;2
6111;62;27;0.3;0.5;11;101;0.5019455;230;237.0198;27;0
6112;62;27;0.3;0.5;12;103;0.5242291;236;234.5922;27;2
6113;62;27;0.3;0.5;13;103;0.5555556;261;236.1942;27;2
6114;62;27;0.3;0.5;14;101;0.5288889;226;235.8317;27;0
6115;62;27;0.3;0.5;15;102;0.5021645;231;236.3529;27;1
6116;62;27;0.3;0.5;16;101;0.5024631;246;237.9406;27;0
6117;62;27;0.3;0.5;17;102;0.4743083;232;236.7549;27;1
6118;62;27;0.3;0.5;18;102;0.5151515;220;236.549;27;1
6119;62;27;0.3;0.5;19;101;0.4808511;238;238.7327;27;0
6120;62;27;0.3;0.5;20;101;0.5120968;237;236.3861;27;0
6121;62;27;0.3;0.5;21;101;0.4837398;205;236.2673;27;0
6122;62;27;0.3;0.5;22;103;0.5114155;215;236.7184;27;2
6123;62;27;0.3;0.5;23;101;0.4372294;234;235.6337;27;0
6124;62;27;0.3;0.5;24;105;0.4675325;259;236.6095;27;4
6125;62;27;0.3;0.5;25;102;0.5095057;234;235.598;27;1
6126;62;27;0.3;0.5;26;101;0.5021459;218;237.1584;27;0
6127;62;27;0.3;0.5;27;102;0.5384615;238;236.9804;27;1
6128;62;27;0.3;0.5;28;101;0.5081967;238;236.8119;27;0
6129;62;27;0.3;0.5;29;101;0.5042373;225;236.8614;27;0
6130;62;27;0.3;0.5;30;101;0.5416667;227;236.5347;27;0
6131;62;27;0.3;0.5;31;101;0.5938865;250;237.0891;27;0
6132;62;27;0.3;0.5;32;101;0.5390947;230;237.1881;27;0
6133;62;27;0.3;0.5;33;102;0.4723404;222;234.9608;27;1
6134;62;27;0.3;0.5;34;103;0.4672131;239;235.3689;27;2
6135;62;27;0.3;0.5;35;102;0.5042373;227;237.7941;27;1
6136;62;27;0.3;0.5;36;103;0.468254;217;238.3981;27;2
6137;62;27;0.3;0.5;37;101;0.5444015;224;236.0891;27;0
6138;62;27;0.3;0.5;38;103;0.4663866;221;236.5631;27;2
6139;62;27;0.3;0.5;39;104;0.502008;251;235.3077;27;3
6140;62;27;0.3;0.5;40;101;0.4853556;224;237.1386;27;0
6141;62;27;0.3;0.5;41;103;0.5067265;242;234.7767;27;2
6142;62;27;0.3;0.5;42;105;0.5277778;245;236.9143;27;4
6143;62;27;0.3;0.5;43;101;0.5609756;228;237.2475;27;0
6144;62;27;0.3;0.5;44;105;0.5064935;268;236.4095;27;4
6145;62;27;0.3;0.5;45;101;0.48583;232;238.5644;27;0
6146;62;27;0.3;0.5;46;102;0.4808511;240;237.4902;27;1
6147;62;27;0.3;0.5;47;102;0.6;243;238.5686;27;1
6148;62;27;0.3;0.5;48;106;0.5093458;249;237.5094;27;5
6149;62;27;0.3;0.5;49;101;0.5045455;247;235.703;27;0
6150;62;27;0.3;0.5;50;101;0.5081967;214;239.2772;27;0
6151;62;27;0.3;0.5;51;101;0.4822134;218;237.2475;27;0
6152;62;27;0.3;0.5;52;101;0.5511811;238;236.7822;27;0
6153;62;27;0.3;0.5;53;101;0.5040984;250;238.0198;27;0
6154;62;27;0.3;0.5;54;101;0.512931;251;237.3465;27;0
6155;62;27;0.3;0.5;55;101;0.504065;238;235.0693;27;0
6156;62;27;0.3;0.5;56;101;0.5044248;229;235.198;27;0
6157;62;27;0.3;0.5;57;101;0.4647303;238;237.4356;27;0
6158;62;27;0.3;0.5;58;101;0.516129;230;237.3069;27;0
6159;62;27;0.3;0.5;59;102;0.5040984;245;236.2353;27;1
6160;62;27;0.3;0.5;60;101;0.4980545;249;237.9802;27;0
6161;62;27;0.3;0.5;61;101;0.5061728;227;237.2376;27;0
6162;62;27;0.3;0.5;62;101;0.5333333;235;236.8713;27;0
6163;62;27;0.3;0.5;63;102;0.4754717;216;236.1863;27;1
6164;62;27;0.3;0.5;64;101;0.4897119;228;236.6238;27;0
6165;62;27;0.3;0.5;65;104;0.4796748;227;236.8654;27;3
6166;62;27;0.3;0.5;66;102;0.5271967;253;237.1275;27;1
6167;62;27;0.3;0.5;67;102;0.5238095;244;237.0882;27;1
6168;62;27;0.3;0.5;68;101;0.511811;233;237.8317;27;0
6169;62;27;0.3;0.5;69;101;0.5145228;235;237.7426;27;0
6170;62;27;0.3;0.5;70;102;0.4025424;258;235.8725;27;1
6171;62;27;0.3;0.5;71;101;0.5021834;253;236.703;27;0
6172;62;27;0.3;0.5;72;101;0.4615385;237;237.5842;27;0
6173;62;27;0.3;0.5;73;101;0.512931;231;236.3663;27;0
6174;62;27;0.3;0.5;74;102;0.4956897;256;237.6667;27;1
6175;62;27;0.3;0.5;75;101;0.5371179;218;236.802;27;0
6176;62;27;0.3;0.5;76;102;0.5215517;246;237.3039;27;1
6177;62;27;0.3;0.5;77;102;0.5103734;235;239.1961;27;1
6178;62;27;0.3;0.5;78;101;0.4816176;242;239.9208;27;0
6179;62;27;0.3;0.5;79;102;0.5477178;248;235.6765;27;1
6180;62;27;0.3;0.5;80;101;0.4488189;210;237.1386;27;0
6181;62;27;0.3;0.5;81;102;0.5412844;214;237.0294;27;1
6182;62;27;0.3;0.5;82;102;0.5130435;238;236.0098;27;1
6183;62;27;0.3;0.5;83;101;0.5083333;239;235.2277;27;0
6184;62;27;0.3;0.5;84;109;0.4976526;253;235.7798;27;8
6185;62;27;0.3;0.5;85;101;0.5179283;215;235.3762;27;0
6186;62;27;0.3;0.5;86;105;0.5207373;231;236.4857;27;4
6187;62;27;0.3;0.5;87;103;0.5274262;237;237.8641;27;2
6188;62;27;0.3;0.5;88;102;0.5299145;232;236.049;27;1
6189;62;27;0.3;0.5;89;102;0.426087;231;237.9902;27;1
6190;62;27;0.3;0.5;90;104;0.484127;246;236.9327;27;3
6191;62;27;0.3;0.5;91;101;0.5368852;249;238.0891;27;0
6192;62;27;0.3;0.5;92;103;0.5150215;222;235.8447;27;2
6193;62;27;0.3;0.5;93;101;0.4792453;224;235.7723;27;0
6194;62;27;0.3;0.5;94;101;0.484252;222;237.9406;27;0
6195;62;27;0.3;0.5;95;102;0.4830508;257;235.6667;27;1
6196;62;27;0.3;0.5;96;102;0.5256917;211;237.3235;27;1
6197;62;27;0.3;0.5;97;104;0.5308642;227;234.8654;27;3
6198;62;27;0.3;0.5;98;102;0.4843049;231;235.5392;27;1
6199;62;27;0.3;0.5;99;101;0.4661355;237;238.604;27;0
6200;62;27;0.3;0.5;100;101;0.5384615;255;236.4455;27;0
6201;63;29;0.3;0.5;1;101;0.4978355;213;237.0198;29;0
6202;63;29;0.3;0.5;2;101;0.4666667;230;236.6832;29;0
6203;63;29;0.3;0.5;3;104;0.4553991;243;237.3942;29;3
6204;63;29;0.3;0.5;4;104;0.4930876;244;235.2692;29;3
6205;63;29;0.3;0.5;5;101;0.5042373;237;236.7822;29;0
6206;63;29;0.3;0.5;6;102;0.4792627;220;238.8137;29;1
6207;63;29;0.3;0.5;7;101;0.5213675;237;237.0297;29;0
6208;63;29;0.3;0.5;8;103;0.5166667;261;236.767;29;2
6209;63;29;0.3;0.5;9;105;0.4713115;232;239.4952;29;4
6210;63;29;0.3;0.5;10;101;0.4831933;225;235.4059;29;0
6211;63;29;0.3;0.5;11;101;0.5541126;245;236.6139;29;0
6212;63;29;0.3;0.5;12;103;0.4653061;226;234.2913;29;2
6213;63;29;0.3;0.5;13;102;0.5447154;251;236.6569;29;1
6214;63;29;0.3;0.5;14;102;0.4661355;233;235.2745;29;1
6215;63;29;0.3;0.5;15;103;0.4595745;232;235.3495;29;2
6216;63;29;0.3;0.5;16;101;0.4978541;238;236.2079;29;0
6217;63;29;0.3;0.5;17;104;0.5485232;242;235.7212;29;3
6218;63;29;0.3;0.5;18;103;0.4605263;234;235.7573;29;2
6219;63;29;0.3;0.5;19;101;0.5932203;233;237.2772;29;0
6220;63;29;0.3;0.5;20;101;0.5206612;238;237.3564;29;0
6221;63;29;0.3;0.5;21;103;0.4736842;234;238.9417;29;2
6222;63;29;0.3;0.5;22;101;0.5458167;221;234.9703;29;0
6223;63;29;0.3;0.5;23;101;0.5339367;238;237.5842;29;0
6224;63;29;0.3;0.5;24;101;0.5022831;252;234.8515;29;0
6225;63;29;0.3;0.5;25;104;0.5;236;236.5481;29;3
6226;63;29;0.3;0.5;26;104;0.5245902;227;237.9904;29;3
6227;63;29;0.3;0.5;27;101;0.5105485;246;236.6238;29;0
6228;63;29;0.3;0.5;28;101;0.4716157;245;235.4455;29;0
6229;63;29;0.3;0.5;29;105;0.4716157;231;236.9143;29;4
6230;63;29;0.3;0.5;30;101;0.488;220;239.6832;29;0
6231;63;29;0.3;0.5;31;105;0.5666667;220;237.9714;29;4
6232;63;29;0.3;0.5;32;102;0.5140562;228;238.1078;29;1
6233;63;29;0.3;0.5;33;101;0.5775862;246;236.8416;29;0
6234;63;29;0.3;0.5;34;102;0.4917355;238;237.2549;29;1
6235;63;29;0.3;0.5;35;102;0.5414847;243;237.1569;29;1
6236;63;29;0.3;0.5;36;101;0.4959677;223;235.297;29;0
6237;63;29;0.3;0.5;37;102;0.4955752;235;235.3137;29;1
6238;63;29;0.3;0.5;38;101;0.4777328;253;238.198;29;0
6239;63;29;0.3;0.5;39;104;0.4936709;225;238.1827;29;3
6240;63;29;0.3;0.5;40;101;0.4679803;265;237.2673;29;0
6241;63;29;0.3;0.5;41;104;0.5179283;241;237.625;29;3
6242;63;29;0.3;0.5;42;105;0.5043478;237;237.2286;29;4
6243;63;29;0.3;0.5;43;103;0.4834711;234;234.6893;29;2
6244;63;29;0.3;0.5;44;101;0.4848485;280;237.0099;29;0
6245;63;29;0.3;0.5;45;102;0.5361702;243;236.8824;29;1
6246;63;29;0.3;0.5;46;101;0.4831933;243;238.1782;29;0
6247;63;29;0.3;0.5;47;102;0.4663677;244;235.3922;29;1
6248;63;29;0.3;0.5;48;102;0.4170213;238;235.4706;29;1
6249;63;29;0.3;0.5;49;104;0.5375;232;236.0673;29;3
6250;63;29;0.3;0.5;50;101;0.5291667;239;237.2673;29;0
6251;63;29;0.3;0.5;51;103;0.5240175;219;236.3204;29;2
6252;63;29;0.3;0.5;52;102;0.4843049;252;234.0686;29;1
6253;63;29;0.3;0.5;53;102;0.4329502;237;237.0294;29;1
6254;63;29;0.3;0.5;54;101;0.5627706;231;235.7723;29;0
6255;63;29;0.3;0.5;55;103;0.4681818;226;235.7767;29;2
6256;63;29;0.3;0.5;56;101;0.5350877;226;236.7426;29;0
6257;63;29;0.3;0.5;57;101;0.5045872;259;237.9901;29;0
6258;63;29;0.3;0.5;58;102;0.494382;218;235.7549;29;1
6259;63;29;0.3;0.5;59;101;0.470339;237;236.4455;29;0
6260;63;29;0.3;0.5;60;101;0.5019305;195;234.4257;29;0
6261;63;29;0.3;0.5;61;103;0.5286344;251;235.2621;29;2
6262;63;29;0.3;0.5;62;104;0.4935065;243;234.8462;29;3
6263;63;29;0.3;0.5;63;102;0.5104603;248;236.7549;29;1
6264;63;29;0.3;0.5;64;101;0.4599156;255;236.6634;29;0
6265;63;29;0.3;0.5;65;102;0.5038462;220;236.3725;29;1
6266;63;29;0.3;0.5;66;102;0.5063291;240;234.5392;29;1
6267;63;29;0.3;0.5;67;102;0.4429825;230;235.8922;29;1
6268;63;29;0.3;0.5;68;102;0.5892857;236;237.0784;29;1
6269;63;29;0.3;0.5;69;102;0.496124;233;237.6765;29;1
6270;63;29;0.3;0.5;70;102;0.576;226;237.2353;29;1
6271;63;29;0.3;0.5;71;101;0.4680851;210;236.4158;29;0
6272;63;29;0.3;0.5;72;102;0.5066079;243;239.0098;29;1
6273;63;29;0.3;0.5;73;101;0.4759825;239;236.3168;29;0
6274;63;29;0.3;0.5;74;104;0.4618644;233;237.3942;29;3
6275;63;29;0.3;0.5;75;105;0.4553191;220;236.7143;29;4
6276;63;29;0.3;0.5;76;107;0.5436893;252;235.9439;29;6
6277;63;29;0.3;0.5;77;103;0.4571429;230;235.5922;29;2
6278;63;29;0.3;0.5;78;101;0.4594595;230;235.0891;29;0
6279;63;29;0.3;0.5;79;102;0.5135135;233;236.0588;29;1
6280;63;29;0.3;0.5;80;104;0.4937238;238;234.9327;29;3
6281;63;29;0.3;0.5;81;103;0.4930876;237;237.2524;29;2
6282;63;29;0.3;0.5;82;102;0.5395349;238;237.5;29;1
6283;63;29;0.3;0.5;83;101;0.4917355;203;235.0792;29;0
6284;63;29;0.3;0.5;84;101;0.4977778;240;238.3267;29;0
6285;63;29;0.3;0.5;85;101;0.5238095;232;237.505;29;0
6286;63;29;0.3;0.5;86;102;0.4903475;241;236.1471;29;1
6287;63;29;0.3;0.5;87;101;0.464;240;237.6436;29;0
6288;63;29;0.3;0.5;88;101;0.4801762;248;237.9703;29;0
6289;63;29;0.3;0.5;89;101;0.5286885;237;237.2178;29;0
6290;63;29;0.3;0.5;90;102;0.4912281;264;236.1176;29;1
6291;63;29;0.3;0.5;91;102;0.5542636;234;236.402;29;1
6292;63;29;0.3;0.5;92;102;0.5319149;238;236.098;29;1
6293;63;29;0.3;0.5;93;102;0.4883721;221;235.2451;29;1
6294;63;29;0.3;0.5;94;101;0.5619469;226;237.4653;29;0
6295;63;29;0.3;0.5;95;101;0.4666667;221;238.8911;29;0
6296;63;29;0.3;0.5;96;105;0.4758065;227;235.1714;29;4
6297;63;29;0.3;0.5;97;102;0.5495868;227;235.8529;29;1
6298;63;29;0.3;0.5;98;101;0.5991189;234;236.703;29;0
6299;63;29;0.3;0.5;99;101;0.5131579;228;235.4455;29;0
6300;63;29;0.3;0.5;100;103;0.4878049;260;238.9612;29;2
6301;64;224;0.3;0.5;1;101;0.4897119;260;236.2079;222.8911;0
6302;64;224;0.3;0.5;2;101;0.5629921;226;236.0297;222.7525;0
6303;64;224;0.3;0.5;3;101;0.5381356;244;237.495;222.8515;0
6304;64;224;0.3;0.5;4;101;0.5079365;230;235.6238;222.6832;0
6305;64;224;0.3;0.5;5;101;0.5;214;236.9901;221.8515;0
6306;64;224;0.3;0.5;6;101;0.4598214;238;238.1881;222.6139;0
6307;64;224;0.3;0.5;7;104;0.4959677;215;236.3269;223.3365;3
6308;64;224;0.3;0.5;8;101;0.5064378;242;237.396;221.901;0
6309;64;224;0.3;0.5;9;108;0.4731707;237;236.3241;222.6111;7
6310;64;224;0.3;0.5;10;103;0.475;239;236.4563;222.3398;2
6311;64;224;0.3;0.5;11;101;0.5784753;242;236.7822;223.1485;0
6312;64;224;0.3;0.5;12;104;0.5412844;236;236.7981;222.8558;3
6313;64;224;0.3;0.5;13;101;0.5204461;217;237.5644;222.4752;0
6314;64;224;0.3;0.5;14;103;0.496063;251;235.9612;222.5146;2
6315;64;224;0.3;0.5;15;101;0.4754098;254;237.6238;223.0594;0
6316;64;224;0.3;0.5;16;101;0.4953271;256;237.4653;222.8614;0
6317;64;224;0.3;0.5;17;101;0.4560669;241;236.6238;222.5347;0
6318;64;224;0.3;0.5;18;101;0.5308057;239;234.6931;222.8812;0
6319;64;224;0.3;0.5;19;102;0.534413;247;237.7451;222.6961;1
6320;64;224;0.3;0.5;20;102;0.5131086;229;237.3725;222.4608;1
6321;64;224;0.3;0.5;21;101;0.5644444;256;234.9901;222.3069;0
6322;64;224;0.3;0.5;22;101;0.4882629;261;236.7228;222.9703;0
6323;64;224;0.3;0.5;23;101;0.4876033;235;236.5347;222.5842;0
6324;64;224;0.3;0.5;24;102;0.4208494;241;236.8333;223.0686;1
6325;64;224;0.3;0.5;25;102;0.4978166;235;235.8137;222.3431;1
6326;64;224;0.3;0.5;26;106;0.4980695;219;236.2642;223;5
6327;64;224;0.3;0.5;27;101;0.5247934;242;237.7129;222.5446;0
6328;64;224;0.3;0.5;28;102;0.4508929;250;237.3039;222.8235;1
6329;64;224;0.3;0.5;29;103;0.468;237;237.2136;223.4951;2
6330;64;224;0.3;0.5;30;101;0.4917355;242;236.3168;223.1089;0
6331;64;224;0.3;0.5;31;104;0.5782609;230;235.7981;221.3558;3
6332;64;224;0.3;0.5;32;101;0.4869565;238;235.2871;222.6733;0
6333;64;224;0.3;0.5;33;101;0.525;214;235.0297;222.3267;0
6334;64;224;0.3;0.5;34;101;0.5088496;246;235.4752;222.6337;0
6335;64;224;0.3;0.5;35;102;0.4598214;271;237.1863;223.1078;1
6336;64;224;0.3;0.5;36;102;0.4980237;237;235.0294;222.9804;1
6337;64;224;0.3;0.5;37;102;0.5;214;233.8235;222.1863;1
6338;64;224;0.3;0.5;38;101;0.4939759;246;238.0198;222.8416;0
6339;64;224;0.3;0.5;39;102;0.4832536;236;236.2549;222.8137;1
6340;64;224;0.3;0.5;40;102;0.5186722;226;236.6961;221.7255;1
6341;64;224;0.3;0.5;41;103;0.4590164;236;235.5825;222.0485;2
6342;64;224;0.3;0.5;42;107;0.4683544;244;237.8505;222.6075;6
6343;64;224;0.3;0.5;43;102;0.4915254;241;238.6275;223.4902;1
6344;64;224;0.3;0.5;44;101;0.4852321;237;237.2673;223.4257;0
6345;64;224;0.3;0.5;45;101;0.4475806;210;237.9901;223.1188;0
6346;64;224;0.3;0.5;46;101;0.545082;229;238.0198;223.1188;0
6347;64;224;0.3;0.5;47;101;0.5352697;201;235.2277;222.7327;0
6348;64;224;0.3;0.5;48;104;0.5204918;221;237.75;223.0865;3
6349;64;224;0.3;0.5;49;101;0.4784314;201;236.5842;222.505;0
6350;64;224;0.3;0.5;50;101;0.4692308;224;237.099;222.297;0
6351;64;224;0.3;0.5;51;101;0.4917355;264;237.6733;223.2673;0
6352;64;224;0.3;0.5;52;101;0.4892704;251;237.6733;222.4653;0
6353;64;224;0.3;0.5;53;101;0.5518672;264;238.1485;222.8416;0
6354;64;224;0.3;0.5;54;103;0.5084034;250;236;222.8738;2
6355;64;224;0.3;0.5;55;102;0.4415584;225;234.4804;222.5196;1
6356;64;224;0.3;0.5;56;101;0.5217391;221;236.1683;222.3267;0
6357;64;224;0.3;0.5;57;101;0.4419643;221;236.4356;222.7525;0
6358;64;224;0.3;0.5;58;101;0.5489362;222;235.4158;222.3762;0
6359;64;224;0.3;0.5;59;106;0.5298805;228;238.6226;222.7736;5
6360;64;224;0.3;0.5;60;101;0.5132075;215;236.9703;222.7822;0
6361;64;224;0.3;0.5;61;101;0.4710744;231;236.9109;223.2574;0
6362;64;224;0.3;0.5;62;102;0.4893617;225;237.2549;223.1667;1
6363;64;224;0.3;0.5;63;101;0.5113122;236;238.2277;223.0891;0
6364;64;224;0.3;0.5;64;101;0.5070423;235;237;222.703;0
6365;64;224;0.3;0.5;65;101;0.5258964;232;236.198;222.9307;0
6366;64;224;0.3;0.5;66;101;0.4538153;267;236.4455;222.2673;0
6367;64;224;0.3;0.5;67;102;0.5733333;233;236.9216;223.1961;1
6368;64;224;0.3;0.5;68;104;0.5253456;269;237.8173;222.2596;3
6369;64;224;0.3;0.5;69;101;0.4875;214;237.6634;222.8119;0
6370;64;224;0.3;0.5;70;101;0.5321888;235;235.5347;222.8119;0
6371;64;224;0.3;0.5;71;106;0.5261044;225;236.9245;222.6132;5
6372;64;224;0.3;0.5;72;102;0.4857143;222;238.4118;223.5196;1
6373;64;224;0.3;0.5;73;101;0.4959016;241;236.8416;222.5347;0
6374;64;224;0.3;0.5;74;101;0.4590164;224;235.1386;222.5248;0
6375;64;224;0.3;0.5;75;101;0.4646018;221;236.2277;223.0198;0
6376;64;224;0.3;0.5;76;101;0.4717742;239;236.8317;222.1683;0
6377;64;224;0.3;0.5;77;102;0.4849785;255;237.9706;222.6373;1
6378;64;224;0.3;0.5;78;103;0.4722222;248;237.3495;223.2621;2
6379;64;224;0.3;0.5;79;106;0.5327869;245;237.6509;223.2264;5
6380;64;224;0.3;0.5;80;103;0.5480769;245;236.4272;222.2816;2
6381;64;224;0.3;0.5;81;101;0.4769231;223;238.6634;222.2277;0
6382;64;224;0.3;0.5;82;101;0.4698276;223;236.0594;222.7723;0
6383;64;224;0.3;0.5;83;104;0.4814815;226;234.5865;222.3365;3
6384;64;224;0.3;0.5;84;101;0.5064935;239;236.5743;223.2079;0
6385;64;224;0.3;0.5;85;103;0.5426009;232;236.8835;223.6505;2
6386;64;224;0.3;0.5;86;101;0.5088496;245;239.1881;223.5545;0
6387;64;224;0.3;0.5;87;101;0.4980843;214;237.6139;222.7525;0
6388;64;224;0.3;0.5;88;110;0.444898;217;235.8;223.2;9
6389;64;224;0.3;0.5;89;101;0.4216418;239;237.7822;222.0891;0
6390;64;224;0.3;0.5;90;101;0.5357143;226;238.099;223.0099;0
6391;64;224;0.3;0.5;91;101;0.511194;231;238.1089;223.1584;0
6392;64;224;0.3;0.5;92;102;0.4553191;252;237.951;222.7353;1
6393;64;224;0.3;0.5;93;102;0.5619469;232;235.4902;222.4706;1
6394;64;224;0.3;0.5;94;102;0.5217391;249;236.6078;223.1765;1
6395;64;224;0.3;0.5;95;101;0.5498008;229;234.2574;221.9406;0
6396;64;224;0.3;0.5;96;101;0.4979079;245;237.495;223.1584;0
6397;64;224;0.3;0.5;97;101;0.4918699;229;236.6832;222.9307;0
6398;64;224;0.3;0.5;98;104;0.4556962;236;237.3846;223.0096;3
6399;64;224;0.3;0.5;99;103;0.5603448;226;235.8738;222.466;2
6400;64;224;0.3;0.5;100;102;0.4666667;228;237.2451;223.1373;1
6401;65;1;0.4;0.5;1;103;0.4778761;242;237.6893;1;2
6402;65;1;0.4;0.5;2;101;0.4679245;203;236.7129;1;0
6403;65;1;0.4;0.5;3;101;0.476378;220;237.1485;1;0
6404;65;1;0.4;0.5;4;102;0.5355649;272;235.8529;1;1
6405;65;1;0.4;0.5;5;101;0.5067265;231;235.3069;1;0
6406;65;1;0.4;0.5;6;102;0.5240175;234;237.6275;1;1
6407;65;1;0.4;0.5;7;102;0.4897119;210;235.7647;1;1
6408;65;1;0.4;0.5;8;101;0.4824561;231;238.2871;1;0
6409;65;1;0.4;0.5;9;101;0.4828897;222;238.1485;1;0
6410;65;1;0.4;0.5;10;101;0.5307018;250;236.3564;1;0
6411;65;1;0.4;0.5;11;102;0.4273128;231;236.8431;1;1
6412;65;1;0.4;0.5;12;101;0.4907407;233;236.7723;1;0
6413;65;1;0.4;0.5;13;101;0.476378;219;236.8317;1;0
6414;65;1;0.4;0.5;14;103;0.4700855;252;238.165;1;2
6415;65;1;0.4;0.5;15;103;0.5041322;238;237.5146;1;2
6416;65;1;0.4;0.5;16;101;0.4711111;245;237.1683;1;0
6417;65;1;0.4;0.5;17;104;0.5044248;234;236.9231;1;3
6418;65;1;0.4;0.5;18;103;0.5555556;255;237.0485;1;2
6419;65;1;0.4;0.5;19;103;0.4937759;240;236.0485;1;2
6420;65;1;0.4;0.5;20;101;0.5176991;216;236.396;1;0
6421;65;1;0.4;0.5;21;102;0.5286344;247;237.1275;1;1
6422;65;1;0.4;0.5;22;101;0.5146444;230;235.9703;1;0
6423;65;1;0.4;0.5;23;109;0.5081301;241;238.633;1;8
6424;65;1;0.4;0.5;24;101;0.4771784;216;236.0198;1;0
6425;65;1;0.4;0.5;25;102;0.5299145;236;237.3529;1;1
6426;65;1;0.4;0.5;26;103;0.4628821;256;237.4854;1;2
6427;65;1;0.4;0.5;27;103;0.4407583;241;236.6505;1;2
6428;65;1;0.4;0.5;28;101;0.5546875;240;235.3762;1;0
6429;65;1;0.4;0.5;29;101;0.4926471;202;237.2079;1;0
6430;65;1;0.4;0.5;30;101;0.4908257;247;237.4257;1;0
6431;65;1;0.4;0.5;31;102;0.4622222;243;236.6961;1;1
6432;65;1;0.4;0.5;32;101;0.4647303;260;236.6832;1;0
6433;65;1;0.4;0.5;33;102;0.5247934;222;235.6176;1;1
6434;65;1;0.4;0.5;34;101;0.4979253;260;235.8911;1;0
6435;65;1;0.4;0.5;35;101;0.5298805;239;237.8119;1;0
6436;65;1;0.4;0.5;36;101;0.4854772;237;236.5941;1;0
6437;65;1;0.4;0.5;37;101;0.4375;259;236.7228;1;0
6438;65;1;0.4;0.5;38;103;0.4482759;244;236.4466;1;2
6439;65;1;0.4;0.5;39;101;0.5349794;231;235.8515;1;0
6440;65;1;0.4;0.5;40;106;0.4752852;225;236.5849;1;5
6441;65;1;0.4;0.5;41;101;0.487395;255;236.8119;1;0
6442;65;1;0.4;0.5;42;102;0.420354;247;237.0588;1;1
6443;65;1;0.4;0.5;43;104;0.5265306;238;236.2788;1;3
6444;65;1;0.4;0.5;44;102;0.4801587;228;237.1667;1;1
6445;65;1;0.4;0.5;45;102;0.486166;213;235.598;1;1
6446;65;1;0.4;0.5;46;101;0.5695652;248;235.7525;1;0
6447;65;1;0.4;0.5;47;105;0.4795082;229;236.7905;1;4
6448;65;1;0.4;0.5;48;101;0.4565217;233;237.7525;1;0
6449;65;1;0.4;0.5;49;103;0.5560748;263;237.9612;1;2
6450;65;1;0.4;0.5;50;102;0.5351562;250;236.1471;1;1
6451;65;1;0.4;0.5;51;101;0.5;230;237.2772;1;0
6452;65;1;0.4;0.5;52;101;0.5357143;239;238.9802;1;0
6453;65;1;0.4;0.5;53;101;0.4691358;244;235.8812;1;0
6454;65;1;0.4;0.5;54;101;0.4919355;228;235.0297;1;0
6455;65;1;0.4;0.5;55;101;0.4979757;241;235.0099;1;0
6456;65;1;0.4;0.5;56;104;0.516129;243;236.9231;1;3
6457;65;1;0.4;0.5;57;101;0.5188285;220;236.9901;1;0
6458;65;1;0.4;0.5;58;102;0.4823009;258;238.0196;1;1
6459;65;1;0.4;0.5;59;102;0.5282258;225;236.0588;1;1
6460;65;1;0.4;0.5;60;104;0.5042373;242;236.8173;1;3
6461;65;1;0.4;0.5;61;101;0.479638;225;235.8713;1;0
6462;65;1;0.4;0.5;62;101;0.5583333;255;236.6337;1;0
6463;65;1;0.4;0.5;63;102;0.4977974;245;237.1569;1;1
6464;65;1;0.4;0.5;64;101;0.5391705;242;236.9307;1;0
6465;65;1;0.4;0.5;65;103;0.4955357;259;237.0194;1;2
6466;65;1;0.4;0.5;66;102;0.5131579;235;236.0294;1;1
6467;65;1;0.4;0.5;67;102;0.5044248;240;236.1667;1;1
6468;65;1;0.4;0.5;68;102;0.5313808;218;236.4118;1;1
6469;65;1;0.4;0.5;69;101;0.444;239;238.4752;1;0
6470;65;1;0.4;0.5;70;103;0.4647887;236;237.4078;1;2
6471;65;1;0.4;0.5;71;102;0.4599156;223;237.0784;1;1
6472;65;1;0.4;0.5;72;102;0.5;236;236.5882;1;1
6473;65;1;0.4;0.5;73;101;0.5205479;250;237.6832;1;0
6474;65;1;0.4;0.5;74;102;0.4691358;239;235.0588;1;1
6475;65;1;0.4;0.5;75;105;0.5301205;230;236.9048;1;4
6476;65;1;0.4;0.5;76;105;0.510917;230;236.9143;1;4
6477;65;1;0.4;0.5;77;101;0.5043478;235;236.505;1;0
6478;65;1;0.4;0.5;78;103;0.5546559;217;234.7573;1;2
6479;65;1;0.4;0.5;79;101;0.4765957;240;235.7426;1;0
6480;65;1;0.4;0.5;80;106;0.4920635;232;236.5755;1;5
6481;65;1;0.4;0.5;81;101;0.4725738;228;236.9703;1;0
6482;65;1;0.4;0.5;82;102;0.460251;247;236.5098;1;1
6483;65;1;0.4;0.5;83;102;0.4980237;217;234.5196;1;1
6484;65;1;0.4;0.5;84;101;0.5125;231;237.6733;1;0
6485;65;1;0.4;0.5;85;102;0.4666667;224;234.9804;1;1
6486;65;1;0.4;0.5;86;101;0.5131579;259;238.6238;1;0
6487;65;1;0.4;0.5;87;105;0.57;225;236.0952;1;4
6488;65;1;0.4;0.5;88;101;0.492823;262;234.4356;1;0
6489;65;1;0.4;0.5;89;101;0.5114155;246;236.4257;1;0
6490;65;1;0.4;0.5;90;103;0.4792627;263;234.0583;1;2
6491;65;1;0.4;0.5;91;108;0.4637097;227;236.3796;1;7
6492;65;1;0.4;0.5;92;101;0.5274262;218;235.9307;1;0
6493;65;1;0.4;0.5;93;102;0.5240385;253;236.3235;1;1
6494;65;1;0.4;0.5;94;103;0.4879227;246;237.3301;1;2
6495;65;1;0.4;0.5;95;101;0.5288889;247;236.1782;1;0
6496;65;1;0.4;0.5;96;103;0.4940239;219;236.1068;1;2
6497;65;1;0.4;0.5;97;102;0.5041667;239;235.4608;1;1
6498;65;1;0.4;0.5;98;101;0.4859438;231;236.703;1;0
6499;65;1;0.4;0.5;99;108;0.4911504;252;238.9537;1;7
6500;65;1;0.4;0.5;100;103;0.5617021;246;237.0777;1;2
6501;66;3;0.4;0.5;1;102;0.5274262;244;236.8725;3;1
6502;66;3;0.4;0.5;2;102;0.4896266;247;236.9706;3;1
6503;66;3;0.4;0.5;3;101;0.4291498;221;235.2178;3;0
6504;66;3;0.4;0.5;4;102;0.5180723;247;236;3;1
6505;66;3;0.4;0.5;5;102;0.5232068;254;236.9216;3;1
6506;66;3;0.4;0.5;6;101;0.4689922;237;235.5842;3;0
6507;66;3;0.4;0.5;7;101;0.4458333;249;237.6337;3;0
6508;66;3;0.4;0.5;8;102;0.5411255;260;235.0196;3;1
6509;66;3;0.4;0.5;9;101;0.4587156;248;235.1287;3;0
6510;66;3;0.4;0.5;10;101;0.5477178;228;236.5644;3;0
6511;66;3;0.4;0.5;11;105;0.4609053;259;236.181;3;4
6512;66;3;0.4;0.5;12;101;0.4661355;212;234.9604;3;0
6513;66;3;0.4;0.5;13;102;0.4935065;265;236.2451;3;1
6514;66;3;0.4;0.5;14;101;0.535;252;235.6931;3;0
6515;66;3;0.4;0.5;15;102;0.5619469;229;235.6176;3;1
6516;66;3;0.4;0.5;16;102;0.4848485;229;235.4118;3;1
6517;66;3;0.4;0.5;17;101;0.5502008;232;235.297;3;0
6518;66;3;0.4;0.5;18;105;0.5772727;243;238.1333;3;4
6519;66;3;0.4;0.5;19;101;0.4778761;243;236.0594;3;0
6520;66;3;0.4;0.5;20;106;0.4847162;243;237.5755;3;5
6521;66;3;0.4;0.5;21;102;0.4314516;216;235.4216;3;1
6522;66;3;0.4;0.5;22;101;0.5146444;241;237.3663;3;0
6523;66;3;0.4;0.5;23;102;0.495935;246;238.2255;3;1
6524;66;3;0.4;0.5;24;102;0.4977974;240;235.2843;3;1
6525;66;3;0.4;0.5;25;101;0.5185185;230;236.2376;3;0
6526;66;3;0.4;0.5;26;101;0.5116279;237;237.0891;3;0
6527;66;3;0.4;0.5;27;101;0.53125;255;236.9802;3;0
6528;66;3;0.4;0.5;28;101;0.4830508;221;236.2772;3;0
6529;66;3;0.4;0.5;29;101;0.5;241;238.3663;3;0
6530;66;3;0.4;0.5;30;102;0.4891775;244;236.6961;3;1
6531;66;3;0.4;0.5;31;104;0.5133929;233;235.5385;3;3
6532;66;3;0.4;0.5;32;101;0.4396552;219;235.8911;3;0
6533;66;3;0.4;0.5;33;101;0.5263158;242;239.0198;3;0
6534;66;3;0.4;0.5;34;103;0.4625551;253;236.8641;3;2
6535;66;3;0.4;0.5;35;101;0.5066667;244;237.8515;3;0
6536;66;3;0.4;0.5;36;101;0.5090909;218;238.6238;3;0
6537;66;3;0.4;0.5;37;101;0.4545455;233;236.0297;3;0
6538;66;3;0.4;0.5;38;101;0.4556452;238;236.9802;3;0
6539;66;3;0.4;0.5;39;101;0.5144033;272;235.6139;3;0
6540;66;3;0.4;0.5;40;101;0.5232068;250;236.099;3;0
6541;66;3;0.4;0.5;41;106;0.4818182;265;238.1981;3;5
6542;66;3;0.4;0.5;42;101;0.4671815;221;236.3168;3;0
6543;66;3;0.4;0.5;43;101;0.5226337;209;237.5644;3;0
6544;66;3;0.4;0.5;44;103;0.5420168;221;238.4078;3;2
6545;66;3;0.4;0.5;45;101;0.4649123;245;238.0891;3;0
6546;66;3;0.4;0.5;46;101;0.4297872;229;236.7822;3;0
6547;66;3;0.4;0.5;47;102;0.5302326;249;236.4412;3;1
6548;66;3;0.4;0.5;48;103;0.5154185;251;238.7379;3;2
6549;66;3;0.4;0.5;49;101;0.4638298;238;236.396;3;0
6550;66;3;0.4;0.5;50;101;0.5395349;231;237.0891;3;0
6551;66;3;0.4;0.5;51;105;0.5145228;225;236.8381;3;4
6552;66;3;0.4;0.5;52;101;0.5106383;216;236.2178;3;0
6553;66;3;0.4;0.5;53;105;0.5609756;238;236.1429;3;4
6554;66;3;0.4;0.5;54;102;0.479638;252;236.8529;3;1
6555;66;3;0.4;0.5;55;102;0.5021277;228;236.0588;3;1
6556;66;3;0.4;0.5;56;103;0.5;230;236.8447;3;2
6557;66;3;0.4;0.5;57;103;0.4753363;242;235.3981;3;2
6558;66;3;0.4;0.5;58;102;0.535865;217;237.0784;3;1
6559;66;3;0.4;0.5;59;101;0.4826087;245;238.9604;3;0
6560;66;3;0.4;0.5;60;103;0.4795082;213;236.0777;3;2
6561;66;3;0.4;0.5;61;104;0.4977778;222;234.9519;3;3
6562;66;3;0.4;0.5;62;101;0.4634146;249;238.3069;3;0
6563;66;3;0.4;0.5;63;101;0.4813084;240;237.5743;3;0
6564;66;3;0.4;0.5;64;101;0.4915966;226;236.7624;3;0
6565;66;3;0.4;0.5;65;101;0.5104603;221;236.6238;3;0
6566;66;3;0.4;0.5;66;101;0.5066079;218;235.8911;3;0
6567;66;3;0.4;0.5;67;101;0.5;232;238.4851;3;0
6568;66;3;0.4;0.5;68;101;0.5022222;245;235.7921;3;0
6569;66;3;0.4;0.5;69;101;0.5125;230;237.6139;3;0
6570;66;3;0.4;0.5;70;101;0.4056225;241;238.3168;3;0
6571;66;3;0.4;0.5;71;101;0.487069;245;239;3;0
6572;66;3;0.4;0.5;72;101;0.4806867;226;235.6436;3;0
6573;66;3;0.4;0.5;73;101;0.4813278;242;237.2772;3;0
6574;66;3;0.4;0.5;74;101;0.4723404;238;237.0198;3;0
6575;66;3;0.4;0.5;75;102;0.5021097;237;237.4216;3;1
6576;66;3;0.4;0.5;76;104;0.5490196;238;233.875;3;3
6577;66;3;0.4;0.5;77;101;0.4854772;246;239.0792;3;0
6578;66;3;0.4;0.5;78;103;0.4903475;231;236.6408;3;2
6579;66;3;0.4;0.5;79;105;0.5665236;233;237.5714;3;4
6580;66;3;0.4;0.5;80;102;0.5040984;234;237.1667;3;1
6581;66;3;0.4;0.5;81;102;0.508;243;237.3431;3;1
6582;66;3;0.4;0.5;82;103;0.5344828;260;236.5049;3;2
6583;66;3;0.4;0.5;83;102;0.5265487;220;237.049;3;1
6584;66;3;0.4;0.5;84;101;0.5364807;248;235.6634;3;0
6585;66;3;0.4;0.5;85;104;0.4466403;253;237.7885;3;3
6586;66;3;0.4;0.5;86;101;0.4734513;245;235.4455;3;0
6587;66;3;0.4;0.5;87;102;0.5344828;237;236.8333;3;1
6588;66;3;0.4;0.5;88;101;0.516129;217;236.1881;3;0
6589;66;3;0.4;0.5;89;101;0.5136187;237;235.0099;3;0
6590;66;3;0.4;0.5;90;102;0.532;234;236.7549;3;1
6591;66;3;0.4;0.5;91;105;0.4885496;220;237.3143;3;4
6592;66;3;0.4;0.5;92;102;0.5330396;209;235.5098;3;1
6593;66;3;0.4;0.5;93;101;0.4855967;238;237.297;3;0
6594;66;3;0.4;0.5;94;102;0.5151515;238;238.4314;3;1
6595;66;3;0.4;0.5;95;103;0.5148936;241;237.7476;3;2
6596;66;3;0.4;0.5;96;104;0.5123967;232;235.4327;3;3
6597;66;3;0.4;0.5;97;102;0.4243697;223;237.1961;3;1
6598;66;3;0.4;0.5;98;101;0.501992;229;236.1584;3;0
6599;66;3;0.4;0.5;99;101;0.5240175;238;236.8416;3;0
6600;66;3;0.4;0.5;100;102;0.5;244;236.7157;3;1
6601;67;5;0.4;0.5;1;102;0.5201613;233;236.3824;5;1
6602;67;5;0.4;0.5;2;105;0.5087719;237;234.9524;5;4
6603;67;5;0.4;0.5;3;102;0.4979079;246;236.1569;5;1
6604;67;5;0.4;0.5;4;101;0.4938776;248;238.5248;5;0
6605;67;5;0.4;0.5;5;106;0.5066079;234;236.5;5;5
6606;67;5;0.4;0.5;6;102;0.4824561;249;236.1765;5;1
6607;67;5;0.4;0.5;7;104;0.4570312;227;236.3269;5;3
6608;67;5;0.4;0.5;8;101;0.4597156;238;236.6337;5;0
6609;67;5;0.4;0.5;9;102;0.5;228;236.4216;5;1
6610;67;5;0.4;0.5;10;102;0.4957627;247;235.6471;5;1
6611;67;5;0.4;0.5;11;102;0.5238095;244;238.1961;5;1
6612;67;5;0.4;0.5;12;101;0.4680851;243;237.2178;5;0
6613;67;5;0.4;0.5;13;101;0.5133929;234;239.2772;5;0
6614;67;5;0.4;0.5;14;101;0.5325203;232;236.604;5;0
6615;67;5;0.4;0.5;15;103;0.5102041;247;235.767;5;2
6616;67;5;0.4;0.5;16;101;0.4955357;221;236.297;5;0
6617;67;5;0.4;0.5;17;103;0.491453;223;235.5534;5;2
6618;67;5;0.4;0.5;18;104;0.5188285;242;237.5288;5;3
6619;67;5;0.4;0.5;19;101;0.4894515;254;237.5842;5;0
6620;67;5;0.4;0.5;20;102;0.4836066;245;236.8529;5;1
6621;67;5;0.4;0.5;21;102;0.5065502;239;236.5294;5;1
6622;67;5;0.4;0.5;22;104;0.4125;224;235.7404;5;3
6623;67;5;0.4;0.5;23;101;0.4880952;236;236.5149;5;0
6624;67;5;0.4;0.5;24;101;0.5041667;224;236.7624;5;0
6625;67;5;0.4;0.5;25;103;0.474359;249;235.1262;5;2
6626;67;5;0.4;0.5;26;101;0.460251;226;237.3069;5;0
6627;67;5;0.4;0.5;27;103;0.465812;242;236.3398;5;2
6628;67;5;0.4;0.5;28;108;0.5;239;237.5;5;7
6629;67;5;0.4;0.5;29;102;0.4478764;220;234.8235;5;1
6630;67;5;0.4;0.5;30;101;0.5182186;225;236.505;5;0
6631;67;5;0.4;0.5;31;101;0.5065502;230;237.1287;5;0
6632;67;5;0.4;0.5;32;101;0.488189;211;234.4752;5;0
6633;67;5;0.4;0.5;33;102;0.4956897;218;237.4118;5;1
6634;67;5;0.4;0.5;34;102;0.4915966;226;234.8333;5;1
6635;67;5;0.4;0.5;35;102;0.5230769;258;235.4314;5;1
6636;67;5;0.4;0.5;36;101;0.495614;262;237.7228;5;0
6637;67;5;0.4;0.5;37;102;0.4795082;225;237.9118;5;1
6638;67;5;0.4;0.5;38;104;0.5185185;248;236.3654;5;3
6639;67;5;0.4;0.5;39;101;0.5433071;220;235.8713;5;0
6640;67;5;0.4;0.5;40;103;0.5136187;230;237.4078;5;2
6641;67;5;0.4;0.5;41;101;0.5024631;281;236.7921;5;0
6642;67;5;0.4;0.5;42;104;0.5067265;242;236.5;5;3
6643;67;5;0.4;0.5;43;101;0.495935;230;235.4356;5;0
6644;67;5;0.4;0.5;44;102;0.5793991;242;237.3529;5;1
6645;67;5;0.4;0.5;45;103;0.5;233;236.466;5;2
6646;67;5;0.4;0.5;46;102;0.4915966;234;235.9706;5;1
6647;67;5;0.4;0.5;47;101;0.5095785;226;237.802;5;0
6648;67;5;0.4;0.5;48;101;0.5236052;231;235.8317;5;0
6649;67;5;0.4;0.5;49;102;0.5377778;248;234.0294;5;1
6650;67;5;0.4;0.5;50;101;0.504;237;235.8218;5;0
6651;67;5;0.4;0.5;51;102;0.4511628;265;237.0882;5;1
6652;67;5;0.4;0.5;52;105;0.5402299;235;236.2571;5;4
6653;67;5;0.4;0.5;53;103;0.5340909;214;236.5049;5;2
6654;67;5;0.4;0.5;54;101;0.5175097;230;237.6733;5;0
6655;67;5;0.4;0.5;55;107;0.4285714;216;236.6449;5;6
6656;67;5;0.4;0.5;56;102;0.5125;214;236.8627;5;1
6657;67;5;0.4;0.5;57;101;0.4863813;226;236.396;5;0
6658;67;5;0.4;0.5;58;102;0.480916;247;236.7157;5;1
6659;67;5;0.4;0.5;59;101;0.5020921;234;238.2475;5;0
6660;67;5;0.4;0.5;60;106;0.4980392;243;237.2358;5;5
6661;67;5;0.4;0.5;61;101;0.5365854;246;235.6535;5;0
6662;67;5;0.4;0.5;62;104;0.4977974;248;235.9712;5;3
6663;67;5;0.4;0.5;63;101;0.508547;255;237.9604;5;0
6664;67;5;0.4;0.5;64;102;0.4541284;239;234.902;5;1
6665;67;5;0.4;0.5;65;104;0.5276596;237;237;5;3
6666;67;5;0.4;0.5;66;103;0.5381166;241;238.4466;5;2
6667;67;5;0.4;0.5;67;102;0.4880952;243;236.8529;5;1
6668;67;5;0.4;0.5;68;101;0.504902;250;233.7228;5;0
6669;67;5;0.4;0.5;69;101;0.4879032;224;237.9208;5;0
6670;67;5;0.4;0.5;70;101;0.5;237;237.802;5;0
6671;67;5;0.4;0.5;71;103;0.4893617;245;235.301;5;2
6672;67;5;0.4;0.5;72;102;0.5023697;232;238.4118;5;1
6673;67;5;0.4;0.5;73;101;0.4449153;222;235.2574;5;0
6674;67;5;0.4;0.5;74;103;0.5;259;238.6408;5;2
6675;67;5;0.4;0.5;75;101;0.4732143;253;238.4356;5;0
6676;67;5;0.4;0.5;76;101;0.4691358;240;235.7822;5;0
6677;67;5;0.4;0.5;77;103;0.5394191;236;236.8447;5;2
6678;67;5;0.4;0.5;78;101;0.5144033;248;237.6436;5;0
6679;67;5;0.4;0.5;79;102;0.525;238;237.8137;5;1
6680;67;5;0.4;0.5;80;102;0.464135;212;238.0882;5;1
6681;67;5;0.4;0.5;81;101;0.5418502;259;237.5842;5;0
6682;67;5;0.4;0.5;82;101;0.5;245;237.4653;5;0
6683;67;5;0.4;0.5;83;102;0.5070423;255;235.6176;5;1
6684;67;5;0.4;0.5;84;101;0.4894515;233;237.6337;5;0
6685;67;5;0.4;0.5;85;104;0.5215311;248;237.1442;5;3
6686;67;5;0.4;0.5;86;102;0.4725738;229;236.0392;5;1
6687;67;5;0.4;0.5;87;101;0.535865;242;236.1485;5;0
6688;67;5;0.4;0.5;88;101;0.5039683;212;236.703;5;0
6689;67;5;0.4;0.5;89;101;0.5041322;214;237.8515;5;0
6690;67;5;0.4;0.5;90;101;0.5106383;235;236.3663;5;0
6691;67;5;0.4;0.5;91;101;0.4955357;228;236.8911;5;0
6692;67;5;0.4;0.5;92;103;0.4755556;248;234.7184;5;2
6693;67;5;0.4;0.5;93;101;0.472103;239;239.1287;5;0
6694;67;5;0.4;0.5;94;102;0.4892704;231;236.9216;5;1
6695;67;5;0.4;0.5;95;103;0.5352697;225;237.2524;5;2
6696;67;5;0.4;0.5;96;101;0.5163934;240;235.1485;5;0
6697;67;5;0.4;0.5;97;101;0.5191489;242;237.198;5;0
6698;67;5;0.4;0.5;98;102;0.4529915;264;237.3235;5;1
6699;67;5;0.4;0.5;99;101;0.5091743;241;238.2772;5;0
6700;67;5;0.4;0.5;100;102;0.470852;263;237.2255;5;1
6701;68;7;0.4;0.5;1;101;0.5041667;234;236.099;7;0
6702;68;7;0.4;0.5;2;102;0.5102881;226;235.9314;7;1
6703;68;7;0.4;0.5;3;101;0.4644351;234;237.5545;7;0
6704;68;7;0.4;0.5;4;104;0.5288889;241;236.0096;7;3
6705;68;7;0.4;0.5;5;102;0.4811321;259;238.3333;7;1
6706;68;7;0.4;0.5;6;102;0.535316;227;235.0294;7;1
6707;68;7;0.4;0.5;7;101;0.4784483;235;235.4554;7;0
6708;68;7;0.4;0.5;8;103;0.4553191;246;237.1165;7;2
6709;68;7;0.4;0.5;9;103;0.5384615;242;237.1845;7;2
6710;68;7;0.4;0.5;10;103;0.5281385;217;236.9709;7;2
6711;68;7;0.4;0.5;11;101;0.5043103;242;236.8416;7;0
6712;68;7;0.4;0.5;12;105;0.5462185;252;236.9048;7;4
6713;68;7;0.4;0.5;13;101;0.5221239;241;238.2277;7;0
6714;68;7;0.4;0.5;14;101;0.5210728;236;235.4851;7;0
6715;68;7;0.4;0.5;15;102;0.4415584;240;234.8824;7;1
6716;68;7;0.4;0.5;16;104;0.508547;233;236.6058;7;3
6717;68;7;0.4;0.5;17;101;0.5175439;238;236.7129;7;0
6718;68;7;0.4;0.5;18;101;0.5256917;232;237.099;7;0
6719;68;7;0.4;0.5;19;104;0.5512821;243;237.4327;7;3
6720;68;7;0.4;0.5;20;105;0.4803493;227;235.8762;7;4
6721;68;7;0.4;0.5;21;101;0.541502;214;236.1287;7;0
6722;68;7;0.4;0.5;22;105;0.472119;226;235.8667;7;4
6723;68;7;0.4;0.5;23;104;0.4700855;232;237.2212;7;3
6724;68;7;0.4;0.5;24;103;0.4869565;226;235.3786;7;2
6725;68;7;0.4;0.5;25;102;0.4600939;233;235.5;7;1
6726;68;7;0.4;0.5;26;102;0.4530612;250;238.049;7;1
6727;68;7;0.4;0.5;27;103;0.4894515;235;236.767;7;2
6728;68;7;0.4;0.5;28;101;0.5371179;238;235.4752;7;0
6729;68;7;0.4;0.5;29;103;0.5132075;220;236.1068;7;2
6730;68;7;0.4;0.5;30;101;0.48583;250;237.2673;7;0
6731;68;7;0.4;0.5;31;101;0.5446809;240;236.8911;7;0
6732;68;7;0.4;0.5;32;102;0.4649123;225;235.5098;7;1
6733;68;7;0.4;0.5;33;102;0.5048544;232;238.4216;7;1
6734;68;7;0.4;0.5;34;101;0.4913043;234;235.4752;7;0
6735;68;7;0.4;0.5;35;101;0.5211268;243;237.0495;7;0
6736;68;7;0.4;0.5;36;101;0.5217391;249;238.0792;7;0
6737;68;7;0.4;0.5;37;103;0.5061728;223;236.4757;7;2
6738;68;7;0.4;0.5;38;102;0.5229008;218;234.6667;7;1
6739;68;7;0.4;0.5;39;102;0.4696356;247;238.3627;7;1
6740;68;7;0.4;0.5;40;101;0.5371179;217;234.9307;7;0
6741;68;7;0.4;0.5;41;101;0.5481172;254;236.8317;7;0
6742;68;7;0.4;0.5;42;103;0.5169492;237;237.0194;7;2
6743;68;7;0.4;0.5;43;102;0.575;254;235.4412;7;1
6744;68;7;0.4;0.5;44;102;0.5215517;248;237.1667;7;1
6745;68;7;0.4;0.5;45;101;0.4801762;251;235.9109;7;0
6746;68;7;0.4;0.5;46;101;0.4680851;275;236.3366;7;0
6747;68;7;0.4;0.5;47;101;0.5021459;248;237.7228;7;0
6748;68;7;0.4;0.5;48;101;0.5418327;238;236.9703;7;0
6749;68;7;0.4;0.5;49;101;0.4795082;237;236.5545;7;0
6750;68;7;0.4;0.5;50;101;0.5147679;251;237.7624;7;0
6751;68;7;0.4;0.5;51;101;0.4691943;262;234.5446;7;0
6752;68;7;0.4;0.5;52;102;0.5517241;246;236.4804;7;1
6753;68;7;0.4;0.5;53;103;0.4780702;230;236.0971;7;2
6754;68;7;0.4;0.5;54;101;0.504065;258;236.3762;7;0
6755;68;7;0.4;0.5;55;103;0.5040984;236;234.9515;7;2
6756;68;7;0.4;0.5;56;102;0.4956522;228;236.6863;7;1
6757;68;7;0.4;0.5;57;102;0.5702128;252;238.2157;7;1
6758;68;7;0.4;0.5;58;101;0.4581818;228;236.2574;7;0
6759;68;7;0.4;0.5;59;101;0.4872881;250;238.3069;7;0
6760;68;7;0.4;0.5;60;101;0.4788732;230;236.3267;7;0
6761;68;7;0.4;0.5;61;101;0.5301724;219;237.6931;7;0
6762;68;7;0.4;0.5;62;101;0.5944882;253;238.0198;7;0
6763;68;7;0.4;0.5;63;101;0.5140187;249;234.7327;7;0
6764;68;7;0.4;0.5;64;101;0.4763948;218;235.9109;7;0
6765;68;7;0.4;0.5;65;103;0.508547;235;237.9515;7;2
6766;68;7;0.4;0.5;66;102;0.5461847;230;238.3235;7;1
6767;68;7;0.4;0.5;67;103;0.5583333;244;236.8738;7;2
6768;68;7;0.4;0.5;68;101;0.4713656;247;237.0594;7;0
6769;68;7;0.4;0.5;69;101;0.4585153;241;237.0099;7;0
6770;68;7;0.4;0.5;70;102;0.4878049;217;237.0196;7;1
6771;68;7;0.4;0.5;71;101;0.4886878;255;235.5347;7;0
6772;68;7;0.4;0.5;72;101;0.5808081;270;237.1188;7;0
6773;68;7;0.4;0.5;73;101;0.5411255;236;236.5644;7;0
6774;68;7;0.4;0.5;74;101;0.5175439;216;236.099;7;0
6775;68;7;0.4;0.5;75;102;0.5062762;215;237.0588;7;1
6776;68;7;0.4;0.5;76;104;0.4899598;218;234.5096;7;3
6777;68;7;0.4;0.5;77;102;0.4759825;270;238.0098;7;1
6778;68;7;0.4;0.5;78;102;0.5021097;233;236.5784;7;1
6779;68;7;0.4;0.5;79;101;0.5128205;253;236.901;7;0
6780;68;7;0.4;0.5;80;102;0.5506073;225;237.4412;7;1
6781;68;7;0.4;0.5;81;103;0.504386;243;237.4272;7;2
6782;68;7;0.4;0.5;82;106;0.472103;244;237.4151;7;5
6783;68;7;0.4;0.5;83;102;0.560166;231;236.9706;7;1
6784;68;7;0.4;0.5;84;103;0.4383562;229;235.0777;7;2
6785;68;7;0.4;0.5;85;101;0.5220884;251;234.4257;7;0
6786;68;7;0.4;0.5;86;105;0.4401709;210;236.2476;7;4
6787;68;7;0.4;0.5;87;101;0.4977578;224;236.2475;7;0
6788;68;7;0.4;0.5;88;101;0.4976303;265;237.3564;7;0
6789;68;7;0.4;0.5;89;102;0.4770992;224;237.8235;7;1
6790;68;7;0.4;0.5;90;102;0.460251;241;236.8039;7;1
6791;68;7;0.4;0.5;91;105;0.4976077;267;238.1429;7;4
6792;68;7;0.4;0.5;92;103;0.5061224;241;236.6311;7;2
6793;68;7;0.4;0.5;93;103;0.5280374;221;235.2524;7;2
6794;68;7;0.4;0.5;94;102;0.5192308;243;237.7941;7;1
6795;68;7;0.4;0.5;95;110;0.4625551;246;238.4364;7;9
6796;68;7;0.4;0.5;96;101;0.4976744;254;237.6832;7;0
6797;68;7;0.4;0.5;97;101;0.4959016;241;237.3663;7;0
6798;68;7;0.4;0.5;98;102;0.5066667;268;235.598;7;1
6799;68;7;0.4;0.5;99;102;0.504717;253;234.6471;7;1
6800;68;7;0.4;0.5;100;102;0.5148936;235;236.8235;7;1
6801;69;9;0.4;0.5;1;104;0.4817814;255;235.6827;9;3
6802;69;9;0.4;0.5;2;102;0.4867925;229;235.6275;9;1
6803;69;9;0.4;0.5;3;103;0.4859438;257;237.3689;9;2
6804;69;9;0.4;0.5;4;106;0.5416667;240;236.3585;9;5
6805;69;9;0.4;0.5;5;102;0.4722222;223;235.6765;9;1
6806;69;9;0.4;0.5;6;101;0.5309278;259;234.6535;9;0
6807;69;9;0.4;0.5;7;101;0.4978166;224;237.3762;9;0
6808;69;9;0.4;0.5;8;103;0.5319149;247;238.1359;9;2
6809;69;9;0.4;0.5;9;101;0.4529915;227;235.2079;9;0
6810;69;9;0.4;0.5;10;102;0.4942966;229;236.8431;9;1
6811;69;9;0.4;0.5;11;102;0.5102881;245;236.5392;9;1
6812;69;9;0.4;0.5;12;101;0.539749;233;235.1485;9;0
6813;69;9;0.4;0.5;13;103;0.4541667;229;237.6214;9;2
6814;69;9;0.4;0.5;14;102;0.4664032;215;237.0686;9;1
6815;69;9;0.4;0.5;15;101;0.4145299;244;237.7129;9;0
6816;69;9;0.4;0.5;16;102;0.4618644;229;236.3824;9;1
6817;69;9;0.4;0.5;17;101;0.509009;234;237.3762;9;0
6818;69;9;0.4;0.5;18;105;0.526087;227;236.0952;9;4
6819;69;9;0.4;0.5;19;102;0.4787645;233;236.2059;9;1
6820;69;9;0.4;0.5;20;101;0.512605;218;236.2079;9;0
6821;69;9;0.4;0.5;21;101;0.4747082;248;236.2772;9;0
6822;69;9;0.4;0.5;22;101;0.4526749;216;236.4257;9;0
6823;69;9;0.4;0.5;23;108;0.4776786;233;234.7593;9;7
6824;69;9;0.4;0.5;24;102;0.5;229;236.8137;9;1
6825;69;9;0.4;0.5;25;101;0.5041667;234;238.1287;9;0
6826;69;9;0.4;0.5;26;102;0.4285714;243;237.5098;9;1
6827;69;9;0.4;0.5;27;104;0.5454545;246;236.5481;9;3
6828;69;9;0.4;0.5;28;103;0.5245902;225;237.7476;9;2
6829;69;9;0.4;0.5;29;104;0.5020921;243;236.25;9;3
6830;69;9;0.4;0.5;30;101;0.5316456;232;236.7426;9;0
6831;69;9;0.4;0.5;31;102;0.5284553;227;236.7157;9;1
6832;69;9;0.4;0.5;32;101;0.5128205;229;236.0693;9;0
6833;69;9;0.4;0.5;33;102;0.5022624;253;236.7451;9;1
6834;69;9;0.4;0.5;34;102;0.5324675;233;237.7353;9;1
6835;69;9;0.4;0.5;35;101;0.5354331;215;237.3069;9;0
6836;69;9;0.4;0.5;36;103;0.4504132;235;237.0485;9;2
6837;69;9;0.4;0.5;37;103;0.4621514;218;235.4757;9;2
6838;69;9;0.4;0.5;38;101;0.5114155;237;237.2178;9;0
6839;69;9;0.4;0.5;39;101;0.4510638;242;236.9109;9;0
6840;69;9;0.4;0.5;40;101;0.5137615;244;237.2871;9;0
6841;69;9;0.4;0.5;41;102;0.5330739;222;236.2941;9;1
6842;69;9;0.4;0.5;42;101;0.5082645;217;235.901;9;0
6843;69;9;0.4;0.5;43;101;0.4788732;253;236.3267;9;0
6844;69;9;0.4;0.5;44;101;0.5169811;232;240.3366;9;0
6845;69;9;0.4;0.5;45;102;0.4163569;203;236.5;9;1
6846;69;9;0.4;0.5;46;101;0.5188285;240;236.6436;9;0
6847;69;9;0.4;0.5;47;102;0.4439655;257;238.6863;9;1
6848;69;9;0.4;0.5;48;101;0.545045;260;237.1782;9;0
6849;69;9;0.4;0.5;49;102;0.512931;239;236.6569;9;1
6850;69;9;0.4;0.5;50;103;0.4881517;235;237.0291;9;2
6851;69;9;0.4;0.5;51;101;0.4661017;236;236.7921;9;0
6852;69;9;0.4;0.5;52;101;0.4789916;235;239.4059;9;0
6853;69;9;0.4;0.5;53;102;0.4541284;240;235.902;9;1
6854;69;9;0.4;0.5;54;101;0.4773663;252;235.7525;9;0
6855;69;9;0.4;0.5;55;102;0.5;261;236.9902;9;1
6856;69;9;0.4;0.5;56;103;0.5150215;217;236.2718;9;2
6857;69;9;0.4;0.5;57;101;0.5330739;230;236.4257;9;0
6858;69;9;0.4;0.5;58;102;0.5125;229;236.4118;9;1
6859;69;9;0.4;0.5;59;101;0.4936709;254;237.0198;9;0
6860;69;9;0.4;0.5;60;101;0.486692;247;236.5149;9;0
6861;69;9;0.4;0.5;61;101;0.5114504;211;236.7327;9;0
6862;69;9;0.4;0.5;62;101;0.5642202;255;236.6436;9;0
6863;69;9;0.4;0.5;63;103;0.5;253;237.4078;9;2
6864;69;9;0.4;0.5;64;102;0.490566;232;238.3824;9;1
6865;69;9;0.4;0.5;65;103;0.527027;240;237.3301;9;2
6866;69;9;0.4;0.5;66;104;0.5040323;273;237.8269;9;3
6867;69;9;0.4;0.5;67;101;0.492823;255;237.6436;9;0
6868;69;9;0.4;0.5;68;105;0.4553991;254;236.1333;9;4
6869;69;9;0.4;0.5;69;101;0.4323144;219;238.3366;9;0
6870;69;9;0.4;0.5;70;102;0.4915966;221;235.951;9;1
6871;69;9;0.4;0.5;71;104;0.5177866;223;236.875;9;3
6872;69;9;0.4;0.5;72;101;0.4805195;240;237.4851;9;0
6873;69;9;0.4;0.5;73;101;0.464455;251;238.2178;9;0
6874;69;9;0.4;0.5;74;102;0.5565611;243;237.2647;9;1
6875;69;9;0.4;0.5;75;101;0.4956897;241;237.8317;9;0
6876;69;9;0.4;0.5;76;101;0.4910714;252;237.8218;9;0
6877;69;9;0.4;0.5;77;101;0.4959677;218;237.7723;9;0
6878;69;9;0.4;0.5;78;101;0.4553991;219;239.6436;9;0
6879;69;9;0.4;0.5;79;102;0.5022026;265;235.6078;9;1
6880;69;9;0.4;0.5;80;115;0.5683761;260;237.487;9;14
6881;69;9;0.4;0.5;81;102;0.5217391;262;235.4804;9;1
6882;69;9;0.4;0.5;82;101;0.5462185;251;237.2574;9;0
6883;69;9;0.4;0.5;83;103;0.4672489;245;236.8641;9;2
6884;69;9;0.4;0.5;84;101;0.4932735;234;237.0099;9;0
6885;69;9;0.4;0.5;85;101;0.4755556;230;238.4356;9;0
6886;69;9;0.4;0.5;86;101;0.4679803;238;235.3366;9;0
6887;69;9;0.4;0.5;87;105;0.4778761;221;237.3143;9;4
6888;69;9;0.4;0.5;88;102;0.4868421;230;236.4902;9;1
6889;69;9;0.4;0.5;89;102;0.5282258;238;237.6078;9;1
6890;69;9;0.4;0.5;90;104;0.4854772;237;237.3558;9;3
6891;69;9;0.4;0.5;91;102;0.5474138;232;235.6863;9;1
6892;69;9;0.4;0.5;92;101;0.4878049;216;234.604;9;0
6893;69;9;0.4;0.5;93;102;0.4793388;221;236.6569;9;1
6894;69;9;0.4;0.5;94;104;0.5470085;224;238.0481;9;3
6895;69;9;0.4;0.5;95;101;0.4861111;253;235.9901;9;0
6896;69;9;0.4;0.5;96;105;0.4758065;226;236.3619;9;4
6897;69;9;0.4;0.5;97;101;0.5108225;228;237.1683;9;0
6898;69;9;0.4;0.5;98;103;0.4632035;256;237.7282;9;2
6899;69;9;0.4;0.5;99;101;0.5236052;210;236.2277;9;0
6900;69;9;0.4;0.5;100;101;0.5271967;250;237.1683;9;0
6901;70;11;0.4;0.5;1;101;0.4937238;264;238.4554;11;0
6902;70;11;0.4;0.5;2;101;0.5074074;211;236.4257;11;0
6903;70;11;0.4;0.5;3;101;0.5299145;240;235.6931;11;0
6904;70;11;0.4;0.5;4;101;0.4692982;241;238.505;11;0
6905;70;11;0.4;0.5;5;101;0.5422222;228;236.0891;11;0
6906;70;11;0.4;0.5;6;103;0.5439331;233;236.6214;11;2
6907;70;11;0.4;0.5;7;102;0.5316456;241;238.3824;11;1
6908;70;11;0.4;0.5;8;101;0.5;252;238.8515;11;0
6909;70;11;0.4;0.5;9;101;0.4526749;234;235.6337;11;0
6910;70;11;0.4;0.5;10;102;0.4568966;226;237.4706;11;1
6911;70;11;0.4;0.5;11;101;0.4588745;246;235.8218;11;0
6912;70;11;0.4;0.5;12;101;0.4557522;210;235.9505;11;0
6913;70;11;0.4;0.5;13;101;0.5416667;245;235.2475;11;0
6914;70;11;0.4;0.5;14;101;0.4960938;241;238.2871;11;0
6915;70;11;0.4;0.5;15;103;0.4736842;261;236.3107;11;2
6916;70;11;0.4;0.5;16;102;0.5122951;239;238.2549;11;1
6917;70;11;0.4;0.5;17;102;0.5431034;219;237.0196;11;1
6918;70;11;0.4;0.5;18;101;0.5489362;239;239.2079;11;0
6919;70;11;0.4;0.5;19;101;0.496;234;239.2376;11;0
6920;70;11;0.4;0.5;20;102;0.4705882;257;235.7157;11;1
6921;70;11;0.4;0.5;21;102;0.4266667;239;237.5;11;1
6922;70;11;0.4;0.5;22;101;0.4292237;257;236.8218;11;0
6923;70;11;0.4;0.5;23;101;0.5176471;239;236.3069;11;0
6924;70;11;0.4;0.5;24;103;0.5065502;249;237.835;11;2
6925;70;11;0.4;0.5;25;102;0.4439462;244;235.3137;11;1
6926;70;11;0.4;0.5;26;103;0.48583;265;237.7961;11;2
6927;70;11;0.4;0.5;27;101;0.5555556;241;236.7624;11;0
6928;70;11;0.4;0.5;28;104;0.5336134;230;236.875;11;3
6929;70;11;0.4;0.5;29;102;0.4471545;226;238.3922;11;1
6930;70;11;0.4;0.5;30;101;0.4875;234;236.4257;11;0
6931;70;11;0.4;0.5;31;103;0.5;219;235.7282;11;2
6932;70;11;0.4;0.5;32;102;0.4394619;258;235.6765;11;1
6933;70;11;0.4;0.5;33;102;0.4824561;224;236.8725;11;1
6934;70;11;0.4;0.5;34;105;0.548;243;236.6667;11;4
6935;70;11;0.4;0.5;35;101;0.4921875;235;236.1782;11;0
6936;70;11;0.4;0.5;36;103;0.4431373;233;236.2913;11;2
6937;70;11;0.4;0.5;37;105;0.4316239;233;235.6476;11;4
6938;70;11;0.4;0.5;38;104;0.5183673;209;236.3558;11;3
6939;70;11;0.4;0.5;39;101;0.5054545;237;236.6535;11;0
6940;70;11;0.4;0.5;40;102;0.4960317;233;236.4902;11;1
6941;70;11;0.4;0.5;41;102;0.5090909;245;237.6569;11;1
6942;70;11;0.4;0.5;42;101;0.556962;243;237.2376;11;0
6943;70;11;0.4;0.5;43;103;0.5107296;224;237.5534;11;2
6944;70;11;0.4;0.5;44;107;0.4648438;211;238;11;6
6945;70;11;0.4;0.5;45;101;0.4803493;231;234.7525;11;0
6946;70;11;0.4;0.5;46;101;0.5545455;255;236.9604;11;0
6947;70;11;0.4;0.5;47;104;0.4957627;228;236.2019;11;3
6948;70;11;0.4;0.5;48;101;0.5546218;264;238.0693;11;0
6949;70;11;0.4;0.5;49;102;0.4913793;245;236.6569;11;1
6950;70;11;0.4;0.5;50;101;0.4621849;224;234.802;11;0
6951;70;11;0.4;0.5;51;101;0.4568966;232;235.9901;11;0
6952;70;11;0.4;0.5;52;101;0.5041667;249;237.297;11;0
6953;70;11;0.4;0.5;53;102;0.5169811;226;236.8529;11;1
6954;70;11;0.4;0.5;54;104;0.5;243;238.1923;11;3
6955;70;11;0.4;0.5;55;101;0.5023041;229;236.9208;11;0
6956;70;11;0.4;0.5;56;102;0.5235849;240;235.6569;11;1
6957;70;11;0.4;0.5;57;102;0.4888889;245;236.8333;11;1
6958;70;11;0.4;0.5;58;101;0.5327869;225;237.6931;11;0
6959;70;11;0.4;0.5;59;102;0.5336323;256;236.4314;11;1
6960;70;11;0.4;0.5;60;101;0.4705882;218;237.0693;11;0
6961;70;11;0.4;0.5;61;101;0.4453782;219;236.3465;11;0
6962;70;11;0.4;0.5;62;101;0.516;259;239.2574;11;0
6963;70;11;0.4;0.5;63;103;0.4292453;247;238.0388;11;2
6964;70;11;0.4;0.5;64;101;0.5082645;256;238.2772;11;0
6965;70;11;0.4;0.5;65;103;0.4833333;232;235.7573;11;2
6966;70;11;0.4;0.5;66;101;0.4776119;231;235.4653;11;0
6967;70;11;0.4;0.5;67;101;0.4915254;267;237.8317;11;0
6968;70;11;0.4;0.5;68;101;0.4675325;226;238.2871;11;0
6969;70;11;0.4;0.5;69;101;0.4351464;228;239.2871;11;0
6970;70;11;0.4;0.5;70;101;0.4393305;249;237.9505;11;0
6971;70;11;0.4;0.5;71;105;0.4957627;247;238.0095;11;4
6972;70;11;0.4;0.5;72;101;0.5241935;241;236.2574;11;0
6973;70;11;0.4;0.5;73;102;0.5020243;238;235.1176;11;1
6974;70;11;0.4;0.5;74;101;0.463035;236;238.5743;11;0
6975;70;11;0.4;0.5;75;102;0.5020747;247;235.3137;11;1
6976;70;11;0.4;0.5;76;103;0.5064935;254;237.3786;11;2
6977;70;11;0.4;0.5;77;101;0.4808511;229;236.7129;11;0
6978;70;11;0.4;0.5;78;105;0.524;228;236.3524;11;4
6979;70;11;0.4;0.5;79;103;0.5103734;234;237.6311;11;2
6980;70;11;0.4;0.5;80;102;0.5251142;236;235.4216;11;1
6981;70;11;0.4;0.5;81;101;0.4813278;223;236.6931;11;0
6982;70;11;0.4;0.5;82;104;0.5443038;234;235.5385;11;3
6983;70;11;0.4;0.5;83;101;0.4788136;244;236.9109;11;0
6984;70;11;0.4;0.5;84;102;0.4534413;238;236.451;11;1
6985;70;11;0.4;0.5;85;101;0.5294118;246;235.1881;11;0
6986;70;11;0.4;0.5;86;101;0.5354331;247;237.1089;11;0
6987;70;11;0.4;0.5;87;101;0.5205479;236;235.9406;11;0
6988;70;11;0.4;0.5;88;101;0.5106383;222;237.2277;11;0
6989;70;11;0.4;0.5;89;101;0.5432099;246;238.4455;11;0
6990;70;11;0.4;0.5;90;101;0.512605;251;235.7228;11;0
6991;70;11;0.4;0.5;91;101;0.559322;229;237.6931;11;0
6992;70;11;0.4;0.5;92;101;0.4698276;221;236.396;11;0
6993;70;11;0.4;0.5;93;102;0.472973;231;236.1078;11;1
6994;70;11;0.4;0.5;94;104;0.4481328;249;237.7019;11;3
6995;70;11;0.4;0.5;95;102;0.4859438;239;238.098;11;1
6996;70;11;0.4;0.5;96;101;0.5506073;243;239.1287;11;0
6997;70;11;0.4;0.5;97;101;0.4556452;233;236.8317;11;0
6998;70;11;0.4;0.5;98;104;0.465812;233;237.0192;11;3
6999;70;11;0.4;0.5;99;101;0.534413;258;236.2277;11;0
7000;70;11;0.4;0.5;100;101;0.4833333;253;239.0693;11;0
7001;71;13;0.4;0.5;1;101;0.4686192;251;235.2772;13;0
7002;71;13;0.4;0.5;2;101;0.5172414;235;238.297;13;0
7003;71;13;0.4;0.5;3;104;0.458498;220;236.9712;13;3
7004;71;13;0.4;0.5;4;102;0.4583333;244;235.6863;13;1
7005;71;13;0.4;0.5;5;101;0.4567901;213;236.1485;13;0
7006;71;13;0.4;0.5;6;101;0.4934498;241;237.2574;13;0
7007;71;13;0.4;0.5;7;103;0.5181818;241;235.7573;13;2
7008;71;13;0.4;0.5;8;105;0.4823009;212;238.6952;13;4
7009;71;13;0.4;0.5;9;101;0.4871795;247;236.5347;13;0
7010;71;13;0.4;0.5;10;101;0.4710744;238;236.0594;13;0
7011;71;13;0.4;0.5;11;101;0.5107296;225;237.3069;13;0
7012;71;13;0.4;0.5;12;104;0.4758065;221;237.1058;13;3
7013;71;13;0.4;0.5;13;101;0.555102;212;238.198;13;0
7014;71;13;0.4;0.5;14;103;0.5486726;230;237.1942;13;2
7015;71;13;0.4;0.5;15;103;0.5316456;231;236.6602;13;2
7016;71;13;0.4;0.5;16;101;0.4938272;263;237.8218;13;0
7017;71;13;0.4;0.5;17;101;0.4604651;261;237.8812;13;0
7018;71;13;0.4;0.5;18;102;0.493617;239;238.1667;13;1
7019;71;13;0.4;0.5;19;101;0.5381166;265;237.1287;13;0
7020;71;13;0.4;0.5;20;101;0.509009;254;236.1386;13;0
7021;71;13;0.4;0.5;21;101;0.4849785;238;237.1089;13;0
7022;71;13;0.4;0.5;22;102;0.4757709;248;237.7353;13;1
7023;71;13;0.4;0.5;23;103;0.4391304;224;237.5049;13;2
7024;71;13;0.4;0.5;24;101;0.4342629;220;235.4851;13;0
7025;71;13;0.4;0.5;25;101;0.5062241;252;237.6634;13;0
7026;71;13;0.4;0.5;26;101;0.4937238;236;235.7327;13;0
7027;71;13;0.4;0.5;27;103;0.5289256;237;236.9417;13;2
7028;71;13;0.4;0.5;28;101;0.4956522;234;236.495;13;0
7029;71;13;0.4;0.5;29;101;0.4676617;239;235.8416;13;0
7030;71;13;0.4;0.5;30;101;0.5067873;244;236.7525;13;0
7031;71;13;0.4;0.5;31;101;0.5198238;233;236.5743;13;0
7032;71;13;0.4;0.5;32;101;0.4784483;228;236.4653;13;0
7033;71;13;0.4;0.5;33;105;0.5271318;200;238.1333;13;4
7034;71;13;0.4;0.5;34;101;0.5;244;237.703;13;0
7035;71;13;0.4;0.5;35;103;0.4780876;227;236.301;13;2
7036;71;13;0.4;0.5;36;102;0.5211864;256;236.8235;13;1
7037;71;13;0.4;0.5;37;102;0.4782609;254;236.4314;13;1
7038;71;13;0.4;0.5;38;102;0.488189;245;238.098;13;1
7039;71;13;0.4;0.5;39;102;0.5245902;250;237.5882;13;1
7040;71;13;0.4;0.5;40;103;0.4938272;236;235.4563;13;2
7041;71;13;0.4;0.5;41;102;0.4888889;233;237;13;1
7042;71;13;0.4;0.5;42;101;0.5104603;252;237.7723;13;0
7043;71;13;0.4;0.5;43;101;0.4849785;229;236.4158;13;0
7044;71;13;0.4;0.5;44;101;0.5330579;234;236.9505;13;0
7045;71;13;0.4;0.5;45;104;0.5384615;246;236.8077;13;3
7046;71;13;0.4;0.5;46;104;0.4941634;221;234.7692;13;3
7047;71;13;0.4;0.5;47;104;0.4934498;220;235.5096;13;3
7048;71;13;0.4;0.5;48;101;0.4297872;247;236.099;13;0
7049;71;13;0.4;0.5;49;102;0.462963;241;236.3431;13;1
7050;71;13;0.4;0.5;50;101;0.4798387;225;237.7129;13;0
7051;71;13;0.4;0.5;51;105;0.479638;249;236.5905;13;4
7052;71;13;0.4;0.5;52;101;0.5458515;235;234.9703;13;0
7053;71;13;0.4;0.5;53;102;0.4644351;236;238.2941;13;1
7054;71;13;0.4;0.5;54;103;0.5545852;217;235.1359;13;2
7055;71;13;0.4;0.5;55;102;0.506383;236;236.4118;13;1
7056;71;13;0.4;0.5;56;101;0.484252;249;238.3564;13;0
7057;71;13;0.4;0.5;57;101;0.5096525;231;237.198;13;0
7058;71;13;0.4;0.5;58;102;0.5043478;233;233.8922;13;1
7059;71;13;0.4;0.5;59;101;0.4698276;242;233.6139;13;0
7060;71;13;0.4;0.5;60;101;0.5;246;238.5644;13;0
7061;71;13;0.4;0.5;61;101;0.4545455;231;236.5446;13;0
7062;71;13;0.4;0.5;62;105;0.477551;236;236.4762;13;4
7063;71;13;0.4;0.5;63;102;0.542735;256;237.2451;13;1
7064;71;13;0.4;0.5;64;101;0.4848485;258;237.604;13;0
7065;71;13;0.4;0.5;65;104;0.5208333;258;236.7308;13;3
7066;71;13;0.4;0.5;66;101;0.5195312;234;236.3663;13;0
7067;71;13;0.4;0.5;67;105;0.5020921;237;237.5714;13;4
7068;71;13;0.4;0.5;68;102;0.4810127;234;236.4216;13;1
7069;71;13;0.4;0.5;69;108;0.4956897;231;235.7407;13;7
7070;71;13;0.4;0.5;70;103;0.5215686;229;236.6505;13;2
7071;71;13;0.4;0.5;71;103;0.5517241;247;236.8155;13;2
7072;71;13;0.4;0.5;72;101;0.4724409;224;235.5446;13;0
7073;71;13;0.4;0.5;73;101;0.4793388;249;235.8614;13;0
7074;71;13;0.4;0.5;74;102;0.4534413;225;237.098;13;1
7075;71;13;0.4;0.5;75;102;0.529661;231;238.098;13;1
7076;71;13;0.4;0.5;76;101;0.4227642;234;238.1782;13;0
7077;71;13;0.4;0.5;77;101;0.4691943;271;236.1287;13;0
7078;71;13;0.4;0.5;78;107;0.4952381;246;237.8224;13;6
7079;71;13;0.4;0.5;79;101;0.5022222;240;235.5446;13;0
7080;71;13;0.4;0.5;80;103;0.517094;231;237.2913;13;2
7081;71;13;0.4;0.5;81;102;0.5210728;233;236.9412;13;1
7082;71;13;0.4;0.5;82;101;0.4904762;251;236.1584;13;0
7083;71;13;0.4;0.5;83;101;0.5313808;222;237.2673;13;0
7084;71;13;0.4;0.5;84;101;0.426087;217;236.3168;13;0
7085;71;13;0.4;0.5;85;101;0.5150215;223;236.4752;13;0
7086;71;13;0.4;0.5;86;101;0.4681818;238;237.7327;13;0
7087;71;13;0.4;0.5;87;104;0.4818182;263;235.9038;13;3
7088;71;13;0.4;0.5;88;101;0.5342466;254;235.6139;13;0
7089;71;13;0.4;0.5;89;101;0.4586777;235;235.703;13;0
7090;71;13;0.4;0.5;90;103;0.5201613;228;237.165;13;2
7091;71;13;0.4;0.5;91;101;0.4819277;237;234;13;0
7092;71;13;0.4;0.5;92;101;0.4859438;243;238.5842;13;0
7093;71;13;0.4;0.5;93;105;0.5142857;243;236.581;13;4
7094;71;13;0.4;0.5;94;103;0.4416667;227;236.1359;13;2
7095;71;13;0.4;0.5;95;103;0.52;252;237.8932;13;2
7096;71;13;0.4;0.5;96;101;0.4634146;227;235.9505;13;0
7097;71;13;0.4;0.5;97;102;0.5291829;239;235.7451;13;1
7098;71;13;0.4;0.5;98;101;0.5063291;236;237.1485;13;0
7099;71;13;0.4;0.5;99;101;0.504902;231;236.9901;13;0
7100;71;13;0.4;0.5;100;101;0.4710744;210;236.3663;13;0
7101;72;15;0.4;0.5;1;102;0.5539033;225;237.5294;15;1
7102;72;15;0.4;0.5;2;102;0.5019305;242;235.7941;15;1
7103;72;15;0.4;0.5;3;101;0.4479638;245;236.495;15;0
7104;72;15;0.4;0.5;4;102;0.5559846;227;236.9314;15;1
7105;72;15;0.4;0.5;5;101;0.5330739;225;237.6238;15;0
7106;72;15;0.4;0.5;6;102;0.4824561;224;237.0294;15;1
7107;72;15;0.4;0.5;7;102;0.5208333;230;235.7157;15;1
7108;72;15;0.4;0.5;8;101;0.4936709;226;237.5446;15;0
7109;72;15;0.4;0.5;9;101;0.4956522;232;236.099;15;0
7110;72;15;0.4;0.5;10;101;0.5193133;241;237.2772;15;0
7111;72;15;0.4;0.5;11;101;0.456621;230;235.6634;15;0
7112;72;15;0.4;0.5;12;101;0.5217391;246;235.8317;15;0
7113;72;15;0.4;0.5;13;103;0.4716981;214;238.9903;15;2
7114;72;15;0.4;0.5;14;101;0.5252101;244;239.8911;15;0
7115;72;15;0.4;0.5;15;103;0.5473251;252;237.0291;15;2
7116;72;15;0.4;0.5;16;103;0.5179283;230;238.6019;15;2
7117;72;15;0.4;0.5;17;102;0.4899598;231;236.2941;15;1
7118;72;15;0.4;0.5;18;102;0.5354331;220;237.0588;15;1
7119;72;15;0.4;0.5;19;102;0.5316456;242;236.3824;15;1
7120;72;15;0.4;0.5;20;101;0.5254237;248;237.4653;15;0
7121;72;15;0.4;0.5;21;102;0.4642857;216;237.7647;15;1
7122;72;15;0.4;0.5;22;101;0.5381356;253;237.4356;15;0
7123;72;15;0.4;0.5;23;101;0.5122951;248;239.1881;15;0
7124;72;15;0.4;0.5;24;102;0.5221239;248;238.2059;15;1
7125;72;15;0.4;0.5;25;103;0.5150376;242;238.6311;15;2
7126;72;15;0.4;0.5;26;103;0.5064935;220;234.3495;15;2
7127;72;15;0.4;0.5;27;101;0.3955556;236;237.4059;15;0
7128;72;15;0.4;0.5;28;102;0.492823;245;235.6471;15;1
7129;72;15;0.4;0.5;29;101;0.5022422;240;237.8317;15;0
7130;72;15;0.4;0.5;30;101;0.5294118;233;237.4752;15;0
7131;72;15;0.4;0.5;31;101;0.516;220;237.2574;15;0
7132;72;15;0.4;0.5;32;101;0.4817814;234;236.802;15;0
7133;72;15;0.4;0.5;33;102;0.4979253;245;237.3235;15;1
7134;72;15;0.4;0.5;34;102;0.5493562;243;236.2353;15;1
7135;72;15;0.4;0.5;35;102;0.4897119;250;237.2059;15;1
7136;72;15;0.4;0.5;36;102;0.4855967;231;237.7255;15;1
7137;72;15;0.4;0.5;37;102;0.4979253;219;235.5392;15;1
7138;72;15;0.4;0.5;38;101;0.525;250;238.6436;15;0
7139;72;15;0.4;0.5;39;102;0.4830508;229;233.1275;15;1
7140;72;15;0.4;0.5;40;102;0.5067873;259;235.598;15;1
7141;72;15;0.4;0.5;41;101;0.4855967;231;239.5842;15;0
7142;72;15;0.4;0.5;42;107;0.4571429;230;237.7103;15;6
7143;72;15;0.4;0.5;43;104;0.4634146;234;237.3654;15;3
7144;72;15;0.4;0.5;44;102;0.5458333;253;236.402;15;1
7145;72;15;0.4;0.5;45;102;0.4267782;238;236.7745;15;1
7146;72;15;0.4;0.5;46;101;0.5299145;228;235.0594;15;0
7147;72;15;0.4;0.5;47;101;0.5390947;240;237.5842;15;0
7148;72;15;0.4;0.5;48;103;0.5127119;221;236.6117;15;2
7149;72;15;0.4;0.5;49;103;0.4425532;234;235.7864;15;2
7150;72;15;0.4;0.5;50;101;0.5159817;243;235.8812;15;0
7151;72;15;0.4;0.5;51;103;0.517094;214;238.0388;15;2
7152;72;15;0.4;0.5;52;109;0.4524887;241;236.3945;15;8
7153;72;15;0.4;0.5;53;102;0.5043478;233;237.3824;15;1
7154;72;15;0.4;0.5;54;101;0.5081967;234;236.6832;15;0
7155;72;15;0.4;0.5;55;101;0.5155039;236;237.7228;15;0
7156;72;15;0.4;0.5;56;101;0.5454545;249;235.7723;15;0
7157;72;15;0.4;0.5;57;103;0.5019011;216;236.5146;15;2
7158;72;15;0.4;0.5;58;102;0.5128205;247;237.4412;15;1
7159;72;15;0.4;0.5;59;103;0.4541485;261;235.6117;15;2
7160;72;15;0.4;0.5;60;101;0.490566;244;236.8416;15;0
7161;72;15;0.4;0.5;61;101;0.5;221;237.1782;15;0
7162;72;15;0.4;0.5;62;101;0.4954545;247;236.8515;15;0
7163;72;15;0.4;0.5;63;101;0.4956522;214;237.6733;15;0
7164;72;15;0.4;0.5;64;107;0.5372549;226;237.6729;15;6
7165;72;15;0.4;0.5;65;104;0.5191489;225;236.1346;15;3
7166;72;15;0.4;0.5;66;101;0.4776786;243;236.6634;15;0
7167;72;15;0.4;0.5;67;104;0.5060241;273;236.2981;15;3
7168;72;15;0.4;0.5;68;102;0.5299539;242;238.1863;15;1
7169;72;15;0.4;0.5;69;102;0.4821429;225;235.9216;15;1
7170;72;15;0.4;0.5;70;101;0.5818182;225;235.9406;15;0
7171;72;15;0.4;0.5;71;101;0.4476987;243;236.4554;15;0
7172;72;15;0.4;0.5;72;102;0.539823;250;237;15;1
7173;72;15;0.4;0.5;73;101;0.5411765;236;237.3861;15;0
7174;72;15;0.4;0.5;74;101;0.4724409;226;236.6733;15;0
7175;72;15;0.4;0.5;75;104;0.4676806;228;235.6058;15;3
7176;72;15;0.4;0.5;76;105;0.4808511;233;237.1333;15;4
7177;72;15;0.4;0.5;77;101;0.5;243;237.2376;15;0
7178;72;15;0.4;0.5;78;104;0.5235849;235;236.0096;15;3
7179;72;15;0.4;0.5;79;101;0.5;224;236.8317;15;0
7180;72;15;0.4;0.5;80;101;0.4977169;247;237.0594;15;0
7181;72;15;0.4;0.5;81;101;0.5090909;251;237.198;15;0
7182;72;15;0.4;0.5;82;101;0.5333333;246;235.3762;15;0
7183;72;15;0.4;0.5;83;101;0.4573991;235;236.5941;15;0
7184;72;15;0.4;0.5;84;101;0.4728682;213;236.9901;15;0
7185;72;15;0.4;0.5;85;102;0.4777328;226;237.1471;15;1
7186;72;15;0.4;0.5;86;103;0.4767932;226;237.1165;15;2
7187;72;15;0.4;0.5;87;102;0.516129;235;236.9608;15;1
7188;72;15;0.4;0.5;88;101;0.5333333;235;236.2475;15;0
7189;72;15;0.4;0.5;89;101;0.468254;229;235.2376;15;0
7190;72;15;0.4;0.5;90;103;0.512;226;235.835;15;2
7191;72;15;0.4;0.5;91;105;0.5088496;230;235.5714;15;4
7192;72;15;0.4;0.5;92;102;0.5;232;234.7843;15;1
7193;72;15;0.4;0.5;93;103;0.4814815;251;236.0097;15;2
7194;72;15;0.4;0.5;94;101;0.4930233;239;237.0297;15;0
7195;72;15;0.4;0.5;95;103;0.4628821;229;237.233;15;2
7196;72;15;0.4;0.5;96;102;0.473029;258;234.8922;15;1
7197;72;15;0.4;0.5;97;101;0.4889868;236;235.5446;15;0
7198;72;15;0.4;0.5;98;102;0.4728033;246;237.4118;15;1
7199;72;15;0.4;0.5;99;102;0.5040984;237;239.0588;15;1
7200;72;15;0.4;0.5;100;101;0.5045455;252;238.1188;15;0
7201;73;17;0.4;0.5;1;105;0.5058824;216;238.0571;17;4
7202;73;17;0.4;0.5;2;102;0.5504202;247;236.5882;17;1
7203;73;17;0.4;0.5;3;102;0.5271967;240;237.8333;17;1
7204;73;17;0.4;0.5;4;101;0.4766355;240;237.2277;17;0
7205;73;17;0.4;0.5;5;102;0.5020243;227;239.1275;17;1
7206;73;17;0.4;0.5;6;101;0.56;241;234.703;17;0
7207;73;17;0.4;0.5;7;101;0.5186722;255;237.4752;17;0
7208;73;17;0.4;0.5;8;102;0.5340909;228;237.0686;17;1
7209;73;17;0.4;0.5;9;102;0.4853556;217;237.8725;17;1
7210;73;17;0.4;0.5;10;101;0.4857143;253;238.802;17;0
7211;73;17;0.4;0.5;11;101;0.470339;231;235.6832;17;0
7212;73;17;0.4;0.5;12;101;0.5086207;229;237.1782;17;0
7213;73;17;0.4;0.5;13;104;0.4755556;236;235.1538;17;3
7214;73;17;0.4;0.5;14;101;0.5168067;251;238.5446;17;0
7215;73;17;0.4;0.5;15;101;0.4242424;222;239.0396;17;0
7216;73;17;0.4;0.5;16;110;0.4937238;241;238.4636;17;9
7217;73;17;0.4;0.5;17;102;0.5084034;256;237.7745;17;1
7218;73;17;0.4;0.5;18;101;0.4871795;224;235.2277;17;0
7219;73;17;0.4;0.5;19;102;0.5303644;247;237.0294;17;1
7220;73;17;0.4;0.5;20;104;0.4933333;236;236.4038;17;3
7221;73;17;0.4;0.5;21;104;0.5400844;256;236.4615;17;3
7222;73;17;0.4;0.5;22;101;0.484;225;235.3366;17;0
7223;73;17;0.4;0.5;23;101;0.4304933;235;236.9109;17;0
7224;73;17;0.4;0.5;24;101;0.5041322;238;236.6337;17;0
7225;73;17;0.4;0.5;25;101;0.5150215;234;237.2871;17;0
7226;73;17;0.4;0.5;26;101;0.5080645;238;238;17;0
7227;73;17;0.4;0.5;27;101;0.4756098;232;234.297;17;0
7228;73;17;0.4;0.5;28;101;0.4757709;243;236.7525;17;0
7229;73;17;0.4;0.5;29;102;0.5281385;237;235.6078;17;1
7230;73;17;0.4;0.5;30;101;0.5232068;265;237.7327;17;0
7231;73;17;0.4;0.5;31;101;0.5220884;251;238.4059;17;0
7232;73;17;0.4;0.5;32;102;0.526087;228;239.7941;17;1
7233;73;17;0.4;0.5;33;102;0.4698795;239;237.6667;17;1
7234;73;17;0.4;0.5;34;103;0.5;254;235.5825;17;2
7235;73;17;0.4;0.5;35;103;0.4638298;202;237.2816;17;2
7236;73;17;0.4;0.5;36;106;0.5258621;237;235.0472;17;5
7237;73;17;0.4;0.5;37;101;0.526749;238;237.2871;17;0
7238;73;17;0.4;0.5;38;102;0.4705882;216;236.9804;17;1
7239;73;17;0.4;0.5;39;104;0.489083;239;235.875;17;3
7240;73;17;0.4;0.5;40;102;0.5377778;231;236.1569;17;1
7241;73;17;0.4;0.5;41;103;0.470852;259;238.5146;17;2
7242;73;17;0.4;0.5;42;101;0.526971;250;238.0792;17;0
7243;73;17;0.4;0.5;43;107;0.5288889;262;236.4579;17;6
7244;73;17;0.4;0.5;44;102;0.5022026;225;236.3824;17;1
7245;73;17;0.4;0.5;45;102;0.515748;256;236.3039;17;1
7246;73;17;0.4;0.5;46;102;0.4827586;241;237.9706;17;1
7247;73;17;0.4;0.5;47;105;0.5384615;246;237.981;17;4
7248;73;17;0.4;0.5;48;102;0.5042373;252;236.9412;17;1
7249;73;17;0.4;0.5;49;113;0.486166;236;237.9735;17;12
7250;73;17;0.4;0.5;50;101;0.5366795;221;235.8416;17;0
7251;73;17;0.4;0.5;51;101;0.4892704;240;235.9307;17;0
7252;73;17;0.4;0.5;52;101;0.4978541;232;237.5248;17;0
7253;73;17;0.4;0.5;53;101;0.468;246;238.2277;17;0
7254;73;17;0.4;0.5;54;105;0.5701754;226;236.0667;17;4
7255;73;17;0.4;0.5;55;101;0.4978723;229;236.4257;17;0
7256;73;17;0.4;0.5;56;101;0.4894515;233;237.2772;17;0
7257;73;17;0.4;0.5;57;101;0.5063291;237;235.6733;17;0
7258;73;17;0.4;0.5;58;102;0.5298805;214;237.9608;17;1
7259;73;17;0.4;0.5;59;101;0.5144033;207;236.604;17;0
7260;73;17;0.4;0.5;60;101;0.5165289;220;235.9208;17;0
7261;73;17;0.4;0.5;61;101;0.4599156;250;236.2673;17;0
7262;73;17;0.4;0.5;62;102;0.4980695;239;237.3824;17;1
7263;73;17;0.4;0.5;63;101;0.5387755;242;235.8911;17;0
7264;73;17;0.4;0.5;64;103;0.5596708;214;237.2718;17;2
7265;73;17;0.4;0.5;65;101;0.5193133;244;236.4257;17;0
7266;73;17;0.4;0.5;66;101;0.5543478;239;237.5743;17;0
7267;73;17;0.4;0.5;67;103;0.4741036;235;235.9903;17;2
7268;73;17;0.4;0.5;68;101;0.4746377;225;237.6139;17;0
7269;73;17;0.4;0.5;69;101;0.4754098;238;236.8713;17;0
7270;73;17;0.4;0.5;70;101;0.5043103;234;235.0693;17;0
7271;73;17;0.4;0.5;71;103;0.4605263;214;235.1068;17;2
7272;73;17;0.4;0.5;72;102;0.5038462;245;237.598;17;1
7273;73;17;0.4;0.5;73;103;0.4695652;245;234.1262;17;2
7274;73;17;0.4;0.5;74;101;0.4836066;270;237.495;17;0
7275;73;17;0.4;0.5;75;102;0.4744186;221;237.549;17;1
7276;73;17;0.4;0.5;76;101;0.4713656;263;237.802;17;0
7277;73;17;0.4;0.5;77;103;0.5269231;223;235.1942;17;2
7278;73;17;0.4;0.5;78;104;0.4941634;210;234.8462;17;3
7279;73;17;0.4;0.5;79;101;0.5;231;236.0297;17;0
7280;73;17;0.4;0.5;80;101;0.5107296;225;235.1188;17;0
7281;73;17;0.4;0.5;81;101;0.4653846;242;236.7525;17;0
7282;73;17;0.4;0.5;82;102;0.4325581;240;236.7549;17;1
7283;73;17;0.4;0.5;83;101;0.5277778;223;236.5347;17;0
7284;73;17;0.4;0.5;84;102;0.442623;217;237.0588;17;1
7285;73;17;0.4;0.5;85;101;0.5080645;232;237.0792;17;0
7286;73;17;0.4;0.5;86;104;0.4840183;259;236.8558;17;3
7287;73;17;0.4;0.5;87;102;0.5132075;217;238.0784;17;1
7288;73;17;0.4;0.5;88;102;0.4978541;253;237.6863;17;1
7289;73;17;0.4;0.5;89;101;0.5425101;234;237.6436;17;0
7290;73;17;0.4;0.5;90;102;0.4641148;245;236.1765;17;1
7291;73;17;0.4;0.5;91;101;0.5546875;235;236.3861;17;0
7292;73;17;0.4;0.5;92;101;0.4891775;242;236.4455;17;0
7293;73;17;0.4;0.5;93;102;0.5019011;215;235.2549;17;1
7294;73;17;0.4;0.5;94;106;0.5761905;252;236.6981;17;5
7295;73;17;0.4;0.5;95;102;0.5098039;225;237.2549;17;1
7296;73;17;0.4;0.5;96;101;0.5840336;249;235.396;17;0
7297;73;17;0.4;0.5;97;101;0.5426357;244;235.7426;17;0
7298;73;17;0.4;0.5;98;101;0.4560669;220;237.2079;17;0
7299;73;17;0.4;0.5;99;103;0.5371179;255;237.2913;17;2
7300;73;17;0.4;0.5;100;101;0.473251;244;236.5545;17;0
7301;74;19;0.4;0.5;1;101;0.4605263;224;237.7624;19;0
7302;74;19;0.4;0.5;2;101;0.487395;213;236.1188;19;0
7303;74;19;0.4;0.5;3;105;0.5691057;245;234.9905;19;4
7304;74;19;0.4;0.5;4;102;0.4723404;262;237.1176;19;1
7305;74;19;0.4;0.5;5;103;0.4566929;219;238.4951;19;2
7306;74;19;0.4;0.5;6;101;0.5098039;242;237.297;19;0
7307;74;19;0.4;0.5;7;101;0.4793388;228;235.9604;19;0
7308;74;19;0.4;0.5;8;101;0.5378151;229;238.9802;19;0
7309;74;19;0.4;0.5;9;101;0.4780876;245;236.2178;19;0
7310;74;19;0.4;0.5;10;105;0.5135135;247;236.7905;19;4
7311;74;19;0.4;0.5;11;104;0.4805195;246;238.7115;19;3
7312;74;19;0.4;0.5;12;101;0.5395349;238;236.802;19;0
7313;74;19;0.4;0.5;13;101;0.5303644;237;237.7921;19;0
7314;74;19;0.4;0.5;14;101;0.465587;224;238.3465;19;0
7315;74;19;0.4;0.5;15;101;0.4458874;263;237.5248;19;0
7316;74;19;0.4;0.5;16;102;0.4782609;238;236.5392;19;1
7317;74;19;0.4;0.5;17;101;0.5183673;239;237.1584;19;0
7318;74;19;0.4;0.5;18;103;0.5898618;240;238.5437;19;2
7319;74;19;0.4;0.5;19;104;0.4638298;252;236.1346;19;3
7320;74;19;0.4;0.5;20;101;0.5234375;257;238.5149;19;0
7321;74;19;0.4;0.5;21;101;0.5485232;239;236.1287;19;0
7322;74;19;0.4;0.5;22;103;0.5084034;253;237.6311;19;2
7323;74;19;0.4;0.5;23;101;0.5540541;227;236.4653;19;0
7324;74;19;0.4;0.5;24;101;0.4439834;246;237.9505;19;0
7325;74;19;0.4;0.5;25;103;0.4581498;239;236.2039;19;2
7326;74;19;0.4;0.5;26;101;0.5462555;234;237.8218;19;0
7327;74;19;0.4;0.5;27;103;0.539823;238;237.301;19;2
7328;74;19;0.4;0.5;28;102;0.479638;241;236.0882;19;1
7329;74;19;0.4;0.5;29;101;0.5145228;236;236.4257;19;0
7330;74;19;0.4;0.5;30;103;0.5311203;252;236.9223;19;2
7331;74;19;0.4;0.5;31;102;0.5361702;247;236.0294;19;1
7332;74;19;0.4;0.5;32;104;0.5413223;234;236.875;19;3
7333;74;19;0.4;0.5;33;103;0.4916667;254;235.9903;19;2
7334;74;19;0.4;0.5;34;101;0.4959016;232;236.1782;19;0
7335;74;19;0.4;0.5;35;104;0.4453441;240;237.8558;19;3
7336;74;19;0.4;0.5;36;104;0.5128205;232;238.375;19;3
7337;74;19;0.4;0.5;37;102;0.5178571;246;237.1176;19;1
7338;74;19;0.4;0.5;38;103;0.4908257;237;237.5825;19;2
7339;74;19;0.4;0.5;39;104;0.5046296;236;236.5192;19;3
7340;74;19;0.4;0.5;40;101;0.5320755;238;236.4356;19;0
7341;74;19;0.4;0.5;41;101;0.464;250;237.5347;19;0
7342;74;19;0.4;0.5;42;101;0.5355649;222;236.5347;19;0
7343;74;19;0.4;0.5;43;101;0.465812;212;234.3465;19;0
7344;74;19;0.4;0.5;44;103;0.504386;232;235.5437;19;2
7345;74;19;0.4;0.5;45;102;0.5413223;233;235.7059;19;1
7346;74;19;0.4;0.5;46;104;0.5423729;245;235.2692;19;3
7347;74;19;0.4;0.5;47;101;0.5083333;220;236.2178;19;0
7348;74;19;0.4;0.5;48;105;0.4841629;222;237.8571;19;4
7349;74;19;0.4;0.5;49;101;0.4893617;242;237.1782;19;0
7350;74;19;0.4;0.5;50;101;0.4919355;218;237.0198;19;0
7351;74;19;0.4;0.5;51;101;0.5352697;223;235.3564;19;0
7352;74;19;0.4;0.5;52;101;0.48;242;236.3069;19;0
7353;74;19;0.4;0.5;53;101;0.5020243;257;238.0594;19;0
7354;74;19;0.4;0.5;54;101;0.4939759;233;235.3663;19;0
7355;74;19;0.4;0.5;55;103;0.4644351;237;236.6699;19;2
7356;74;19;0.4;0.5;56;101;0.4722222;253;237.8911;19;0
7357;74;19;0.4;0.5;57;101;0.4351852;247;236.4257;19;0
7358;74;19;0.4;0.5;58;102;0.4848485;252;239.0784;19;1
7359;74;19;0.4;0.5;59;103;0.5361217;234;240.3204;19;2
7360;74;19;0.4;0.5;60;101;0.5;240;238.495;19;0
7361;74;19;0.4;0.5;61;104;0.4854369;224;236.1442;19;3
7362;74;19;0.4;0.5;62;101;0.5232068;233;234.2079;19;0
7363;74;19;0.4;0.5;63;101;0.5477178;247;236.6337;19;0
7364;74;19;0.4;0.5;64;101;0.4560669;234;236.8812;19;0
7365;74;19;0.4;0.5;65;101;0.5232068;252;235.5248;19;0
7366;74;19;0.4;0.5;66;103;0.5211864;233;237.3689;19;2
7367;74;19;0.4;0.5;67;101;0.4793388;227;235.5743;19;0
7368;74;19;0.4;0.5;68;103;0.440613;218;236.9903;19;2
7369;74;19;0.4;0.5;69;101;0.4978541;231;235.5941;19;0
7370;74;19;0.4;0.5;70;101;0.5168067;225;237.6436;19;0
7371;74;19;0.4;0.5;71;101;0.484375;225;237.5149;19;0
7372;74;19;0.4;0.5;72;101;0.5201613;238;238.297;19;0
7373;74;19;0.4;0.5;73;102;0.5169492;237;236.2745;19;1
7374;74;19;0.4;0.5;74;101;0.4834711;240;236.5743;19;0
7375;74;19;0.4;0.5;75;102;0.5;244;237.2647;19;1
7376;74;19;0.4;0.5;76;107;0.4412955;218;237.243;19;6
7377;74;19;0.4;0.5;77;103;0.5207373;248;237.3592;19;2
7378;74;19;0.4;0.5;78;101;0.4837398;243;237.4059;19;0
7379;74;19;0.4;0.5;79;101;0.5144033;218;235.6238;19;0
7380;74;19;0.4;0.5;80;101;0.4658635;225;236.2673;19;0
7381;74;19;0.4;0.5;81;101;0.5;247;237.2079;19;0
7382;74;19;0.4;0.5;82;101;0.470339;260;235.396;19;0
7383;74;19;0.4;0.5;83;101;0.4877049;242;237.1584;19;0
7384;74;19;0.4;0.5;84;101;0.4592275;231;237.703;19;0
7385;74;19;0.4;0.5;85;101;0.4565217;244;237.4356;19;0
7386;74;19;0.4;0.5;86;101;0.5240175;266;237.1683;19;0
7387;74;19;0.4;0.5;87;102;0.5236052;249;237.5882;19;1
7388;74;19;0.4;0.5;88;101;0.5062241;230;233.2277;19;0
7389;74;19;0.4;0.5;89;102;0.4834711;247;236.7647;19;1
7390;74;19;0.4;0.5;90;102;0.5061224;228;236.8922;19;1
7391;74;19;0.4;0.5;91;104;0.4958678;228;236.6442;19;3
7392;74;19;0.4;0.5;92;101;0.432;209;235.7723;19;0
7393;74;19;0.4;0.5;93;103;0.5630252;245;237.1165;19;2
7394;74;19;0.4;0.5;94;104;0.531746;228;238.0577;19;3
7395;74;19;0.4;0.5;95;101;0.4663866;227;236.3465;19;0
7396;74;19;0.4;0.5;96;101;0.492891;252;236.1089;19;0
7397;74;19;0.4;0.5;97;102;0.5;254;237.8137;19;1
7398;74;19;0.4;0.5;98;101;0.4853556;230;236.4554;19;0
7399;74;19;0.4;0.5;99;105;0.4467213;245;235.4095;19;4
7400;74;19;0.4;0.5;100;102;0.4917355;255;236.8235;19;1
7401;75;21;0.4;0.5;1;101;0.5165289;265;236.7921;21;0
7402;75;21;0.4;0.5;2;105;0.4583333;248;235.981;21;4
7403;75;21;0.4;0.5;3;102;0.4940239;229;237.0196;21;1
7404;75;21;0.4;0.5;4;102;0.5542169;230;236.5294;21;1
7405;75;21;0.4;0.5;5;103;0.5140187;236;236.8641;21;2
7406;75;21;0.4;0.5;6;101;0.5362903;247;237.7723;21;0
7407;75;21;0.4;0.5;7;109;0.4869565;263;235.5963;21;8
7408;75;21;0.4;0.5;8;103;0.511811;211;236.6893;21;2
7409;75;21;0.4;0.5;9;101;0.5442478;251;237.7228;21;0
7410;75;21;0.4;0.5;10;101;0.4568966;247;236.9604;21;0
7411;75;21;0.4;0.5;11;101;0.5018868;238;236.4851;21;0
7412;75;21;0.4;0.5;12;101;0.5378486;226;238.3168;21;0
7413;75;21;0.4;0.5;13;103;0.4911504;237;236.5728;21;2
7414;75;21;0.4;0.5;14;101;0.4977778;218;235.9109;21;0
7415;75;21;0.4;0.5;15;101;0.4590164;234;237.8218;21;0
7416;75;21;0.4;0.5;16;102;0.4844444;232;236.0882;21;1
7417;75;21;0.4;0.5;17;101;0.4757282;237;236.9901;21;0
7418;75;21;0.4;0.5;18;101;0.4725738;249;235.6634;21;0
7419;75;21;0.4;0.5;19;101;0.4759825;249;237.5149;21;0
7420;75;21;0.4;0.5;20;101;0.5391304;224;236.9703;21;0
7421;75;21;0.4;0.5;21;102;0.4752066;225;236.9608;21;1
7422;75;21;0.4;0.5;22;108;0.5384615;231;236.8796;21;7
7423;75;21;0.4;0.5;23;101;0.516129;225;235.7624;21;0
7424;75;21;0.4;0.5;24;101;0.4939271;245;237.4257;21;0
7425;75;21;0.4;0.5;25;101;0.4487179;235;237.5347;21;0
7426;75;21;0.4;0.5;26;102;0.5373134;201;237.7451;21;1
7427;75;21;0.4;0.5;27;101;0.5;235;238.0792;21;0
7428;75;21;0.4;0.5;28;101;0.4669604;235;237.703;21;0
7429;75;21;0.4;0.5;29;101;0.493617;244;236.5842;21;0
7430;75;21;0.4;0.5;30;101;0.5196507;234;234.8713;21;0
7431;75;21;0.4;0.5;31;103;0.5040984;208;234.9709;21;2
7432;75;21;0.4;0.5;32;101;0.5230126;229;237.7525;21;0
7433;75;21;0.4;0.5;33;101;0.5171103;226;235.8614;21;0
7434;75;21;0.4;0.5;34;102;0.4756098;249;238.7745;21;1
7435;75;21;0.4;0.5;35;101;0.4898785;261;235.7921;21;0
7436;75;21;0.4;0.5;36;103;0.5387755;254;237.0194;21;2
7437;75;21;0.4;0.5;37;101;0.5338983;241;235.5347;21;0
7438;75;21;0.4;0.5;38;102;0.4882629;267;238.6373;21;1
7439;75;21;0.4;0.5;39;101;0.5271967;247;238.604;21;0
7440;75;21;0.4;0.5;40;101;0.5041667;243;236.8416;21;0
7441;75;21;0.4;0.5;41;101;0.4836066;243;238.4059;21;0
7442;75;21;0.4;0.5;42;101;0.5321888;241;237.7129;21;0
7443;75;21;0.4;0.5;43;101;0.4385965;240;237.0594;21;0
7444;75;21;0.4;0.5;44;101;0.498008;236;236.4554;21;0
7445;75;21;0.4;0.5;45;104;0.4233871;260;237.2019;21;3
7446;75;21;0.4;0.5;46;103;0.5067873;245;235.4951;21;2
7447;75;21;0.4;0.5;47;101;0.4859813;236;237.5248;21;0
7448;75;21;0.4;0.5;48;103;0.4612245;237;236.534;21;2
7449;75;21;0.4;0.5;49;101;0.5395349;234;237.7525;21;0
7450;75;21;0.4;0.5;50;101;0.5303644;218;237.1782;21;0
7451;75;21;0.4;0.5;51;101;0.5139442;226;237.6634;21;0
7452;75;21;0.4;0.5;52;101;0.4556452;231;237.1584;21;0
7453;75;21;0.4;0.5;53;101;0.497992;238;238.2772;21;0
7454;75;21;0.4;0.5;54;102;0.4408163;221;236.0098;21;1
7455;75;21;0.4;0.5;55;101;0.5146444;231;237.4653;21;0
7456;75;21;0.4;0.5;56;101;0.536;226;238.7327;21;0
7457;75;21;0.4;0.5;57;101;0.4930876;229;236.2871;21;0
7458;75;21;0.4;0.5;58;101;0.5102881;264;236.2574;21;0
7459;75;21;0.4;0.5;59;102;0.464;252;237.7157;21;1
7460;75;21;0.4;0.5;60;104;0.4487179;228;237;21;3
7461;75;21;0.4;0.5;61;102;0.4793388;245;236.7353;21;1
7462;75;21;0.4;0.5;62;101;0.5381356;250;236.9901;21;0
7463;75;21;0.4;0.5;63;102;0.5107296;243;235.4804;21;1
7464;75;21;0.4;0.5;64;103;0.4961538;213;238.4757;21;2
7465;75;21;0.4;0.5;65;101;0.5084746;242;237.6634;21;0
7466;75;21;0.4;0.5;66;103;0.5324074;257;237.0583;21;2
7467;75;21;0.4;0.5;67;102;0.4625;243;235.7843;21;1
7468;75;21;0.4;0.5;68;105;0.4780702;243;236.3143;21;4
7469;75;21;0.4;0.5;69;101;0.5384615;242;237.6238;21;0
7470;75;21;0.4;0.5;70;101;0.4666667;245;237.7723;21;0
7471;75;21;0.4;0.5;71;102;0.4767932;251;237.9902;21;1
7472;75;21;0.4;0.5;72;101;0.4978541;252;235.6436;21;0
7473;75;21;0.4;0.5;73;101;0.5644444;252;236.0099;21;0
7474;75;21;0.4;0.5;74;104;0.4916667;242;236.5673;21;3
7475;75;21;0.4;0.5;75;101;0.5117188;226;234.0396;21;0
7476;75;21;0.4;0.5;76;102;0.5321888;231;236.1275;21;1
7477;75;21;0.4;0.5;77;101;0.489083;247;238.4158;21;0
7478;75;21;0.4;0.5;78;101;0.4827586;242;235.4455;21;0
7479;75;21;0.4;0.5;79;101;0.5708333;223;235.4653;21;0
7480;75;21;0.4;0.5;80;101;0.4625;252;236.0198;21;0
7481;75;21;0.4;0.5;81;103;0.48583;226;237.3981;21;2
7482;75;21;0.4;0.5;82;103;0.4695652;239;237.3204;21;2
7483;75;21;0.4;0.5;83;102;0.5294118;214;237.3824;21;1
7484;75;21;0.4;0.5;84;103;0.4688645;225;235.9806;21;2
7485;75;21;0.4;0.5;85;102;0.5222672;235;237.2157;21;1
7486;75;21;0.4;0.5;86;101;0.5469388;226;236.3564;21;0
7487;75;21;0.4;0.5;87;103;0.5105485;224;234.7573;21;2
7488;75;21;0.4;0.5;88;103;0.5128205;239;235.835;21;2
7489;75;21;0.4;0.5;89;101;0.4311111;236;235.297;21;0
7490;75;21;0.4;0.5;90;101;0.4652174;242;235.4158;21;0
7491;75;21;0.4;0.5;91;101;0.51;264;238.3663;21;0
7492;75;21;0.4;0.5;92;101;0.5022422;242;236.4653;21;0
7493;75;21;0.4;0.5;93;101;0.5560345;245;238.0198;21;0
7494;75;21;0.4;0.5;94;101;0.4507042;240;235.4356;21;0
7495;75;21;0.4;0.5;95;102;0.4836066;230;237.2157;21;1
7496;75;21;0.4;0.5;96;101;0.5446809;226;234.1683;21;0
7497;75;21;0.4;0.5;97;103;0.4521739;272;237.4757;21;2
7498;75;21;0.4;0.5;98;102;0.5067265;216;237.6275;21;1
7499;75;21;0.4;0.5;99;102;0.45;258;237.2549;21;1
7500;75;21;0.4;0.5;100;101;0.4153226;239;236.4059;21;0
7501;76;23;0.4;0.5;1;102;0.4653061;230;236.402;23;1
7502;76;23;0.4;0.5;2;102;0.4439462;227;234.9902;23;1
7503;76;23;0.4;0.5;3;102;0.4747899;238;238.1961;23;1
7504;76;23;0.4;0.5;4;101;0.4745763;225;239.099;23;0
7505;76;23;0.4;0.5;5;102;0.5596708;237;232.4608;23;1
7506;76;23;0.4;0.5;6;101;0.474359;243;236.5842;23;0
7507;76;23;0.4;0.5;7;105;0.4637097;228;237.619;23;4
7508;76;23;0.4;0.5;8;103;0.4468085;240;236.4272;23;2
7509;76;23;0.4;0.5;9;101;0.5274262;232;236.3168;23;0
7510;76;23;0.4;0.5;10;101;0.4978355;249;235.5248;23;0
7511;76;23;0.4;0.5;11;106;0.5;248;233.3491;23;5
7512;76;23;0.4;0.5;12;103;0.4788732;228;237.6019;23;2
7513;76;23;0.4;0.5;13;101;0.5128205;225;238.8515;23;0
7514;76;23;0.4;0.5;14;102;0.4605263;214;236.8235;23;1
7515;76;23;0.4;0.5;15;101;0.5123967;256;237.495;23;0
7516;76;23;0.4;0.5;16;103;0.5248869;239;236.466;23;2
7517;76;23;0.4;0.5;17;103;0.4567901;228;235.8447;23;2
7518;76;23;0.4;0.5;18;101;0.5281385;252;237.5941;23;0
7519;76;23;0.4;0.5;19;102;0.5125;255;235.3431;23;1
7520;76;23;0.4;0.5;20;102;0.501992;243;236.1373;23;1
7521;76;23;0.4;0.5;21;104;0.513308;235;235.6346;23;3
7522;76;23;0.4;0.5;22;102;0.4678112;229;236.8431;23;1
7523;76;23;0.4;0.5;23;101;0.5661157;241;237.1782;23;0
7524;76;23;0.4;0.5;24;102;0.5068493;243;236.5;23;1
7525;76;23;0.4;0.5;25;101;0.5087719;260;237.0297;23;0
7526;76;23;0.4;0.5;26;104;0.5084034;234;236.5385;23;3
7527;76;23;0.4;0.5;27;101;0.5365854;248;238.505;23;0
7528;76;23;0.4;0.5;28;101;0.5;233;237.4158;23;0
7529;76;23;0.4;0.5;29;101;0.5291829;246;236.6337;23;0
7530;76;23;0.4;0.5;30;101;0.55;255;236.0792;23;0
7531;76;23;0.4;0.5;31;102;0.4978166;233;238.4902;23;1
7532;76;23;0.4;0.5;32;104;0.4764151;240;236.7692;23;3
7533;76;23;0.4;0.5;33;104;0.5570175;239;235.4808;23;3
7534;76;23;0.4;0.5;34;101;0.4608295;240;237;23;0
7535;76;23;0.4;0.5;35;108;0.4757709;245;236.1667;23;7
7536;76;23;0.4;0.5;36;101;0.4713115;244;237.2475;23;0
7537;76;23;0.4;0.5;37;101;0.5173913;229;237.3663;23;0
7538;76;23;0.4;0.5;38;101;0.5148936;225;237.7624;23;0
7539;76;23;0.4;0.5;39;101;0.4916667;231;236.1287;23;0
7540;76;23;0.4;0.5;40;105;0.4340426;221;236.1714;23;4
7541;76;23;0.4;0.5;41;102;0.472103;235;235.7451;23;1
7542;76;23;0.4;0.5;42;101;0.4725738;233;237.0099;23;0
7543;76;23;0.4;0.5;43;103;0.4418605;221;237.5922;23;2
7544;76;23;0.4;0.5;44;103;0.46875;223;237.0583;23;2
7545;76;23;0.4;0.5;45;102;0.4816327;238;236.9902;23;1
7546;76;23;0.4;0.5;46;102;0.4312268;216;236.5784;23;1
7547;76;23;0.4;0.5;47;103;0.5384615;233;238.5825;23;2
7548;76;23;0.4;0.5;48;101;0.4631148;205;236.4257;23;0
7549;76;23;0.4;0.5;49;102;0.4786325;233;237.1863;23;1
7550;76;23;0.4;0.5;50;102;0.4798387;236;237.8137;23;1
7551;76;23;0.4;0.5;51;102;0.5127119;261;235.6373;23;1
7552;76;23;0.4;0.5;52;101;0.5;253;234.3267;23;0
7553;76;23;0.4;0.5;53;101;0.5104603;245;237.0891;23;0
7554;76;23;0.4;0.5;54;102;0.4920635;241;237.1569;23;1
7555;76;23;0.4;0.5;55;101;0.5110132;241;236.6436;23;0
7556;76;23;0.4;0.5;56;101;0.4880952;242;238.2475;23;0
7557;76;23;0.4;0.5;57;103;0.4782609;236;237.8155;23;2
7558;76;23;0.4;0.5;58;102;0.45;232;236.0686;23;1
7559;76;23;0.4;0.5;59;101;0.4859438;218;236.7921;23;0
7560;76;23;0.4;0.5;60;102;0.4622642;263;236.6471;23;1
7561;76;23;0.4;0.5;61;101;0.46875;244;235.4257;23;0
7562;76;23;0.4;0.5;62;102;0.4976526;254;236.5196;23;1
7563;76;23;0.4;0.5;63;104;0.4836066;232;237.5192;23;3
7564;76;23;0.4;0.5;64;104;0.490099;235;236.8365;23;3
7565;76;23;0.4;0.5;65;101;0.490566;240;236.2574;23;0
7566;76;23;0.4;0.5;66;102;0.5086207;248;238.9314;23;1
7567;76;23;0.4;0.5;67;101;0.5391705;229;236.8713;23;0
7568;76;23;0.4;0.5;68;101;0.4754098;248;236.5149;23;0
7569;76;23;0.4;0.5;69;101;0.4285714;244;236.2772;23;0
7570;76;23;0.4;0.5;70;105;0.5244444;251;237.9333;23;4
7571;76;23;0.4;0.5;71;102;0.5274262;231;237.0196;23;1
7572;76;23;0.4;0.5;72;101;0.4653061;210;235.3861;23;0
7573;76;23;0.4;0.5;73;102;0.4761905;240;234.9902;23;1
7574;76;23;0.4;0.5;74;101;0.5096525;233;237.3861;23;0
7575;76;23;0.4;0.5;75;102;0.5086207;265;236.6961;23;1
7576;76;23;0.4;0.5;76;101;0.52;228;236.6733;23;0
7577;76;23;0.4;0.5;77;101;0.517094;232;239.1683;23;0
7578;76;23;0.4;0.5;78;102;0.5136364;261;236.5588;23;1
7579;76;23;0.4;0.5;79;102;0.5283843;228;236.3039;23;1
7580;76;23;0.4;0.5;80;101;0.4476987;238;238.2772;23;0
7581;76;23;0.4;0.5;81;101;0.5252101;222;238.6634;23;0
7582;76;23;0.4;0.5;82;105;0.4889868;224;235.581;23;4
7583;76;23;0.4;0.5;83;104;0.5061224;227;238.0481;23;3
7584;76;23;0.4;0.5;84;102;0.5641026;230;237.5784;23;1
7585;76;23;0.4;0.5;85;101;0.4978903;223;237.5743;23;0
7586;76;23;0.4;0.5;86;103;0.4533898;239;236.3107;23;2
7587;76;23;0.4;0.5;87;102;0.470339;246;235.1078;23;1
7588;76;23;0.4;0.5;88;101;0.4674797;217;237.5446;23;0
7589;76;23;0.4;0.5;89;101;0.4769231;230;235.8614;23;0
7590;76;23;0.4;0.5;90;102;0.518018;240;237.1275;23;1
7591;76;23;0.4;0.5;91;103;0.4976077;256;236.9515;23;2
7592;76;23;0.4;0.5;92;104;0.5273438;230;238.2212;23;3
7593;76;23;0.4;0.5;93;101;0.4857143;241;236.1584;23;0
7594;76;23;0.4;0.5;94;101;0.5;219;236.604;23;0
7595;76;23;0.4;0.5;95;101;0.5069124;257;238.2178;23;0
7596;76;23;0.4;0.5;96;103;0.4801587;259;237.8447;23;2
7597;76;23;0.4;0.5;97;101;0.4894515;240;235.2079;23;0
7598;76;23;0.4;0.5;98;101;0.4415584;222;237.5842;23;0
7599;76;23;0.4;0.5;99;104;0.4525862;233;236.7596;23;3
7600;76;23;0.4;0.5;100;105;0.5020747;218;237.6;23;4
7601;77;25;0.4;0.5;1;101;0.4798206;233;238.3168;25;0
7602;77;25;0.4;0.5;2;101;0.4840183;256;235.9307;25;0
7603;77;25;0.4;0.5;3;102;0.5313808;233;237.451;25;1
7604;77;25;0.4;0.5;4;105;0.513834;223;236.1619;25;4
7605;77;25;0.4;0.5;5;103;0.5526316;229;237.068;25;2
7606;77;25;0.4;0.5;6;102;0.4810127;232;237.9314;25;1
7607;77;25;0.4;0.5;7;101;0.460177;214;236.4851;25;0
7608;77;25;0.4;0.5;8;101;0.4595745;274;238.604;25;0
7609;77;25;0.4;0.5;9;101;0.4361233;253;235.7822;25;0
7610;77;25;0.4;0.5;10;102;0.5173745;226;234.7647;25;1
7611;77;25;0.4;0.5;11;101;0.5083333;236;236.6139;25;0
7612;77;25;0.4;0.5;12;102;0.4615385;233;238.549;25;1
7613;77;25;0.4;0.5;13;101;0.5368852;228;236.604;25;0
7614;77;25;0.4;0.5;14;103;0.4848485;253;237.1845;25;2
7615;77;25;0.4;0.5;15;104;0.4340426;237;235.7885;25;3
7616;77;25;0.4;0.5;16;105;0.4849785;261;236.1619;25;4
7617;77;25;0.4;0.5;17;101;0.5213675;264;238.0792;25;0
7618;77;25;0.4;0.5;18;106;0.4793388;233;234.1981;25;5
7619;77;25;0.4;0.5;19;101;0.4774775;231;236.2772;25;0
7620;77;25;0.4;0.5;20;102;0.5228216;211;236.8529;25;1
7621;77;25;0.4;0.5;21;105;0.5042017;246;238.4762;25;4
7622;77;25;0.4;0.5;22;102;0.5327869;239;237.3529;25;1
7623;77;25;0.4;0.5;23;101;0.5060729;232;236.1287;25;0
7624;77;25;0.4;0.5;24;102;0.4793388;252;237.4412;25;1
7625;77;25;0.4;0.5;25;101;0.4741036;251;238.505;25;0
7626;77;25;0.4;0.5;26;101;0.4633028;244;237.5644;25;0
7627;77;25;0.4;0.5;27;101;0.4847328;247;236.9109;25;0
7628;77;25;0.4;0.5;28;101;0.48583;226;237.8713;25;0
7629;77;25;0.4;0.5;29;106;0.5;216;236.3302;25;5
7630;77;25;0.4;0.5;30;102;0.4353448;251;237.7941;25;1
7631;77;25;0.4;0.5;31;101;0.5228216;231;235.7327;25;0
7632;77;25;0.4;0.5;32;103;0.5210728;217;237.1942;25;2
7633;77;25;0.4;0.5;33;102;0.4837209;231;236.2157;25;1
7634;77;25;0.4;0.5;34;103;0.4958678;233;235.7184;25;2
7635;77;25;0.4;0.5;35;103;0.5274262;238;236.4951;25;2
7636;77;25;0.4;0.5;36;102;0.5186567;227;238.2157;25;1
7637;77;25;0.4;0.5;37;101;0.5560345;224;235.4554;25;0
7638;77;25;0.4;0.5;38;103;0.4756098;214;235.3592;25;2
7639;77;25;0.4;0.5;39;101;0.51417;233;236.5842;25;0
7640;77;25;0.4;0.5;40;101;0.4588745;246;238.2376;25;0
7641;77;25;0.4;0.5;41;102;0.5175439;253;234.8333;25;1
7642;77;25;0.4;0.5;42;101;0.5183673;229;237.9307;25;0
7643;77;25;0.4;0.5;43;102;0.5173913;248;237.7549;25;1
7644;77;25;0.4;0.5;44;101;0.4978723;251;238.4851;25;0
7645;77;25;0.4;0.5;45;101;0.4803493;229;237.9208;25;0
7646;77;25;0.4;0.5;46;102;0.5148936;204;236.8922;25;1
7647;77;25;0.4;0.5;47;102;0.5148936;253;236.3235;25;1
7648;77;25;0.4;0.5;48;101;0.5421687;235;237.4752;25;0
7649;77;25;0.4;0.5;49;102;0.4932735;239;237.1961;25;1
7650;77;25;0.4;0.5;50;102;0.4449339;231;235.3137;25;1
7651;77;25;0.4;0.5;51;101;0.4375;254;239.0495;25;0
7652;77;25;0.4;0.5;52;101;0.4915254;216;236.9208;25;0
7653;77;25;0.4;0.5;53;101;0.4846154;246;236.8713;25;0
7654;77;25;0.4;0.5;54;101;0.5018587;230;237.8614;25;0
7655;77;25;0.4;0.5;55;101;0.4895397;243;235.7921;25;0
7656;77;25;0.4;0.5;56;101;0.5043478;228;237.9406;25;0
7657;77;25;0.4;0.5;57;101;0.4786325;231;235.6535;25;0
7658;77;25;0.4;0.5;58;105;0.5086207;237;235.8857;25;4
7659;77;25;0.4;0.5;59;102;0.487069;232;237.9216;25;1
7660;77;25;0.4;0.5;60;101;0.5136364;229;237.8416;25;0
7661;77;25;0.4;0.5;61;101;0.475;219;236.2871;25;0
7662;77;25;0.4;0.5;62;102;0.5349794;226;237.2353;25;1
7663;77;25;0.4;0.5;63;101;0.511811;234;237.6634;25;0
7664;77;25;0.4;0.5;64;104;0.5020408;240;237.2115;25;3
7665;77;25;0.4;0.5;65;103;0.5255814;243;237.9223;25;2
7666;77;25;0.4;0.5;66;101;0.4698276;236;238.2475;25;0
7667;77;25;0.4;0.5;67;105;0.5175439;246;234.9905;25;4
7668;77;25;0.4;0.5;68;101;0.5384615;235;236.5446;25;0
7669;77;25;0.4;0.5;69;101;0.4592275;241;235.0396;25;0
7670;77;25;0.4;0.5;70;101;0.5333333;215;235.5842;25;0
7671;77;25;0.4;0.5;71;102;0.539823;253;237.1275;25;1
7672;77;25;0.4;0.5;72;101;0.5021459;218;236.5149;25;0
7673;77;25;0.4;0.5;73;101;0.5396226;236;236.5149;25;0
7674;77;25;0.4;0.5;74;102;0.4752066;232;235.6961;25;1
7675;77;25;0.4;0.5;75;104;0.524;264;236.0192;25;3
7676;77;25;0.4;0.5;76;102;0.468254;239;236.6569;25;1
7677;77;25;0.4;0.5;77;102;0.4489796;222;234.8039;25;1
7678;77;25;0.4;0.5;78;101;0.5150215;265;236.8713;25;0
7679;77;25;0.4;0.5;79;101;0.527027;252;236.7525;25;0
7680;77;25;0.4;0.5;80;101;0.5394737;243;236.1881;25;0
7681;77;25;0.4;0.5;81;107;0.4767932;212;235.4953;25;6
7682;77;25;0.4;0.5;82;102;0.4887218;227;236.5882;25;1
7683;77;25;0.4;0.5;83;101;0.4545455;212;234.2673;25;0
7684;77;25;0.4;0.5;84;101;0.546875;225;236.5446;25;0
7685;77;25;0.4;0.5;85;102;0.4696356;210;235.3039;25;1
7686;77;25;0.4;0.5;86;102;0.5183673;240;235.1275;25;1
7687;77;25;0.4;0.5;87;101;0.4787645;232;237.4752;25;0
7688;77;25;0.4;0.5;88;103;0.525641;231;237.2039;25;2
7689;77;25;0.4;0.5;89;104;0.5859031;228;237.0385;25;3
7690;77;25;0.4;0.5;90;101;0.4705882;261;236.5248;25;0
7691;77;25;0.4;0.5;91;101;0.4904943;235;237.198;25;0
7692;77;25;0.4;0.5;92;101;0.4845815;229;237.1782;25;0
7693;77;25;0.4;0.5;93;103;0.495614;240;235.7282;25;2
7694;77;25;0.4;0.5;94;101;0.5023256;217;235.6832;25;0
7695;77;25;0.4;0.5;95;101;0.4883721;255;236.9802;25;0
7696;77;25;0.4;0.5;96;104;0.4938776;251;236.3942;25;3
7697;77;25;0.4;0.5;97;104;0.5042017;207;236.9231;25;3
7698;77;25;0.4;0.5;98;104;0.5761317;230;236.9231;25;3
7699;77;25;0.4;0.5;99;101;0.4354067;239;237.9802;25;0
7700;77;25;0.4;0.5;100;103;0.5300752;232;239.8932;25;2
7701;78;27;0.4;0.5;1;101;0.4644351;233;239.396;27;0
7702;78;27;0.4;0.5;2;102;0.6069652;252;237.8039;27;1
7703;78;27;0.4;0.5;3;102;0.4411765;240;236.9804;27;1
7704;78;27;0.4;0.5;4;101;0.5265306;232;236.9901;27;0
7705;78;27;0.4;0.5;5;103;0.4824561;233;237.3495;27;2
7706;78;27;0.4;0.5;6;101;0.4852321;218;237.1089;27;0
7707;78;27;0.4;0.5;7;103;0.5062762;211;237.7087;27;2
7708;78;27;0.4;0.5;8;101;0.5311203;246;234.0396;27;0
7709;78;27;0.4;0.5;9;101;0.5059289;220;237.2574;27;0
7710;78;27;0.4;0.5;10;102;0.5101215;234;238.0686;27;1
7711;78;27;0.4;0.5;11;105;0.4585366;265;234.9905;27;4
7712;78;27;0.4;0.5;12;101;0.4761905;250;238.5446;27;0
7713;78;27;0.4;0.5;13;102;0.504065;215;234.451;27;1
7714;78;27;0.4;0.5;14;104;0.5634921;239;240.1442;27;3
7715;78;27;0.4;0.5;15;105;0.4208145;235;237.7524;27;4
7716;78;27;0.4;0.5;16;101;0.5243902;225;236.5743;27;0
7717;78;27;0.4;0.5;17;101;0.5022624;234;237.1287;27;0
7718;78;27;0.4;0.5;18;101;0.5336134;232;235.505;27;0
7719;78;27;0.4;0.5;19;101;0.5139442;241;236.9406;27;0
7720;78;27;0.4;0.5;20;101;0.5019455;235;236.8119;27;0
7721;78;27;0.4;0.5;21;103;0.4669261;223;235.5049;27;2
7722;78;27;0.4;0.5;22;103;0.4801762;226;235.3495;27;2
7723;78;27;0.4;0.5;23;101;0.4979592;236;236.3069;27;0
7724;78;27;0.4;0.5;24;101;0.5082645;234;238.6634;27;0
7725;78;27;0.4;0.5;25;101;0.5252918;221;235.9109;27;0
7726;78;27;0.4;0.5;26;101;0.4894515;237;235.2178;27;0
7727;78;27;0.4;0.5;27;101;0.5;232;236.396;27;0
7728;78;27;0.4;0.5;28;101;0.4958333;238;236.3564;27;0
7729;78;27;0.4;0.5;29;102;0.472103;259;238.3529;27;1
7730;78;27;0.4;0.5;30;105;0.4804688;206;236.3714;27;4
7731;78;27;0.4;0.5;31;101;0.5084746;222;236.3564;27;0
7732;78;27;0.4;0.5;32;102;0.5162791;253;236.6176;27;1
7733;78;27;0.4;0.5;33;101;0.5478927;226;236.0792;27;0
7734;78;27;0.4;0.5;34;101;0.4638783;225;239.5446;27;0
7735;78;27;0.4;0.5;35;101;0.4917355;243;236.198;27;0
7736;78;27;0.4;0.5;36;102;0.4745763;234;237.8529;27;1
7737;78;27;0.4;0.5;37;101;0.4922481;232;236.8119;27;0
7738;78;27;0.4;0.5;38;101;0.5346939;230;235.4257;27;0
7739;78;27;0.4;0.5;39;104;0.5333333;241;237.0769;27;3
7740;78;27;0.4;0.5;40;101;0.5059761;221;236.8515;27;0
7741;78;27;0.4;0.5;41;102;0.5162602;236;238.5588;27;1
7742;78;27;0.4;0.5;42;103;0.5447154;222;235.9223;27;2
7743;78;27;0.4;0.5;43;101;0.5210728;245;238.604;27;0
7744;78;27;0.4;0.5;44;101;0.5;222;234.9802;27;0
7745;78;27;0.4;0.5;45;102;0.4897959;248;236.3529;27;1
7746;78;27;0.4;0.5;46;103;0.4876033;243;235.5049;27;2
7747;78;27;0.4;0.5;47;102;0.5173745;238;238.8824;27;1
7748;78;27;0.4;0.5;48;102;0.4820717;225;237.1569;27;1
7749;78;27;0.4;0.5;49;102;0.5289256;231;236.8333;27;1
7750;78;27;0.4;0.5;50;101;0.5432099;242;237.4455;27;0
7751;78;27;0.4;0.5;51;102;0.4877049;250;237.3333;27;1
7752;78;27;0.4;0.5;52;107;0.4718615;237;235.7944;27;6
7753;78;27;0.4;0.5;53;102;0.5275591;235;237.0882;27;1
7754;78;27;0.4;0.5;54;101;0.5182186;224;236.604;27;0
7755;78;27;0.4;0.5;55;103;0.4487179;228;237.6408;27;2
7756;78;27;0.4;0.5;56;102;0.4612069;235;234.7451;27;1
7757;78;27;0.4;0.5;57;103;0.4678112;249;235.9903;27;2
7758;78;27;0.4;0.5;58;101;0.5114504;258;235.2178;27;0
7759;78;27;0.4;0.5;59;102;0.4700855;244;235.8431;27;1
7760;78;27;0.4;0.5;60;102;0.4581498;215;235.2745;27;1
7761;78;27;0.4;0.5;61;101;0.5136187;235;238.3366;27;0
7762;78;27;0.4;0.5;62;101;0.5169492;246;237.9406;27;0
7763;78;27;0.4;0.5;63;102;0.488;239;237.3725;27;1
7764;78;27;0.4;0.5;64;103;0.4884615;231;238.0291;27;2
7765;78;27;0.4;0.5;65;101;0.5019455;225;234.6436;27;0
7766;78;27;0.4;0.5;66;103;0.4428571;237;235.3981;27;2
7767;78;27;0.4;0.5;67;101;0.516;233;237.7525;27;0
7768;78;27;0.4;0.5;68;101;0.5254237;228;236.5743;27;0
7769;78;27;0.4;0.5;69;103;0.5022831;253;235.5728;27;2
7770;78;27;0.4;0.5;70;101;0.5159817;248;235.6436;27;0
7771;78;27;0.4;0.5;71;103;0.4567901;227;236.1165;27;2
7772;78;27;0.4;0.5;72;102;0.5135135;243;236.3039;27;1
7773;78;27;0.4;0.5;73;102;0.5555556;266;238.1176;27;1
7774;78;27;0.4;0.5;74;101;0.534413;221;236.9109;27;0
7775;78;27;0.4;0.5;75;105;0.4899598;236;235.4286;27;4
7776;78;27;0.4;0.5;76;101;0.4506438;228;235.1683;27;0
7777;78;27;0.4;0.5;77;102;0.4854772;231;236.451;27;1
7778;78;27;0.4;0.5;78;101;0.5748988;228;236.8119;27;0
7779;78;27;0.4;0.5;79;101;0.5087719;256;237.2079;27;0
7780;78;27;0.4;0.5;80;104;0.488;228;235.5481;27;3
7781;78;27;0.4;0.5;81;102;0.5022222;244;237.4412;27;1
7782;78;27;0.4;0.5;82;102;0.4979592;259;236.2647;27;1
7783;78;27;0.4;0.5;83;101;0.5;230;236.1683;27;0
7784;78;27;0.4;0.5;84;101;0.5261044;226;235.2772;27;0
7785;78;27;0.4;0.5;85;103;0.495614;255;236.6602;27;2
7786;78;27;0.4;0.5;86;101;0.4791667;240;236.4851;27;0
7787;78;27;0.4;0.5;87;103;0.5193133;239;235.835;27;2
7788;78;27;0.4;0.5;88;102;0.5154185;234;238.8627;27;1
7789;78;27;0.4;0.5;89;101;0.4769874;235;236.4158;27;0
7790;78;27;0.4;0.5;90;101;0.4868421;251;236.396;27;0
7791;78;27;0.4;0.5;91;101;0.488;227;238.4356;27;0
7792;78;27;0.4;0.5;92;104;0.4541284;232;235.9904;27;3
7793;78;27;0.4;0.5;93;105;0.5041322;227;238.1714;27;4
7794;78;27;0.4;0.5;94;101;0.52;249;234.8713;27;0
7795;78;27;0.4;0.5;95;101;0.5897436;218;236.8317;27;0
7796;78;27;0.4;0.5;96;104;0.5039062;221;233.9615;27;3
7797;78;27;0.4;0.5;97;102;0.4594595;257;236.8235;27;1
7798;78;27;0.4;0.5;98;103;0.5111111;223;235.5825;27;2
7799;78;27;0.4;0.5;99;102;0.472;231;237.4118;27;1
7800;78;27;0.4;0.5;100;101;0.4334601;225;236.6931;27;0
7801;79;29;0.4;0.5;1;101;0.517094;226;235.2772;29;0
7802;79;29;0.4;0.5;2;104;0.4427481;230;236.0385;29;3
7803;79;29;0.4;0.5;3;103;0.4786325;244;235.9223;29;2
7804;79;29;0.4;0.5;4;101;0.5221239;247;237.4455;29;0
7805;79;29;0.4;0.5;5;101;0.4789916;236;237.4158;29;0
7806;79;29;0.4;0.5;6;102;0.5214008;251;237.2647;29;1
7807;79;29;0.4;0.5;7;103;0.4677419;234;236;29;2
7808;79;29;0.4;0.5;8;101;0.4900398;277;237.6238;29;0
7809;79;29;0.4;0.5;9;101;0.5258621;238;237.9901;29;0
7810;79;29;0.4;0.5;10;103;0.5222672;235;238.3592;29;2
7811;79;29;0.4;0.5;11;101;0.5277778;223;237.0693;29;0
7812;79;29;0.4;0.5;12;101;0.4736842;214;236.7822;29;0
7813;79;29;0.4;0.5;13;101;0.544186;239;235.0198;29;0
7814;79;29;0.4;0.5;14;110;0.4541485;239;237.6091;29;9
7815;79;29;0.4;0.5;15;106;0.5506073;232;237.3491;29;5
7816;79;29;0.4;0.5;16;101;0.5196507;226;235.9307;29;0
7817;79;29;0.4;0.5;17;102;0.4732143;246;235.7157;29;1
7818;79;29;0.4;0.5;18;102;0.4879032;232;236.6373;29;1
7819;79;29;0.4;0.5;19;102;0.4979079;258;235.7941;29;1
7820;79;29;0.4;0.5;20;102;0.4534413;226;239.3333;29;1
7821;79;29;0.4;0.5;21;101;0.5024155;238;237.4059;29;0
7822;79;29;0.4;0.5;22;103;0.4910714;228;237.1165;29;2
7823;79;29;0.4;0.5;23;101;0.4669261;192;234.9604;29;0
7824;79;29;0.4;0.5;24;101;0.5928854;223;236.8614;29;0
7825;79;29;0.4;0.5;25;101;0.4933333;240;236.7426;29;0
7826;79;29;0.4;0.5;26;101;0.4782609;218;234.8416;29;0
7827;79;29;0.4;0.5;27;101;0.5021459;234;236.3267;29;0
7828;79;29;0.4;0.5;28;102;0.5132075;214;236.1078;29;1
7829;79;29;0.4;0.5;29;102;0.5185185;252;236.7941;29;1
7830;79;29;0.4;0.5;30;101;0.5529412;226;234.3465;29;0
7831;79;29;0.4;0.5;31;103;0.5439331;225;235.5631;29;2
7832;79;29;0.4;0.5;32;101;0.5;243;235.9802;29;0
7833;79;29;0.4;0.5;33;101;0.5120968;207;235.1683;29;0
7834;79;29;0.4;0.5;34;101;0.43;282;237.5347;29;0
7835;79;29;0.4;0.5;35;101;0.5168067;262;236.9604;29;0
7836;79;29;0.4;0.5;36;102;0.4864865;223;237.2451;29;1
7837;79;29;0.4;0.5;37;102;0.4694656;207;237.2059;29;1
7838;79;29;0.4;0.5;38;101;0.5327511;219;236.297;29;0
7839;79;29;0.4;0.5;39;104;0.5515695;260;237.4231;29;3
7840;79;29;0.4;0.5;40;102;0.4647303;232;236.2255;29;1
7841;79;29;0.4;0.5;41;101;0.5517241;239;237.297;29;0
7842;79;29;0.4;0.5;42;101;0.5670996;240;236.901;29;0
7843;79;29;0.4;0.5;43;106;0.522449;242;236.3396;29;5
7844;79;29;0.4;0.5;44;101;0.5039062;230;237.3069;29;0
7845;79;29;0.4;0.5;45;102;0.5531915;243;235.0294;29;1
7846;79;29;0.4;0.5;46;101;0.4634146;239;236.4356;29;0
7847;79;29;0.4;0.5;47;101;0.4818182;246;237.5545;29;0
7848;79;29;0.4;0.5;48;103;0.4892704;249;237.699;29;2
7849;79;29;0.4;0.5;49;102;0.5042373;232;235.0392;29;1
7850;79;29;0.4;0.5;50;101;0.4635193;225;235.9802;29;0
7851;79;29;0.4;0.5;51;103;0.5344828;258;235.9223;29;2
7852;79;29;0.4;0.5;52;102;0.5228216;233;234.7353;29;1
7853;79;29;0.4;0.5;53;101;0.4877049;229;238.3465;29;0
7854;79;29;0.4;0.5;54;102;0.5310078;223;237.3627;29;1
7855;79;29;0.4;0.5;55;105;0.5021277;254;238.5238;29;4
7856;79;29;0.4;0.5;56;101;0.4878049;231;237.2475;29;0
7857;79;29;0.4;0.5;57;103;0.5762712;245;238.0971;29;2
7858;79;29;0.4;0.5;58;101;0.4380165;227;237.0891;29;0
7859;79;29;0.4;0.5;59;102;0.5159817;258;237.7549;29;1
7860;79;29;0.4;0.5;60;101;0.473029;229;237.1881;29;0
7861;79;29;0.4;0.5;61;101;0.4978355;228;236.3366;29;0
7862;79;29;0.4;0.5;62;101;0.488806;247;240.1683;29;0
7863;79;29;0.4;0.5;63;101;0.5280374;246;237.5842;29;0
7864;79;29;0.4;0.5;64;102;0.4901186;220;235.1275;29;1
7865;79;29;0.4;0.5;65;101;0.5167464;235;237.8911;29;0
7866;79;29;0.4;0.5;66;101;0.5191489;231;234.4851;29;0
7867;79;29;0.4;0.5;67;102;0.4978166;229;237.0686;29;1
7868;79;29;0.4;0.5;68;101;0.5416667;236;237.6832;29;0
7869;79;29;0.4;0.5;69;101;0.5108225;233;237.9109;29;0
7870;79;29;0.4;0.5;70;103;0.4957265;248;237.2427;29;2
7871;79;29;0.4;0.5;71;102;0.5178571;213;236.598;29;1
7872;79;29;0.4;0.5;72;102;0.472103;228;236.7549;29;1
7873;79;29;0.4;0.5;73;103;0.5132743;243;235.5728;29;2
7874;79;29;0.4;0.5;74;103;0.4917355;231;235.7087;29;2
7875;79;29;0.4;0.5;75;104;0.5113122;256;235.2692;29;3
7876;79;29;0.4;0.5;76;104;0.5313808;236;236.75;29;3
7877;79;29;0.4;0.5;77;101;0.5;249;237.1386;29;0
7878;79;29;0.4;0.5;78;104;0.4872881;243;237.9615;29;3
7879;79;29;0.4;0.5;79;101;0.5043478;235;236.2673;29;0
7880;79;29;0.4;0.5;80;101;0.5194805;232;235.1881;29;0
7881;79;29;0.4;0.5;81;101;0.5450644;232;237.6931;29;0
7882;79;29;0.4;0.5;82;101;0.4727273;235;237.6337;29;0
7883;79;29;0.4;0.5;83;102;0.502008;236;234.9118;29;1
7884;79;29;0.4;0.5;84;103;0.4934498;252;236.1262;29;2
7885;79;29;0.4;0.5;85;101;0.5059761;230;235.7525;29;0
7886;79;29;0.4;0.5;86;103;0.4910714;249;236.2913;29;2
7887;79;29;0.4;0.5;87;101;0.5206612;222;237;29;0
7888;79;29;0.4;0.5;88;101;0.4826087;239;236.3861;29;0
7889;79;29;0.4;0.5;89;101;0.496;231;237.099;29;0
7890;79;29;0.4;0.5;90;101;0.468254;217;237.4653;29;0
7891;79;29;0.4;0.5;91;101;0.4596774;217;235.5545;29;0
7892;79;29;0.4;0.5;92;104;0.4827586;247;234.4135;29;3
7893;79;29;0.4;0.5;93;102;0.473251;246;235.1863;29;1
7894;79;29;0.4;0.5;94;102;0.5236052;246;237.8431;29;1
7895;79;29;0.4;0.5;95;101;0.487069;250;236.1584;29;0
7896;79;29;0.4;0.5;96;101;0.5478261;244;237.9307;29;0
7897;79;29;0.4;0.5;97;104;0.5196507;245;235.6827;29;3
7898;79;29;0.4;0.5;98;103;0.5341365;241;236.8932;29;2
7899;79;29;0.4;0.5;99;102;0.4481328;238;236.5784;29;1
7900;79;29;0.4;0.5;100;110;0.4778761;234;239.7364;29;9
7901;80;224;0.4;0.5;1;101;0.4714286;237;236.4554;222.802;0
7902;80;224;0.4;0.5;2;106;0.4243697;242;238.0755;223.4717;5
7903;80;224;0.4;0.5;3;104;0.5146444;252;237.5096;222.9327;3
7904;80;224;0.4;0.5;4;107;0.4449153;224;236.1215;222.7383;6
7905;80;224;0.4;0.5;5;101;0.4718615;240;236.604;222.703;0
7906;80;224;0.4;0.5;6;104;0.464;226;237.5865;223.2885;3
7907;80;224;0.4;0.5;7;103;0.5089286;257;236.3786;222.5146;2
7908;80;224;0.4;0.5;8;101;0.5123967;254;238.9109;223.4455;0
7909;80;224;0.4;0.5;9;102;0.5384615;234;237.4608;223.1863;1
7910;80;224;0.4;0.5;10;102;0.4661355;247;237.4314;222.4216;1
7911;80;224;0.4;0.5;11;101;0.4879227;255;238.3267;222.901;0
7912;80;224;0.4;0.5;12;103;0.4705882;245;235.5728;222.4951;2
7913;80;224;0.4;0.5;13;101;0.5;235;234.9505;221.9604;0
7914;80;224;0.4;0.5;14;102;0.4305556;251;237.4216;222.5196;1
7915;80;224;0.4;0.5;15;101;0.4940239;244;237.7327;223.2376;0
7916;80;224;0.4;0.5;16;101;0.4849785;230;238.4554;222.4257;0
7917;80;224;0.4;0.5;17;101;0.4888889;239;235.1584;222.4455;0
7918;80;224;0.4;0.5;18;102;0.4318182;233;238.0098;222.7745;1
7919;80;224;0.4;0.5;19;105;0.5023041;243;236.0762;222.0952;4
7920;80;224;0.4;0.5;20;101;0.4529915;238;237.1881;222.8218;0
7921;80;224;0.4;0.5;21;102;0.5185185;231;236.6275;222.549;1
7922;80;224;0.4;0.5;22;102;0.4779116;258;238.4412;223.4706;1
7923;80;224;0.4;0.5;23;103;0.5146444;217;237.9417;223.0777;2
7924;80;224;0.4;0.5;24;102;0.4644351;247;237.1667;222.7451;1
7925;80;224;0.4;0.5;25;101;0.5720524;235;235.6535;222.7723;0
7926;80;224;0.4;0.5;26;101;0.5269231;214;235.604;221.4356;0
7927;80;224;0.4;0.5;27;102;0.4876033;246;237.049;223.0588;1
7928;80;224;0.4;0.5;28;103;0.4541833;213;236.0388;223.4078;2
7929;80;224;0.4;0.5;29;101;0.4538462;206;235.9307;222.5644;0
7930;80;224;0.4;0.5;30;102;0.4954128;246;236.4902;222.6176;1
7931;80;224;0.4;0.5;31;103;0.4977974;245;238.0874;223.0097;2
7932;80;224;0.4;0.5;32;101;0.4843049;239;236.099;222.505;0
7933;80;224;0.4;0.5;33;105;0.5325203;230;237.0667;223.3714;4
7934;80;224;0.4;0.5;34;101;0.475;228;236.2772;222.9505;0
7935;80;224;0.4;0.5;35;102;0.4866071;264;237.0196;223.2353;1
7936;80;224;0.4;0.5;36;104;0.4894515;231;236.75;222.6923;3
7937;80;224;0.4;0.5;37;104;0.5064935;237;237.8173;223.3558;3
7938;80;224;0.4;0.5;38;101;0.4823529;239;236.4059;222.6931;0
7939;80;224;0.4;0.5;39;102;0.5232558;250;236.1373;222.4412;1
7940;80;224;0.4;0.5;40;102;0.4695652;242;235.8922;222.1961;1
7941;80;224;0.4;0.5;41;101;0.4795082;225;236.4554;223.1287;0
7942;80;224;0.4;0.5;42;101;0.5493562;247;236.5446;223;0
7943;80;224;0.4;0.5;43;101;0.4763948;261;238.5941;223.0792;0
7944;80;224;0.4;0.5;44;101;0.5296443;248;236.4158;223.0693;0
7945;80;224;0.4;0.5;45;101;0.5211864;229;236.5545;223;0
7946;80;224;0.4;0.5;46;101;0.5104603;228;235.9208;222.4356;0
7947;80;224;0.4;0.5;47;101;0.4589552;228;237.5149;222.7228;0
7948;80;224;0.4;0.5;48;105;0.426087;213;236.6381;223.0667;4
7949;80;224;0.4;0.5;49;101;0.5201794;251;235.7426;222.7327;0
7950;80;224;0.4;0.5;50;102;0.5;231;235.3431;222.4902;1
7951;80;224;0.4;0.5;51;101;0.5313808;216;236.3564;222.7525;0
7952;80;224;0.4;0.5;52;105;0.5135135;254;239.0857;223.1714;4
7953;80;224;0.4;0.5;53;101;0.4782609;246;235.802;223.0198;0
7954;80;224;0.4;0.5;54;101;0.4714829;199;236.4653;222.7525;0
7955;80;224;0.4;0.5;55;103;0.504386;241;237.9126;222.3107;2
7956;80;224;0.4;0.5;56;101;0.5040984;233;237.099;222.4257;0
7957;80;224;0.4;0.5;57;102;0.4308943;234;237.5784;222.8529;1
7958;80;224;0.4;0.5;58;102;0.5228216;219;234.5098;221.6471;1
7959;80;224;0.4;0.5;59;101;0.4674797;225;235;221.9208;0
7960;80;224;0.4;0.5;60;105;0.4780702;254;238.019;223.0381;4
7961;80;224;0.4;0.5;61;101;0.4257812;233;236.9208;222.2277;0
7962;80;224;0.4;0.5;62;101;0.5274262;233;237.4455;222.7129;0
7963;80;224;0.4;0.5;63;103;0.4390244;250;235.7476;222.4951;2
7964;80;224;0.4;0.5;64;101;0.5435685;233;235.5446;222.8119;0
7965;80;224;0.4;0.5;65;105;0.4934498;224;237.981;223.3048;4
7966;80;224;0.4;0.5;66;102;0.4693878;240;235.098;222.3039;1
7967;80;224;0.4;0.5;67;101;0.4181034;230;236.2475;222.4059;0
7968;80;224;0.4;0.5;68;102;0.5083333;220;237.5392;223.3137;1
7969;80;224;0.4;0.5;69;101;0.4744186;245;237.7723;223.0396;0
7970;80;224;0.4;0.5;70;101;0.5021459;242;235.9901;222.6931;0
7971;80;224;0.4;0.5;71;102;0.5447154;245;236.6275;223.0196;1
7972;80;224;0.4;0.5;72;101;0.5210084;221;237.5842;223.0891;0
7973;80;224;0.4;0.5;73;103;0.5787234;235;237.0194;222.4078;2
7974;80;224;0.4;0.5;74;101;0.4751131;239;237.3663;222.6931;0
7975;80;224;0.4;0.5;75;102;0.5061224;232;236.3922;222.7647;1
7976;80;224;0.4;0.5;76;101;0.4827586;249;236.3861;223.0495;0
7977;80;224;0.4;0.5;77;101;0.4208333;217;236.7426;222.5545;0
7978;80;224;0.4;0.5;78;101;0.5390625;234;236.4257;222.5149;0
7979;80;224;0.4;0.5;79;102;0.4764151;257;236.549;222.7255;1
7980;80;224;0.4;0.5;80;101;0.539823;244;237.0495;222.2673;0
7981;80;224;0.4;0.5;81;101;0.5365854;226;236.8614;223.0198;0
7982;80;224;0.4;0.5;82;104;0.4780702;254;236.875;222.5192;3
7983;80;224;0.4;0.5;83;101;0.4978903;249;237.604;222.9307;0
7984;80;224;0.4;0.5;84;101;0.525;270;236.3564;222.4851;0
7985;80;224;0.4;0.5;85;102;0.4409091;240;237.0784;222.6275;1
7986;80;224;0.4;0.5;86;103;0.5041322;246;237.0777;221.9223;2
7987;80;224;0.4;0.5;87;102;0.5521739;226;236.549;222.8333;1
7988;80;224;0.4;0.5;88;101;0.4958333;248;238.0594;223.0495;0
7989;80;224;0.4;0.5;89;101;0.4854772;226;235.6931;222.7129;0
7990;80;224;0.4;0.5;90;101;0.5152838;218;233.6436;222.1485;0
7991;80;224;0.4;0.5;91;101;0.5175439;245;236.5545;222.4257;0
7992;80;224;0.4;0.5;92;101;0.5217391;235;236.4059;222.9802;0
7993;80;224;0.4;0.5;93;105;0.5114155;232;235.819;222.3905;4
7994;80;224;0.4;0.5;94;103;0.5;228;234.835;221.6699;2
7995;80;224;0.4;0.5;95;104;0.4954545;221;237.8462;223.2212;3
7996;80;224;0.4;0.5;96;102;0.4129555;227;235.5784;223.0882;1
7997;80;224;0.4;0.5;97;101;0.5442478;250;234.8317;220.5644;0
7998;80;224;0.4;0.5;98;101;0.534188;224;238.297;222.2079;0
7999;80;224;0.4;0.5;99;103;0.5101215;239;234.9612;222.4757;2
8000;80;224;0.4;0.5;100;101;0.4488889;242;237.0693;222.7129;0
8001;81;1;0.5;0.5;1;101;0.5229358;232;235.3267;1;0
8002;81;1;0.5;0.5;2;101;0.472;232;237.495;1;0
8003;81;1;0.5;0.5;3;101;0.4773663;229;237.396;1;0
8004;81;1;0.5;0.5;4;101;0.5355649;217;237.0792;1;0
8005;81;1;0.5;0.5;5;101;0.5458515;212;236.8218;1;0
8006;81;1;0.5;0.5;6;101;0.5185185;237;236.1683;1;0
8007;81;1;0.5;0.5;7;101;0.5347826;236;239.1782;1;0
8008;81;1;0.5;0.5;8;101;0.5413223;237;235.5149;1;0
8009;81;1;0.5;0.5;9;101;0.464135;228;236.6832;1;0
8010;81;1;0.5;0.5;10;102;0.5585586;237;235.402;1;1
8011;81;1;0.5;0.5;11;102;0.5401786;229;234.7451;1;1
8012;81;1;0.5;0.5;12;102;0.5188285;231;236.0392;1;1
8013;81;1;0.5;0.5;13;103;0.5321888;227;237.835;1;2
8014;81;1;0.5;0.5;14;106;0.4847162;236;237.8868;1;5
8015;81;1;0.5;0.5;15;102;0.4806867;225;238.6961;1;1
8016;81;1;0.5;0.5;16;101;0.4860558;230;236.4455;1;0
8017;81;1;0.5;0.5;17;101;0.5546559;232;237.2178;1;0
8018;81;1;0.5;0.5;18;103;0.4891775;243;235.6893;1;2
8019;81;1;0.5;0.5;19;102;0.504386;244;237.3235;1;1
8020;81;1;0.5;0.5;20;104;0.5423729;230;236.2885;1;3
8021;81;1;0.5;0.5;21;102;0.5462555;237;237.3235;1;1
8022;81;1;0.5;0.5;22;102;0.4579832;246;238.1961;1;1
8023;81;1;0.5;0.5;23;102;0.4937238;239;237.4118;1;1
8024;81;1;0.5;0.5;24;101;0.4787645;232;236.0099;1;0
8025;81;1;0.5;0.5;25;102;0.4791667;232;235.6863;1;1
8026;81;1;0.5;0.5;26;101;0.4901186;218;238.6139;1;0
8027;81;1;0.5;0.5;27;101;0.5247934;252;237.0891;1;0
8028;81;1;0.5;0.5;28;103;0.486166;230;238.8155;1;2
8029;81;1;0.5;0.5;29;101;0.5545852;235;239.6238;1;0
8030;81;1;0.5;0.5;30;102;0.452381;230;236.5392;1;1
8031;81;1;0.5;0.5;31;101;0.4638783;213;238.0396;1;0
8032;81;1;0.5;0.5;32;103;0.5234043;238;235.9417;1;2
8033;81;1;0.5;0.5;33;101;0.522449;250;238.1881;1;0
8034;81;1;0.5;0.5;34;101;0.5645161;233;238.2178;1;0
8035;81;1;0.5;0.5;35;101;0.4957265;224;237.9307;1;0
8036;81;1;0.5;0.5;36;102;0.5317073;257;235.8824;1;1
8037;81;1;0.5;0.5;37;101;0.4648438;216;237.9802;1;0
8038;81;1;0.5;0.5;38;102;0.5044248;262;236.7353;1;1
8039;81;1;0.5;0.5;39;101;0.5361702;224;233.5446;1;0
8040;81;1;0.5;0.5;40;103;0.5252918;243;236.6117;1;2
8041;81;1;0.5;0.5;41;104;0.5515695;258;235.875;1;3
8042;81;1;0.5;0.5;42;101;0.4801587;232;237.099;1;0
8043;81;1;0.5;0.5;43;104;0.4291339;219;238.0288;1;3
8044;81;1;0.5;0.5;44;101;0.4769231;229;237.4059;1;0
8045;81;1;0.5;0.5;45;101;0.4533898;243;239.0594;1;0
8046;81;1;0.5;0.5;46;102;0.5128205;236;237.1176;1;1
8047;81;1;0.5;0.5;47;101;0.5411765;231;235.604;1;0
8048;81;1;0.5;0.5;48;103;0.5072464;243;236.3107;1;2
8049;81;1;0.5;0.5;49;101;0.5469388;243;235.4554;1;0
8050;81;1;0.5;0.5;50;101;0.5348837;237;236.3465;1;0
8051;81;1;0.5;0.5;51;102;0.4577778;263;237.5098;1;1
8052;81;1;0.5;0.5;52;101;0.4888889;233;234.901;1;0
8053;81;1;0.5;0.5;53;101;0.5092593;270;236.8416;1;0
8054;81;1;0.5;0.5;54;102;0.4941176;220;236.7353;1;1
8055;81;1;0.5;0.5;55;101;0.526971;254;237.0396;1;0
8056;81;1;0.5;0.5;56;106;0.5210084;246;237.7453;1;5
8057;81;1;0.5;0.5;57;102;0.5475113;242;239.3627;1;1
8058;81;1;0.5;0.5;58;101;0.5128205;219;233.5644;1;0
8059;81;1;0.5;0.5;59;101;0.4867257;222;237.5644;1;0
8060;81;1;0.5;0.5;60;103;0.4606299;214;235.9612;1;2
8061;81;1;0.5;0.5;61;101;0.52;251;236.9604;1;0
8062;81;1;0.5;0.5;62;103;0.4434783;236;237.3301;1;2
8063;81;1;0.5;0.5;63;101;0.4683544;245;236.9307;1;0
8064;81;1;0.5;0.5;64;103;0.5205993;233;237.8544;1;2
8065;81;1;0.5;0.5;65;101;0.5185185;222;237.4851;1;0
8066;81;1;0.5;0.5;66;102;0.5208333;219;236.9608;1;1
8067;81;1;0.5;0.5;67;104;0.4736842;249;235.9615;1;3
8068;81;1;0.5;0.5;68;101;0.4944238;228;234.8317;1;0
8069;81;1;0.5;0.5;69;102;0.5114155;235;235.4118;1;1
8070;81;1;0.5;0.5;70;101;0.5327103;228;237.3267;1;0
8071;81;1;0.5;0.5;71;103;0.4693878;253;237.534;1;2
8072;81;1;0.5;0.5;72;101;0.5142857;217;236.4257;1;0
8073;81;1;0.5;0.5;73;103;0.4392523;240;236.466;1;2
8074;81;1;0.5;0.5;74;102;0.5060241;246;238.0294;1;1
8075;81;1;0.5;0.5;75;101;0.5333333;191;236.9505;1;0
8076;81;1;0.5;0.5;76;102;0.504065;244;237.7549;1;1
8077;81;1;0.5;0.5;77;101;0.561753;217;237.4257;1;0
8078;81;1;0.5;0.5;78;101;0.5135135;239;234.8416;1;0
8079;81;1;0.5;0.5;79;101;0.5466667;251;234.5941;1;0
8080;81;1;0.5;0.5;80;106;0.5186722;239;236.4245;1;5
8081;81;1;0.5;0.5;81;101;0.4780876;233;237.9901;1;0
8082;81;1;0.5;0.5;82;103;0.5044248;261;235.3689;1;2
8083;81;1;0.5;0.5;83;101;0.5175879;237;240.4257;1;0
8084;81;1;0.5;0.5;84;103;0.4976959;259;235.6311;1;2
8085;81;1;0.5;0.5;85;102;0.493617;251;235.9804;1;1
8086;81;1;0.5;0.5;86;102;0.5107296;249;237.0294;1;1
8087;81;1;0.5;0.5;87;103;0.470339;246;236.2136;1;2
8088;81;1;0.5;0.5;88;103;0.4979424;252;237.9515;1;2
8089;81;1;0.5;0.5;89;102;0.5215517;249;237.7745;1;1
8090;81;1;0.5;0.5;90;102;0.4976959;240;235.4706;1;1
8091;81;1;0.5;0.5;91;101;0.4848485;257;236.2772;1;0
8092;81;1;0.5;0.5;92;101;0.4669604;233;236.4752;1;0
8093;81;1;0.5;0.5;93;101;0.4748858;217;237.5248;1;0
8094;81;1;0.5;0.5;94;103;0.5;249;237.4854;1;2
8095;81;1;0.5;0.5;95;103;0.4798387;227;236.5631;1;2
8096;81;1;0.5;0.5;96;101;0.517094;258;239.6931;1;0
8097;81;1;0.5;0.5;97;102;0.5932203;249;236.451;1;1
8098;81;1;0.5;0.5;98;101;0.4789916;236;235.6733;1;0
8099;81;1;0.5;0.5;99;104;0.510917;258;237.8365;1;3
8100;81;1;0.5;0.5;100;101;0.5620155;238;234.9307;1;0
8101;82;3;0.5;0.5;1;104;0.558952;238;237.6923;3;3
8102;82;3;0.5;0.5;2;101;0.4705882;205;237.901;3;0
8103;82;3;0.5;0.5;3;101;0.4669421;244;235.2574;3;0
8104;82;3;0.5;0.5;4;101;0.4756554;240;235.7723;3;0
8105;82;3;0.5;0.5;5;101;0.5059761;232;235.2079;3;0
8106;82;3;0.5;0.5;6;101;0.5021277;225;236.4158;3;0
8107;82;3;0.5;0.5;7;101;0.5;256;235.8614;3;0
8108;82;3;0.5;0.5;8;101;0.4877049;243;235.703;3;0
8109;82;3;0.5;0.5;9;102;0.4778761;235;237.3333;3;1
8110;82;3;0.5;0.5;10;101;0.4895397;232;238.5842;3;0
8111;82;3;0.5;0.5;11;101;0.55;237;235.4257;3;0
8112;82;3;0.5;0.5;12;104;0.5346939;244;235.8173;3;3
8113;82;3;0.5;0.5;13;101;0.4638298;241;234.8911;3;0
8114;82;3;0.5;0.5;14;101;0.5689655;250;236.3663;3;0
8115;82;3;0.5;0.5;15;102;0.518018;244;237.4412;3;1
8116;82;3;0.5;0.5;16;101;0.5065502;251;238.6337;3;0
8117;82;3;0.5;0.5;17;103;0.5;243;238.2233;3;2
8118;82;3;0.5;0.5;18;101;0.4893617;244;234.0297;3;0
8119;82;3;0.5;0.5;19;105;0.4534413;248;235.6571;3;4
8120;82;3;0.5;0.5;20;101;0.5656109;253;237.0792;3;0
8121;82;3;0.5;0.5;21;101;0.4853556;206;236.2178;3;0
8122;82;3;0.5;0.5;22;103;0.4761905;218;236.1748;3;2
8123;82;3;0.5;0.5;23;101;0.5131579;233;237.901;3;0
8124;82;3;0.5;0.5;24;102;0.4504505;238;239.1765;3;1
8125;82;3;0.5;0.5;25;102;0.5075377;254;236.402;3;1
8126;82;3;0.5;0.5;26;102;0.4424779;236;236.902;3;1
8127;82;3;0.5;0.5;27;101;0.5568627;245;235.703;3;0
8128;82;3;0.5;0.5;28;101;0.4915966;222;237.2772;3;0
8129;82;3;0.5;0.5;29;101;0.4866071;248;238.0198;3;0
8130;82;3;0.5;0.5;30;101;0.5275229;240;237.4752;3;0
8131;82;3;0.5;0.5;31;101;0.5;222;236.2574;3;0
8132;82;3;0.5;0.5;32;102;0.4708333;224;235.6078;3;1
8133;82;3;0.5;0.5;33;102;0.542735;243;233.1961;3;1
8134;82;3;0.5;0.5;34;102;0.5133929;247;234.8824;3;1
8135;82;3;0.5;0.5;35;101;0.4910714;245;236.9901;3;0
8136;82;3;0.5;0.5;36;103;0.5265487;226;236.8155;3;2
8137;82;3;0.5;0.5;37;101;0.5211864;243;235.0099;3;0
8138;82;3;0.5;0.5;38;101;0.4859438;201;235.2376;3;0
8139;82;3;0.5;0.5;39;102;0.4774775;251;236.4902;3;1
8140;82;3;0.5;0.5;40;101;0.4465116;247;236.9703;3;0
8141;82;3;0.5;0.5;41;101;0.5;225;238.0891;3;0
8142;82;3;0.5;0.5;42;101;0.5404255;240;236.9802;3;0
8143;82;3;0.5;0.5;43;101;0.488;241;237.0594;3;0
8144;82;3;0.5;0.5;44;102;0.5123967;257;235.7059;3;1
8145;82;3;0.5;0.5;45;101;0.4736842;227;236.5149;3;0
8146;82;3;0.5;0.5;46;101;0.5086207;221;236.6139;3;0
8147;82;3;0.5;0.5;47;101;0.5277778;245;236.5248;3;0
8148;82;3;0.5;0.5;48;102;0.4910714;230;235.2745;3;1
8149;82;3;0.5;0.5;49;104;0.5045455;232;236.2788;3;3
8150;82;3;0.5;0.5;50;102;0.5244444;240;236.5588;3;1
8151;82;3;0.5;0.5;51;102;0.4824561;235;237.1961;3;1
8152;82;3;0.5;0.5;52;102;0.4805195;245;236.8922;3;1
8153;82;3;0.5;0.5;53;101;0.4769874;261;235.3168;3;0
8154;82;3;0.5;0.5;54;102;0.4680851;217;237.9902;3;1
8155;82;3;0.5;0.5;55;101;0.5263158;234;234.8614;3;0
8156;82;3;0.5;0.5;56;101;0.5267857;231;237.099;3;0
8157;82;3;0.5;0.5;57;105;0.5384615;253;237.019;3;4
8158;82;3;0.5;0.5;58;101;0.5407725;233;235.9604;3;0
8159;82;3;0.5;0.5;59;105;0.5400844;268;237.2095;3;4
8160;82;3;0.5;0.5;60;102;0.4978166;250;236.3529;3;1
8161;82;3;0.5;0.5;61;102;0.4649123;250;237.9118;3;1
8162;82;3;0.5;0.5;62;102;0.5151515;281;237.7647;3;1
8163;82;3;0.5;0.5;63;101;0.5087719;255;235.7525;3;0
8164;82;3;0.5;0.5;64;102;0.3946188;243;235.1667;3;1
8165;82;3;0.5;0.5;65;101;0.5204918;230;234.297;3;0
8166;82;3;0.5;0.5;66;101;0.5371901;247;237.7228;3;0
8167;82;3;0.5;0.5;67;101;0.5154185;250;235.3168;3;0
8168;82;3;0.5;0.5;68;101;0.538835;229;235.0891;3;0
8169;82;3;0.5;0.5;69;101;0.4463519;246;235.2871;3;0
8170;82;3;0.5;0.5;70;101;0.438914;232;237.0099;3;0
8171;82;3;0.5;0.5;71;101;0.4836066;228;237.1782;3;0
8172;82;3;0.5;0.5;72;102;0.5506608;235;235.8627;3;1
8173;82;3;0.5;0.5;73;101;0.4738956;250;237.6337;3;0
8174;82;3;0.5;0.5;74;101;0.4897119;266;236.5545;3;0
8175;82;3;0.5;0.5;75;101;0.5355649;227;236.4752;3;0
8176;82;3;0.5;0.5;76;102;0.5183486;218;234.2941;3;1
8177;82;3;0.5;0.5;77;103;0.495935;228;237.0291;3;2
8178;82;3;0.5;0.5;78;103;0.5654206;231;235.699;3;2
8179;82;3;0.5;0.5;79;104;0.4758065;233;236.2308;3;3
8180;82;3;0.5;0.5;80;101;0.4962963;225;235.0891;3;0
8181;82;3;0.5;0.5;81;103;0.4780876;222;234.8932;3;2
8182;82;3;0.5;0.5;82;101;0.5437788;261;235.6139;3;0
8183;82;3;0.5;0.5;83;101;0.5021097;228;235.6139;3;0
8184;82;3;0.5;0.5;84;104;0.4933333;253;237.9135;3;3
8185;82;3;0.5;0.5;85;102;0.4757282;246;235.5;3;1
8186;82;3;0.5;0.5;86;104;0.4794521;256;236.9038;3;3
8187;82;3;0.5;0.5;87;101;0.4915254;228;236.5842;3;0
8188;82;3;0.5;0.5;88;102;0.4801762;240;234.1863;3;1
8189;82;3;0.5;0.5;89;101;0.4644195;236;237.901;3;0
8190;82;3;0.5;0.5;90;101;0.4859438;220;235.3861;3;0
8191;82;3;0.5;0.5;91;103;0.5022831;252;237.4272;3;2
8192;82;3;0.5;0.5;92;104;0.5542169;231;237.4808;3;3
8193;82;3;0.5;0.5;93;103;0.5296443;248;236.7087;3;2
8194;82;3;0.5;0.5;94;101;0.4416667;228;237.1089;3;0
8195;82;3;0.5;0.5;95;101;0.4916667;258;237.2772;3;0
8196;82;3;0.5;0.5;96;101;0.5296443;238;237.099;3;0
8197;82;3;0.5;0.5;97;102;0.4763948;228;234.7843;3;1
8198;82;3;0.5;0.5;98;103;0.5384615;232;238.3495;3;2
8199;82;3;0.5;0.5;99;101;0.4638298;244;236.6634;3;0
8200;82;3;0.5;0.5;100;101;0.4396887;222;233.5347;3;0
8201;83;5;0.5;0.5;1;101;0.5058824;244;237.5545;5;0
8202;83;5;0.5;0.5;2;105;0.4529148;229;236.8381;5;4
8203;83;5;0.5;0.5;3;101;0.5691057;248;236.9505;5;0
8204;83;5;0.5;0.5;4;107;0.5183673;250;235.0654;5;6
8205;83;5;0.5;0.5;5;103;0.529148;251;236.0388;5;2
8206;83;5;0.5;0.5;6;102;0.5229358;252;238.7647;5;1
8207;83;5;0.5;0.5;7;103;0.5338645;232;237.3301;5;2
8208;83;5;0.5;0.5;8;108;0.4977778;254;236.9352;5;7
8209;83;5;0.5;0.5;9;101;0.4979079;238;234.3564;5;0
8210;83;5;0.5;0.5;10;101;0.4817814;243;237.1683;5;0
8211;83;5;0.5;0.5;11;101;0.4977376;222;235.6436;5;0
8212;83;5;0.5;0.5;12;101;0.5375;229;237.7327;5;0
8213;83;5;0.5;0.5;13;102;0.4954955;247;237.402;5;1
8214;83;5;0.5;0.5;14;101;0.5357143;242;236.6535;5;0
8215;83;5;0.5;0.5;15;101;0.5135135;247;236.3465;5;0
8216;83;5;0.5;0.5;16;101;0.5;251;237.3168;5;0
8217;83;5;0.5;0.5;17;101;0.5296804;235;236.2475;5;0
8218;83;5;0.5;0.5;18;101;0.5659574;231;239.1089;5;0
8219;83;5;0.5;0.5;19;103;0.5473251;240;238.3689;5;2
8220;83;5;0.5;0.5;20;102;0.5;248;235.2941;5;1
8221;83;5;0.5;0.5;21;105;0.5128205;231;236.6;5;4
8222;83;5;0.5;0.5;22;102;0.4957265;241;237.451;5;1
8223;83;5;0.5;0.5;23;101;0.5151515;247;236.7624;5;0
8224;83;5;0.5;0.5;24;101;0.5022831;237;236.0198;5;0
8225;83;5;0.5;0.5;25;105;0.512931;230;237.9048;5;4
8226;83;5;0.5;0.5;26;102;0.5223881;261;238.7157;5;1
8227;83;5;0.5;0.5;27;101;0.4938272;220;234.802;5;0
8228;83;5;0.5;0.5;28;101;0.5083333;205;237.5545;5;0
8229;83;5;0.5;0.5;29;101;0.4478261;206;237.1782;5;0
8230;83;5;0.5;0.5;30;105;0.5208333;253;239.019;5;4
8231;83;5;0.5;0.5;31;103;0.467433;223;235.7961;5;2
8232;83;5;0.5;0.5;32;103;0.5502183;205;233.7573;5;2
8233;83;5;0.5;0.5;33;101;0.5;239;237.7327;5;0
8234;83;5;0.5;0.5;34;101;0.4896266;263;236.6436;5;0
8235;83;5;0.5;0.5;35;101;0.5308642;274;237.2277;5;0
8236;83;5;0.5;0.5;36;103;0.4713656;237;236.5243;5;2
8237;83;5;0.5;0.5;37;101;0.4978166;233;236.5149;5;0
8238;83;5;0.5;0.5;38;102;0.4978541;250;236.3235;5;1
8239;83;5;0.5;0.5;39;102;0.507177;239;237.1569;5;1
8240;83;5;0.5;0.5;40;102;0.495283;246;237.5686;5;1
8241;83;5;0.5;0.5;41;101;0.5236052;247;236.2871;5;0
8242;83;5;0.5;0.5;42;102;0.5175097;211;236.3627;5;1
8243;83;5;0.5;0.5;43;103;0.5201613;243;236.3786;5;2
8244;83;5;0.5;0.5;44;101;0.5246637;240;239.0396;5;0
8245;83;5;0.5;0.5;45;101;0.5;230;236.4752;5;0
8246;83;5;0.5;0.5;46;101;0.5101215;242;235.604;5;0
8247;83;5;0.5;0.5;47;102;0.4724771;234;238.5784;5;1
8248;83;5;0.5;0.5;48;105;0.5485232;264;236.7714;5;4
8249;83;5;0.5;0.5;49;101;0.4956897;225;238.0297;5;0
8250;83;5;0.5;0.5;50;102;0.4958333;243;240.5686;5;1
8251;83;5;0.5;0.5;51;102;0.491453;242;236.3725;5;1
8252;83;5;0.5;0.5;52;101;0.4810127;254;236.802;5;0
8253;83;5;0.5;0.5;53;101;0.5117188;219;237.1287;5;0
8254;83;5;0.5;0.5;54;101;0.456;236;237.297;5;0
8255;83;5;0.5;0.5;55;101;0.5648536;239;234.9604;5;0
8256;83;5;0.5;0.5;56;101;0.5198413;231;236.0099;5;0
8257;83;5;0.5;0.5;57;101;0.507109;247;234.7228;5;0
8258;83;5;0.5;0.5;58;101;0.4935065;253;237.7525;5;0
8259;83;5;0.5;0.5;59;102;0.5133929;240;235.9216;5;1
8260;83;5;0.5;0.5;60;102;0.5349794;218;235.6961;5;1
8261;83;5;0.5;0.5;61;103;0.5672269;240;237.2136;5;2
8262;83;5;0.5;0.5;62;102;0.5110132;251;237.5098;5;1
8263;83;5;0.5;0.5;63;101;0.5330396;255;237.0594;5;0
8264;83;5;0.5;0.5;64;103;0.5338983;251;236.7184;5;2
8265;83;5;0.5;0.5;65;103;0.510101;243;235.835;5;2
8266;83;5;0.5;0.5;66;104;0.5062241;248;238.1154;5;3
8267;83;5;0.5;0.5;67;101;0.5238095;229;238.2178;5;0
8268;83;5;0.5;0.5;68;101;0.5327511;248;237.1485;5;0
8269;83;5;0.5;0.5;69;101;0.457265;255;235.7921;5;0
8270;83;5;0.5;0.5;70;101;0.4568966;220;236.0792;5;0
8271;83;5;0.5;0.5;71;101;0.5638767;233;236.3366;5;0
8272;83;5;0.5;0.5;72;101;0.4854772;255;236.7327;5;0
8273;83;5;0.5;0.5;73;103;0.4598214;219;237.4272;5;2
8274;83;5;0.5;0.5;74;102;0.491453;237;237.9314;5;1
8275;83;5;0.5;0.5;75;103;0.5240175;239;236.3786;5;2
8276;83;5;0.5;0.5;76;101;0.46875;217;238.5545;5;0
8277;83;5;0.5;0.5;77;104;0.510917;238;237.3269;5;3
8278;83;5;0.5;0.5;78;102;0.4692982;237;237.7353;5;1
8279;83;5;0.5;0.5;79;103;0.470852;245;238.7767;5;2
8280;83;5;0.5;0.5;80;101;0.5060241;255;236.6634;5;0
8281;83;5;0.5;0.5;81;101;0.4857143;243;236.3762;5;0
8282;83;5;0.5;0.5;82;104;0.5462555;226;236.375;5;3
8283;83;5;0.5;0.5;83;102;0.5102881;239;235.4118;5;1
8284;83;5;0.5;0.5;84;101;0.5091743;247;237.7426;5;0
8285;83;5;0.5;0.5;85;103;0.4537815;248;236.3689;5;2
8286;83;5;0.5;0.5;86;101;0.4409091;226;237.0693;5;0
8287;83;5;0.5;0.5;87;102;0.4818182;239;237.8039;5;1
8288;83;5;0.5;0.5;88;104;0.4820717;239;234.9808;5;3
8289;83;5;0.5;0.5;89;104;0.4562212;236;235.2981;5;3
8290;83;5;0.5;0.5;90;102;0.4724409;230;235.9804;5;1
8291;83;5;0.5;0.5;91;102;0.5097276;221;235.7745;5;1
8292;83;5;0.5;0.5;92;101;0.5178571;224;236.802;5;0
8293;83;5;0.5;0.5;93;102;0.5044248;238;235.8137;5;1
8294;83;5;0.5;0.5;94;103;0.4615385;249;238.3981;5;2
8295;83;5;0.5;0.5;95;101;0.5;230;236.9703;5;0
8296;83;5;0.5;0.5;96;104;0.5405405;235;236.2981;5;3
8297;83;5;0.5;0.5;97;104;0.465587;232;235.8365;5;3
8298;83;5;0.5;0.5;98;101;0.4520548;243;237.1683;5;0
8299;83;5;0.5;0.5;99;101;0.5327511;260;236.6337;5;0
8300;83;5;0.5;0.5;100;101;0.547619;241;237.0594;5;0
8301;84;7;0.5;0.5;1;101;0.5238095;224;235.7822;7;0
8302;84;7;0.5;0.5;2;107;0.4661355;245;239.2804;7;6
8303;84;7;0.5;0.5;3;101;0.4957627;213;238.4158;7;0
8304;84;7;0.5;0.5;4;105;0.4780702;256;237.181;7;4
8305;84;7;0.5;0.5;5;103;0.4803493;234;234.7961;7;2
8306;84;7;0.5;0.5;6;102;0.4920635;234;238.1373;7;1
8307;84;7;0.5;0.5;7;105;0.4611872;242;237.0095;7;4
8308;84;7;0.5;0.5;8;101;0.508;227;237.6733;7;0
8309;84;7;0.5;0.5;9;102;0.4978166;267;234.5882;7;1
8310;84;7;0.5;0.5;10;104;0.4795082;248;236.7115;7;3
8311;84;7;0.5;0.5;11;101;0.4588745;224;236.6931;7;0
8312;84;7;0.5;0.5;12;101;0.4912281;219;236.3168;7;0
8313;84;7;0.5;0.5;13;101;0.4978166;239;235.6139;7;0
8314;84;7;0.5;0.5;14;101;0.4612403;230;237.0099;7;0
8315;84;7;0.5;0.5;15;101;0.5121951;230;237.2673;7;0
8316;84;7;0.5;0.5;16;103;0.5189873;237;237.4563;7;2
8317;84;7;0.5;0.5;17;101;0.4698276;248;238.198;7;0
8318;84;7;0.5;0.5;18;101;0.4900398;236;237.5644;7;0
8319;84;7;0.5;0.5;19;102;0.4918033;228;236.5392;7;1
8320;84;7;0.5;0.5;20;102;0.5195312;215;236.1373;7;1
8321;84;7;0.5;0.5;21;101;0.4978723;248;236.495;7;0
8322;84;7;0.5;0.5;22;102;0.472103;223;233.4706;7;1
8323;84;7;0.5;0.5;23;101;0.5271967;229;238.2475;7;0
8324;84;7;0.5;0.5;24;101;0.4892704;236;236.9505;7;0
8325;84;7;0.5;0.5;25;101;0.588785;205;236.8812;7;0
8326;84;7;0.5;0.5;26;102;0.4871795;238;236.5;7;1
8327;84;7;0.5;0.5;27;104;0.5813008;210;237.3846;7;3
8328;84;7;0.5;0.5;28;101;0.4788136;259;237.0099;7;0
8329;84;7;0.5;0.5;29;101;0.5020576;239;237.7723;7;0
8330;84;7;0.5;0.5;30;102;0.5625;244;237.3725;7;1
8331;84;7;0.5;0.5;31;101;0.4635193;218;233.5941;7;0
8332;84;7;0.5;0.5;32;101;0.5147679;244;238.1584;7;0
8333;84;7;0.5;0.5;33;101;0.4650206;246;238.5446;7;0
8334;84;7;0.5;0.5;34;101;0.4782609;244;235.6931;7;0
8335;84;7;0.5;0.5;35;102;0.4353448;245;237.549;7;1
8336;84;7;0.5;0.5;36;102;0.5144928;210;236.951;7;1
8337;84;7;0.5;0.5;37;104;0.5282258;231;237.4615;7;3
8338;84;7;0.5;0.5;38;103;0.4851064;222;235.8932;7;2
8339;84;7;0.5;0.5;39;103;0.4688797;240;237.7184;7;2
8340;84;7;0.5;0.5;40;103;0.4849624;235;236.534;7;2
8341;84;7;0.5;0.5;41;102;0.5536481;233;238.1765;7;1
8342;84;7;0.5;0.5;42;101;0.4632035;233;237.6139;7;0
8343;84;7;0.5;0.5;43;102;0.5;226;237.0392;7;1
8344;84;7;0.5;0.5;44;103;0.4625;244;236.534;7;2
8345;84;7;0.5;0.5;45;101;0.5178571;250;237.2772;7;0
8346;84;7;0.5;0.5;46;101;0.5217391;223;235.8119;7;0
8347;84;7;0.5;0.5;47;104;0.5375;247;237.8077;7;3
8348;84;7;0.5;0.5;48;102;0.5091743;256;236.5;7;1
8349;84;7;0.5;0.5;49;102;0.5211864;238;237.7941;7;1
8350;84;7;0.5;0.5;50;101;0.555102;250;237.2277;7;0
8351;84;7;0.5;0.5;51;101;0.5;246;237.3861;7;0
8352;84;7;0.5;0.5;52;101;0.5152672;212;237.2673;7;0
8353;84;7;0.5;0.5;53;101;0.4837398;214;238.0198;7;0
8354;84;7;0.5;0.5;54;101;0.5429688;223;237.8317;7;0
8355;84;7;0.5;0.5;55;101;0.562753;206;238.9505;7;0
8356;84;7;0.5;0.5;56;103;0.5022026;256;238.2816;7;2
8357;84;7;0.5;0.5;57;101;0.4356846;239;236.3861;7;0
8358;84;7;0.5;0.5;58;101;0.5590551;223;237.5347;7;0
8359;84;7;0.5;0.5;59;101;0.5491071;230;236.3168;7;0
8360;84;7;0.5;0.5;60;101;0.452381;227;237.3762;7;0
8361;84;7;0.5;0.5;61;101;0.515748;221;235.5248;7;0
8362;84;7;0.5;0.5;62;101;0.4612245;233;236.7723;7;0
8363;84;7;0.5;0.5;63;101;0.4820717;237;238.1881;7;0
8364;84;7;0.5;0.5;64;101;0.5481172;267;235.0495;7;0
8365;84;7;0.5;0.5;65;101;0.5437788;244;236.8812;7;0
8366;84;7;0.5;0.5;66;102;0.4744186;247;235.549;7;1
8367;84;7;0.5;0.5;67;106;0.5130435;241;236.4057;7;5
8368;84;7;0.5;0.5;68;101;0.5158371;251;237.1881;7;0
8369;84;7;0.5;0.5;69;104;0.512605;221;237.375;7;3
8370;84;7;0.5;0.5;70;102;0.474359;242;237.4902;7;1
8371;84;7;0.5;0.5;71;101;0.504386;247;239.1089;7;0
8372;84;7;0.5;0.5;72;101;0.4504132;239;236.2376;7;0
8373;84;7;0.5;0.5;73;102;0.5144033;229;236.1078;7;1
8374;84;7;0.5;0.5;74;103;0.4848485;226;236.4854;7;2
8375;84;7;0.5;0.5;75;103;0.4891775;241;237.2524;7;2
8376;84;7;0.5;0.5;76;103;0.4747082;243;235.9806;7;2
8377;84;7;0.5;0.5;77;101;0.5447154;251;236.4158;7;0
8378;84;7;0.5;0.5;78;102;0.4933921;258;237.6863;7;1
8379;84;7;0.5;0.5;79;101;0.4798206;227;236.5545;7;0
8380;84;7;0.5;0.5;80;101;0.5307018;238;236.297;7;0
8381;84;7;0.5;0.5;81;105;0.492126;243;238.619;7;4
8382;84;7;0.5;0.5;82;103;0.4978541;243;237.4951;7;2
8383;84;7;0.5;0.5;83;102;0.5102041;236;234.8824;7;1
8384;84;7;0.5;0.5;84;101;0.5720721;240;238.6634;7;0
8385;84;7;0.5;0.5;85;101;0.4482759;267;237.9307;7;0
8386;84;7;0.5;0.5;86;101;0.5241935;223;235.0297;7;0
8387;84;7;0.5;0.5;87;101;0.5252918;230;237.7525;7;0
8388;84;7;0.5;0.5;88;103;0.4372881;232;238.8447;7;2
8389;84;7;0.5;0.5;89;102;0.4594595;273;235.549;7;1
8390;84;7;0.5;0.5;90;102;0.4814815;233;236.5686;7;1
8391;84;7;0.5;0.5;91;103;0.4957627;248;237.3301;7;2
8392;84;7;0.5;0.5;92;104;0.5088496;225;237.7788;7;3
8393;84;7;0.5;0.5;93;101;0.5466667;214;236.505;7;0
8394;84;7;0.5;0.5;94;101;0.4867257;226;234.7723;7;0
8395;84;7;0.5;0.5;95;102;0.4713115;231;236.7451;7;1
8396;84;7;0.5;0.5;96;101;0.5238095;226;237.4653;7;0
8397;84;7;0.5;0.5;97;102;0.4778761;260;236.5294;7;1
8398;84;7;0.5;0.5;98;102;0.5044248;256;236.0098;7;1
8399;84;7;0.5;0.5;99;101;0.4323144;219;236.1287;7;0
8400;84;7;0.5;0.5;100;102;0.5572519;219;238.402;7;1
8401;85;9;0.5;0.5;1;102;0.4576923;244;238.1275;9;1
8402;85;9;0.5;0.5;2;101;0.5151515;235;237.2673;9;0
8403;85;9;0.5;0.5;3;101;0.5108225;239;236.7723;9;0
8404;85;9;0.5;0.5;4;101;0.4877049;240;236.2079;9;0
8405;85;9;0.5;0.5;5;101;0.4899598;232;237.9604;9;0
8406;85;9;0.5;0.5;6;101;0.5102041;254;237.9703;9;0
8407;85;9;0.5;0.5;7;101;0.465587;214;236.3663;9;0
8408;85;9;0.5;0.5;8;101;0.5405405;238;237.2277;9;0
8409;85;9;0.5;0.5;9;101;0.4917355;236;236.3366;9;0
8410;85;9;0.5;0.5;10;101;0.474359;269;237.4158;9;0
8411;85;9;0.5;0.5;11;101;0.4866071;233;237.4455;9;0
8412;85;9;0.5;0.5;12;102;0.5575221;248;235.6863;9;1
8413;85;9;0.5;0.5;13;101;0.4734694;251;236.7723;9;0
8414;85;9;0.5;0.5;14;101;0.4882812;229;236.6832;9;0
8415;85;9;0.5;0.5;15;102;0.4861111;231;235.5392;9;1
8416;85;9;0.5;0.5;16;102;0.5064378;253;236.6569;9;1
8417;85;9;0.5;0.5;17;102;0.4793388;228;235.7255;9;1
8418;85;9;0.5;0.5;18;101;0.5308642;246;237.396;9;0
8419;85;9;0.5;0.5;19;101;0.5;233;236.5347;9;0
8420;85;9;0.5;0.5;20;103;0.5252918;219;235.5728;9;2
8421;85;9;0.5;0.5;21;102;0.5487805;213;235.5588;9;1
8422;85;9;0.5;0.5;22;101;0.526749;232;236.6535;9;0
8423;85;9;0.5;0.5;23;101;0.4864865;244;235.7822;9;0
8424;85;9;0.5;0.5;24;101;0.5659574;233;238.3564;9;0
8425;85;9;0.5;0.5;25;101;0.5619835;207;238.0693;9;0
8426;85;9;0.5;0.5;26;101;0.474359;235;235.4455;9;0
8427;85;9;0.5;0.5;27;101;0.562212;242;235.9406;9;0
8428;85;9;0.5;0.5;28;101;0.4251208;257;236.7327;9;0
8429;85;9;0.5;0.5;29;102;0.4698276;214;235.5882;9;1
8430;85;9;0.5;0.5;30;102;0.510917;231;238.4314;9;1
8431;85;9;0.5;0.5;31;101;0.4279835;223;236.3267;9;0
8432;85;9;0.5;0.5;32;104;0.4607843;248;234.9615;9;3
8433;85;9;0.5;0.5;33;102;0.5619469;246;235.9902;9;1
8434;85;9;0.5;0.5;34;102;0.5;239;237.5098;9;1
8435;85;9;0.5;0.5;35;103;0.4977974;235;238.3107;9;2
8436;85;9;0.5;0.5;36;101;0.4701195;227;235.8416;9;0
8437;85;9;0.5;0.5;37;104;0.547619;239;236.1154;9;3
8438;85;9;0.5;0.5;38;102;0.5299145;234;234.9216;9;1
8439;85;9;0.5;0.5;39;101;0.5183673;236;238.198;9;0
8440;85;9;0.5;0.5;40;101;0.4791667;241;238.1485;9;0
8441;85;9;0.5;0.5;41;101;0.5127119;231;234.9406;9;0
8442;85;9;0.5;0.5;42;101;0.4221311;233;238.0891;9;0
8443;85;9;0.5;0.5;43;105;0.5095057;221;235.4286;9;4
8444;85;9;0.5;0.5;44;102;0.4598214;254;236.1078;9;1
8445;85;9;0.5;0.5;45;101;0.522449;234;237.5743;9;0
8446;85;9;0.5;0.5;46;102;0.5289256;245;235.6569;9;1
8447;85;9;0.5;0.5;47;101;0.5148936;247;237.396;9;0
8448;85;9;0.5;0.5;48;106;0.4661017;269;236.3585;9;5
8449;85;9;0.5;0.5;49;101;0.5086957;245;237.2772;9;0
8450;85;9;0.5;0.5;50;106;0.536965;223;237.8208;9;5
8451;85;9;0.5;0.5;51;104;0.5390947;226;236.1635;9;3
8452;85;9;0.5;0.5;52;103;0.4830508;228;238.4854;9;2
8453;85;9;0.5;0.5;53;103;0.507874;221;235.7864;9;2
8454;85;9;0.5;0.5;54;105;0.5274262;222;238.1048;9;4
8455;85;9;0.5;0.5;55;104;0.4759825;252;236.5;9;3
8456;85;9;0.5;0.5;56;101;0.5461847;245;238.9703;9;0
8457;85;9;0.5;0.5;57;105;0.4957265;245;236.8857;9;4
8458;85;9;0.5;0.5;58;101;0.5;242;238.1089;9;0
8459;85;9;0.5;0.5;59;101;0.4844444;241;236.2079;9;0
8460;85;9;0.5;0.5;60;103;0.508547;257;234.8932;9;2
8461;85;9;0.5;0.5;61;101;0.5258964;226;235.7525;9;0
8462;85;9;0.5;0.5;62;101;0.4933921;244;235.3861;9;0
8463;85;9;0.5;0.5;63;107;0.5104603;240;238.2617;9;6
8464;85;9;0.5;0.5;64;104;0.4788136;240;238.375;9;3
8465;85;9;0.5;0.5;65;102;0.4857143;214;237.5196;9;1
8466;85;9;0.5;0.5;66;101;0.5550661;253;236.8614;9;0
8467;85;9;0.5;0.5;67;102;0.4458874;240;236.1863;9;1
8468;85;9;0.5;0.5;68;101;0.5021277;216;238.5248;9;0
8469;85;9;0.5;0.5;69;101;0.4719101;251;234.9208;9;0
8470;85;9;0.5;0.5;70;102;0.5333333;231;237.402;9;1
8471;85;9;0.5;0.5;71;106;0.46875;233;238.2453;9;5
8472;85;9;0.5;0.5;72;103;0.4942085;221;237.3592;9;2
8473;85;9;0.5;0.5;73;101;0.4618834;241;236.1089;9;0
8474;85;9;0.5;0.5;74;101;0.4093023;240;236.4752;9;0
8475;85;9;0.5;0.5;75;101;0.4718615;242;236.4356;9;0
8476;85;9;0.5;0.5;76;104;0.5203252;237;237.4904;9;3
8477;85;9;0.5;0.5;77;101;0.4723404;253;236.5644;9;0
8478;85;9;0.5;0.5;78;103;0.5338983;267;236.4272;9;2
8479;85;9;0.5;0.5;79;101;0.4748858;228;235.6337;9;0
8480;85;9;0.5;0.5;80;101;0.4696356;237;236.4059;9;0
8481;85;9;0.5;0.5;81;104;0.5512821;241;237.2596;9;3
8482;85;9;0.5;0.5;82;101;0.5272727;250;237.2178;9;0
8483;85;9;0.5;0.5;83;101;0.5261044;218;236.0594;9;0
8484;85;9;0.5;0.5;84;101;0.4847162;243;238.1386;9;0
8485;85;9;0.5;0.5;85;101;0.5271318;208;237.1584;9;0
8486;85;9;0.5;0.5;86;101;0.5330739;254;237.0891;9;0
8487;85;9;0.5;0.5;87;101;0.5530973;242;236.7723;9;0
8488;85;9;0.5;0.5;88;101;0.5395349;227;237.8515;9;0
8489;85;9;0.5;0.5;89;101;0.495935;232;236.2079;9;0
8490;85;9;0.5;0.5;90;104;0.5371901;242;234.3269;9;3
8491;85;9;0.5;0.5;91;102;0.5023256;261;238.1863;9;1
8492;85;9;0.5;0.5;92;101;0.520362;258;235.6931;9;0
8493;85;9;0.5;0.5;93;101;0.4938776;241;234.7624;9;0
8494;85;9;0.5;0.5;94;101;0.5223214;242;236.9604;9;0
8495;85;9;0.5;0.5;95;102;0.5298805;224;237.6078;9;1
8496;85;9;0.5;0.5;96;104;0.4700461;241;235.2115;9;3
8497;85;9;0.5;0.5;97;103;0.5208333;224;237.4272;9;2
8498;85;9;0.5;0.5;98;101;0.4654378;236;237.297;9;0
8499;85;9;0.5;0.5;99;101;0.5301205;237;237.7624;9;0
8500;85;9;0.5;0.5;100;101;0.512605;242;236.6832;9;0
8501;86;11;0.5;0.5;1;101;0.584;221;236.8218;11;0
8502;86;11;0.5;0.5;2;103;0.4879032;239;235.7282;11;2
8503;86;11;0.5;0.5;3;101;0.5038168;226;236.703;11;0
8504;86;11;0.5;0.5;4;110;0.4851064;228;235.9273;11;9
8505;86;11;0.5;0.5;5;101;0.5061224;228;234.6634;11;0
8506;86;11;0.5;0.5;6;104;0.5245902;225;236.4519;11;3
8507;86;11;0.5;0.5;7;101;0.5238095;230;235.7822;11;0
8508;86;11;0.5;0.5;8;102;0.508547;255;236.9412;11;1
8509;86;11;0.5;0.5;9;103;0.5479452;215;235.5825;11;2
8510;86;11;0.5;0.5;10;102;0.4780488;233;237.6471;11;1
8511;86;11;0.5;0.5;11;102;0.4980545;221;238.9706;11;1
8512;86;11;0.5;0.5;12;101;0.5317073;251;236.3366;11;0
8513;86;11;0.5;0.5;13;102;0.482906;252;236.402;11;1
8514;86;11;0.5;0.5;14;102;0.4882629;228;236.0588;11;1
8515;86;11;0.5;0.5;15;101;0.5355649;205;237.3465;11;0
8516;86;11;0.5;0.5;16;104;0.5384615;224;237.9808;11;3
8517;86;11;0.5;0.5;17;102;0.4541284;245;236.3725;11;1
8518;86;11;0.5;0.5;18;103;0.4793388;226;237.5534;11;2
8519;86;11;0.5;0.5;19;101;0.489083;248;235.6337;11;0
8520;86;11;0.5;0.5;20;102;0.4885845;239;235.4118;11;1
8521;86;11;0.5;0.5;21;102;0.4695652;230;238.1569;11;1
8522;86;11;0.5;0.5;22;101;0.5755102;232;237.1683;11;0
8523;86;11;0.5;0.5;23;103;0.4724409;216;236.3786;11;2
8524;86;11;0.5;0.5;24;101;0.458498;233;238.7525;11;0
8525;86;11;0.5;0.5;25;101;0.517094;255;239.1782;11;0
8526;86;11;0.5;0.5;26;101;0.4899598;221;236.2772;11;0
8527;86;11;0.5;0.5;27;105;0.5;236;236.5905;11;4
8528;86;11;0.5;0.5;28;101;0.5247934;223;235.9703;11;0
8529;86;11;0.5;0.5;29;102;0.5866667;232;236.3922;11;1
8530;86;11;0.5;0.5;30;101;0.4978723;237;235.198;11;0
8531;86;11;0.5;0.5;31;101;0.4765957;237;236.3465;11;0
8532;86;11;0.5;0.5;32;102;0.506383;237;237.4608;11;1
8533;86;11;0.5;0.5;33;104;0.515625;223;234.8173;11;3
8534;86;11;0.5;0.5;34;102;0.4691943;225;235.1471;11;1
8535;86;11;0.5;0.5;35;103;0.4516129;230;237.165;11;2
8536;86;11;0.5;0.5;36;101;0.504;236;236.8911;11;0
8537;86;11;0.5;0.5;37;102;0.5482625;265;239.4804;11;1
8538;86;11;0.5;0.5;38;101;0.4669604;232;236.7723;11;0
8539;86;11;0.5;0.5;39;105;0.4541667;200;236.6286;11;4
8540;86;11;0.5;0.5;40;102;0.5155556;229;237.9608;11;1
8541;86;11;0.5;0.5;41;101;0.5044248;228;236.1386;11;0
8542;86;11;0.5;0.5;42;101;0.4784314;224;236.4752;11;0
8543;86;11;0.5;0.5;43;105;0.5130435;234;236.2095;11;4
8544;86;11;0.5;0.5;44;101;0.4669604;243;237.1485;11;0
8545;86;11;0.5;0.5;45;101;0.4425532;267;237.9505;11;0
8546;86;11;0.5;0.5;46;101;0.5198413;249;235.901;11;0
8547;86;11;0.5;0.5;47;102;0.4419643;251;237.1863;11;1
8548;86;11;0.5;0.5;48;104;0.4932735;230;236.1923;11;3
8549;86;11;0.5;0.5;49;101;0.5338983;248;235.2475;11;0
8550;86;11;0.5;0.5;50;104;0.4871795;236;236.1346;11;3
8551;86;11;0.5;0.5;51;101;0.5271318;235;236.7624;11;0
8552;86;11;0.5;0.5;52;102;0.5349794;236;238.2549;11;1
8553;86;11;0.5;0.5;53;104;0.470339;246;237.625;11;3
8554;86;11;0.5;0.5;54;103;0.4705882;250;236.0388;11;2
8555;86;11;0.5;0.5;55;105;0.472;231;236.7429;11;4
8556;86;11;0.5;0.5;56;101;0.5098039;262;235.0792;11;0
8557;86;11;0.5;0.5;57;105;0.4645669;250;236.2286;11;4
8558;86;11;0.5;0.5;58;102;0.5146444;252;234.8529;11;1
8559;86;11;0.5;0.5;59;102;0.5169492;249;235.9216;11;1
8560;86;11;0.5;0.5;60;101;0.5240175;225;237.6535;11;0
8561;86;11;0.5;0.5;61;101;0.4502165;258;236.8614;11;0
8562;86;11;0.5;0.5;62;104;0.446281;238;236.8846;11;3
8563;86;11;0.5;0.5;63;102;0.5308642;213;236.5882;11;1
8564;86;11;0.5;0.5;64;102;0.5339806;216;236.4118;11;1
8565;86;11;0.5;0.5;65;101;0.508;243;236.802;11;0
8566;86;11;0.5;0.5;66;101;0.4525862;247;237.8614;11;0
8567;86;11;0.5;0.5;67;101;0.5407725;232;236.5446;11;0
8568;86;11;0.5;0.5;68;102;0.5;233;236.3725;11;1
8569;86;11;0.5;0.5;69;102;0.4159664;225;234.6275;11;1
8570;86;11;0.5;0.5;70;101;0.5055351;228;234.4257;11;0
8571;86;11;0.5;0.5;71;101;0.541502;229;236.1782;11;0
8572;86;11;0.5;0.5;72;101;0.4303797;244;235.6139;11;0
8573;86;11;0.5;0.5;73;101;0.5232068;226;238.2178;11;0
8574;86;11;0.5;0.5;74;101;0.4675325;231;237.2871;11;0
8575;86;11;0.5;0.5;75;101;0.4830508;218;237.1188;11;0
8576;86;11;0.5;0.5;76;108;0.5495495;238;237.9352;11;7
8577;86;11;0.5;0.5;77;104;0.519685;224;237.1538;11;3
8578;86;11;0.5;0.5;78;101;0.4853556;257;235.3168;11;0
8579;86;11;0.5;0.5;79;101;0.5443038;220;237.1188;11;0
8580;86;11;0.5;0.5;80;102;0.4786325;245;237.4706;11;1
8581;86;11;0.5;0.5;81;101;0.5185185;232;238.5743;11;0
8582;86;11;0.5;0.5;82;101;0.4708738;255;236.8218;11;0
8583;86;11;0.5;0.5;83;101;0.4701493;221;235.2475;11;0
8584;86;11;0.5;0.5;84;101;0.5098039;229;236.2475;11;0
8585;86;11;0.5;0.5;85;105;0.5046296;222;236.4286;11;4
8586;86;11;0.5;0.5;86;101;0.508;224;237.7327;11;0
8587;86;11;0.5;0.5;87;101;0.4978541;242;237.4356;11;0
8588;86;11;0.5;0.5;88;101;0.5201613;241;236.0198;11;0
8589;86;11;0.5;0.5;89;101;0.4892704;223;236.9406;11;0
8590;86;11;0.5;0.5;90;102;0.5096525;239;236.3627;11;1
8591;86;11;0.5;0.5;91;101;0.5421687;246;236.8812;11;0
8592;86;11;0.5;0.5;92;105;0.477551;232;236.5714;11;4
8593;86;11;0.5;0.5;93;101;0.5319149;205;237.3762;11;0
8594;86;11;0.5;0.5;94;103;0.4510638;251;237.3107;11;2
8595;86;11;0.5;0.5;95;101;0.5560166;230;236.9802;11;0
8596;86;11;0.5;0.5;96;103;0.5520362;267;236.932;11;2
8597;86;11;0.5;0.5;97;101;0.5102041;236;236.7723;11;0
8598;86;11;0.5;0.5;98;101;0.483871;235;238.7129;11;0
8599;86;11;0.5;0.5;99;101;0.4930876;240;237.2376;11;0
8600;86;11;0.5;0.5;100;103;0.4859438;219;237.5243;11;2
8601;87;13;0.5;0.5;1;106;0.5;228;238.1226;13;5
8602;87;13;0.5;0.5;2;101;0.4790875;224;236.5446;13;0
8603;87;13;0.5;0.5;3;101;0.4877049;213;237.8614;13;0
8604;87;13;0.5;0.5;4;101;0.5063291;247;235.9604;13;0
8605;87;13;0.5;0.5;5;101;0.4755556;240;235.6535;13;0
8606;87;13;0.5;0.5;6;102;0.4369748;245;236.2157;13;1
8607;87;13;0.5;0.5;7;101;0.5020921;250;234.0693;13;0
8608;87;13;0.5;0.5;8;101;0.4830508;252;237.9604;13;0
8609;87;13;0.5;0.5;9;101;0.4625551;212;235.8119;13;0
8610;87;13;0.5;0.5;10;102;0.486692;235;236.8725;13;1
8611;87;13;0.5;0.5;11;103;0.526087;260;237.3883;13;2
8612;87;13;0.5;0.5;12;103;0.543379;240;238.2136;13;2
8613;87;13;0.5;0.5;13;104;0.5108225;239;234.9615;13;3
8614;87;13;0.5;0.5;14;101;0.4618834;243;239.0594;13;0
8615;87;13;0.5;0.5;15;103;0.5361702;231;235.699;13;2
8616;87;13;0.5;0.5;16;103;0.4938272;225;236.4757;13;2
8617;87;13;0.5;0.5;17;101;0.4864865;256;236.8614;13;0
8618;87;13;0.5;0.5;18;101;0.5414847;240;237.8515;13;0
8619;87;13;0.5;0.5;19;101;0.5090909;229;238.901;13;0
8620;87;13;0.5;0.5;20;101;0.5186567;241;236.4257;13;0
8621;87;13;0.5;0.5;21;101;0.5350877;227;237.7624;13;0
8622;87;13;0.5;0.5;22;102;0.4957627;261;238.1176;13;1
8623;87;13;0.5;0.5;23;101;0.5525292;222;238.6733;13;0
8624;87;13;0.5;0.5;24;102;0.501992;228;235.8431;13;1
8625;87;13;0.5;0.5;25;101;0.4909091;248;235.2574;13;0
8626;87;13;0.5;0.5;26;101;0.4615385;241;235.8812;13;0
8627;87;13;0.5;0.5;27;101;0.480315;225;236.198;13;0
8628;87;13;0.5;0.5;28;102;0.460177;243;236.4216;13;1
8629;87;13;0.5;0.5;29;104;0.528;212;237.3365;13;3
8630;87;13;0.5;0.5;30;101;0.4782609;254;240.1089;13;0
8631;87;13;0.5;0.5;31;102;0.5065502;257;237.3529;13;1
8632;87;13;0.5;0.5;32;101;0.5333333;230;235.5743;13;0
8633;87;13;0.5;0.5;33;102;0.5084746;217;238.8333;13;1
8634;87;13;0.5;0.5;34;101;0.4789916;222;239.8218;13;0
8635;87;13;0.5;0.5;35;101;0.5063291;242;235.8911;13;0
8636;87;13;0.5;0.5;36;101;0.4921875;232;236.7921;13;0
8637;87;13;0.5;0.5;37;102;0.4454148;225;237.5294;13;1
8638;87;13;0.5;0.5;38;102;0.5482456;243;237.1667;13;1
8639;87;13;0.5;0.5;39;103;0.5091743;237;236.5437;13;2
8640;87;13;0.5;0.5;40;102;0.4571429;238;236.9804;13;1
8641;87;13;0.5;0.5;41;101;0.5132743;241;235.8317;13;0
8642;87;13;0.5;0.5;42;101;0.4849785;226;237.703;13;0
8643;87;13;0.5;0.5;43;104;0.4016736;256;237.4135;13;3
8644;87;13;0.5;0.5;44;101;0.5217391;232;236.604;13;0
8645;87;13;0.5;0.5;45;102;0.5062241;230;237.8039;13;1
8646;87;13;0.5;0.5;46;103;0.4606299;217;237.3107;13;2
8647;87;13;0.5;0.5;47;101;0.4476987;270;236.8416;13;0
8648;87;13;0.5;0.5;48;101;0.4749035;232;237.4752;13;0
8649;87;13;0.5;0.5;49;102;0.5135135;247;236.3824;13;1
8650;87;13;0.5;0.5;50;103;0.5194805;220;237.9709;13;2
8651;87;13;0.5;0.5;51;101;0.5021645;239;237.5545;13;0
8652;87;13;0.5;0.5;52;101;0.4844961;227;236.1089;13;0
8653;87;13;0.5;0.5;53;102;0.5208333;239;237.0686;13;1
8654;87;13;0.5;0.5;54;101;0.504065;222;235.6337;13;0
8655;87;13;0.5;0.5;55;101;0.5454545;232;236.3168;13;0
8656;87;13;0.5;0.5;56;103;0.5122951;225;238.6117;13;2
8657;87;13;0.5;0.5;57;103;0.5042735;237;236.9417;13;2
8658;87;13;0.5;0.5;58;102;0.4836066;237;236.7451;13;1
8659;87;13;0.5;0.5;59;102;0.4913043;244;239.8137;13;1
8660;87;13;0.5;0.5;60;101;0.4681818;250;236.802;13;0
8661;87;13;0.5;0.5;61;104;0.439834;221;237.5096;13;3
8662;87;13;0.5;0.5;62;101;0.5193133;222;236.7723;13;0
8663;87;13;0.5;0.5;63;103;0.4778761;227;237.3495;13;2
8664;87;13;0.5;0.5;64;101;0.5082645;250;235.9307;13;0
8665;87;13;0.5;0.5;65;102;0.5541126;245;235.6569;13;1
8666;87;13;0.5;0.5;66;102;0.5045872;239;239.0392;13;1
8667;87;13;0.5;0.5;67;101;0.5086207;251;239.0693;13;0
8668;87;13;0.5;0.5;68;101;0.527897;239;234.7426;13;0
8669;87;13;0.5;0.5;69;102;0.5357143;256;236.9706;13;1
8670;87;13;0.5;0.5;70;103;0.4677419;239;235.3592;13;2
8671;87;13;0.5;0.5;71;101;0.4485597;231;235.8119;13;0
8672;87;13;0.5;0.5;72;101;0.510917;250;237.3564;13;0
8673;87;13;0.5;0.5;73;103;0.4698795;225;238.068;13;2
8674;87;13;0.5;0.5;74;101;0.472103;251;237.8317;13;0
8675;87;13;0.5;0.5;75;101;0.4401914;246;235.7327;13;0
8676;87;13;0.5;0.5;76;103;0.4957627;223;235.7961;13;2
8677;87;13;0.5;0.5;77;102;0.5;250;237.2941;13;1
8678;87;13;0.5;0.5;78;101;0.5629921;242;239.3663;13;0
8679;87;13;0.5;0.5;79;101;0.5240175;265;235.8911;13;0
8680;87;13;0.5;0.5;80;105;0.516129;248;238.2571;13;4
8681;87;13;0.5;0.5;81;101;0.5048077;239;237.0792;13;0
8682;87;13;0.5;0.5;82;105;0.475;229;237.0381;13;4
8683;87;13;0.5;0.5;83;101;0.490566;220;237.3861;13;0
8684;87;13;0.5;0.5;84;101;0.5022831;249;236.4356;13;0
8685;87;13;0.5;0.5;85;101;0.5158371;233;236.802;13;0
8686;87;13;0.5;0.5;86;101;0.4672131;242;237.297;13;0
8687;87;13;0.5;0.5;87;103;0.5232068;230;237.7184;13;2
8688;87;13;0.5;0.5;88;101;0.472;226;237.3564;13;0
8689;87;13;0.5;0.5;89;102;0.5103734;243;236.6863;13;1
8690;87;13;0.5;0.5;90;101;0.5193133;255;236.7624;13;0
8691;87;13;0.5;0.5;91;104;0.4545455;236;237.4423;13;3
8692;87;13;0.5;0.5;92;101;0.5;236;236.4059;13;0
8693;87;13;0.5;0.5;93;104;0.454918;236;233.8654;13;3
8694;87;13;0.5;0.5;94;102;0.464135;246;238.1765;13;1
8695;87;13;0.5;0.5;95;103;0.5220884;214;236.7184;13;2
8696;87;13;0.5;0.5;96;102;0.503937;232;235.9608;13;1
8697;87;13;0.5;0.5;97;101;0.4798206;216;236.297;13;0
8698;87;13;0.5;0.5;98;103;0.5022026;227;235.7573;13;2
8699;87;13;0.5;0.5;99;101;0.5502008;242;236.3168;13;0
8700;87;13;0.5;0.5;100;101;0.4625551;228;235.4455;13;0
8701;88;15;0.5;0.5;1;104;0.4457831;237;237.6058;15;3
8702;88;15;0.5;0.5;2;101;0.4836066;240;235.3069;15;0
8703;88;15;0.5;0.5;3;101;0.4655172;238;237.198;15;0
8704;88;15;0.5;0.5;4;101;0.5081301;240;236.4752;15;0
8705;88;15;0.5;0.5;5;101;0.474359;236;237.8218;15;0
8706;88;15;0.5;0.5;6;101;0.5829596;228;235.9703;15;0
8707;88;15;0.5;0.5;7;103;0.4583333;241;235.5243;15;2
8708;88;15;0.5;0.5;8;104;0.5458515;245;233.5385;15;3
8709;88;15;0.5;0.5;9;101;0.5479452;226;236.3366;15;0
8710;88;15;0.5;0.5;10;102;0.4615385;222;237.0784;15;1
8711;88;15;0.5;0.5;11;101;0.5497835;245;236.6139;15;0
8712;88;15;0.5;0.5;12;102;0.484127;250;236.4118;15;1
8713;88;15;0.5;0.5;13;101;0.5112108;244;236.8119;15;0
8714;88;15;0.5;0.5;14;101;0.4908257;226;237.0594;15;0
8715;88;15;0.5;0.5;15;101;0.4878049;218;235.3267;15;0
8716;88;15;0.5;0.5;16;101;0.55;239;238.3762;15;0
8717;88;15;0.5;0.5;17;101;0.4826087;221;235.6535;15;0
8718;88;15;0.5;0.5;18;101;0.5021277;243;234.8614;15;0
8719;88;15;0.5;0.5;19;101;0.5113636;216;237.0891;15;0
8720;88;15;0.5;0.5;20;101;0.526749;211;236.8515;15;0
8721;88;15;0.5;0.5;21;101;0.5473251;236;237.3168;15;0
8722;88;15;0.5;0.5;22;101;0.473029;226;238.1386;15;0
8723;88;15;0.5;0.5;23;102;0.512605;247;235.9314;15;1
8724;88;15;0.5;0.5;24;101;0.5326633;264;237.7228;15;0
8725;88;15;0.5;0.5;25;102;0.5116279;244;238.2549;15;1
8726;88;15;0.5;0.5;26;103;0.4571429;253;236.1262;15;2
8727;88;15;0.5;0.5;27;101;0.5084034;230;236.703;15;0
8728;88;15;0.5;0.5;28;102;0.4411765;236;235.5;15;1
8729;88;15;0.5;0.5;29;101;0.4786325;237;236.8416;15;0
8730;88;15;0.5;0.5;30;105;0.507874;251;234.7429;15;4
8731;88;15;0.5;0.5;31;101;0.4978541;232;236.1683;15;0
8732;88;15;0.5;0.5;32;101;0.465587;248;237.3168;15;0
8733;88;15;0.5;0.5;33;101;0.496063;220;237.2574;15;0
8734;88;15;0.5;0.5;34;103;0.5393258;229;237.4175;15;2
8735;88;15;0.5;0.5;35;103;0.4811321;238;234.3981;15;2
8736;88;15;0.5;0.5;36;101;0.4883721;275;236.3564;15;0
8737;88;15;0.5;0.5;37;101;0.5021459;225;237.7426;15;0
8738;88;15;0.5;0.5;38;106;0.4683544;229;236.4811;15;5
8739;88;15;0.5;0.5;39;101;0.4507042;254;237.0891;15;0
8740;88;15;0.5;0.5;40;102;0.4609053;260;238.0392;15;1
8741;88;15;0.5;0.5;41;105;0.4979253;231;235.9714;15;4
8742;88;15;0.5;0.5;42;102;0.4524715;239;236.5196;15;1
8743;88;15;0.5;0.5;43;101;0.5229008;226;238.505;15;0
8744;88;15;0.5;0.5;44;103;0.463964;248;236.0777;15;2
8745;88;15;0.5;0.5;45;101;0.5193133;216;236.5248;15;0
8746;88;15;0.5;0.5;46;104;0.5125;231;235.6923;15;3
8747;88;15;0.5;0.5;47;103;0.4811715;232;237.4757;15;2
8748;88;15;0.5;0.5;48;102;0.529148;251;236.7843;15;1
8749;88;15;0.5;0.5;49;106;0.526087;241;239.2075;15;5
8750;88;15;0.5;0.5;50;101;0.4957627;222;239.0891;15;0
8751;88;15;0.5;0.5;51;101;0.4746544;240;235.7822;15;0
8752;88;15;0.5;0.5;52;102;0.5421687;253;238.1765;15;1
8753;88;15;0.5;0.5;53;101;0.4696356;217;235.2574;15;0
8754;88;15;0.5;0.5;54;103;0.5065502;243;238.233;15;2
8755;88;15;0.5;0.5;55;101;0.4978166;236;237.1386;15;0
8756;88;15;0.5;0.5;56;109;0.4898785;241;236.945;15;8
8757;88;15;0.5;0.5;57;101;0.4481328;232;236.3564;15;0
8758;88;15;0.5;0.5;58;101;0.4691358;244;239.6337;15;0
8759;88;15;0.5;0.5;59;103;0.5;248;237.534;15;2
8760;88;15;0.5;0.5;60;102;0.545045;256;235.5686;15;1
8761;88;15;0.5;0.5;61;101;0.4216867;246;234.0792;15;0
8762;88;15;0.5;0.5;62;101;0.515748;233;236.1485;15;0
8763;88;15;0.5;0.5;63;105;0.5714286;223;237.9333;15;4
8764;88;15;0.5;0.5;64;102;0.5246637;249;235.1961;15;1
8765;88;15;0.5;0.5;65;102;0.484127;217;237.5;15;1
8766;88;15;0.5;0.5;66;103;0.5191489;242;234.3689;15;2
8767;88;15;0.5;0.5;67;101;0.5042017;240;236.0099;15;0
8768;88;15;0.5;0.5;68;102;0.4705882;246;235.9118;15;1
8769;88;15;0.5;0.5;69;101;0.4722222;196;236.1188;15;0
8770;88;15;0.5;0.5;70;101;0.4738956;239;235.1188;15;0
8771;88;15;0.5;0.5;71;104;0.5746606;230;236.2788;15;3
8772;88;15;0.5;0.5;72;102;0.48;238;237.7157;15;1
8773;88;15;0.5;0.5;73;103;0.4808511;245;236.5049;15;2
8774;88;15;0.5;0.5;74;101;0.4913793;221;237.2574;15;0
8775;88;15;0.5;0.5;75;102;0.468;253;236.0196;15;1
8776;88;15;0.5;0.5;76;101;0.5524194;232;236.0495;15;0
8777;88;15;0.5;0.5;77;101;0.470339;233;236.505;15;0
8778;88;15;0.5;0.5;78;102;0.4767932;222;239.2451;15;1
8779;88;15;0.5;0.5;79;102;0.4755556;247;238.3137;15;1
8780;88;15;0.5;0.5;80;101;0.4690265;245;237.7327;15;0
8781;88;15;0.5;0.5;81;102;0.473251;252;237.4902;15;1
8782;88;15;0.5;0.5;82;102;0.4755556;236;235.7647;15;1
8783;88;15;0.5;0.5;83;103;0.4977376;267;237;15;2
8784;88;15;0.5;0.5;84;101;0.4880952;215;239.1089;15;0
8785;88;15;0.5;0.5;85;101;0.4831933;213;236.0891;15;0
8786;88;15;0.5;0.5;86;101;0.536036;229;237.1089;15;0
8787;88;15;0.5;0.5;87;101;0.4848485;238;233.8515;15;0
8788;88;15;0.5;0.5;88;101;0.5401786;240;235.8218;15;0
8789;88;15;0.5;0.5;89;102;0.4770992;241;235.5;15;1
8790;88;15;0.5;0.5;90;102;0.4728033;244;238.5098;15;1
8791;88;15;0.5;0.5;91;101;0.4650206;245;237.5545;15;0
8792;88;15;0.5;0.5;92;101;0.4653061;224;237.802;15;0
8793;88;15;0.5;0.5;93;102;0.5281385;244;235.2353;15;1
8794;88;15;0.5;0.5;94;103;0.5040984;225;237.8932;15;2
8795;88;15;0.5;0.5;95;101;0.5588235;226;236.6238;15;0
8796;88;15;0.5;0.5;96;104;0.4669421;217;238.2981;15;3
8797;88;15;0.5;0.5;97;102;0.5421687;199;236.7843;15;1
8798;88;15;0.5;0.5;98;101;0.5042373;221;236.297;15;0
8799;88;15;0.5;0.5;99;104;0.4848485;255;235.3462;15;3
8800;88;15;0.5;0.5;100;103;0.4372294;251;237.1748;15;2
8801;89;17;0.5;0.5;1;101;0.441048;252;238.5149;17;0
8802;89;17;0.5;0.5;2;101;0.5084746;242;236.2673;17;0
8803;89;17;0.5;0.5;3;103;0.4431373;229;235.5631;17;2
8804;89;17;0.5;0.5;4;102;0.4525862;215;237.3431;17;1
8805;89;17;0.5;0.5;5;101;0.4493392;242;236.0792;17;0
8806;89;17;0.5;0.5;6;101;0.5177866;225;237.5842;17;0
8807;89;17;0.5;0.5;7;101;0.5122951;220;237.802;17;0
8808;89;17;0.5;0.5;8;101;0.4979253;216;236.396;17;0
8809;89;17;0.5;0.5;9;105;0.5106383;237;236.8857;17;4
8810;89;17;0.5;0.5;10;101;0.4978541;242;237.7822;17;0
8811;89;17;0.5;0.5;11;102;0.4897119;231;236.2843;17;1
8812;89;17;0.5;0.5;12;101;0.5368852;222;236.5446;17;0
8813;89;17;0.5;0.5;13;101;0.4716157;235;234.3069;17;0
8814;89;17;0.5;0.5;14;102;0.4977974;238;237.451;17;1
8815;89;17;0.5;0.5;15;101;0.4653061;244;236.5347;17;0
8816;89;17;0.5;0.5;16;102;0.5515695;250;235.8824;17;1
8817;89;17;0.5;0.5;17;102;0.4881517;243;237.9608;17;1
8818;89;17;0.5;0.5;18;101;0.4830508;225;236.3663;17;0
8819;89;17;0.5;0.5;19;103;0.4852321;230;236.534;17;2
8820;89;17;0.5;0.5;20;101;0.5889831;207;235.6931;17;0
8821;89;17;0.5;0.5;21;101;0.5617021;219;237.5644;17;0
8822;89;17;0.5;0.5;22;103;0.4772727;266;237.5049;17;2
8823;89;17;0.5;0.5;23;101;0.5336323;250;238.8713;17;0
8824;89;17;0.5;0.5;24;103;0.5168067;238;238.0097;17;2
8825;89;17;0.5;0.5;25;101;0.4935622;233;236.1782;17;0
8826;89;17;0.5;0.5;26;101;0.5248869;237;238.8317;17;0
8827;89;17;0.5;0.5;27;101;0.5;234;236.8812;17;0
8828;89;17;0.5;0.5;28;111;0.4757709;223;236.5856;17;10
8829;89;17;0.5;0.5;29;101;0.4875;236;237.5347;17;0
8830;89;17;0.5;0.5;30;101;0.4560669;224;238.703;17;0
8831;89;17;0.5;0.5;31;102;0.4618644;230;237.6078;17;1
8832;89;17;0.5;0.5;32;101;0.4631148;206;238.4455;17;0
8833;89;17;0.5;0.5;33;101;0.5248869;258;236.0297;17;0
8834;89;17;0.5;0.5;34;102;0.4979592;221;236.598;17;1
8835;89;17;0.5;0.5;35;103;0.5409836;260;236.9612;17;2
8836;89;17;0.5;0.5;36;102;0.4754098;258;238.9902;17;1
8837;89;17;0.5;0.5;37;101;0.4892704;225;235.495;17;0
8838;89;17;0.5;0.5;38;101;0.477551;239;234.901;17;0
8839;89;17;0.5;0.5;39;101;0.4605809;241;235.6634;17;0
8840;89;17;0.5;0.5;40;101;0.522449;245;236.8614;17;0
8841;89;17;0.5;0.5;41;104;0.47343;251;238.0962;17;3
8842;89;17;0.5;0.5;42;101;0.4755556;246;237.4356;17;0
8843;89;17;0.5;0.5;43;101;0.5483871;251;238.1683;17;0
8844;89;17;0.5;0.5;44;102;0.4705882;249;236.1078;17;1
8845;89;17;0.5;0.5;45;101;0.5042373;235;236.901;17;0
8846;89;17;0.5;0.5;46;103;0.5504587;259;236.1553;17;2
8847;89;17;0.5;0.5;47;102;0.4568966;234;237.4902;17;1
8848;89;17;0.5;0.5;48;101;0.4921875;225;237.099;17;0
8849;89;17;0.5;0.5;49;103;0.524;254;238.1748;17;2
8850;89;17;0.5;0.5;50;102;0.4692982;221;236.1373;17;1
8851;89;17;0.5;0.5;51;103;0.4869565;237;237.5922;17;2
8852;89;17;0.5;0.5;52;101;0.5087719;226;236.6337;17;0
8853;89;17;0.5;0.5;53;103;0.488189;235;237.165;17;2
8854;89;17;0.5;0.5;54;101;0.4537445;237;236.1683;17;0
8855;89;17;0.5;0.5;55;102;0.5422222;234;236.5196;17;1
8856;89;17;0.5;0.5;56;103;0.4385965;235;237.0874;17;2
8857;89;17;0.5;0.5;57;102;0.4801587;224;238.1471;17;1
8858;89;17;0.5;0.5;58;101;0.4844961;213;236.2574;17;0
8859;89;17;0.5;0.5;59;102;0.5151515;218;234.2157;17;1
8860;89;17;0.5;0.5;60;103;0.5182186;247;235.4951;17;2
8861;89;17;0.5;0.5;61;101;0.4645669;242;237.297;17;0
8862;89;17;0.5;0.5;62;101;0.5064378;238;239.6238;17;0
8863;89;17;0.5;0.5;63;101;0.5775862;240;236.5941;17;0
8864;89;17;0.5;0.5;64;102;0.4581498;251;234.7745;17;1
8865;89;17;0.5;0.5;65;101;0.4883721;226;236.2673;17;0
8866;89;17;0.5;0.5;66;101;0.4642857;244;237.9208;17;0
8867;89;17;0.5;0.5;67;104;0.5042373;205;237.2019;17;3
8868;89;17;0.5;0.5;68;103;0.5354331;232;237.8252;17;2
8869;89;17;0.5;0.5;69;101;0.5245283;212;238.6733;17;0
8870;89;17;0.5;0.5;70;102;0.4791667;232;236.402;17;1
8871;89;17;0.5;0.5;71;105;0.4786325;258;236.1429;17;4
8872;89;17;0.5;0.5;72;102;0.5560166;236;235;17;1
8873;89;17;0.5;0.5;73;102;0.4466403;235;237.0196;17;1
8874;89;17;0.5;0.5;74;101;0.5422222;240;236.1089;17;0
8875;89;17;0.5;0.5;75;101;0.4710425;232;236.901;17;0
8876;89;17;0.5;0.5;76;101;0.5022222;253;236.9901;17;0
8877;89;17;0.5;0.5;77;103;0.5191489;219;236.2816;17;2
8878;89;17;0.5;0.5;78;101;0.503876;219;238.495;17;0
8879;89;17;0.5;0.5;79;102;0.507177;259;236.6765;17;1
8880;89;17;0.5;0.5;80;101;0.4805195;230;237.099;17;0
8881;89;17;0.5;0.5;81;103;0.5238095;242;236.7573;17;2
8882;89;17;0.5;0.5;82;103;0.4814815;227;237.7087;17;2
8883;89;17;0.5;0.5;83;101;0.42;237;235.5545;17;0
8884;89;17;0.5;0.5;84;101;0.5381526;232;236.2673;17;0
8885;89;17;0.5;0.5;85;101;0.5058366;215;236.4257;17;0
8886;89;17;0.5;0.5;86;102;0.4978723;250;236.8235;17;1
8887;89;17;0.5;0.5;87;101;0.4954955;257;237.198;17;0
8888;89;17;0.5;0.5;88;101;0.4592275;234;236.3465;17;0
8889;89;17;0.5;0.5;89;102;0.4661355;231;236.4118;17;1
8890;89;17;0.5;0.5;90;101;0.4273504;248;236.1485;17;0
8891;89;17;0.5;0.5;91;102;0.4789916;226;237.9706;17;1
8892;89;17;0.5;0.5;92;101;0.529148;245;236.3762;17;0
8893;89;17;0.5;0.5;93;101;0.4693878;229;237.604;17;0
8894;89;17;0.5;0.5;94;101;0.4880952;239;237.9901;17;0
8895;89;17;0.5;0.5;95;102;0.5333333;249;237.2353;17;1
8896;89;17;0.5;0.5;96;101;0.5123967;236;238.4059;17;0
8897;89;17;0.5;0.5;97;102;0.4894515;241;236.2059;17;1
8898;89;17;0.5;0.5;98;101;0.4943396;238;238.1683;17;0
8899;89;17;0.5;0.5;99;101;0.4956897;246;236.5941;17;0
8900;89;17;0.5;0.5;100;101;0.4661654;235;238.297;17;0
8901;90;19;0.5;0.5;1;103;0.5462555;273;236.3592;19;2
8902;90;19;0.5;0.5;2;101;0.5020747;234;236.6634;19;0
8903;90;19;0.5;0.5;3;101;0.498008;213;237.2871;19;0
8904;90;19;0.5;0.5;4;102;0.4937759;222;236.0784;19;1
8905;90;19;0.5;0.5;5;102;0.4811715;221;235.7843;19;1
8906;90;19;0.5;0.5;6;103;0.526087;255;237.6796;19;2
8907;90;19;0.5;0.5;7;104;0.4911504;241;237.2404;19;3
8908;90;19;0.5;0.5;8;104;0.5381356;252;236.1923;19;3
8909;90;19;0.5;0.5;9;101;0.4882812;235;238.1485;19;0
8910;90;19;0.5;0.5;10;103;0.4957627;245;237.1942;19;2
8911;90;19;0.5;0.5;11;102;0.4827586;223;237.0098;19;1
8912;90;19;0.5;0.5;12;102;0.5922747;225;235.951;19;1
8913;90;19;0.5;0.5;13;101;0.4727273;246;235.8317;19;0
8914;90;19;0.5;0.5;14;101;0.5168067;238;237.6337;19;0
8915;90;19;0.5;0.5;15;104;0.5091743;223;238.0385;19;3
8916;90;19;0.5;0.5;16;110;0.5368852;221;237.8455;19;9
8917;90;19;0.5;0.5;17;102;0.475;248;236.5882;19;1
8918;90;19;0.5;0.5;18;101;0.5064378;234;236.5347;19;0
8919;90;19;0.5;0.5;19;101;0.4631148;240;237.495;19;0
8920;90;19;0.5;0.5;20;102;0.5023256;250;235.8431;19;1
8921;90;19;0.5;0.5;21;102;0.5263158;234;235.2745;19;1
8922;90;19;0.5;0.5;22;106;0.5391705;247;236.1226;19;5
8923;90;19;0.5;0.5;23;101;0.4789916;233;237.198;19;0
8924;90;19;0.5;0.5;24;102;0.4297872;222;235.9216;19;1
8925;90;19;0.5;0.5;25;104;0.4862385;238;236.5096;19;3
8926;90;19;0.5;0.5;26;103;0.4666667;232;237.4466;19;2
8927;90;19;0.5;0.5;27;102;0.4859438;227;236.8529;19;1
8928;90;19;0.5;0.5;28;102;0.5;254;236.8627;19;1
8929;90;19;0.5;0.5;29;101;0.4686192;240;236.5149;19;0
8930;90;19;0.5;0.5;30;103;0.5532787;238;238.1359;19;2
8931;90;19;0.5;0.5;31;105;0.4855967;226;239.2571;19;4
8932;90;19;0.5;0.5;32;103;0.4957265;214;235.466;19;2
8933;90;19;0.5;0.5;33;101;0.5478261;215;234.8218;19;0
8934;90;19;0.5;0.5;34;102;0.4826255;225;236.5882;19;1
8935;90;19;0.5;0.5;35;102;0.4522822;219;234.7549;19;1
8936;90;19;0.5;0.5;36;101;0.5107296;245;236.7426;19;0
8937;90;19;0.5;0.5;37;104;0.5249042;230;237.4135;19;3
8938;90;19;0.5;0.5;38;103;0.48583;238;237.0777;19;2
8939;90;19;0.5;0.5;39;101;0.4590164;245;235.7921;19;0
8940;90;19;0.5;0.5;40;101;0.5374449;217;237.505;19;0
8941;90;19;0.5;0.5;41;103;0.5;221;239.0583;19;2
8942;90;19;0.5;0.5;42;101;0.6069869;252;236.8317;19;0
8943;90;19;0.5;0.5;43;101;0.5;244;237.0198;19;0
8944;90;19;0.5;0.5;44;101;0.4752066;229;236.3663;19;0
8945;90;19;0.5;0.5;45;102;0.4429224;243;237.598;19;1
8946;90;19;0.5;0.5;46;101;0.5619469;236;234.6139;19;0
8947;90;19;0.5;0.5;47;101;0.5454545;223;235.3663;19;0
8948;90;19;0.5;0.5;48;101;0.4219409;230;238.495;19;0
8949;90;19;0.5;0.5;49;102;0.4937238;235;236.2843;19;1
8950;90;19;0.5;0.5;50;101;0.5142857;224;237.2772;19;0
8951;90;19;0.5;0.5;51;102;0.4892704;236;237.1471;19;1
8952;90;19;0.5;0.5;52;102;0.4626866;210;236.5196;19;1
8953;90;19;0.5;0.5;53;102;0.5117371;237;236.2549;19;1
8954;90;19;0.5;0.5;54;106;0.518018;236;237.9434;19;5
8955;90;19;0.5;0.5;55;104;0.5357143;235;237.2308;19;3
8956;90;19;0.5;0.5;56;101;0.5021834;224;237.1386;19;0
8957;90;19;0.5;0.5;57;101;0.4537815;241;237.2871;19;0
8958;90;19;0.5;0.5;58;104;0.4708029;229;237.9808;19;3
8959;90;19;0.5;0.5;59;101;0.5;205;237.3861;19;0
8960;90;19;0.5;0.5;60;103;0.5518868;284;237.534;19;2
8961;90;19;0.5;0.5;61;101;0.5205479;268;236.5743;19;0
8962;90;19;0.5;0.5;62;102;0.5023041;239;237.5588;19;1
8963;90;19;0.5;0.5;63;101;0.5110132;244;236.6238;19;0
8964;90;19;0.5;0.5;64;101;0.4686192;235;236.5644;19;0
8965;90;19;0.5;0.5;65;101;0.4669604;243;237.1188;19;0
8966;90;19;0.5;0.5;66;102;0.5022026;250;235.6863;19;1
8967;90;19;0.5;0.5;67;101;0.5118483;259;235.6139;19;0
8968;90;19;0.5;0.5;68;101;0.5131579;225;236.6733;19;0
8969;90;19;0.5;0.5;69;106;0.4785992;220;236.8491;19;5
8970;90;19;0.5;0.5;70;104;0.522449;228;238.3558;19;3
8971;90;19;0.5;0.5;71;101;0.5395349;223;236.2673;19;0
8972;90;19;0.5;0.5;72;101;0.5271967;243;236.3465;19;0
8973;90;19;0.5;0.5;73;101;0.5228216;233;237.4455;19;0
8974;90;19;0.5;0.5;74;101;0.4736842;239;236.2178;19;0
8975;90;19;0.5;0.5;75;101;0.4453782;245;237.297;19;0
8976;90;19;0.5;0.5;76;101;0.4769231;230;234.8119;19;0
8977;90;19;0.5;0.5;77;102;0.5517241;251;237.0196;19;1
8978;90;19;0.5;0.5;78;102;0.5550459;258;237.4118;19;1
8979;90;19;0.5;0.5;79;101;0.4956522;241;235.8713;19;0
8980;90;19;0.5;0.5;80;101;0.4537037;264;237.9406;19;0
8981;90;19;0.5;0.5;81;102;0.4425532;225;235.9412;19;1
8982;90;19;0.5;0.5;82;101;0.51417;240;238.2178;19;0
8983;90;19;0.5;0.5;83;101;0.4951923;242;236.2178;19;0
8984;90;19;0.5;0.5;84;102;0.4978903;245;234.7353;19;1
8985;90;19;0.5;0.5;85;103;0.5080645;230;238.6699;19;2
8986;90;19;0.5;0.5;86;102;0.5349794;248;237.4216;19;1
8987;90;19;0.5;0.5;87;102;0.4857143;249;237.5784;19;1
8988;90;19;0.5;0.5;88;102;0.4863636;234;235.4902;19;1
8989;90;19;0.5;0.5;89;101;0.4482759;246;236.802;19;0
8990;90;19;0.5;0.5;90;102;0.4915966;245;237.3333;19;1
8991;90;19;0.5;0.5;91;104;0.528;238;236.6442;19;3
8992;90;19;0.5;0.5;92;101;0.5156951;245;236.3564;19;0
8993;90;19;0.5;0.5;93;101;0.491453;250;236.2673;19;0
8994;90;19;0.5;0.5;94;102;0.5059289;253;237.598;19;1
8995;90;19;0.5;0.5;95;108;0.4928571;194;237.9352;19;7
8996;90;19;0.5;0.5;96;102;0.5619048;273;236.2941;19;1
8997;90;19;0.5;0.5;97;101;0.5193133;223;238.901;19;0
8998;90;19;0.5;0.5;98;101;0.4453125;250;237.3663;19;0
8999;90;19;0.5;0.5;99;101;0.4938776;237;236.9208;19;0
9000;90;19;0.5;0.5;100;101;0.5099602;225;236.3465;19;0
9001;91;21;0.5;0.5;1;101;0.4868421;252;234.4851;21;0
9002;91;21;0.5;0.5;2;101;0.5387597;226;236.6238;21;0
9003;91;21;0.5;0.5;3;101;0.5573123;223;234.6634;21;0
9004;91;21;0.5;0.5;4;101;0.4814815;255;238.297;21;0
9005;91;21;0.5;0.5;5;101;0.4939271;238;235.4257;21;0
9006;91;21;0.5;0.5;6;103;0.4938272;235;236.5728;21;2
9007;91;21;0.5;0.5;7;101;0.5258621;225;237.7129;21;0
9008;91;21;0.5;0.5;8;101;0.473251;234;237.4158;21;0
9009;91;21;0.5;0.5;9;103;0.4954545;240;234.767;21;2
9010;91;21;0.5;0.5;10;101;0.4875;231;236.7624;21;0
9011;91;21;0.5;0.5;11;101;0.4826087;218;238.3762;21;0
9012;91;21;0.5;0.5;12;102;0.5147679;244;238.4216;21;1
9013;91;21;0.5;0.5;13;102;0.45;251;236.402;21;1
9014;91;21;0.5;0.5;14;101;0.4892704;228;239.7228;21;0
9015;91;21;0.5;0.5;15;102;0.4753363;225;237.549;21;1
9016;91;21;0.5;0.5;16;101;0.4915254;255;236.7624;21;0
9017;91;21;0.5;0.5;17;101;0.5243902;238;237.5248;21;0
9018;91;21;0.5;0.5;18;102;0.4230769;229;233.9804;21;1
9019;91;21;0.5;0.5;19;102;0.4978723;230;236;21;1
9020;91;21;0.5;0.5;20;101;0.4705882;235;239.0594;21;0
9021;91;21;0.5;0.5;21;101;0.5222672;234;237.5446;21;0
9022;91;21;0.5;0.5;22;102;0.4813084;246;236.1863;21;1
9023;91;21;0.5;0.5;23;101;0.545082;229;237.901;21;0
9024;91;21;0.5;0.5;24;101;0.4752066;233;236.2871;21;0
9025;91;21;0.5;0.5;25;103;0.4979592;235;234.699;21;2
9026;91;21;0.5;0.5;26;101;0.5;242;238.2673;21;0
9027;91;21;0.5;0.5;27;101;0.4786325;243;237.198;21;0
9028;91;21;0.5;0.5;28;101;0.496;228;236.4752;21;0
9029;91;21;0.5;0.5;29;101;0.5247934;226;237.396;21;0
9030;91;21;0.5;0.5;30;102;0.5489362;227;235.549;21;1
9031;91;21;0.5;0.5;31;101;0.4537815;234;236.6931;21;0
9032;91;21;0.5;0.5;32;101;0.4661355;257;238.505;21;0
9033;91;21;0.5;0.5;33;104;0.536036;250;237.3462;21;3
9034;91;21;0.5;0.5;34;101;0.5327869;242;236.1782;21;0
9035;91;21;0.5;0.5;35;104;0.4945455;235;236.8462;21;3
9036;91;21;0.5;0.5;36;101;0.4692982;228;237.0792;21;0
9037;91;21;0.5;0.5;37;101;0.5021834;241;237.3762;21;0
9038;91;21;0.5;0.5;38;102;0.507109;253;236.7059;21;1
9039;91;21;0.5;0.5;39;101;0.5221239;251;238.1782;21;0
9040;91;21;0.5;0.5;40;102;0.4756098;238;236.5;21;1
9041;91;21;0.5;0.5;41;105;0.5095057;247;236.6571;21;4
9042;91;21;0.5;0.5;42;101;0.484252;207;238.4257;21;0
9043;91;21;0.5;0.5;43;102;0.5115207;228;236.4902;21;1
9044;91;21;0.5;0.5;44;103;0.4866071;260;238.6408;21;2
9045;91;21;0.5;0.5;45;101;0.4768519;215;236.2376;21;0
9046;91;21;0.5;0.5;46;101;0.5647059;236;238.1386;21;0
9047;91;21;0.5;0.5;47;102;0.4847162;225;236.549;21;1
9048;91;21;0.5;0.5;48;104;0.5378151;267;236.7019;21;3
9049;91;21;0.5;0.5;49;102;0.526749;241;238.3039;21;1
9050;91;21;0.5;0.5;50;101;0.5437788;213;236.495;21;0
9051;91;21;0.5;0.5;51;101;0.4310345;241;237.1089;21;0
9052;91;21;0.5;0.5;52;101;0.4957983;236;239.2376;21;0
9053;91;21;0.5;0.5;53;104;0.4869565;211;235.6154;21;3
9054;91;21;0.5;0.5;54;103;0.477551;233;238.0097;21;2
9055;91;21;0.5;0.5;55;101;0.5063291;251;237.4257;21;0
9056;91;21;0.5;0.5;56;102;0.529148;237;236.4412;21;1
9057;91;21;0.5;0.5;57;105;0.5338983;248;235.9714;21;4
9058;91;21;0.5;0.5;58;104;0.5058824;241;238.0288;21;3
9059;91;21;0.5;0.5;59;106;0.4957627;229;238.3774;21;5
9060;91;21;0.5;0.5;60;101;0.559633;237;238.3861;21;0
9061;91;21;0.5;0.5;61;106;0.5318352;237;235.9151;21;5
9062;91;21;0.5;0.5;62;101;0.5182186;229;236.3267;21;0
9063;91;21;0.5;0.5;63;101;0.479638;253;235.3564;21;0
9064;91;21;0.5;0.5;64;101;0.4297189;255;237.2871;21;0
9065;91;21;0.5;0.5;65;101;0.504065;230;235.3069;21;0
9066;91;21;0.5;0.5;66;102;0.4259259;231;235.8529;21;1
9067;91;21;0.5;0.5;67;102;0.4821429;219;236.8137;21;1
9068;91;21;0.5;0.5;68;103;0.4476987;230;236.3107;21;2
9069;91;21;0.5;0.5;69;105;0.5642023;228;238.1429;21;4
9070;91;21;0.5;0.5;70;102;0.5384615;231;239.451;21;1
9071;91;21;0.5;0.5;71;104;0.487069;249;237.5481;21;3
9072;91;21;0.5;0.5;72;101;0.48;226;235.1287;21;0
9073;91;21;0.5;0.5;73;105;0.4625551;263;237.8381;21;4
9074;91;21;0.5;0.5;74;101;0.497992;229;237.0495;21;0
9075;91;21;0.5;0.5;75;101;0.4625551;250;237.6931;21;0
9076;91;21;0.5;0.5;76;102;0.5353982;246;235.6667;21;1
9077;91;21;0.5;0.5;77;102;0.4666667;232;236.2843;21;1
9078;91;21;0.5;0.5;78;101;0.5321888;255;238.7723;21;0
9079;91;21;0.5;0.5;79;101;0.5150215;239;237.1683;21;0
9080;91;21;0.5;0.5;80;103;0.4816514;258;235.6699;21;2
9081;91;21;0.5;0.5;81;101;0.5220588;221;236.1881;21;0
9082;91;21;0.5;0.5;82;103;0.4875;231;236.8544;21;2
9083;91;21;0.5;0.5;83;102;0.4767932;233;236.5098;21;1
9084;91;21;0.5;0.5;84;101;0.5286885;223;235.1782;21;0
9085;91;21;0.5;0.5;85;101;0.5538462;202;236.2376;21;0
9086;91;21;0.5;0.5;86;101;0.4882812;253;236.8713;21;0
9087;91;21;0.5;0.5;87;102;0.4978355;243;237.2451;21;1
9088;91;21;0.5;0.5;88;104;0.482906;223;236.8846;21;3
9089;91;21;0.5;0.5;89;101;0.4444444;245;237.1089;21;0
9090;91;21;0.5;0.5;90;101;0.4622222;227;236.9802;21;0
9091;91;21;0.5;0.5;91;102;0.5066079;248;235.5784;21;1
9092;91;21;0.5;0.5;92;101;0.4939271;238;238.3465;21;0
9093;91;21;0.5;0.5;93;101;0.504065;250;237.4554;21;0
9094;91;21;0.5;0.5;94;101;0.5352697;229;237.1485;21;0
9095;91;21;0.5;0.5;95;104;0.5446009;244;236.0962;21;3
9096;91;21;0.5;0.5;96;103;0.5127119;255;236.1553;21;2
9097;91;21;0.5;0.5;97;101;0.4522822;255;236.3861;21;0
9098;91;21;0.5;0.5;98;102;0.5304348;202;237.6765;21;1
9099;91;21;0.5;0.5;99;103;0.5363985;227;238.6893;21;2
9100;91;21;0.5;0.5;100;102;0.5336134;232;235.2843;21;1
9101;92;23;0.5;0.5;1;101;0.5086207;211;234.1287;23;0
9102;92;23;0.5;0.5;2;102;0.5428571;216;235.5882;23;1
9103;92;23;0.5;0.5;3;101;0.5020576;266;237.7327;23;0
9104;92;23;0.5;0.5;4;101;0.5130435;247;236.4059;23;0
9105;92;23;0.5;0.5;5;101;0.5;242;237.6634;23;0
9106;92;23;0.5;0.5;6;102;0.5319149;241;234.9314;23;1
9107;92;23;0.5;0.5;7;103;0.5512821;228;238.4369;23;2
9108;92;23;0.5;0.5;8;101;0.5277778;267;236.2277;23;0
9109;92;23;0.5;0.5;9;105;0.4718615;230;236.7714;23;4
9110;92;23;0.5;0.5;10;101;0.4784314;243;235.1287;23;0
9111;92;23;0.5;0.5;11;102;0.5288889;242;236.8627;23;1
9112;92;23;0.5;0.5;12;101;0.504065;245;238.495;23;0
9113;92;23;0.5;0.5;13;101;0.4897959;231;236.1584;23;0
9114;92;23;0.5;0.5;14;103;0.4801587;232;236.3883;23;2
9115;92;23;0.5;0.5;15;101;0.5560345;256;236.4356;23;0
9116;92;23;0.5;0.5;16;101;0.4844444;226;237.3762;23;0
9117;92;23;0.5;0.5;17;101;0.5347826;248;237.7129;23;0
9118;92;23;0.5;0.5;18;103;0.4454148;247;237.0388;23;2
9119;92;23;0.5;0.5;19;101;0.508;223;236.901;23;0
9120;92;23;0.5;0.5;20;101;0.5591837;246;235.7228;23;0
9121;92;23;0.5;0.5;21;104;0.5021277;248;236.3077;23;3
9122;92;23;0.5;0.5;22;101;0.4653061;224;236.0495;23;0
9123;92;23;0.5;0.5;23;101;0.4615385;205;236.8416;23;0
9124;92;23;0.5;0.5;24;103;0.5019455;213;235.3689;23;2
9125;92;23;0.5;0.5;25;101;0.4917355;239;237.3168;23;0
9126;92;23;0.5;0.5;26;101;0.5274262;254;237.2574;23;0
9127;92;23;0.5;0.5;27;104;0.4980392;230;236.9423;23;3
9128;92;23;0.5;0.5;28;101;0.4930233;234;238.1782;23;0
9129;92;23;0.5;0.5;29;103;0.5022624;242;235.7087;23;2
9130;92;23;0.5;0.5;30;103;0.4611872;252;236.0971;23;2
9131;92;23;0.5;0.5;31;102;0.497992;217;237.7157;23;1
9132;92;23;0.5;0.5;32;101;0.4609375;216;237.7129;23;0
9133;92;23;0.5;0.5;33;101;0.5394191;247;236.1485;23;0
9134;92;23;0.5;0.5;34;102;0.4692982;244;238.9608;23;1
9135;92;23;0.5;0.5;35;102;0.4698276;221;237.1863;23;1
9136;92;23;0.5;0.5;36;102;0.5274725;233;237.6471;23;1
9137;92;23;0.5;0.5;37;102;0.4939759;226;236.8039;23;1
9138;92;23;0.5;0.5;38;103;0.4632035;253;237.5146;23;2
9139;92;23;0.5;0.5;39;101;0.512;221;237.7525;23;0
9140;92;23;0.5;0.5;40;104;0.4724771;253;236.125;23;3
9141;92;23;0.5;0.5;41;101;0.5;223;236.0891;23;0
9142;92;23;0.5;0.5;42;101;0.5440613;240;236.2871;23;0
9143;92;23;0.5;0.5;43;102;0.4590164;236;236.7647;23;1
9144;92;23;0.5;0.5;44;103;0.4827586;257;238.2427;23;2
9145;92;23;0.5;0.5;45;101;0.5265306;222;236.4158;23;0
9146;92;23;0.5;0.5;46;101;0.506383;243;235.8911;23;0
9147;92;23;0.5;0.5;47;101;0.545082;262;236.6535;23;0
9148;92;23;0.5;0.5;48;102;0.5019305;232;236.9412;23;1
9149;92;23;0.5;0.5;49;104;0.5130435;224;236.7885;23;3
9150;92;23;0.5;0.5;50;101;0.4705882;242;238.2574;23;0
9151;92;23;0.5;0.5;51;101;0.5887097;222;236.0396;23;0
9152;92;23;0.5;0.5;52;101;0.5211864;234;238.0792;23;0
9153;92;23;0.5;0.5;53;101;0.5420168;211;235.7822;23;0
9154;92;23;0.5;0.5;54;103;0.5587045;215;236.3592;23;2
9155;92;23;0.5;0.5;55;101;0.4918699;236;235.9604;23;0
9156;92;23;0.5;0.5;56;101;0.5130435;241;236.703;23;0
9157;92;23;0.5;0.5;57;101;0.4821429;242;238.2277;23;0
9158;92;23;0.5;0.5;58;101;0.5059289;224;236.0594;23;0
9159;92;23;0.5;0.5;59;101;0.5590909;267;236.2277;23;0
9160;92;23;0.5;0.5;60;101;0.5574468;247;237.099;23;0
9161;92;23;0.5;0.5;61;101;0.5150215;245;235.4752;23;0
9162;92;23;0.5;0.5;62;101;0.5166667;226;234.8317;23;0
9163;92;23;0.5;0.5;63;101;0.5146444;231;237.3663;23;0
9164;92;23;0.5;0.5;64;103;0.5135135;253;234.9709;23;2
9165;92;23;0.5;0.5;65;101;0.492891;243;236.2574;23;0
9166;92;23;0.5;0.5;66;102;0.5039062;228;235.6176;23;1
9167;92;23;0.5;0.5;67;102;0.4537815;212;236.8529;23;1
9168;92;23;0.5;0.5;68;102;0.490991;254;236.2941;23;1
9169;92;23;0.5;0.5;69;102;0.510917;248;235.7745;23;1
9170;92;23;0.5;0.5;70;106;0.45;230;235.8491;23;5
9171;92;23;0.5;0.5;71;101;0.502008;250;238.4455;23;0
9172;92;23;0.5;0.5;72;102;0.4872881;240;238.5196;23;1
9173;92;23;0.5;0.5;73;101;0.4734513;260;237.7129;23;0
9174;92;23;0.5;0.5;74;101;0.5062762;220;237.901;23;0
9175;92;23;0.5;0.5;75;101;0.5288889;242;235.8911;23;0
9176;92;23;0.5;0.5;76;102;0.5316456;213;237.1569;23;1
9177;92;23;0.5;0.5;77;101;0.5140562;246;237.604;23;0
9178;92;23;0.5;0.5;78;102;0.4854772;222;236.3922;23;1
9179;92;23;0.5;0.5;79;102;0.4867257;224;236.4706;23;1
9180;92;23;0.5;0.5;80;101;0.5064935;262;235.9802;23;0
9181;92;23;0.5;0.5;81;101;0.5151515;256;236.0396;23;0
9182;92;23;0.5;0.5;82;103;0.4798206;228;237.4951;23;2
9183;92;23;0.5;0.5;83;101;0.5406504;220;238.6139;23;0
9184;92;23;0.5;0.5;84;107;0.5354331;228;237.7477;23;6
9185;92;23;0.5;0.5;85;102;0.517094;243;236.0588;23;1
9186;92;23;0.5;0.5;86;102;0.5147679;249;236.6667;23;1
9187;92;23;0.5;0.5;87;101;0.4959016;223;237.297;23;0
9188;92;23;0.5;0.5;88;101;0.4545455;234;236;23;0
9189;92;23;0.5;0.5;89;102;0.5284553;244;235.1667;23;1
9190;92;23;0.5;0.5;90;101;0.5361702;223;235.9208;23;0
9191;92;23;0.5;0.5;91;102;0.5;217;233.3725;23;1
9192;92;23;0.5;0.5;92;101;0.4537815;213;235.9505;23;0
9193;92;23;0.5;0.5;93;101;0.4861111;232;236.901;23;0
9194;92;23;0.5;0.5;94;101;0.5219298;237;236;23;0
9195;92;23;0.5;0.5;95;103;0.4980237;238;238.8835;23;2
9196;92;23;0.5;0.5;96;104;0.5;239;236.4519;23;3
9197;92;23;0.5;0.5;97;101;0.4915966;234;236.9307;23;0
9198;92;23;0.5;0.5;98;101;0.5407725;232;237.1683;23;0
9199;92;23;0.5;0.5;99;101;0.5042017;246;237.3663;23;0
9200;92;23;0.5;0.5;100;101;0.5082645;220;237.4653;23;0
9201;93;25;0.5;0.5;1;101;0.4560669;239;237.3762;25;0
9202;93;25;0.5;0.5;2;102;0.4954955;257;236.951;25;1
9203;93;25;0.5;0.5;3;106;0.4772727;273;237.9151;25;5
9204;93;25;0.5;0.5;4;105;0.4375;261;237.0952;25;4
9205;93;25;0.5;0.5;5;103;0.5240175;238;237.7184;25;2
9206;93;25;0.5;0.5;6;104;0.507874;223;237.9904;25;3
9207;93;25;0.5;0.5;7;102;0.512931;255;236.2451;25;1
9208;93;25;0.5;0.5;8;101;0.5186916;256;238.7723;25;0
9209;93;25;0.5;0.5;9;102;0.5146444;243;236.1471;25;1
9210;93;25;0.5;0.5;10;101;0.4935622;234;236.5842;25;0
9211;93;25;0.5;0.5;11;103;0.5136364;265;238.4369;25;2
9212;93;25;0.5;0.5;12;101;0.506383;237;235.7525;25;0
9213;93;25;0.5;0.5;13;101;0.4674797;227;237.1881;25;0
9214;93;25;0.5;0.5;14;101;0.4752852;214;236.5644;25;0
9215;93;25;0.5;0.5;15;103;0.5059761;210;237.4078;25;2
9216;93;25;0.5;0.5;16;104;0.5619469;272;237.1923;25;3
9217;93;25;0.5;0.5;17;102;0.5057471;258;237.4118;25;1
9218;93;25;0.5;0.5;18;101;0.4703704;237;236.2376;25;0
9219;93;25;0.5;0.5;19;101;0.51417;256;236.2871;25;0
9220;93;25;0.5;0.5;20;102;0.5079365;240;235.5;25;1
9221;93;25;0.5;0.5;21;103;0.4688797;249;236.6796;25;2
9222;93;25;0.5;0.5;22;102;0.4897959;257;237.1176;25;1
9223;93;25;0.5;0.5;23;101;0.5327869;246;238.1881;25;0
9224;93;25;0.5;0.5;24;101;0.5;237;237.0099;25;0
9225;93;25;0.5;0.5;25;101;0.4703196;250;236.0594;25;0
9226;93;25;0.5;0.5;26;102;0.4424779;245;235.951;25;1
9227;93;25;0.5;0.5;27;102;0.4822134;224;235.7647;25;1
9228;93;25;0.5;0.5;28;102;0.4827586;230;234.7353;25;1
9229;93;25;0.5;0.5;29;104;0.5462555;234;237.75;25;3
9230;93;25;0.5;0.5;30;101;0.5132075;239;237.703;25;0
9231;93;25;0.5;0.5;31;101;0.5349794;236;237.9208;25;0
9232;93;25;0.5;0.5;32;103;0.5;256;237.5825;25;2
9233;93;25;0.5;0.5;33;101;0.4398496;231;237.0297;25;0
9234;93;25;0.5;0.5;34;103;0.5;218;237.4369;25;2
9235;93;25;0.5;0.5;35;101;0.4688995;223;238.2871;25;0
9236;93;25;0.5;0.5;36;101;0.4553191;240;236.0495;25;0
9237;93;25;0.5;0.5;37;101;0.5327869;226;238.2475;25;0
9238;93;25;0.5;0.5;38;102;0.4851064;247;237.4216;25;1
9239;93;25;0.5;0.5;39;102;0.4773663;256;236.0882;25;1
9240;93;25;0.5;0.5;40;101;0.5057034;227;237.297;25;0
9241;93;25;0.5;0.5;41;104;0.5458515;238;236.6827;25;3
9242;93;25;0.5;0.5;42;103;0.5294118;241;235.6893;25;2
9243;93;25;0.5;0.5;43;101;0.4977974;243;238.3564;25;0
9244;93;25;0.5;0.5;44;101;0.4549356;253;238.1188;25;0
9245;93;25;0.5;0.5;45;104;0.5584416;236;237.2212;25;3
9246;93;25;0.5;0.5;46;101;0.4636015;218;237.3267;25;0
9247;93;25;0.5;0.5;47;102;0.5;243;236.2745;25;1
9248;93;25;0.5;0.5;48;101;0.484375;239;236.1881;25;0
9249;93;25;0.5;0.5;49;101;0.4625551;237;236.604;25;0
9250;93;25;0.5;0.5;50;101;0.5289575;229;235.3366;25;0
9251;93;25;0.5;0.5;51;106;0.4925373;225;238.2358;25;5
9252;93;25;0.5;0.5;52;102;0.5286885;256;237.8627;25;1
9253;93;25;0.5;0.5;53;101;0.4769874;265;236.3168;25;0
9254;93;25;0.5;0.5;54;101;0.4193548;226;236.2178;25;0
9255;93;25;0.5;0.5;55;101;0.4741036;243;235.9208;25;0
9256;93;25;0.5;0.5;56;103;0.4734513;230;234.8058;25;2
9257;93;25;0.5;0.5;57;101;0.5060241;231;235.901;25;0
9258;93;25;0.5;0.5;58;101;0.5062762;239;237.1881;25;0
9259;93;25;0.5;0.5;59;101;0.4845815;236;237.4653;25;0
9260;93;25;0.5;0.5;60;103;0.4845815;223;236.1359;25;2
9261;93;25;0.5;0.5;61;101;0.5;225;236.3564;25;0
9262;93;25;0.5;0.5;62;101;0.4883721;215;236.7525;25;0
9263;93;25;0.5;0.5;63;102;0.4979253;226;236.0098;25;1
9264;93;25;0.5;0.5;64;101;0.4937759;245;235.0495;25;0
9265;93;25;0.5;0.5;65;101;0.4736842;230;234.9307;25;0
9266;93;25;0.5;0.5;66;103;0.5254237;236;235.4951;25;2
9267;93;25;0.5;0.5;67;105;0.4596774;251;238.1333;25;4
9268;93;25;0.5;0.5;68;103;0.5555556;245;235.9223;25;2
9269;93;25;0.5;0.5;69;103;0.4574899;225;237.1262;25;2
9270;93;25;0.5;0.5;70;101;0.4778761;231;236.4554;25;0
9271;93;25;0.5;0.5;71;104;0.5113122;241;236.625;25;3
9272;93;25;0.5;0.5;72;101;0.4808511;260;236.604;25;0
9273;93;25;0.5;0.5;73;102;0.504;231;236.8922;25;1
9274;93;25;0.5;0.5;74;101;0.5191489;236;236.802;25;0
9275;93;25;0.5;0.5;75;102;0.464135;231;237.3235;25;1
9276;93;25;0.5;0.5;76;101;0.4464286;239;236.9901;25;0
9277;93;25;0.5;0.5;77;101;0.4758065;254;236.8614;25;0
9278;93;25;0.5;0.5;78;103;0.526971;210;238.2427;25;2
9279;93;25;0.5;0.5;79;104;0.512931;226;236.5288;25;3
9280;93;25;0.5;0.5;80;101;0.5781991;238;237.5446;25;0
9281;93;25;0.5;0.5;81;101;0.4806867;234;236.802;25;0
9282;93;25;0.5;0.5;82;102;0.4608696;232;235.1275;25;1
9283;93;25;0.5;0.5;83;102;0.4977974;245;236.6667;25;1
9284;93;25;0.5;0.5;84;101;0.4801762;248;238.8911;25;0
9285;93;25;0.5;0.5;85;106;0.5263158;243;236.783;25;5
9286;93;25;0.5;0.5;86;101;0.5473251;222;238.4158;25;0
9287;93;25;0.5;0.5;87;106;0.5123967;229;236.5566;25;5
9288;93;25;0.5;0.5;88;102;0.4661017;245;238.6569;25;1
9289;93;25;0.5;0.5;89;101;0.4579832;268;237.802;25;0
9290;93;25;0.5;0.5;90;101;0.5222672;235;236.495;25;0
9291;93;25;0.5;0.5;91;103;0.4954955;234;236.4563;25;2
9292;93;25;0.5;0.5;92;101;0.5152838;275;235.2673;25;0
9293;93;25;0.5;0.5;93;102;0.5021097;251;238.451;25;1
9294;93;25;0.5;0.5;94;101;0.4745098;225;237.8614;25;0
9295;93;25;0.5;0.5;95;104;0.5209302;239;237.3462;25;3
9296;93;25;0.5;0.5;96;101;0.5335968;244;237.1485;25;0
9297;93;25;0.5;0.5;97;102;0.4761905;258;237.2451;25;1
9298;93;25;0.5;0.5;98;101;0.5364807;250;236.5644;25;0
9299;93;25;0.5;0.5;99;102;0.484;234;235.9412;25;1
9300;93;25;0.5;0.5;100;103;0.440678;235;238.4757;25;2
9301;94;27;0.5;0.5;1;101;0.4900398;225;236.1782;27;0
9302;94;27;0.5;0.5;2;101;0.5479452;214;236.5347;27;0
9303;94;27;0.5;0.5;3;103;0.5333333;254;235.5534;27;2
9304;94;27;0.5;0.5;4;101;0.4857143;234;237.0693;27;0
9305;94;27;0.5;0.5;5;107;0.444898;229;236.7103;27;6
9306;94;27;0.5;0.5;6;103;0.4940239;236;235.5534;27;2
9307;94;27;0.5;0.5;7;102;0.52;259;236.3627;27;1
9308;94;27;0.5;0.5;8;101;0.5204918;239;236.1782;27;0
9309;94;27;0.5;0.5;9;106;0.5183486;220;238.2547;27;5
9310;94;27;0.5;0.5;10;102;0.4893617;234;239.1471;27;1
9311;94;27;0.5;0.5;11;107;0.4390244;237;237.1215;27;6
9312;94;27;0.5;0.5;12;101;0.5069124;229;236.6238;27;0
9313;94;27;0.5;0.5;13;102;0.5114504;249;234.4608;27;1
9314;94;27;0.5;0.5;14;102;0.5550459;237;236.1667;27;1
9315;94;27;0.5;0.5;15;101;0.4765625;219;235.0792;27;0
9316;94;27;0.5;0.5;16;101;0.4566038;233;238.5743;27;0
9317;94;27;0.5;0.5;17;102;0.5021645;233;237.4608;27;1
9318;94;27;0.5;0.5;18;102;0.5067873;226;237.3333;27;1
9319;94;27;0.5;0.5;19;103;0.5207373;234;236.5146;27;2
9320;94;27;0.5;0.5;20;101;0.4631148;225;237.7129;27;0
9321;94;27;0.5;0.5;21;102;0.5233645;269;237.6078;27;1
9322;94;27;0.5;0.5;22;101;0.4734694;212;236.1188;27;0
9323;94;27;0.5;0.5;23;101;0.4618834;233;238.703;27;0
9324;94;27;0.5;0.5;24;101;0.5082645;231;239.1287;27;0
9325;94;27;0.5;0.5;25;102;0.486166;242;238.0392;27;1
9326;94;27;0.5;0.5;26;105;0.4758065;223;237.7429;27;4
9327;94;27;0.5;0.5;27;101;0.4953704;229;236.3663;27;0
9328;94;27;0.5;0.5;28;102;0.4823529;238;235.902;27;1
9329;94;27;0.5;0.5;29;101;0.5371901;218;236.4752;27;0
9330;94;27;0.5;0.5;30;104;0.5083333;241;237.0096;27;3
9331;94;27;0.5;0.5;31;101;0.5221239;242;235.5743;27;0
9332;94;27;0.5;0.5;32;102;0.4978903;242;235.3922;27;1
9333;94;27;0.5;0.5;33;106;0.5104603;226;236.8962;27;5
9334;94;27;0.5;0.5;34;105;0.5079365;246;237.381;27;4
9335;94;27;0.5;0.5;35;106;0.4612069;225;236.0094;27;5
9336;94;27;0.5;0.5;36;102;0.5296804;223;234.4314;27;1
9337;94;27;0.5;0.5;37;101;0.4891775;240;236.2178;27;0
9338;94;27;0.5;0.5;38;105;0.5047619;221;236.6;27;4
9339;94;27;0.5;0.5;39;103;0.5185185;244;236.6796;27;2
9340;94;27;0.5;0.5;40;102;0.4864865;235;236.3627;27;1
9341;94;27;0.5;0.5;41;102;0.4957627;234;236.5196;27;1
9342;94;27;0.5;0.5;42;101;0.4787645;261;238.2178;27;0
9343;94;27;0.5;0.5;43;101;0.5381526;229;236.2079;27;0
9344;94;27;0.5;0.5;44;101;0.5232558;230;236.9505;27;0
9345;94;27;0.5;0.5;45;101;0.5390947;245;237.495;27;0
9346;94;27;0.5;0.5;46;102;0.5133929;237;237.5588;27;1
9347;94;27;0.5;0.5;47;101;0.4747082;207;236.9802;27;0
9348;94;27;0.5;0.5;48;101;0.5066079;250;237;27;0
9349;94;27;0.5;0.5;49;102;0.5022422;236;235.9608;27;1
9350;94;27;0.5;0.5;50;102;0.444898;209;236.1373;27;1
9351;94;27;0.5;0.5;51;101;0.4545455;227;237.297;27;0
9352;94;27;0.5;0.5;52;101;0.5;208;236.396;27;0
9353;94;27;0.5;0.5;53;102;0.4823009;247;235.3529;27;1
9354;94;27;0.5;0.5;54;101;0.5155556;216;236.2079;27;0
9355;94;27;0.5;0.5;55;107;0.4930876;260;235.8785;27;6
9356;94;27;0.5;0.5;56;102;0.5592417;258;235.3725;27;1
9357;94;27;0.5;0.5;57;101;0.4716157;234;236.7129;27;0
9358;94;27;0.5;0.5;58;101;0.503937;223;237.2772;27;0
9359;94;27;0.5;0.5;59;101;0.4684685;244;236.0693;27;0
9360;94;27;0.5;0.5;60;101;0.5546559;246;237.0495;27;0
9361;94;27;0.5;0.5;61;101;0.4424779;222;237.7426;27;0
9362;94;27;0.5;0.5;62;101;0.5411255;263;236.9406;27;0
9363;94;27;0.5;0.5;63;101;0.539749;228;235.6238;27;0
9364;94;27;0.5;0.5;64;101;0.5;235;235.5545;27;0
9365;94;27;0.5;0.5;65;102;0.4813084;231;235.5588;27;1
9366;94;27;0.5;0.5;66;102;0.5059761;241;236.3824;27;1
9367;94;27;0.5;0.5;67;103;0.4813278;257;236.6602;27;2
9368;94;27;0.5;0.5;68;102;0.5517241;227;236.9216;27;1
9369;94;27;0.5;0.5;69;101;0.4936709;223;237.2673;27;0
9370;94;27;0.5;0.5;70;101;0.5086957;227;235.5842;27;0
9371;94;27;0.5;0.5;71;102;0.4741379;247;238.6078;27;1
9372;94;27;0.5;0.5;72;102;0.4649123;237;236.4804;27;1
9373;94;27;0.5;0.5;73;101;0.509009;251;235.0495;27;0
9374;94;27;0.5;0.5;74;103;0.5100402;233;237.1262;27;2
9375;94;27;0.5;0.5;75;102;0.5098814;237;236.4118;27;1
9376;94;27;0.5;0.5;76;101;0.4893617;235;236.198;27;0
9377;94;27;0.5;0.5;77;105;0.4637097;240;238.7619;27;4
9378;94;27;0.5;0.5;78;101;0.5177866;218;237.3465;27;0
9379;94;27;0.5;0.5;79;101;0.4978903;249;237.4455;27;0
9380;94;27;0.5;0.5;80;102;0.513834;232;238.7353;27;1
9381;94;27;0.5;0.5;81;105;0.4845815;250;236.6667;27;4
9382;94;27;0.5;0.5;82;104;0.497992;217;236.7596;27;3
9383;94;27;0.5;0.5;83;101;0.4217391;234;237.1782;27;0
9384;94;27;0.5;0.5;84;101;0.5023041;257;234.7723;27;0
9385;94;27;0.5;0.5;85;101;0.5438596;247;235.901;27;0
9386;94;27;0.5;0.5;86;101;0.4837398;224;240.099;27;0
9387;94;27;0.5;0.5;87;101;0.4609375;229;236.3267;27;0
9388;94;27;0.5;0.5;88;104;0.561086;244;236.125;27;3
9389;94;27;0.5;0.5;89;101;0.5045872;256;237.3762;27;0
9390;94;27;0.5;0.5;90;103;0.5100402;252;238.8932;27;2
9391;94;27;0.5;0.5;91;101;0.5154185;228;235.6634;27;0
9392;94;27;0.5;0.5;92;103;0.5303644;226;236.1553;27;2
9393;94;27;0.5;0.5;93;101;0.5201613;241;236.2673;27;0
9394;94;27;0.5;0.5;94;102;0.5122951;248;235.5;27;1
9395;94;27;0.5;0.5;95;102;0.4918699;213;238.6863;27;1
9396;94;27;0.5;0.5;96;101;0.4698276;238;236.8911;27;0
9397;94;27;0.5;0.5;97;101;0.4889868;220;237.5644;27;0
9398;94;27;0.5;0.5;98;102;0.5238095;234;237.2647;27;1
9399;94;27;0.5;0.5;99;106;0.5060241;245;236.9434;27;5
9400;94;27;0.5;0.5;100;101;0.5435685;222;236.7723;27;0
9401;95;29;0.5;0.5;1;102;0.5367965;240;237.2451;29;1
9402;95;29;0.5;0.5;2;101;0.5219298;257;236.4059;29;0
9403;95;29;0.5;0.5;3;102;0.4680851;259;237.7941;29;1
9404;95;29;0.5;0.5;4;102;0.495935;228;236.6569;29;1
9405;95;29;0.5;0.5;5;101;0.4817814;224;236.4653;29;0
9406;95;29;0.5;0.5;6;102;0.5319149;242;236.0294;29;1
9407;95;29;0.5;0.5;7;102;0.5089286;253;237.7745;29;1
9408;95;29;0.5;0.5;8;101;0.5127119;245;236.9109;29;0
9409;95;29;0.5;0.5;9;101;0.5695652;204;234.5446;29;0
9410;95;29;0.5;0.5;10;103;0.5225225;235;235.7476;29;2
9411;95;29;0.5;0.5;11;102;0.4853556;254;236.5098;29;1
9412;95;29;0.5;0.5;12;101;0.5021834;242;236.7129;29;0
9413;95;29;0.5;0.5;13;101;0.4794521;239;238.4257;29;0
9414;95;29;0.5;0.5;14;102;0.5648536;224;235.3922;29;1
9415;95;29;0.5;0.5;15;102;0.5182186;238;237.549;29;1
9416;95;29;0.5;0.5;16;101;0.5517241;237;238.6733;29;0
9417;95;29;0.5;0.5;17;102;0.4401709;237;236.5098;29;1
9418;95;29;0.5;0.5;18;101;0.5087719;247;234.802;29;0
9419;95;29;0.5;0.5;19;102;0.4840183;217;235.951;29;1
9420;95;29;0.5;0.5;20;106;0.463964;245;234.9811;29;5
9421;95;29;0.5;0.5;21;104;0.5077519;243;237.3365;29;3
9422;95;29;0.5;0.5;22;101;0.4937759;235;236.9802;29;0
9423;95;29;0.5;0.5;23;102;0.546875;232;236.7353;29;1
9424;95;29;0.5;0.5;24;103;0.5180723;227;238.1359;29;2
9425;95;29;0.5;0.5;25;101;0.5198413;215;238.6733;29;0
9426;95;29;0.5;0.5;26;102;0.5162791;234;236.7843;29;1
9427;95;29;0.5;0.5;27;103;0.4805195;219;236.3107;29;2
9428;95;29;0.5;0.5;28;102;0.4979253;254;237.402;29;1
9429;95;29;0.5;0.5;29;101;0.5797101;214;239.2574;29;0
9430;95;29;0.5;0.5;30;101;0.5089286;251;236.0198;29;0
9431;95;29;0.5;0.5;31;101;0.4599156;233;235.6634;29;0
9432;95;29;0.5;0.5;32;102;0.4595745;244;238.1667;29;1
9433;95;29;0.5;0.5;33;102;0.4429825;246;237.6765;29;1
9434;95;29;0.5;0.5;34;108;0.4827586;240;235.4907;29;7
9435;95;29;0.5;0.5;35;103;0.5089286;239;236.5631;29;2
9436;95;29;0.5;0.5;36;101;0.4876033;230;235.2079;29;0
9437;95;29;0.5;0.5;37;101;0.4980695;235;238.9604;29;0
9438;95;29;0.5;0.5;38;104;0.496124;244;236.4135;29;3
9439;95;29;0.5;0.5;39;101;0.5222672;235;235.4158;29;0
9440;95;29;0.5;0.5;40;102;0.5339367;276;235.9314;29;1
9441;95;29;0.5;0.5;41;101;0.4562738;236;236.8119;29;0
9442;95;29;0.5;0.5;42;101;0.4795539;223;236.5842;29;0
9443;95;29;0.5;0.5;43;101;0.5;230;238.1683;29;0
9444;95;29;0.5;0.5;44;103;0.5306122;242;235.5146;29;2
9445;95;29;0.5;0.5;45;102;0.5274725;218;238.5882;29;1
9446;95;29;0.5;0.5;46;101;0.5058824;227;236.7822;29;0
9447;95;29;0.5;0.5;47;102;0.5201794;234;236;29;1
9448;95;29;0.5;0.5;48;101;0.4674797;232;235.4059;29;0
9449;95;29;0.5;0.5;49;101;0.5458015;224;235.4554;29;0
9450;95;29;0.5;0.5;50;101;0.5119048;229;236.6238;29;0
9451;95;29;0.5;0.5;51;101;0.5084034;235;236.5842;29;0
9452;95;29;0.5;0.5;52;102;0.5283843;233;236.9314;29;1
9453;95;29;0.5;0.5;53;101;0.4565217;255;235.8713;29;0
9454;95;29;0.5;0.5;54;102;0.4837209;232;237.8333;29;1
9455;95;29;0.5;0.5;55;101;0.5350877;257;238.0792;29;0
9456;95;29;0.5;0.5;56;101;0.5125;224;238.2871;29;0
9457;95;29;0.5;0.5;57;102;0.5226337;230;236.4314;29;1
9458;95;29;0.5;0.5;58;101;0.4956522;247;236.8515;29;0
9459;95;29;0.5;0.5;59;101;0.5222672;226;237.3762;29;0
9460;95;29;0.5;0.5;60;104;0.4581498;247;237.3462;29;3
9461;95;29;0.5;0.5;61;101;0.527027;238;235.2772;29;0
9462;95;29;0.5;0.5;62;103;0.5;247;237.6699;29;2
9463;95;29;0.5;0.5;63;102;0.4382979;255;235.3824;29;1
9464;95;29;0.5;0.5;64;101;0.5061728;234;236.5545;29;0
9465;95;29;0.5;0.5;65;101;0.5492424;221;238.9802;29;0
9466;95;29;0.5;0.5;66;101;0.5363636;245;239.3861;29;0
9467;95;29;0.5;0.5;67;108;0.4701195;217;235.213;29;7
9468;95;29;0.5;0.5;68;103;0.4273128;237;237.7961;29;2
9469;95;29;0.5;0.5;69;101;0.519685;229;238.9109;29;0
9470;95;29;0.5;0.5;70;101;0.4937759;246;237.9703;29;0
9471;95;29;0.5;0.5;71;103;0.5665025;254;236.3301;29;2
9472;95;29;0.5;0.5;72;101;0.4734513;226;236.6832;29;0
9473;95;29;0.5;0.5;73;101;0.5211864;255;237.4455;29;0
9474;95;29;0.5;0.5;74;102;0.4683544;246;236.6373;29;1
9475;95;29;0.5;0.5;75;101;0.4608696;249;237.5743;29;0
9476;95;29;0.5;0.5;76;101;0.5286885;237;237.3564;29;0
9477;95;29;0.5;0.5;77;101;0.4940711;229;236.8416;29;0
9478;95;29;0.5;0.5;78;101;0.512605;218;237.8713;29;0
9479;95;29;0.5;0.5;79;104;0.496124;220;238.3846;29;3
9480;95;29;0.5;0.5;80;101;0.529148;228;236.3762;29;0
9481;95;29;0.5;0.5;81;102;0.4612069;233;238.3922;29;1
9482;95;29;0.5;0.5;82;102;0.5327511;228;236.5784;29;1
9483;95;29;0.5;0.5;83;101;0.5206612;227;238.1386;29;0
9484;95;29;0.5;0.5;84;101;0.5284553;268;235.6436;29;0
9485;95;29;0.5;0.5;85;101;0.525641;246;237.3069;29;0
9486;95;29;0.5;0.5;86;102;0.507874;242;236.1471;29;1
9487;95;29;0.5;0.5;87;102;0.4525547;237;237.4216;29;1
9488;95;29;0.5;0.5;88;101;0.4750958;203;236.297;29;0
9489;95;29;0.5;0.5;89;102;0.4476987;218;236.6569;29;1
9490;95;29;0.5;0.5;90;104;0.5058366;228;237.0481;29;3
9491;95;29;0.5;0.5;91;101;0.5321101;238;237.5941;29;0
9492;95;29;0.5;0.5;92;101;0.4956897;245;234.3564;29;0
9493;95;29;0.5;0.5;93;102;0.4462151;220;235.0098;29;1
9494;95;29;0.5;0.5;94;103;0.5229358;228;235.7573;29;2
9495;95;29;0.5;0.5;95;102;0.5041667;226;236.1863;29;1
9496;95;29;0.5;0.5;96;101;0.5077519;240;237.4752;29;0
9497;95;29;0.5;0.5;97;104;0.4782609;242;235.9615;29;3
9498;95;29;0.5;0.5;98;102;0.5131579;255;236.7353;29;1
9499;95;29;0.5;0.5;99;101;0.483871;200;236.495;29;0
9500;95;29;0.5;0.5;100;102;0.4763948;255;235.9216;29;1
9501;96;224;0.5;0.5;1;101;0.458498;209;236.9505;222.703;0
9502;96;224;0.5;0.5;2;101;0.5;218;236.4653;222.9109;0
9503;96;224;0.5;0.5;3;102;0.5082645;220;238.2451;222.6765;1
9504;96;224;0.5;0.5;4;103;0.470852;238;235.6117;222.6796;2
9505;96;224;0.5;0.5;5;101;0.5067265;235;235.2079;222.9901;0
9506;96;224;0.5;0.5;6;103;0.4593496;229;236.3592;222.068;2
9507;96;224;0.5;0.5;7;104;0.5219298;239;236.375;223.5481;3
9508;96;224;0.5;0.5;8;101;0.522449;239;236.8416;222.3762;0
9509;96;224;0.5;0.5;9;102;0.5661157;233;236.9902;222.6176;1
9510;96;224;0.5;0.5;10;101;0.553719;230;236.9604;222.0693;0
9511;96;224;0.5;0.5;11;103;0.4725738;238;239.1165;223.0388;2
9512;96;224;0.5;0.5;12;102;0.4458874;252;236.7843;221.6176;1
9513;96;224;0.5;0.5;13;101;0.4811715;245;238.2376;222.2871;0
9514;96;224;0.5;0.5;14;102;0.4574899;230;236.598;222.7255;1
9515;96;224;0.5;0.5;15;104;0.5833333;229;238.5962;223.2019;3
9516;96;224;0.5;0.5;16;102;0.4887892;241;237.8333;222.7451;1
9517;96;224;0.5;0.5;17;101;0.5195312;235;237.7525;222.7822;0
9518;96;224;0.5;0.5;18;104;0.5111111;251;236.5385;222.7115;3
9519;96;224;0.5;0.5;19;101;0.4791667;226;236.6436;222.5644;0
9520;96;224;0.5;0.5;20;105;0.5207373;231;234.7429;222.8476;4
9521;96;224;0.5;0.5;21;102;0.4786325;242;236.0294;221.8235;1
9522;96;224;0.5;0.5;22;101;0.508;255;239.1089;222.802;0
9523;96;224;0.5;0.5;23;101;0.5374449;232;238.3762;222.8812;0
9524;96;224;0.5;0.5;24;102;0.4884615;245;237.2941;222.951;1
9525;96;224;0.5;0.5;25;104;0.4734513;243;236.7981;222.8269;3
9526;96;224;0.5;0.5;26;101;0.5344828;251;237.3564;222.7822;0
9527;96;224;0.5;0.5;27;101;0.5166667;244;236.5347;222.7228;0
9528;96;224;0.5;0.5;28;103;0.5177866;224;236.8738;222.1165;2
9529;96;224;0.5;0.5;29;102;0.4876033;240;235.7353;222.6275;1
9530;96;224;0.5;0.5;30;101;0.4823009;229;234.9307;222.1188;0
9531;96;224;0.5;0.5;31;102;0.4769874;239;235.1569;222.9314;1
9532;96;224;0.5;0.5;32;103;0.4476987;236;236.1845;222.6699;2
9533;96;224;0.5;0.5;33;101;0.557377;213;237.604;222.8317;0
9534;96;224;0.5;0.5;34;101;0.525;231;237.6436;223.198;0
9535;96;224;0.5;0.5;35;102;0.4897119;221;237.1275;223.2941;1
9536;96;224;0.5;0.5;36;101;0.503937;236;236.9604;222.8911;0
9537;96;224;0.5;0.5;37;102;0.5196507;258;237.2255;222.4314;1
9538;96;224;0.5;0.5;38;103;0.5413223;217;237.4272;223.1165;2
9539;96;224;0.5;0.5;39;101;0.4481132;220;236.9604;223.1881;0
9540;96;224;0.5;0.5;40;101;0.5064935;230;235.4554;222.2376;0
9541;96;224;0.5;0.5;41;105;0.4393305;262;239.5905;223.4571;4
9542;96;224;0.5;0.5;42;101;0.4736842;215;237.0495;222.6139;0
9543;96;224;0.5;0.5;43;101;0.4801762;245;237.7723;222.3168;0
9544;96;224;0.5;0.5;44;103;0.516;244;237.2136;222.9709;2
9545;96;224;0.5;0.5;45;102;0.4869565;231;235.1078;222.3529;1
9546;96;224;0.5;0.5;46;102;0.4868421;237;238.2941;222.6176;1
9547;96;224;0.5;0.5;47;106;0.4816327;221;235.6509;222.717;5
9548;96;224;0.5;0.5;48;101;0.5066667;245;236.0495;222.3267;0
9549;96;224;0.5;0.5;49;102;0.4577778;262;236.1471;222.4804;1
9550;96;224;0.5;0.5;50;103;0.4311111;225;236.7767;222.7573;2
9551;96;224;0.5;0.5;51;104;0.4595745;235;237.4808;222.5769;3
9552;96;224;0.5;0.5;52;102;0.4392523;259;236.6765;222.6373;1
9553;96;224;0.5;0.5;53;101;0.5764706;229;238.3762;222.5347;0
9554;96;224;0.5;0.5;54;105;0.4875;222;235.1905;221.9429;4
9555;96;224;0.5;0.5;55;101;0.4592593;218;236.505;222.1188;0
9556;96;224;0.5;0.5;56;102;0.4444444;235;237;222.951;1
9557;96;224;0.5;0.5;57;101;0.4304933;237;236.0693;223.2871;0
9558;96;224;0.5;0.5;58;103;0.4795082;232;237.5243;223.6117;2
9559;96;224;0.5;0.5;59;102;0.4957627;233;236.9608;222.5098;1
9560;96;224;0.5;0.5;60;104;0.491453;230;235.8462;222.9519;3
9561;96;224;0.5;0.5;61;101;0.4628821;245;237.6634;222.7525;0
9562;96;224;0.5;0.5;62;101;0.48;261;235.2079;221.9307;0
9563;96;224;0.5;0.5;63;101;0.4823009;238;239.0099;222.703;0
9564;96;224;0.5;0.5;64;105;0.4959016;244;236.3143;222.9714;4
9565;96;224;0.5;0.5;65;104;0.4813084;232;236.9519;222.8846;3
9566;96;224;0.5;0.5;66;102;0.5020243;242;238.0784;223.6275;1
9567;96;224;0.5;0.5;67;102;0.3931624;250;235.5784;222.7353;1
9568;96;224;0.5;0.5;68;104;0.5222672;235;237.7019;222.7115;3
9569;96;224;0.5;0.5;69;103;0.5462963;238;237.5243;223.4369;2
9570;96;224;0.5;0.5;70;107;0.4776786;257;235.6355;222.7196;6
9571;96;224;0.5;0.5;71;101;0.4586777;248;237.7129;222.9802;0
9572;96;224;0.5;0.5;72;101;0.474359;209;237.8317;222.8317;0
9573;96;224;0.5;0.5;73;103;0.4491525;246;236.0583;223.2621;2
9574;96;224;0.5;0.5;74;102;0.5;273;239.1471;223.3235;1
9575;96;224;0.5;0.5;75;101;0.5431034;242;235.2574;222.4257;0
9576;96;224;0.5;0.5;76;102;0.5111111;243;236.6373;221.3725;1
9577;96;224;0.5;0.5;77;102;0.4695652;233;235.2843;222.3431;1
9578;96;224;0.5;0.5;78;101;0.5465587;225;237.5446;222.4752;0
9579;96;224;0.5;0.5;79;102;0.501992;229;236.2059;222.4706;1
9580;96;224;0.5;0.5;80;102;0.5155556;255;236.2843;223.1471;1
9581;96;224;0.5;0.5;81;104;0.4934498;257;239.3846;222.5769;3
9582;96;224;0.5;0.5;82;101;0.4691358;218;237.2871;222.2079;0
9583;96;224;0.5;0.5;83;104;0.4747899;245;237.7596;222.9423;3
9584;96;224;0.5;0.5;84;101;0.4977974;226;235.7723;222.3168;0
9585;96;224;0.5;0.5;85;101;0.4612245;234;236.9505;222.5743;0
9586;96;224;0.5;0.5;86;101;0.5039062;242;236.4356;222.2178;0
9587;96;224;0.5;0.5;87;101;0.5;248;237.3762;222.5842;0
9588;96;224;0.5;0.5;88;102;0.5289575;214;236.5392;222.4118;1
9589;96;224;0.5;0.5;89;101;0.4912281;230;236.9505;223.0891;0
9590;96;224;0.5;0.5;90;102;0.4831933;233;236.6078;222.4216;1
9591;96;224;0.5;0.5;91;101;0.4879032;239;235.5347;222.9505;0
9592;96;224;0.5;0.5;92;102;0.5407725;216;237.1078;223;1
9593;96;224;0.5;0.5;93;101;0.5258216;249;237.2277;223.0495;0
9594;96;224;0.5;0.5;94;103;0.5243902;223;235.6893;222.2913;2
9595;96;224;0.5;0.5;95;102;0.5075377;258;236.5882;222.1569;1
9596;96;224;0.5;0.5;96;104;0.5474138;229;236.5385;223.3846;3
9597;96;224;0.5;0.5;97;101;0.4769231;241;236.1881;222.4554;0
9598;96;224;0.5;0.5;98;102;0.5791855;250;235.5;222.1078;1
9599;96;224;0.5;0.5;99;102;0.4553571;225;235.6373;221.6373;1
9600;96;224;0.5;0.5;100;101;0.4524715;236;236.0693;223.2475;0
9601;97;1;0.6;0.5;1;101;0.5166667;218;236.8416;1;0
9602;97;1;0.6;0.5;2;101;0.4843049;231;236.9208;1;0
9603;97;1;0.6;0.5;3;101;0.4978355;249;236.8812;1;0
9604;97;1;0.6;0.5;4;109;0.4820717;249;236.4037;1;8
9605;97;1;0.6;0.5;5;110;0.4520548;232;236.1545;1;9
9606;97;1;0.6;0.5;6;105;0.4940239;244;236.1905;1;4
9607;97;1;0.6;0.5;7;101;0.4977974;260;236.8218;1;0
9608;97;1;0.6;0.5;8;101;0.4820717;224;237.0693;1;0
9609;97;1;0.6;0.5;9;101;0.4772727;227;236.3762;1;0
9610;97;1;0.6;0.5;10;101;0.515873;245;237.5644;1;0
9611;97;1;0.6;0.5;11;101;0.5550847;238;237.7723;1;0
9612;97;1;0.6;0.5;12;105;0.5203252;240;237.7333;1;4
9613;97;1;0.6;0.5;13;106;0.525641;243;236.4151;1;5
9614;97;1;0.6;0.5;14;102;0.4912281;264;237.5784;1;1
9615;97;1;0.6;0.5;15;101;0.472103;243;236.3762;1;0
9616;97;1;0.6;0.5;16;102;0.4674797;231;237.598;1;1
9617;97;1;0.6;0.5;17;101;0.5255814;222;236.6634;1;0
9618;97;1;0.6;0.5;18;101;0.487395;273;238.5149;1;0
9619;97;1;0.6;0.5;19;101;0.5086207;241;235.8713;1;0
9620;97;1;0.6;0.5;20;103;0.4912281;238;236.7184;1;2
9621;97;1;0.6;0.5;21;101;0.5435685;227;236.6535;1;0
9622;97;1;0.6;0.5;22;101;0.4806867;234;236.8614;1;0
9623;97;1;0.6;0.5;23;103;0.468;253;234.4369;1;2
9624;97;1;0.6;0.5;24;101;0.5211864;217;235.5743;1;0
9625;97;1;0.6;0.5;25;102;0.5668016;232;236.9706;1;1
9626;97;1;0.6;0.5;26;101;0.45;248;236.2277;1;0
9627;97;1;0.6;0.5;27;101;0.5069767;244;236.8515;1;0
9628;97;1;0.6;0.5;28;101;0.5145228;240;235.9802;1;0
9629;97;1;0.6;0.5;29;105;0.4684685;213;235.8571;1;4
9630;97;1;0.6;0.5;30;102;0.4871795;233;237.1471;1;1
9631;97;1;0.6;0.5;31;106;0.4467213;212;238.7642;1;5
9632;97;1;0.6;0.5;32;102;0.534413;230;236.7255;1;1
9633;97;1;0.6;0.5;33;101;0.526749;226;237.4158;1;0
9634;97;1;0.6;0.5;34;101;0.5125;251;236.3663;1;0
9635;97;1;0.6;0.5;35;101;0.4594595;237;235.802;1;0
9636;97;1;0.6;0.5;36;101;0.5219298;246;238.3861;1;0
9637;97;1;0.6;0.5;37;101;0.5529954;240;236.6238;1;0
9638;97;1;0.6;0.5;38;101;0.510917;239;236.4356;1;0
9639;97;1;0.6;0.5;39;101;0.4718615;230;238.9703;1;0
9640;97;1;0.6;0.5;40;102;0.5177866;238;236.6863;1;1
9641;97;1;0.6;0.5;41;101;0.489083;265;237.5842;1;0
9642;97;1;0.6;0.5;42;101;0.4938272;238;239.099;1;0
9643;97;1;0.6;0.5;43;102;0.4918033;224;235.0196;1;1
9644;97;1;0.6;0.5;44;102;0.5365854;228;236.9706;1;1
9645;97;1;0.6;0.5;45;101;0.5142857;232;236.7228;1;0
9646;97;1;0.6;0.5;46;101;0.5517241;247;236.6733;1;0
9647;97;1;0.6;0.5;47;101;0.488;230;235.0792;1;0
9648;97;1;0.6;0.5;48;101;0.5067873;241;237.1485;1;0
9649;97;1;0.6;0.5;49;101;0.5043103;226;236.7525;1;0
9650;97;1;0.6;0.5;50;101;0.5394737;246;237.9109;1;0
9651;97;1;0.6;0.5;51;101;0.5119048;246;238.396;1;0
9652;97;1;0.6;0.5;52;101;0.5514403;230;235.7228;1;0
9653;97;1;0.6;0.5;53;101;0.525641;247;238.0891;1;0
9654;97;1;0.6;0.5;54;101;0.4752066;231;236.4356;1;0
9655;97;1;0.6;0.5;55;103;0.5145228;228;236.6505;1;2
9656;97;1;0.6;0.5;56;101;0.4958333;230;236.4356;1;0
9657;97;1;0.6;0.5;57;105;0.5;240;236.9238;1;4
9658;97;1;0.6;0.5;58;102;0.4725738;237;235.3137;1;1
9659;97;1;0.6;0.5;59;102;0.486166;237;236.8824;1;1
9660;97;1;0.6;0.5;60;102;0.5288889;245;236.4804;1;1
9661;97;1;0.6;0.5;61;103;0.4424779;226;235.534;1;2
9662;97;1;0.6;0.5;62;103;0.4915254;246;235.8641;1;2
9663;97;1;0.6;0.5;63;102;0.5148936;262;237.6078;1;1
9664;97;1;0.6;0.5;64;103;0.4832536;233;236.9903;1;2
9665;97;1;0.6;0.5;65;103;0.5059761;223;236.0485;1;2
9666;97;1;0.6;0.5;66;107;0.5068493;231;235.0561;1;6
9667;97;1;0.6;0.5;67;101;0.5322581;225;236.2772;1;0
9668;97;1;0.6;0.5;68;101;0.5;261;239.5842;1;0
9669;97;1;0.6;0.5;69;101;0.4817518;237;237.9307;1;0
9670;97;1;0.6;0.5;70;104;0.5061728;214;237.5096;1;3
9671;97;1;0.6;0.5;71;104;0.483871;239;235.9519;1;3
9672;97;1;0.6;0.5;72;105;0.4537815;262;236.9238;1;4
9673;97;1;0.6;0.5;73;103;0.5089286;221;235.6117;1;2
9674;97;1;0.6;0.5;74;104;0.4813084;240;238.3942;1;3
9675;97;1;0.6;0.5;75;102;0.5521739;230;236.9706;1;1
9676;97;1;0.6;0.5;76;105;0.4957627;224;237.5048;1;4
9677;97;1;0.6;0.5;77;101;0.534188;221;236.8119;1;0
9678;97;1;0.6;0.5;78;101;0.4957627;237;235.2178;1;0
9679;97;1;0.6;0.5;79;101;0.560166;247;237.5347;1;0
9680;97;1;0.6;0.5;80;101;0.4493927;243;234.5941;1;0
9681;97;1;0.6;0.5;81;101;0.52;222;235.4851;1;0
9682;97;1;0.6;0.5;82;104;0.5180723;243;237.2308;1;3
9683;97;1;0.6;0.5;83;101;0.507874;234;237.5248;1;0
9684;97;1;0.6;0.5;84;103;0.5111111;233;237.4175;1;2
9685;97;1;0.6;0.5;85;101;0.5193798;218;236.9208;1;0
9686;97;1;0.6;0.5;86;101;0.4672131;217;237.3762;1;0
9687;97;1;0.6;0.5;87;102;0.4377682;232;236.5196;1;1
9688;97;1;0.6;0.5;88;101;0.510917;236;236.9505;1;0
9689;97;1;0.6;0.5;89;104;0.4910714;236;236.1923;1;3
9690;97;1;0.6;0.5;90;101;0.5272727;232;235.1485;1;0
9691;97;1;0.6;0.5;91;101;0.5299145;250;238.8317;1;0
9692;97;1;0.6;0.5;92;102;0.4794007;263;235.6765;1;1
9693;97;1;0.6;0.5;93;102;0.4869565;252;236.3725;1;1
9694;97;1;0.6;0.5;94;102;0.4778761;229;235.6078;1;1
9695;97;1;0.6;0.5;95;101;0.4242424;224;236.5446;1;0
9696;97;1;0.6;0.5;96;101;0.5466667;225;236.6337;1;0
9697;97;1;0.6;0.5;97;101;0.515873;234;234.495;1;0
9698;97;1;0.6;0.5;98;101;0.5375494;237;236.9802;1;0
9699;97;1;0.6;0.5;99;101;0.4615385;231;236.5248;1;0
9700;97;1;0.6;0.5;100;101;0.5121951;234;235.5446;1;0
9701;98;3;0.6;0.5;1;103;0.4576271;232;237.3883;3;2
9702;98;3;0.6;0.5;2;101;0.5146444;247;236.4554;3;0
9703;98;3;0.6;0.5;3;106;0.5198238;242;236.6981;3;5
9704;98;3;0.6;0.5;4;103;0.5639098;235;236.4272;3;2
9705;98;3;0.6;0.5;5;104;0.4915966;241;237.7692;3;3
9706;98;3;0.6;0.5;6;103;0.5093458;250;236.8641;3;2
9707;98;3;0.6;0.5;7;105;0.5067873;249;235.6952;3;4
9708;98;3;0.6;0.5;8;105;0.4349593;241;236.6381;3;4
9709;98;3;0.6;0.5;9;101;0.5555556;232;236.1683;3;0
9710;98;3;0.6;0.5;10;102;0.4979079;207;236.3824;3;1
9711;98;3;0.6;0.5;11;103;0.5291829;229;234.7961;3;2
9712;98;3;0.6;0.5;12;101;0.5;227;237.6238;3;0
9713;98;3;0.6;0.5;13;102;0.4932735;258;237;3;1
9714;98;3;0.6;0.5;14;101;0.529661;232;238.396;3;0
9715;98;3;0.6;0.5;15;101;0.5514403;227;237.297;3;0
9716;98;3;0.6;0.5;16;101;0.4957983;251;236.7723;3;0
9717;98;3;0.6;0.5;17;105;0.464135;232;237.4667;3;4
9718;98;3;0.6;0.5;18;101;0.4957265;246;237.9208;3;0
9719;98;3;0.6;0.5;19;102;0.4833333;230;237.1961;3;1
9720;98;3;0.6;0.5;20;102;0.5708333;231;238.7843;3;1
9721;98;3;0.6;0.5;21;101;0.4615385;260;237.5545;3;0
9722;98;3;0.6;0.5;22;102;0.5099602;218;236;3;1
9723;98;3;0.6;0.5;23;102;0.5357143;245;236.4608;3;1
9724;98;3;0.6;0.5;24;101;0.4574899;231;237.6337;3;0
9725;98;3;0.6;0.5;25;102;0.4897959;237;237.0882;3;1
9726;98;3;0.6;0.5;26;101;0.5343511;222;238.1683;3;0
9727;98;3;0.6;0.5;27;101;0.5391705;246;237.3861;3;0
9728;98;3;0.6;0.5;28;101;0.4844444;224;235.0396;3;0
9729;98;3;0.6;0.5;29;102;0.5151515;248;236.3431;3;1
9730;98;3;0.6;0.5;30;101;0.4772727;247;237.9802;3;0
9731;98;3;0.6;0.5;31;101;0.5614754;254;237.1188;3;0
9732;98;3;0.6;0.5;32;102;0.5209302;268;237.8922;3;1
9733;98;3;0.6;0.5;33;102;0.5207547;214;235.7745;3;1
9734;98;3;0.6;0.5;34;101;0.4641509;210;236.495;3;0
9735;98;3;0.6;0.5;35;101;0.5163934;227;235.495;3;0
9736;98;3;0.6;0.5;36;101;0.5462185;242;237.1683;3;0
9737;98;3;0.6;0.5;37;101;0.4462151;251;237.7921;3;0
9738;98;3;0.6;0.5;38;101;0.4979424;242;237.5644;3;0
9739;98;3;0.6;0.5;39;101;0.5086207;220;235.8119;3;0
9740;98;3;0.6;0.5;40;101;0.4902724;253;238.5941;3;0
9741;98;3;0.6;0.5;41;102;0.5650407;236;239.1078;3;1
9742;98;3;0.6;0.5;42;101;0.5349794;236;235.5842;3;0
9743;98;3;0.6;0.5;43;103;0.5247148;227;237.4951;3;2
9744;98;3;0.6;0.5;44;101;0.5020921;246;237.5248;3;0
9745;98;3;0.6;0.5;45;102;0.5388128;239;236.902;3;1
9746;98;3;0.6;0.5;46;101;0.5604839;251;237.5248;3;0
9747;98;3;0.6;0.5;47;101;0.5135135;239;235.505;3;0
9748;98;3;0.6;0.5;48;106;0.5282258;248;237.2264;3;5
9749;98;3;0.6;0.5;49;102;0.552;250;238.0588;3;1
9750;98;3;0.6;0.5;50;101;0.5255814;257;236.9604;3;0
9751;98;3;0.6;0.5;51;101;0.5433071;221;234.9901;3;0
9752;98;3;0.6;0.5;52;103;0.5022624;232;234.5728;3;2
9753;98;3;0.6;0.5;53;101;0.5045045;223;237.3762;3;0
9754;98;3;0.6;0.5;54;102;0.4776119;242;239.1961;3;1
9755;98;3;0.6;0.5;55;104;0.4471545;250;236.2019;3;3
9756;98;3;0.6;0.5;56;103;0.5022831;261;238.1165;3;2
9757;98;3;0.6;0.5;57;102;0.529661;235;236.4118;3;1
9758;98;3;0.6;0.5;58;103;0.4977778;225;236.6699;3;2
9759;98;3;0.6;0.5;59;101;0.5276596;248;237.8515;3;0
9760;98;3;0.6;0.5;60;101;0.473029;230;236.8416;3;0
9761;98;3;0.6;0.5;61;102;0.4900398;235;236.0686;3;1
9762;98;3;0.6;0.5;62;102;0.4648438;231;236.8529;3;1
9763;98;3;0.6;0.5;63;101;0.5271318;215;237.2871;3;0
9764;98;3;0.6;0.5;64;101;0.4177215;227;236.6535;3;0
9765;98;3;0.6;0.5;65;101;0.5579399;251;235.9406;3;0
9766;98;3;0.6;0.5;66;105;0.4497817;223;236.7905;3;4
9767;98;3;0.6;0.5;67;101;0.4611872;262;238.1683;3;0
9768;98;3;0.6;0.5;68;103;0.4552846;248;235.2427;3;2
9769;98;3;0.6;0.5;69;103;0.4909091;252;236.0874;3;2
9770;98;3;0.6;0.5;70;101;0.4690265;233;236.2871;3;0
9771;98;3;0.6;0.5;71;104;0.5081967;240;237.1442;3;3
9772;98;3;0.6;0.5;72;102;0.55;244;236.4706;3;1
9773;98;3;0.6;0.5;73;102;0.5458515;259;235.1176;3;1
9774;98;3;0.6;0.5;74;101;0.5375;228;236.604;3;0
9775;98;3;0.6;0.5;75;102;0.4590164;229;236.4216;3;1
9776;98;3;0.6;0.5;76;103;0.517094;271;235.7767;3;2
9777;98;3;0.6;0.5;77;101;0.4814815;234;235.505;3;0
9778;98;3;0.6;0.5;78;101;0.5155556;243;236.099;3;0
9779;98;3;0.6;0.5;79;106;0.5116279;234;235.2925;3;5
9780;98;3;0.6;0.5;80;101;0.4208333;230;235.9604;3;0
9781;98;3;0.6;0.5;81;101;0.48;237;237.604;3;0
9782;98;3;0.6;0.5;82;101;0.498008;228;236.8911;3;0
9783;98;3;0.6;0.5;83;102;0.5041667;224;233.7549;3;1
9784;98;3;0.6;0.5;84;101;0.4713115;237;236.4554;3;0
9785;98;3;0.6;0.5;85;101;0.5394191;230;237.3663;3;0
9786;98;3;0.6;0.5;86;102;0.5064935;231;236.9804;3;1
9787;98;3;0.6;0.5;87;103;0.5470852;267;236.1262;3;2
9788;98;3;0.6;0.5;88;101;0.5162602;227;238.4851;3;0
9789;98;3;0.6;0.5;89;101;0.4606299;229;235.8317;3;0
9790;98;3;0.6;0.5;90;102;0.503876;201;237.5784;3;1
9791;98;3;0.6;0.5;91;102;0.4854772;251;236.9118;3;1
9792;98;3;0.6;0.5;92;103;0.4761905;250;237.068;3;2
9793;98;3;0.6;0.5;93;101;0.4936709;207;237.1485;3;0
9794;98;3;0.6;0.5;94;101;0.4921875;240;235.6139;3;0
9795;98;3;0.6;0.5;95;106;0.5330396;246;236.2547;3;5
9796;98;3;0.6;0.5;96;101;0.5122951;244;238.7624;3;0
9797;98;3;0.6;0.5;97;101;0.534188;231;237.8515;3;0
9798;98;3;0.6;0.5;98;101;0.5023474;249;236.6139;3;0
9799;98;3;0.6;0.5;99;102;0.4472574;247;236.7059;3;1
9800;98;3;0.6;0.5;100;101;0.5682819;224;236.9109;3;0
9801;99;5;0.6;0.5;1;102;0.4937238;238;235.9902;5;1
9802;99;5;0.6;0.5;2;105;0.5185185;233;237.581;5;4
9803;99;5;0.6;0.5;3;101;0.4938776;236;237.5545;5;0
9804;99;5;0.6;0.5;4;101;0.555102;251;236.099;5;0
9805;99;5;0.6;0.5;5;102;0.4272727;229;235.1765;5;1
9806;99;5;0.6;0.5;6;102;0.4979253;216;235.7647;5;1
9807;99;5;0.6;0.5;7;101;0.5081967;216;237.3267;5;0
9808;99;5;0.6;0.5;8;102;0.474359;243;237.5392;5;1
9809;99;5;0.6;0.5;9;106;0.5661157;232;237.4434;5;5
9810;99;5;0.6;0.5;10;103;0.4351464;234;235.5534;5;2
9811;99;5;0.6;0.5;11;101;0.5;246;237.9505;5;0
9812;99;5;0.6;0.5;12;104;0.4826255;215;236.4038;5;3
9813;99;5;0.6;0.5;13;102;0.5135135;243;235.9314;5;1
9814;99;5;0.6;0.5;14;103;0.5222672;223;236.9515;5;2
9815;99;5;0.6;0.5;15;101;0.4879032;209;237.0099;5;0
9816;99;5;0.6;0.5;16;101;0.5058824;225;237.8614;5;0
9817;99;5;0.6;0.5;17;101;0.5020921;220;236.0792;5;0
9818;99;5;0.6;0.5;18;102;0.4449339;255;235.9706;5;1
9819;99;5;0.6;0.5;19;101;0.4789916;254;237.6634;5;0
9820;99;5;0.6;0.5;20;102;0.4833333;219;236.3627;5;1
9821;99;5;0.6;0.5;21;108;0.5304348;232;238.2315;5;7
9822;99;5;0.6;0.5;22;101;0.5066667;239;235.3069;5;0
9823;99;5;0.6;0.5;23;102;0.4977778;243;236.9902;5;1
9824;99;5;0.6;0.5;24;104;0.5084034;254;237.5096;5;3
9825;99;5;0.6;0.5;25;103;0.4722222;226;236.4369;5;2
9826;99;5;0.6;0.5;26;102;0.5333333;223;237.3039;5;1
9827;99;5;0.6;0.5;27;101;0.5083333;234;234.6931;5;0
9828;99;5;0.6;0.5;28;105;0.4557522;249;237.3048;5;4
9829;99;5;0.6;0.5;29;101;0.4940711;236;235.8614;5;0
9830;99;5;0.6;0.5;30;101;0.5152672;215;236.1188;5;0
9831;99;5;0.6;0.5;31;101;0.5121951;232;235.198;5;0
9832;99;5;0.6;0.5;32;101;0.4666667;251;237.2772;5;0
9833;99;5;0.6;0.5;33;101;0.4395161;223;238.2574;5;0
9834;99;5;0.6;0.5;34;103;0.4621514;218;238.0971;5;2
9835;99;5;0.6;0.5;35;102;0.4864865;251;236.549;5;1
9836;99;5;0.6;0.5;36;101;0.490566;231;235.6139;5;0
9837;99;5;0.6;0.5;37;101;0.4893617;238;236.7327;5;0
9838;99;5;0.6;0.5;38;101;0.5;235;238.2178;5;0
9839;99;5;0.6;0.5;39;101;0.4514768;241;236.3663;5;0
9840;99;5;0.6;0.5;40;101;0.5524194;229;236.1386;5;0
9841;99;5;0.6;0.5;41;103;0.4705882;228;237.2233;5;2
9842;99;5;0.6;0.5;42;101;0.4771784;225;234.1287;5;0
9843;99;5;0.6;0.5;43;105;0.474359;200;239.0095;5;4
9844;99;5;0.6;0.5;44;101;0.4979757;248;236.1386;5;0
9845;99;5;0.6;0.5;45;101;0.5084034;259;236.1485;5;0
9846;99;5;0.6;0.5;46;101;0.5805085;242;235.5644;5;0
9847;99;5;0.6;0.5;47;102;0.4803493;212;236.7745;5;1
9848;99;5;0.6;0.5;48;103;0.4980843;222;237.6602;5;2
9849;99;5;0.6;0.5;49;102;0.484;236;234.9118;5;1
9850;99;5;0.6;0.5;50;103;0.5084034;242;235.699;5;2
9851;99;5;0.6;0.5;51;101;0.5438596;250;237.1881;5;0
9852;99;5;0.6;0.5;52;101;0.4672897;241;239.604;5;0
9853;99;5;0.6;0.5;53;101;0.5130435;249;238.3762;5;0
9854;99;5;0.6;0.5;54;102;0.5595238;218;235.7255;5;1
9855;99;5;0.6;0.5;55;101;0.5189873;253;235.802;5;0
9856;99;5;0.6;0.5;56;103;0.5414847;224;234.699;5;2
9857;99;5;0.6;0.5;57;102;0.5221239;212;234.2353;5;1
9858;99;5;0.6;0.5;58;101;0.4677419;219;238.1089;5;0
9859;99;5;0.6;0.5;59;101;0.4497992;246;235.8218;5;0
9860;99;5;0.6;0.5;60;103;0.5064935;236;235.3398;5;2
9861;99;5;0.6;0.5;61;101;0.4309623;231;237.7723;5;0
9862;99;5;0.6;0.5;62;101;0.5582329;206;238.9208;5;0
9863;99;5;0.6;0.5;63;101;0.5591837;253;236.3663;5;0
9864;99;5;0.6;0.5;64;101;0.4779116;233;235.0198;5;0
9865;99;5;0.6;0.5;65;104;0.5431034;236;236.2212;5;3
9866;99;5;0.6;0.5;66;102;0.4978723;244;235.4314;5;1
9867;99;5;0.6;0.5;67;101;0.5;234;237.099;5;0
9868;99;5;0.6;0.5;68;102;0.4521739;252;238.7353;5;1
9869;99;5;0.6;0.5;69;102;0.4899598;228;237.2843;5;1
9870;99;5;0.6;0.5;70;101;0.4824561;244;237.1485;5;0
9871;99;5;0.6;0.5;71;102;0.4579832;248;237.6471;5;1
9872;99;5;0.6;0.5;72;101;0.5355649;258;237.4158;5;0
9873;99;5;0.6;0.5;73;102;0.4678112;229;236.9804;5;1
9874;99;5;0.6;0.5;74;102;0.463964;238;237.6765;5;1
9875;99;5;0.6;0.5;75;104;0.5258964;244;236.4904;5;3
9876;99;5;0.6;0.5;76;102;0.4215247;218;237.5098;5;1
9877;99;5;0.6;0.5;77;102;0.4871795;238;237.049;5;1
9878;99;5;0.6;0.5;78;101;0.4854772;233;233.9208;5;0
9879;99;5;0.6;0.5;79;104;0.4935065;260;236.5288;5;3
9880;99;5;0.6;0.5;80;102;0.5084746;251;236.8137;5;1
9881;99;5;0.6;0.5;81;101;0.5564854;239;235.0495;5;0
9882;99;5;0.6;0.5;82;101;0.4618321;229;236.1782;5;0
9883;99;5;0.6;0.5;83;102;0.4291498;232;235.5098;5;1
9884;99;5;0.6;0.5;84;101;0.4672489;224;234.9208;5;0
9885;99;5;0.6;0.5;85;101;0.4789916;257;238.6337;5;0
9886;99;5;0.6;0.5;86;101;0.4661355;246;236;5;0
9887;99;5;0.6;0.5;87;105;0.5075188;230;235.8571;5;4
9888;99;5;0.6;0.5;88;102;0.4852321;237;236.4314;5;1
9889;99;5;0.6;0.5;89;102;0.5676856;235;236.4314;5;1
9890;99;5;0.6;0.5;90;104;0.4930876;246;237.7981;5;3
9891;99;5;0.6;0.5;91;101;0.5669291;239;238.0396;5;0
9892;99;5;0.6;0.5;92;103;0.5294118;221;233.5534;5;2
9893;99;5;0.6;0.5;93;102;0.4741379;235;236.2157;5;1
9894;99;5;0.6;0.5;94;102;0.5042017;229;235.098;5;1
9895;99;5;0.6;0.5;95;101;0.5371901;234;236.9109;5;0
9896;99;5;0.6;0.5;96;101;0.448;211;234.3564;5;0
9897;99;5;0.6;0.5;97;102;0.529148;229;237.4608;5;1
9898;99;5;0.6;0.5;98;107;0.5592593;243;237.6916;5;6
9899;99;5;0.6;0.5;99;101;0.4609053;253;237.5842;5;0
9900;99;5;0.6;0.5;100;101;0.4821429;214;236.1287;5;0
9901;100;7;0.6;0.5;1;101;0.5020243;232;237.4455;7;0
9902;100;7;0.6;0.5;2;102;0.48;217;237.6373;7;1
9903;100;7;0.6;0.5;3;103;0.4801762;237;234.9612;7;2
9904;100;7;0.6;0.5;4;101;0.4666667;254;237.4356;7;0
9905;100;7;0.6;0.5;5;101;0.4977778;269;235.9901;7;0
9906;100;7;0.6;0.5;6;101;0.4977169;249;237.3861;7;0
9907;100;7;0.6;0.5;7;101;0.5517241;242;237.703;7;0
9908;100;7;0.6;0.5;8;101;0.510917;250;237.6733;7;0
9909;100;7;0.6;0.5;9;102;0.5136364;242;236.0882;7;1
9910;100;7;0.6;0.5;10;101;0.5116279;255;235.8812;7;0
9911;100;7;0.6;0.5;11;103;0.5252101;245;236.8058;7;2
9912;100;7;0.6;0.5;12;101;0.5431034;264;237.1881;7;0
9913;100;7;0.6;0.5;13;101;0.4568966;220;236.3663;7;0
9914;100;7;0.6;0.5;14;103;0.4910714;239;236.3981;7;2
9915;100;7;0.6;0.5;15;101;0.4679245;224;237.5149;7;0
9916;100;7;0.6;0.5;16;101;0.4366812;231;235.4257;7;0
9917;100;7;0.6;0.5;17;103;0.4977778;249;235.6796;7;2
9918;100;7;0.6;0.5;18;104;0.5246637;238;237.8365;7;3
9919;100;7;0.6;0.5;19;101;0.4502165;245;236.1089;7;0
9920;100;7;0.6;0.5;20;101;0.5190476;250;236.9802;7;0
9921;100;7;0.6;0.5;21;101;0.5154185;259;238.0594;7;0
9922;100;7;0.6;0.5;22;101;0.510917;244;238.1584;7;0
9923;100;7;0.6;0.5;23;101;0.4895397;247;238.6238;7;0
9924;100;7;0.6;0.5;24;102;0.4915254;227;236.8333;7;1
9925;100;7;0.6;0.5;25;104;0.546729;268;239.3269;7;3
9926;100;7;0.6;0.5;26;101;0.4738956;231;237.4752;7;0
9927;100;7;0.6;0.5;27;106;0.5265152;218;235.7736;7;5
9928;100;7;0.6;0.5;28;101;0.4703557;219;236.5644;7;0
9929;100;7;0.6;0.5;29;101;0.4978541;229;237.3564;7;0
9930;100;7;0.6;0.5;30;101;0.5062241;259;236.3168;7;0
9931;100;7;0.6;0.5;31;101;0.5436508;218;235.4455;7;0
9932;100;7;0.6;0.5;32;101;0.4896266;230;236.604;7;0
9933;100;7;0.6;0.5;33;102;0.5113122;241;235.8039;7;1
9934;100;7;0.6;0.5;34;104;0.4674797;211;237.1154;7;3
9935;100;7;0.6;0.5;35;101;0.5;237;237.505;7;0
9936;100;7;0.6;0.5;36;101;0.4588745;227;236.0693;7;0
9937;100;7;0.6;0.5;37;101;0.4896266;232;235.3168;7;0
9938;100;7;0.6;0.5;38;101;0.487069;241;236.9505;7;0
9939;100;7;0.6;0.5;39;101;0.4353448;219;235.7525;7;0
9940;100;7;0.6;0.5;40;101;0.5381526;236;236.2871;7;0
9941;100;7;0.6;0.5;41;105;0.4743083;235;235.0381;7;4
9942;100;7;0.6;0.5;42;101;0.4497992;267;236.2178;7;0
9943;100;7;0.6;0.5;43;103;0.5260664;242;235.9029;7;2
9944;100;7;0.6;0.5;44;104;0.4978903;231;237.8846;7;3
9945;100;7;0.6;0.5;45;102;0.525;240;236.5;7;1
9946;100;7;0.6;0.5;46;101;0.4692982;245;236.4653;7;0
9947;100;7;0.6;0.5;47;103;0.4694836;247;236.6602;7;2
9948;100;7;0.6;0.5;48;102;0.5158371;263;236.1078;7;1
9949;100;7;0.6;0.5;49;102;0.4959016;230;236.6863;7;1
9950;100;7;0.6;0.5;50;104;0.4821429;216;235.3654;7;3
9951;100;7;0.6;0.5;51;103;0.5065502;214;238.5243;7;2
9952;100;7;0.6;0.5;52;102;0.4770318;212;237.7451;7;1
9953;100;7;0.6;0.5;53;101;0.5186567;199;237.1485;7;0
9954;100;7;0.6;0.5;54;104;0.5299145;224;236.0577;7;3
9955;100;7;0.6;0.5;55;101;0.4938272;244;235.7129;7;0
9956;100;7;0.6;0.5;56;104;0.5043103;264;237.6538;7;3
9957;100;7;0.6;0.5;57;102;0.5021277;244;236.7843;7;1
9958;100;7;0.6;0.5;58;103;0.56;230;237.0194;7;2
9959;100;7;0.6;0.5;59;101;0.4871795;222;232.8812;7;0
9960;100;7;0.6;0.5;60;102;0.5125;234;236.8137;7;1
9961;100;7;0.6;0.5;61;101;0.5317073;220;236.5446;7;0
9962;100;7;0.6;0.5;62;102;0.536965;236;236.6667;7;1
9963;100;7;0.6;0.5;63;103;0.4959677;236;236.4272;7;2
9964;100;7;0.6;0.5;64;103;0.4824561;230;235.3883;7;2
9965;100;7;0.6;0.5;65;105;0.4936709;221;237;7;4
9966;100;7;0.6;0.5;66;103;0.4811715;225;237.3301;7;2
9967;100;7;0.6;0.5;67;101;0.4369369;245;238.0099;7;0
9968;100;7;0.6;0.5;68;104;0.5307018;275;236.8365;7;3
9969;100;7;0.6;0.5;69;101;0.5423729;230;235.6733;7;0
9970;100;7;0.6;0.5;70;101;0.5256917;249;237.4653;7;0
9971;100;7;0.6;0.5;71;101;0.5675676;212;237.0891;7;0
9972;100;7;0.6;0.5;72;101;0.5242718;211;236.9703;7;0
9973;100;7;0.6;0.5;73;101;0.5378151;221;235.3663;7;0
9974;100;7;0.6;0.5;74;103;0.5121951;229;236.8835;7;2
9975;100;7;0.6;0.5;75;101;0.460251;224;237.3069;7;0
9976;100;7;0.6;0.5;76;102;0.5022624;244;237.6667;7;1
9977;100;7;0.6;0.5;77;107;0.4767932;213;235.9252;7;6
9978;100;7;0.6;0.5;78;101;0.4349593;268;236.3465;7;0
9979;100;7;0.6;0.5;79;104;0.4863813;240;236.5673;7;3
9980;100;7;0.6;0.5;80;102;0.5227273;239;236.9706;7;1
9981;100;7;0.6;0.5;81;101;0.4886878;235;237.0891;7;0
9982;100;7;0.6;0.5;82;101;0.5338983;226;236.7624;7;0
9983;100;7;0.6;0.5;83;101;0.4308943;247;238.0594;7;0
9984;100;7;0.6;0.5;84;101;0.5423729;242;237.8812;7;0
9985;100;7;0.6;0.5;85;104;0.5062241;235;235.3558;7;3
9986;100;7;0.6;0.5;86;101;0.5019608;232;236.6535;7;0
9987;100;7;0.6;0.5;87;106;0.5215517;237;238.5377;7;5
9988;100;7;0.6;0.5;88;103;0.5573123;225;237.932;7;2
9989;100;7;0.6;0.5;89;102;0.5377358;227;237.7647;7;1
9990;100;7;0.6;0.5;90;103;0.5191489;236;236.4854;7;2
9991;100;7;0.6;0.5;91;101;0.489083;226;237.2475;7;0
9992;100;7;0.6;0.5;92;108;0.5569106;233;236.2685;7;7
9993;100;7;0.6;0.5;93;103;0.5210084;244;236.8155;7;2
9994;100;7;0.6;0.5;94;101;0.5069767;247;238.1188;7;0
9995;100;7;0.6;0.5;95;101;0.5280899;241;238.1188;7;0
9996;100;7;0.6;0.5;96;102;0.4780876;244;236.6667;7;1
9997;100;7;0.6;0.5;97;101;0.4701195;220;236.0693;7;0
9998;100;7;0.6;0.5;98;101;0.5670498;225;237.0198;7;0
9999;100;7;0.6;0.5;99;101;0.4635193;260;235.4158;7;0
10000;100;7;0.6;0.5;100;101;0.4713115;246;236.9406;7;0
10001;101;9;0.6;0.5;1;102;0.5146444;215;237.1667;9;1
10002;101;9;0.6;0.5;2;102;0.5446429;241;236.8333;9;1
10003;101;9;0.6;0.5;3;103;0.5062241;251;236.7379;9;2
10004;101;9;0.6;0.5;4;102;0.4765957;237;236.5882;9;1
10005;101;9;0.6;0.5;5;101;0.3870968;247;238.2871;9;0
10006;101;9;0.6;0.5;6;103;0.5291667;239;237.1845;9;2
10007;101;9;0.6;0.5;7;102;0.5366972;239;237.7157;9;1
10008;101;9;0.6;0.5;8;103;0.5403226;233;238.1553;9;2
10009;101;9;0.6;0.5;9;103;0.4454545;239;234.5534;9;2
10010;101;9;0.6;0.5;10;102;0.4915966;246;236.8922;9;1
10011;101;9;0.6;0.5;11;103;0.472;217;236.3301;9;2
10012;101;9;0.6;0.5;12;101;0.4859438;224;235.6238;9;0
10013;101;9;0.6;0.5;13;101;0.452381;227;237.6733;9;0
10014;101;9;0.6;0.5;14;101;0.544;250;236.1683;9;0
10015;101;9;0.6;0.5;15;101;0.52;246;237.8119;9;0
10016;101;9;0.6;0.5;16;101;0.5021459;219;238.3663;9;0
10017;101;9;0.6;0.5;17;101;0.4730769;230;235.703;9;0
10018;101;9;0.6;0.5;18;101;0.5155556;255;234.5347;9;0
10019;101;9;0.6;0.5;19;105;0.5022222;223;236.4286;9;4
10020;101;9;0.6;0.5;20;102;0.5086957;270;237.4804;9;1
10021;101;9;0.6;0.5;21;101;0.4913793;241;237.7624;9;0
10022;101;9;0.6;0.5;22;102;0.4806202;230;238.549;9;1
10023;101;9;0.6;0.5;23;103;0.4956897;247;237.2039;9;2
10024;101;9;0.6;0.5;24;106;0.5119048;231;236.2358;9;5
10025;101;9;0.6;0.5;25;101;0.512605;238;236.9406;9;0
10026;101;9;0.6;0.5;26;101;0.4713115;236;239.0297;9;0
10027;101;9;0.6;0.5;27;102;0.4978541;242;236.9608;9;1
10028;101;9;0.6;0.5;28;101;0.4520548;218;236.3663;9;0
10029;101;9;0.6;0.5;29;103;0.5;248;237.233;9;2
10030;101;9;0.6;0.5;30;102;0.4725738;242;237.1961;9;1
10031;101;9;0.6;0.5;31;103;0.5175439;237;236.9417;9;2
10032;101;9;0.6;0.5;32;102;0.534188;240;237.1961;9;1
10033;101;9;0.6;0.5;33;101;0.4716157;231;237.9901;9;0
10034;101;9;0.6;0.5;34;102;0.4861111;237;236.1961;9;1
10035;101;9;0.6;0.5;35;101;0.5363636;241;236.4851;9;0
10036;101;9;0.6;0.5;36;104;0.5084034;240;237.2596;9;3
10037;101;9;0.6;0.5;37;102;0.539823;240;236.7549;9;1
10038;101;9;0.6;0.5;38;106;0.4754098;242;238.0094;9;5
10039;101;9;0.6;0.5;39;105;0.5584416;231;237.2381;9;4
10040;101;9;0.6;0.5;40;101;0.4700855;250;236.7723;9;0
10041;101;9;0.6;0.5;41;101;0.4339623;252;235.9505;9;0
10042;101;9;0.6;0.5;42;104;0.4853556;263;237.4423;9;3
10043;101;9;0.6;0.5;43;101;0.5481172;219;236.9802;9;0
10044;101;9;0.6;0.5;44;103;0.5411255;242;237.1359;9;2
10045;101;9;0.6;0.5;45;101;0.5144033;245;235.9604;9;0
10046;101;9;0.6;0.5;46;102;0.4506438;233;233.8824;9;1
10047;101;9;0.6;0.5;47;101;0.5083333;253;238.9406;9;0
10048;101;9;0.6;0.5;48;101;0.4725738;221;236.3762;9;0
10049;101;9;0.6;0.5;49;101;0.5281385;234;237.6832;9;0
10050;101;9;0.6;0.5;50;104;0.468599;235;235.7692;9;3
10051;101;9;0.6;0.5;51;101;0.5233645;233;235.0198;9;0
10052;101;9;0.6;0.5;52;101;0.492;247;235.3168;9;0
10053;101;9;0.6;0.5;53;101;0.5045455;232;237.0396;9;0
10054;101;9;0.6;0.5;54;103;0.5100402;245;238.8447;9;2
10055;101;9;0.6;0.5;55;101;0.4823529;222;236.7921;9;0
10056;101;9;0.6;0.5;56;101;0.5336323;212;238.9208;9;0
10057;101;9;0.6;0.5;57;101;0.5541667;237;235.9604;9;0
10058;101;9;0.6;0.5;58;101;0.5180723;221;238.5149;9;0
10059;101;9;0.6;0.5;59;101;0.5381166;252;237.2772;9;0
10060;101;9;0.6;0.5;60;102;0.5296804;257;236.9118;9;1
10061;101;9;0.6;0.5;61;101;0.5371179;253;235.2079;9;0
10062;101;9;0.6;0.5;62;102;0.4478261;244;238.3529;9;1
10063;101;9;0.6;0.5;63;101;0.4855967;244;233.9802;9;0
10064;101;9;0.6;0.5;64;101;0.4933921;228;235.4851;9;0
10065;101;9;0.6;0.5;65;101;0.5045045;235;236.1485;9;0
10066;101;9;0.6;0.5;66;101;0.5137255;244;235.5743;9;0
10067;101;9;0.6;0.5;67;101;0.4650206;240;237.0198;9;0
10068;101;9;0.6;0.5;68;103;0.5;251;237.0291;9;2
10069;101;9;0.6;0.5;69;105;0.4918033;246;237.9143;9;4
10070;101;9;0.6;0.5;70;102;0.4674797;242;235.2843;9;1
10071;101;9;0.6;0.5;71;101;0.513834;229;237.7426;9;0
10072;101;9;0.6;0.5;72;102;0.5023697;252;236.6373;9;1
10073;101;9;0.6;0.5;73;110;0.5322581;233;235.8909;9;9
10074;101;9;0.6;0.5;74;101;0.563786;225;235.703;9;0
10075;101;9;0.6;0.5;75;103;0.5265487;232;236.233;9;2
10076;101;9;0.6;0.5;76;102;0.504386;242;236.7255;9;1
10077;101;9;0.6;0.5;77;101;0.4663677;235;237.5644;9;0
10078;101;9;0.6;0.5;78;101;0.4333333;232;238.2772;9;0
10079;101;9;0.6;0.5;79;102;0.5426009;236;238.7941;9;1
10080;101;9;0.6;0.5;80;102;0.4716981;220;238.5294;9;1
10081;101;9;0.6;0.5;81;103;0.525641;254;236.0388;9;2
10082;101;9;0.6;0.5;82;101;0.5298805;258;238.3861;9;0
10083;101;9;0.6;0.5;83;101;0.4857143;222;238.7525;9;0
10084;101;9;0.6;0.5;84;104;0.4678112;229;235.6538;9;3
10085;101;9;0.6;0.5;85;101;0.4933333;249;235.0891;9;0
10086;101;9;0.6;0.5;86;102;0.5125;240;236.8529;9;1
10087;101;9;0.6;0.5;87;101;0.5103734;237;237.802;9;0
10088;101;9;0.6;0.5;88;101;0.5234043;263;237.604;9;0
10089;101;9;0.6;0.5;89;104;0.5414847;228;236.2212;9;3
10090;101;9;0.6;0.5;90;101;0.518018;235;238.3366;9;0
10091;101;9;0.6;0.5;91;103;0.4705882;237;237.2816;9;2
10092;101;9;0.6;0.5;92;101;0.4918699;234;236.8812;9;0
10093;101;9;0.6;0.5;93;104;0.5350877;236;235.8846;9;3
10094;101;9;0.6;0.5;94;101;0.5112108;242;235.6139;9;0
10095;101;9;0.6;0.5;95;101;0.5158371;256;236.2178;9;0
10096;101;9;0.6;0.5;96;101;0.5518519;231;236.2871;9;0
10097;101;9;0.6;0.5;97;105;0.4869565;225;236.0476;9;4
10098;101;9;0.6;0.5;98;101;0.5130435;232;236.2079;9;0
10099;101;9;0.6;0.5;99;103;0.4525862;241;235.6311;9;2
10100;101;9;0.6;0.5;100;101;0.5106383;234;235.8515;9;0
10101;102;11;0.6;0.5;1;101;0.503937;254;234.7921;11;0
10102;102;11;0.6;0.5;2;103;0.5367965;253;237.5243;11;2
10103;102;11;0.6;0.5;3;101;0.5289256;234;237.9109;11;0
10104;102;11;0.6;0.5;4;101;0.4884793;237;235.2772;11;0
10105;102;11;0.6;0.5;5;101;0.4493392;235;236.6931;11;0
10106;102;11;0.6;0.5;6;102;0.4741379;231;238.8824;11;1
10107;102;11;0.6;0.5;7;101;0.5020408;239;236.396;11;0
10108;102;11;0.6;0.5;8;102;0.5060241;224;235.5588;11;1
10109;102;11;0.6;0.5;9;103;0.4502165;215;234.9903;11;2
10110;102;11;0.6;0.5;10;101;0.4869565;252;234.8119;11;0
10111;102;11;0.6;0.5;11;104;0.5359712;220;236.8365;11;3
10112;102;11;0.6;0.5;12;101;0.5338983;226;236.901;11;0
10113;102;11;0.6;0.5;13;101;0.5276596;234;238.0891;11;0
10114;102;11;0.6;0.5;14;102;0.4932127;229;235.9314;11;1
10115;102;11;0.6;0.5;15;101;0.4798387;225;236.0693;11;0
10116;102;11;0.6;0.5;16;101;0.4862385;234;237.2178;11;0
10117;102;11;0.6;0.5;17;101;0.5255814;223;237.0495;11;0
10118;102;11;0.6;0.5;18;102;0.5333333;248;236.5784;11;1
10119;102;11;0.6;0.5;19;103;0.5575221;242;237.9029;11;2
10120;102;11;0.6;0.5;20;101;0.5132075;216;237.0495;11;0
10121;102;11;0.6;0.5;21;101;0.506383;233;235.7525;11;0
10122;102;11;0.6;0.5;22;102;0.5151515;255;236.1765;11;1
10123;102;11;0.6;0.5;23;102;0.5508475;242;238.0196;11;1
10124;102;11;0.6;0.5;24;101;0.5;252;235.1188;11;0
10125;102;11;0.6;0.5;25;101;0.5274262;225;237.0693;11;0
10126;102;11;0.6;0.5;26;101;0.521327;227;234.703;11;0
10127;102;11;0.6;0.5;27;103;0.4939759;242;236.8447;11;2
10128;102;11;0.6;0.5;28;103;0.4618834;219;236.1262;11;2
10129;102;11;0.6;0.5;29;101;0.5243902;249;236.6535;11;0
10130;102;11;0.6;0.5;30;105;0.4748858;240;236.6571;11;4
10131;102;11;0.6;0.5;31;105;0.4628099;228;237.819;11;4
10132;102;11;0.6;0.5;32;101;0.531746;244;239.0891;11;0
10133;102;11;0.6;0.5;33;101;0.4650206;226;235.7327;11;0
10134;102;11;0.6;0.5;34;101;0.4734694;245;237.5149;11;0
10135;102;11;0.6;0.5;35;103;0.5111111;252;237.0291;11;2
10136;102;11;0.6;0.5;36;103;0.5084034;238;238.3398;11;2
10137;102;11;0.6;0.5;37;104;0.475;236;236.6827;11;3
10138;102;11;0.6;0.5;38;102;0.5089286;218;235.3627;11;1
10139;102;11;0.6;0.5;39;102;0.5022222;239;234.6176;11;1
10140;102;11;0.6;0.5;40;102;0.5064378;232;235.7059;11;1
10141;102;11;0.6;0.5;41;104;0.5462555;210;236.9327;11;3
10142;102;11;0.6;0.5;42;101;0.4896266;224;235.9505;11;0
10143;102;11;0.6;0.5;43;103;0.5069767;253;235.5922;11;2
10144;102;11;0.6;0.5;44;102;0.5020747;229;234.598;11;1
10145;102;11;0.6;0.5;45;101;0.5155556;255;236.4851;11;0
10146;102;11;0.6;0.5;46;101;0.4663866;234;236.6931;11;0
10147;102;11;0.6;0.5;47;101;0.4658635;230;236.2574;11;0
10148;102;11;0.6;0.5;48;102;0.4711111;244;236.049;11;1
10149;102;11;0.6;0.5;49;102;0.4915254;228;236.4412;11;1
10150;102;11;0.6;0.5;50;101;0.5486726;233;235.297;11;0
10151;102;11;0.6;0.5;51;101;0.4726368;255;238;11;0
10152;102;11;0.6;0.5;52;101;0.5230126;228;237.8911;11;0
10153;102;11;0.6;0.5;53;101;0.5462555;243;235.099;11;0
10154;102;11;0.6;0.5;54;101;0.4728033;224;237.3861;11;0
10155;102;11;0.6;0.5;55;102;0.4478764;231;236.1373;11;1
10156;102;11;0.6;0.5;56;101;0.4939271;257;236.198;11;0
10157;102;11;0.6;0.5;57;102;0.4628821;234;235.8725;11;1
10158;102;11;0.6;0.5;58;102;0.4416667;233;235.4804;11;1
10159;102;11;0.6;0.5;59;101;0.4435146;254;237.2376;11;0
10160;102;11;0.6;0.5;60;101;0.4895397;238;235.1584;11;0
10161;102;11;0.6;0.5;61;101;0.4854772;241;237.6931;11;0
10162;102;11;0.6;0.5;62;101;0.4311111;253;235.8515;11;0
10163;102;11;0.6;0.5;63;102;0.5603113;247;238.0294;11;1
10164;102;11;0.6;0.5;64;106;0.4978166;242;236.1132;11;5
10165;102;11;0.6;0.5;65;101;0.5106383;261;236.5347;11;0
10166;102;11;0.6;0.5;66;101;0.4657534;247;236.297;11;0
10167;102;11;0.6;0.5;67;102;0.5702128;225;237.3235;11;1
10168;102;11;0.6;0.5;68;101;0.5377778;228;236.1485;11;0
10169;102;11;0.6;0.5;69;101;0.5041667;219;235.2772;11;0
10170;102;11;0.6;0.5;70;103;0.4872881;223;236.9612;11;2
10171;102;11;0.6;0.5;71;102;0.4807692;254;239.0882;11;1
10172;102;11;0.6;0.5;72;101;0.506383;239;237.8119;11;0
10173;102;11;0.6;0.5;73;102;0.5175439;254;236.6176;11;1
10174;102;11;0.6;0.5;74;101;0.4977169;245;237.5545;11;0
10175;102;11;0.6;0.5;75;101;0.4917355;257;236.1287;11;0
10176;102;11;0.6;0.5;76;105;0.456621;245;236.4286;11;4
10177;102;11;0.6;0.5;77;101;0.4805195;250;236.8812;11;0
10178;102;11;0.6;0.5;78;102;0.5396226;239;237.8333;11;1
10179;102;11;0.6;0.5;79;101;0.487395;251;237.2772;11;0
10180;102;11;0.6;0.5;80;106;0.4608696;230;236.1698;11;5
10181;102;11;0.6;0.5;81;101;0.4788136;226;236.9109;11;0
10182;102;11;0.6;0.5;82;101;0.4863636;245;234.9703;11;0
10183;102;11;0.6;0.5;83;101;0.5276596;232;235.6931;11;0
10184;102;11;0.6;0.5;84;104;0.5243902;240;236.4808;11;3
10185;102;11;0.6;0.5;85;101;0.528;204;238.1683;11;0
10186;102;11;0.6;0.5;86;104;0.4959677;234;236.4808;11;3
10187;102;11;0.6;0.5;87;101;0.5570175;222;235.604;11;0
10188;102;11;0.6;0.5;88;101;0.5176991;233;239.0495;11;0
10189;102;11;0.6;0.5;89;101;0.52;251;236.8515;11;0
10190;102;11;0.6;0.5;90;101;0.4857143;244;236.9307;11;0
10191;102;11;0.6;0.5;91;103;0.5314961;233;235.4272;11;2
10192;102;11;0.6;0.5;92;101;0.4349776;235;235.4554;11;0
10193;102;11;0.6;0.5;93;102;0.481982;269;235.9706;11;1
10194;102;11;0.6;0.5;94;101;0.5245902;238;237.7525;11;0
10195;102;11;0.6;0.5;95;103;0.4716157;228;236.6893;11;2
10196;102;11;0.6;0.5;96;102;0.4844444;242;236.8333;11;1
10197;102;11;0.6;0.5;97;102;0.5;219;236.7353;11;1
10198;102;11;0.6;0.5;98;102;0.5145228;232;235.7059;11;1
10199;102;11;0.6;0.5;99;104;0.5622318;232;234.9423;11;3
10200;102;11;0.6;0.5;100;101;0.5510204;223;235.1881;11;0
10201;103;13;0.6;0.5;1;103;0.5583333;253;235.9806;13;2
10202;103;13;0.6;0.5;2;102;0.4487179;245;236.5686;13;1
10203;103;13;0.6;0.5;3;102;0.455;243;233.8824;13;1
10204;103;13;0.6;0.5;4;101;0.5097276;216;238.4653;13;0
10205;103;13;0.6;0.5;5;101;0.5333333;242;236.4554;13;0
10206;103;13;0.6;0.5;6;101;0.463964;240;236.9703;13;0
10207;103;13;0.6;0.5;7;101;0.5165289;263;236.8515;13;0
10208;103;13;0.6;0.5;8;102;0.4703196;220;237.0294;13;1
10209;103;13;0.6;0.5;9;101;0.5401786;240;236.7129;13;0
10210;103;13;0.6;0.5;10;101;0.5064935;233;239.4158;13;0
10211;103;13;0.6;0.5;11;101;0.5466667;230;238.6139;13;0
10212;103;13;0.6;0.5;12;104;0.5309735;256;236.0288;13;3
10213;103;13;0.6;0.5;13;102;0.5172414;242;234.3137;13;1
10214;103;13;0.6;0.5;14;102;0.563786;237;238.3039;13;1
10215;103;13;0.6;0.5;15;101;0.559633;235;236.8911;13;0
10216;103;13;0.6;0.5;16;104;0.4849785;229;237.7885;13;3
10217;103;13;0.6;0.5;17;101;0.4642857;250;236.3762;13;0
10218;103;13;0.6;0.5;18;101;0.5294118;224;236.7426;13;0
10219;103;13;0.6;0.5;19;102;0.5301205;251;236.9804;13;1
10220;103;13;0.6;0.5;20;101;0.5406504;228;237.1881;13;0
10221;103;13;0.6;0.5;21;102;0.5289256;252;238.049;13;1
10222;103;13;0.6;0.5;22;101;0.4636015;215;235.9307;13;0
10223;103;13;0.6;0.5;23;101;0.5211268;219;235.7426;13;0
10224;103;13;0.6;0.5;24;105;0.4457831;232;236.4;13;4
10225;103;13;0.6;0.5;25;104;0.5521739;220;236.4423;13;3
10226;103;13;0.6;0.5;26;101;0.44;211;235.5743;13;0
10227;103;13;0.6;0.5;27;103;0.4489796;229;237.4272;13;2
10228;103;13;0.6;0.5;28;101;0.4980695;240;237.4356;13;0
10229;103;13;0.6;0.5;29;102;0.5020408;243;237.3431;13;1
10230;103;13;0.6;0.5;30;101;0.437247;213;238.3069;13;0
10231;103;13;0.6;0.5;31;101;0.4938776;213;237.5149;13;0
10232;103;13;0.6;0.5;32;105;0.4698276;237;236.2762;13;4
10233;103;13;0.6;0.5;33;103;0.5404255;224;237.0194;13;2
10234;103;13;0.6;0.5;34;101;0.516;229;238.0891;13;0
10235;103;13;0.6;0.5;35;103;0.4979424;243;237.0097;13;2
10236;103;13;0.6;0.5;36;102;0.4789916;218;235.9216;13;1
10237;103;13;0.6;0.5;37;104;0.5190476;272;237.5385;13;3
10238;103;13;0.6;0.5;38;101;0.5394191;250;237.8713;13;0
10239;103;13;0.6;0.5;39;103;0.5182186;234;237.3883;13;2
10240;103;13;0.6;0.5;40;105;0.4537445;259;235.781;13;4
10241;103;13;0.6;0.5;41;101;0.5532787;280;238.6535;13;0
10242;103;13;0.6;0.5;42;106;0.5533597;226;235.9245;13;5
10243;103;13;0.6;0.5;43;101;0.5458015;228;237;13;0
10244;103;13;0.6;0.5;44;105;0.5140562;248;236.3048;13;4
10245;103;13;0.6;0.5;45;102;0.5219298;220;235.9118;13;1
10246;103;13;0.6;0.5;46;105;0.4568966;247;237.7905;13;4
10247;103;13;0.6;0.5;47;102;0.5304348;258;236.4706;13;1
10248;103;13;0.6;0.5;48;103;0.5391705;261;236.1068;13;2
10249;103;13;0.6;0.5;49;103;0.5288889;253;236.7767;13;2
10250;103;13;0.6;0.5;50;101;0.532;237;236.8317;13;0
10251;103;13;0.6;0.5;51;101;0.5420168;242;237.8416;13;0
10252;103;13;0.6;0.5;52;102;0.5123967;228;236.7549;13;1
10253;103;13;0.6;0.5;53;101;0.4958333;231;239.3861;13;0
10254;103;13;0.6;0.5;54;103;0.5021834;230;235.2816;13;2
10255;103;13;0.6;0.5;55;101;0.4791667;227;237.1881;13;0
10256;103;13;0.6;0.5;56;104;0.4415584;249;235.375;13;3
10257;103;13;0.6;0.5;57;102;0.5325203;199;236.6275;13;1
10258;103;13;0.6;0.5;58;101;0.507177;232;235.1485;13;0
10259;103;13;0.6;0.5;59;101;0.5063291;243;236.604;13;0
10260;103;13;0.6;0.5;60;103;0.5254237;221;236.6408;13;2
10261;103;13;0.6;0.5;61;101;0.5;236;236.8416;13;0
10262;103;13;0.6;0.5;62;105;0.5462963;220;236.5905;13;4
10263;103;13;0.6;0.5;63;101;0.4615385;236;236.4851;13;0
10264;103;13;0.6;0.5;64;101;0.5068493;245;235.3168;13;0
10265;103;13;0.6;0.5;65;103;0.5021834;240;239.0097;13;2
10266;103;13;0.6;0.5;66;104;0.5228216;246;236.8558;13;3
10267;103;13;0.6;0.5;67;101;0.5273438;226;237.3465;13;0
10268;103;13;0.6;0.5;68;107;0.5560345;244;238.0467;13;6
10269;103;13;0.6;0.5;69;108;0.5523013;242;237.1944;13;7
10270;103;13;0.6;0.5;70;101;0.5538462;225;237.0891;13;0
10271;103;13;0.6;0.5;71;101;0.5258964;225;237.6139;13;0
10272;103;13;0.6;0.5;72;104;0.52;248;236.7115;13;3
10273;103;13;0.6;0.5;73;101;0.483871;234;235.3366;13;0
10274;103;13;0.6;0.5;74;104;0.5120968;224;235.2308;13;3
10275;103;13;0.6;0.5;75;101;0.4795082;231;234.8614;13;0
10276;103;13;0.6;0.5;76;101;0.4458874;250;236.4257;13;0
10277;103;13;0.6;0.5;77;101;0.5019608;218;238.1287;13;0
10278;103;13;0.6;0.5;78;101;0.5391304;251;236.2277;13;0
10279;103;13;0.6;0.5;79;102;0.542735;229;235.5294;13;1
10280;103;13;0.6;0.5;80;103;0.4824561;249;235.8252;13;2
10281;103;13;0.6;0.5;81;104;0.504065;210;237.625;13;3
10282;103;13;0.6;0.5;82;102;0.511811;222;236.549;13;1
10283;103;13;0.6;0.5;83;101;0.463964;220;234.9406;13;0
10284;103;13;0.6;0.5;84;101;0.5084746;249;236.1386;13;0
10285;103;13;0.6;0.5;85;103;0.4852321;253;237.9126;13;2
10286;103;13;0.6;0.5;86;101;0.5366972;258;234.1386;13;0
10287;103;13;0.6;0.5;87;104;0.5546559;244;236.1731;13;3
10288;103;13;0.6;0.5;88;101;0.5042017;229;237.3465;13;0
10289;103;13;0.6;0.5;89;102;0.5230126;220;237.1667;13;1
10290;103;13;0.6;0.5;90;106;0.4915966;241;235.934;13;5
10291;103;13;0.6;0.5;91;101;0.5234043;268;238.1386;13;0
10292;103;13;0.6;0.5;92;101;0.4599156;229;236.0891;13;0
10293;103;13;0.6;0.5;93;101;0.4628821;221;237.0198;13;0
10294;103;13;0.6;0.5;94;101;0.4599156;257;237.3465;13;0
10295;103;13;0.6;0.5;95;101;0.532;241;238.0495;13;0
10296;103;13;0.6;0.5;96;101;0.4594595;259;235.9307;13;0
10297;103;13;0.6;0.5;97;101;0.4588745;249;236.9505;13;0
10298;103;13;0.6;0.5;98;101;0.5404255;231;236.1782;13;0
10299;103;13;0.6;0.5;99;110;0.4915254;236;237.4;13;9
10300;103;13;0.6;0.5;100;103;0.5625;234;236.1359;13;2
10301;104;15;0.6;0.5;1;102;0.5151515;236;237.549;15;1
10302;104;15;0.6;0.5;2;102;0.482906;228;237.2059;15;1
10303;104;15;0.6;0.5;3;101;0.5321101;253;238.1782;15;0
10304;104;15;0.6;0.5;4;102;0.4715447;244;236.549;15;1
10305;104;15;0.6;0.5;5;101;0.4831933;238;235.2178;15;0
10306;104;15;0.6;0.5;6;101;0.5324675;224;236.7228;15;0
10307;104;15;0.6;0.5;7;101;0.4854369;250;235.1881;15;0
10308;104;15;0.6;0.5;8;101;0.4878049;224;235.5644;15;0
10309;104;15;0.6;0.5;9;101;0.4633028;244;236.5446;15;0
10310;104;15;0.6;0.5;10;101;0.5021277;237;238.3861;15;0
10311;104;15;0.6;0.5;11;101;0.5166667;261;238.0396;15;0
10312;104;15;0.6;0.5;12;103;0.5189873;241;238.2718;15;2
10313;104;15;0.6;0.5;13;104;0.4705882;229;237.5192;15;3
10314;104;15;0.6;0.5;14;103;0.5818966;256;237.7961;15;2
10315;104;15;0.6;0.5;15;101;0.4786325;243;236.5743;15;0
10316;104;15;0.6;0.5;16;103;0.5411255;247;234.699;15;2
10317;104;15;0.6;0.5;17;102;0.4581498;246;237.4216;15;1
10318;104;15;0.6;0.5;18;107;0.5228216;219;235.2056;15;6
10319;104;15;0.6;0.5;19;102;0.464135;207;235.6961;15;1
10320;104;15;0.6;0.5;20;102;0.5152838;231;237.5588;15;1
10321;104;15;0.6;0.5;21;101;0.5060729;234;236.396;15;0
10322;104;15;0.6;0.5;22;101;0.5186722;236;238.2178;15;0
10323;104;15;0.6;0.5;23;102;0.4722222;243;236.8529;15;1
10324;104;15;0.6;0.5;24;102;0.4938272;251;236.9804;15;1
10325;104;15;0.6;0.5;25;101;0.5390335;207;237.5446;15;0
10326;104;15;0.6;0.5;26;102;0.4771784;238;235.6667;15;1
10327;104;15;0.6;0.5;27;101;0.4979253;229;235.8119;15;0
10328;104;15;0.6;0.5;28;102;0.4649123;246;237.8824;15;1
10329;104;15;0.6;0.5;29;101;0.5022422;256;236.8713;15;0
10330;104;15;0.6;0.5;30;103;0.5;224;237.6214;15;2
10331;104;15;0.6;0.5;31;101;0.5020576;226;237.7426;15;0
10332;104;15;0.6;0.5;32;105;0.4533333;246;238.6095;15;4
10333;104;15;0.6;0.5;33;101;0.532;227;239.5446;15;0
10334;104;15;0.6;0.5;34;101;0.5171103;230;236.604;15;0
10335;104;15;0.6;0.5;35;101;0.5194805;235;236.198;15;0
10336;104;15;0.6;0.5;36;105;0.4723404;221;235.1143;15;4
10337;104;15;0.6;0.5;37;102;0.528;237;238;15;1
10338;104;15;0.6;0.5;38;103;0.5043478;227;236.4563;15;2
10339;104;15;0.6;0.5;39;101;0.501992;238;235.7822;15;0
10340;104;15;0.6;0.5;40;102;0.5521739;237;237.6078;15;1
10341;104;15;0.6;0.5;41;102;0.5084034;247;236.0882;15;1
10342;104;15;0.6;0.5;42;101;0.5394191;236;233.9901;15;0
10343;104;15;0.6;0.5;43;103;0.5020921;227;235.2136;15;2
10344;104;15;0.6;0.5;44;102;0.5146444;235;237.9118;15;1
10345;104;15;0.6;0.5;45;101;0.4552529;244;236.604;15;0
10346;104;15;0.6;0.5;46;108;0.4795082;259;237.7037;15;7
10347;104;15;0.6;0.5;47;101;0.5132743;226;236.3267;15;0
10348;104;15;0.6;0.5;48;101;0.5762712;220;236.8218;15;0
10349;104;15;0.6;0.5;49;103;0.5381166;250;236.0388;15;2
10350;104;15;0.6;0.5;50;104;0.5378151;250;235.0577;15;3
10351;104;15;0.6;0.5;51;102;0.4761905;243;238.1373;15;1
10352;104;15;0.6;0.5;52;102;0.4782609;251;235.0392;15;1
10353;104;15;0.6;0.5;53;101;0.4595745;237;237.6139;15;0
10354;104;15;0.6;0.5;54;102;0.4963504;222;236.4412;15;1
10355;104;15;0.6;0.5;55;101;0.5489362;233;236.8218;15;0
10356;104;15;0.6;0.5;56;102;0.4934498;224;238.2059;15;1
10357;104;15;0.6;0.5;57;101;0.4579832;232;236.8713;15;0
10358;104;15;0.6;0.5;58;104;0.522449;235;236.2692;15;3
10359;104;15;0.6;0.5;59;103;0.4893617;253;236.699;15;2
10360;104;15;0.6;0.5;60;101;0.4478261;257;235.2574;15;0
10361;104;15;0.6;0.5;61;103;0.4901961;225;237.2427;15;2
10362;104;15;0.6;0.5;62;103;0.443038;244;237.0194;15;2
10363;104;15;0.6;0.5;63;101;0.5473251;211;235.3861;15;0
10364;104;15;0.6;0.5;64;101;0.4821429;235;235.7921;15;0
10365;104;15;0.6;0.5;65;102;0.4933921;249;236.8333;15;1
10366;104;15;0.6;0.5;66;103;0.5090909;236;235.9515;15;2
10367;104;15;0.6;0.5;67;101;0.4223108;246;235.7426;15;0
10368;104;15;0.6;0.5;68;104;0.5;209;234.8365;15;3
10369;104;15;0.6;0.5;69;101;0.4937238;209;236.6337;15;0
10370;104;15;0.6;0.5;70;106;0.4939759;254;236.3868;15;5
10371;104;15;0.6;0.5;71;101;0.4625;226;235.198;15;0
10372;104;15;0.6;0.5;72;102;0.5301205;228;236.2941;15;1
10373;104;15;0.6;0.5;73;101;0.557377;218;234.6238;15;0
10374;104;15;0.6;0.5;74;101;0.5308642;254;237.4356;15;0
10375;104;15;0.6;0.5;75;101;0.4310345;254;237.2079;15;0
10376;104;15;0.6;0.5;76;103;0.5308642;224;236.6699;15;2
10377;104;15;0.6;0.5;77;101;0.5232068;221;238.1485;15;0
10378;104;15;0.6;0.5;78;101;0.5150215;237;237.3168;15;0
10379;104;15;0.6;0.5;79;101;0.5058366;238;237.5446;15;0
10380;104;15;0.6;0.5;80;103;0.5167286;235;237.8932;15;2
10381;104;15;0.6;0.5;81;103;0.4369369;235;235.3883;15;2
10382;104;15;0.6;0.5;82;102;0.4980237;221;236.6275;15;1
10383;104;15;0.6;0.5;83;101;0.4938272;227;235.0594;15;0
10384;104;15;0.6;0.5;84;101;0.5431034;228;234.6139;15;0
10385;104;15;0.6;0.5;85;101;0.4961832;246;237.0297;15;0
10386;104;15;0.6;0.5;86;102;0.489083;251;235.9216;15;1
10387;104;15;0.6;0.5;87;101;0.5479452;224;235.2079;15;0
10388;104;15;0.6;0.5;88;101;0.5038168;233;236.297;15;0
10389;104;15;0.6;0.5;89;101;0.4940239;238;237.2277;15;0
10390;104;15;0.6;0.5;90;102;0.462766;249;235.1667;15;1
10391;104;15;0.6;0.5;91;103;0.5140562;245;237.3883;15;2
10392;104;15;0.6;0.5;92;103;0.4887892;257;235.7573;15;2
10393;104;15;0.6;0.5;93;102;0.4979757;238;237.0392;15;1
10394;104;15;0.6;0.5;94;102;0.4600939;249;235.4804;15;1
10395;104;15;0.6;0.5;95;102;0.4955357;232;236.6275;15;1
10396;104;15;0.6;0.5;96;101;0.5777778;221;238.604;15;0
10397;104;15;0.6;0.5;97;101;0.5079365;212;235.2574;15;0
10398;104;15;0.6;0.5;98;101;0.5206612;226;238.3267;15;0
10399;104;15;0.6;0.5;99;101;0.48583;224;235.2079;15;0
10400;104;15;0.6;0.5;100;103;0.4439655;257;238.3398;15;2
10401;105;17;0.6;0.5;1;101;0.4960317;256;236.4059;17;0
10402;105;17;0.6;0.5;2;101;0.4214876;203;234.8218;17;0
10403;105;17;0.6;0.5;3;101;0.5396825;239;235.9703;17;0
10404;105;17;0.6;0.5;4;101;0.5330396;218;237.396;17;0
10405;105;17;0.6;0.5;5;105;0.5;242;236.619;17;4
10406;105;17;0.6;0.5;6;103;0.5555556;243;236.9515;17;2
10407;105;17;0.6;0.5;7;101;0.4976526;240;238.1089;17;0
10408;105;17;0.6;0.5;8;101;0.4592275;243;236.0495;17;0
10409;105;17;0.6;0.5;9;101;0.5114504;234;235.4653;17;0
10410;105;17;0.6;0.5;10;101;0.4858491;243;238.3564;17;0
10411;105;17;0.6;0.5;11;101;0.4541833;216;238.901;17;0
10412;105;17;0.6;0.5;12;104;0.5241935;221;237.2981;17;3
10413;105;17;0.6;0.5;13;101;0.5244444;235;237.3762;17;0
10414;105;17;0.6;0.5;14;102;0.4814815;231;237.2941;17;1
10415;105;17;0.6;0.5;15;101;0.473913;251;236.8218;17;0
10416;105;17;0.6;0.5;16;101;0.4723404;238;237.2079;17;0
10417;105;17;0.6;0.5;17;102;0.511811;240;236.8922;17;1
10418;105;17;0.6;0.5;18;101;0.4624506;234;236.1584;17;0
10419;105;17;0.6;0.5;19;101;0.489083;240;238.2475;17;0
10420;105;17;0.6;0.5;20;104;0.5804878;236;236.4808;17;3
10421;105;17;0.6;0.5;21;101;0.4903475;222;236.4257;17;0
10422;105;17;0.6;0.5;22;101;0.5020747;225;237.5842;17;0
10423;105;17;0.6;0.5;23;101;0.5228216;219;236.604;17;0
10424;105;17;0.6;0.5;24;101;0.5384615;235;236.3861;17;0
10425;105;17;0.6;0.5;25;102;0.5570175;236;236.4608;17;1
10426;105;17;0.6;0.5;26;104;0.480315;258;239.0673;17;3
10427;105;17;0.6;0.5;27;101;0.4894515;241;236.7822;17;0
10428;105;17;0.6;0.5;28;102;0.5048077;244;234.3824;17;1
10429;105;17;0.6;0.5;29;101;0.4894515;220;237.1683;17;0
10430;105;17;0.6;0.5;30;102;0.4886878;230;234.2451;17;1
10431;105;17;0.6;0.5;31;102;0.5038462;248;237.1667;17;1
10432;105;17;0.6;0.5;32;101;0.4978355;246;235.5644;17;0
10433;105;17;0.6;0.5;33;102;0.5363636;232;236.1569;17;1
10434;105;17;0.6;0.5;34;102;0.474359;250;235.5294;17;1
10435;105;17;0.6;0.5;35;101;0.5;237;236.1485;17;0
10436;105;17;0.6;0.5;36;101;0.4700461;245;237.0495;17;0
10437;105;17;0.6;0.5;37;101;0.4512195;233;237.7921;17;0
10438;105;17;0.6;0.5;38;101;0.4573991;218;235.3168;17;0
10439;105;17;0.6;0.5;39;105;0.5489362;235;236.5143;17;4
10440;105;17;0.6;0.5;40;102;0.4957983;237;236.7745;17;1
10441;105;17;0.6;0.5;41;102;0.5345622;263;235.3824;17;1
10442;105;17;0.6;0.5;42;101;0.5407407;222;236.297;17;0
10443;105;17;0.6;0.5;43;102;0.4917355;237;236.5784;17;1
10444;105;17;0.6;0.5;44;105;0.4419643;234;237.6;17;4
10445;105;17;0.6;0.5;45;103;0.527897;212;235.6408;17;2
10446;105;17;0.6;0.5;46;102;0.4801444;239;237.3627;17;1
10447;105;17;0.6;0.5;47;103;0.5702479;245;236.932;17;2
10448;105;17;0.6;0.5;48;101;0.5059761;244;238.1485;17;0
10449;105;17;0.6;0.5;49;101;0.4954955;252;236.7624;17;0
10450;105;17;0.6;0.5;50;102;0.5207547;221;237.9902;17;1
10451;105;17;0.6;0.5;51;101;0.5244444;242;235.7228;17;0
10452;105;17;0.6;0.5;52;101;0.5381356;242;237.8218;17;0
10453;105;17;0.6;0.5;53;101;0.5164319;232;235.2277;17;0
10454;105;17;0.6;0.5;54;103;0.4879032;226;237.9029;17;2
10455;105;17;0.6;0.5;55;102;0.4476987;248;236.8725;17;1
10456;105;17;0.6;0.5;56;101;0.4638298;240;236.1089;17;0
10457;105;17;0.6;0.5;57;101;0.5420168;245;235.0099;17;0
10458;105;17;0.6;0.5;58;101;0.5301205;236;237.4059;17;0
10459;105;17;0.6;0.5;59;101;0.5247934;241;236.8416;17;0
10460;105;17;0.6;0.5;60;103;0.4739336;246;237.4369;17;2
10461;105;17;0.6;0.5;61;103;0.5065502;262;235.2718;17;2
10462;105;17;0.6;0.5;62;103;0.5041667;226;236.7476;17;2
10463;105;17;0.6;0.5;63;101;0.5064378;238;235.5644;17;0
10464;105;17;0.6;0.5;64;102;0.4934498;245;237.1471;17;1
10465;105;17;0.6;0.5;65;101;0.4918033;221;238.0099;17;0
10466;105;17;0.6;0.5;66;102;0.515748;231;234.9314;17;1
10467;105;17;0.6;0.5;67;102;0.520362;257;235.6569;17;1
10468;105;17;0.6;0.5;68;101;0.48583;240;237.5842;17;0
10469;105;17;0.6;0.5;69;101;0.4789916;240;236.1188;17;0
10470;105;17;0.6;0.5;70;102;0.4864865;241;239.2451;17;1
10471;105;17;0.6;0.5;71;101;0.526087;227;235.802;17;0
10472;105;17;0.6;0.5;72;102;0.493617;249;238.5294;17;1
10473;105;17;0.6;0.5;73;101;0.4541063;249;237.2376;17;0
10474;105;17;0.6;0.5;74;101;0.5042017;243;235.0693;17;0
10475;105;17;0.6;0.5;75;101;0.5242291;268;236.3366;17;0
10476;105;17;0.6;0.5;76;101;0.5243902;251;236.4059;17;0
10477;105;17;0.6;0.5;77;101;0.5103734;248;237.1485;17;0
10478;105;17;0.6;0.5;78;107;0.5155556;229;238.3925;17;6
10479;105;17;0.6;0.5;79;103;0.4285714;226;237.8835;17;2
10480;105;17;0.6;0.5;80;106;0.5130435;242;236.3962;17;5
10481;105;17;0.6;0.5;81;101;0.5261044;249;236.0792;17;0
10482;105;17;0.6;0.5;82;102;0.4978903;232;236.6078;17;1
10483;105;17;0.6;0.5;83;104;0.5131579;234;238.0962;17;3
10484;105;17;0.6;0.5;84;101;0.5261044;230;236.6139;17;0
10485;105;17;0.6;0.5;85;102;0.5128205;239;238.6569;17;1
10486;105;17;0.6;0.5;86;102;0.5228216;269;234.8725;17;1
10487;105;17;0.6;0.5;87;101;0.5611814;242;234.2178;17;0
10488;105;17;0.6;0.5;88;101;0.4871795;226;236.4554;17;0
10489;105;17;0.6;0.5;89;104;0.5146444;240;238.2981;17;3
10490;105;17;0.6;0.5;90;104;0.5227273;234;236.7019;17;3
10491;105;17;0.6;0.5;91;101;0.5122951;227;238.1188;17;0
10492;105;17;0.6;0.5;92;103;0.444898;265;238.8641;17;2
10493;105;17;0.6;0.5;93;102;0.476;253;236.7157;17;1
10494;105;17;0.6;0.5;94;101;0.555102;266;237.6931;17;0
10495;105;17;0.6;0.5;95;101;0.5400844;229;236.0198;17;0
10496;105;17;0.6;0.5;96;101;0.5354331;230;237.1683;17;0
10497;105;17;0.6;0.5;97;102;0.4957265;261;235.6667;17;1
10498;105;17;0.6;0.5;98;101;0.4573991;231;237.6337;17;0
10499;105;17;0.6;0.5;99;101;0.5347826;238;237.0594;17;0
10500;105;17;0.6;0.5;100;102;0.547619;232;236.2843;17;1
10501;106;19;0.6;0.5;1;101;0.5236052;240;235.6832;19;0
10502;106;19;0.6;0.5;2;101;0.5446809;256;238.2871;19;0
10503;106;19;0.6;0.5;3;104;0.4979253;199;237.1635;19;3
10504;106;19;0.6;0.5;4;102;0.4481132;242;238.5098;19;1
10505;106;19;0.6;0.5;5;101;0.5221239;251;235.901;19;0
10506;106;19;0.6;0.5;6;103;0.5127119;230;236.1262;19;2
10507;106;19;0.6;0.5;7;101;0.5431034;231;235.1881;19;0
10508;106;19;0.6;0.5;8;102;0.5104603;220;236.6863;19;1
10509;106;19;0.6;0.5;9;102;0.484;214;237.902;19;1
10510;106;19;0.6;0.5;10;107;0.4810127;239;236.3178;19;6
10511;106;19;0.6;0.5;11;102;0.4847328;225;237.0882;19;1
10512;106;19;0.6;0.5;12;101;0.4689922;227;239.495;19;0
10513;106;19;0.6;0.5;13;102;0.4756098;250;236.2451;19;1
10514;106;19;0.6;0.5;14;103;0.4505929;249;236.4272;19;2
10515;106;19;0.6;0.5;15;101;0.51417;218;237.5842;19;0
10516;106;19;0.6;0.5;16;102;0.5066079;238;235.8627;19;1
10517;106;19;0.6;0.5;17;102;0.5421687;220;236.0784;19;1
10518;106;19;0.6;0.5;18;106;0.5098039;259;237.3302;19;5
10519;106;19;0.6;0.5;19;101;0.4212766;237;237.2673;19;0
10520;106;19;0.6;0.5;20;101;0.4454976;251;237.0594;19;0
10521;106;19;0.6;0.5;21;102;0.5121951;223;234.6471;19;1
10522;106;19;0.6;0.5;22;104;0.4564315;263;237.2692;19;3
10523;106;19;0.6;0.5;23;106;0.4978355;230;236.0189;19;5
10524;106;19;0.6;0.5;24;101;0.5041667;247;237.6436;19;0
10525;106;19;0.6;0.5;25;102;0.507177;261;238.049;19;1
10526;106;19;0.6;0.5;26;104;0.4608696;244;234.6538;19;3
10527;106;19;0.6;0.5;27;101;0.5470085;248;236.5446;19;0
10528;106;19;0.6;0.5;28;101;0.492126;238;237.604;19;0
10529;106;19;0.6;0.5;29;101;0.4916667;230;236.2871;19;0
10530;106;19;0.6;0.5;30;101;0.5189394;233;237.5446;19;0
10531;106;19;0.6;0.5;31;101;0.5462555;214;237.0099;19;0
10532;106;19;0.6;0.5;32;102;0.5;241;237.3922;19;1
10533;106;19;0.6;0.5;33;101;0.5095785;231;238.4554;19;0
10534;106;19;0.6;0.5;34;102;0.5107296;246;235.8824;19;1
10535;106;19;0.6;0.5;35;103;0.4823009;230;237.3204;19;2
10536;106;19;0.6;0.5;36;101;0.512931;231;236.099;19;0
10537;106;19;0.6;0.5;37;101;0.4819277;203;236.3564;19;0
10538;106;19;0.6;0.5;38;103;0.5254902;235;237.165;19;2
10539;106;19;0.6;0.5;39;103;0.4959677;228;237.6699;19;2
10540;106;19;0.6;0.5;40;102;0.5039683;222;235.1569;19;1
10541;106;19;0.6;0.5;41;101;0.5265487;255;236.0396;19;0
10542;106;19;0.6;0.5;42;102;0.4869565;232;235.5784;19;1
10543;106;19;0.6;0.5;43;101;0.4979424;206;236.4158;19;0
10544;106;19;0.6;0.5;44;103;0.5277778;235;234.7476;19;2
10545;106;19;0.6;0.5;45;101;0.5375;247;237.3069;19;0
10546;106;19;0.6;0.5;46;101;0.535865;226;236.5347;19;0
10547;106;19;0.6;0.5;47;101;0.5208333;231;237.9307;19;0
10548;106;19;0.6;0.5;48;102;0.5212355;232;234.8824;19;1
10549;106;19;0.6;0.5;49;101;0.5108225;236;237.2871;19;0
10550;106;19;0.6;0.5;50;104;0.4897119;230;237.0673;19;3
10551;106;19;0.6;0.5;51;103;0.5227273;238;235.068;19;2
10552;106;19;0.6;0.5;52;103;0.5546218;226;238.7573;19;2
10553;106;19;0.6;0.5;53;102;0.502008;238;235.6176;19;1
10554;106;19;0.6;0.5;54;101;0.5247934;233;238.4059;19;0
10555;106;19;0.6;0.5;55;102;0.5093633;220;236.6569;19;1
10556;106;19;0.6;0.5;56;101;0.5409091;245;237.1188;19;0
10557;106;19;0.6;0.5;57;101;0.5093458;249;236.2277;19;0
10558;106;19;0.6;0.5;58;103;0.5426009;266;236.1359;19;2
10559;106;19;0.6;0.5;59;103;0.4845815;248;235.9417;19;2
10560;106;19;0.6;0.5;60;101;0.4684685;223;237.0396;19;0
10561;106;19;0.6;0.5;61;101;0.527897;253;236.1188;19;0
10562;106;19;0.6;0.5;62;102;0.4827586;243;236.2353;19;1
10563;106;19;0.6;0.5;63;101;0.5232558;239;236.6337;19;0
10564;106;19;0.6;0.5;64;102;0.4579832;252;236.1765;19;1
10565;106;19;0.6;0.5;65;104;0.5411255;246;237.2404;19;3
10566;106;19;0.6;0.5;66;103;0.5150215;239;236.4563;19;2
10567;106;19;0.6;0.5;67;101;0.492126;237;238.8713;19;0
10568;106;19;0.6;0.5;68;101;0.4871795;229;237.3465;19;0
10569;106;19;0.6;0.5;69;102;0.5155556;243;235.0588;19;1
10570;106;19;0.6;0.5;70;102;0.472103;250;238.2451;19;1
10571;106;19;0.6;0.5;71;101;0.5065502;260;236.6634;19;0
10572;106;19;0.6;0.5;72;101;0.5146444;236;236.9604;19;0
10573;106;19;0.6;0.5;73;102;0.5318182;248;237.4804;19;1
10574;106;19;0.6;0.5;74;102;0.4939759;230;236.1176;19;1
10575;106;19;0.6;0.5;75;102;0.465812;229;236.9118;19;1
10576;106;19;0.6;0.5;76;102;0.5255814;223;237.0686;19;1
10577;106;19;0.6;0.5;77;102;0.5560166;231;237.4706;19;1
10578;106;19;0.6;0.5;78;101;0.4652174;244;236.0099;19;0
10579;106;19;0.6;0.5;79;101;0.5582329;254;238.3861;19;0
10580;106;19;0.6;0.5;80;101;0.4834123;235;236.3762;19;0
10581;106;19;0.6;0.5;81;101;0.48659;240;235.6337;19;0
10582;106;19;0.6;0.5;82;101;0.4263566;244;235.3168;19;0
10583;106;19;0.6;0.5;83;104;0.5351562;227;235.9712;19;3
10584;106;19;0.6;0.5;84;101;0.4705882;223;238.3564;19;0
10585;106;19;0.6;0.5;85;101;0.475;222;239.0594;19;0
10586;106;19;0.6;0.5;86;102;0.5100402;230;236.4706;19;1
10587;106;19;0.6;0.5;87;101;0.497992;234;236.3663;19;0
10588;106;19;0.6;0.5;88;102;0.5041667;236;237.9804;19;1
10589;106;19;0.6;0.5;89;103;0.4853556;243;238.6019;19;2
10590;106;19;0.6;0.5;90;104;0.5080645;253;235.3173;19;3
10591;106;19;0.6;0.5;91;101;0.5436508;225;238.604;19;0
10592;106;19;0.6;0.5;92;102;0.5301724;257;236.7059;19;1
10593;106;19;0.6;0.5;93;101;0.4778761;240;237.9505;19;0
10594;106;19;0.6;0.5;94;101;0.4342105;228;236.3861;19;0
10595;106;19;0.6;0.5;95;102;0.4698276;259;236.0294;19;1
10596;106;19;0.6;0.5;96;101;0.5181818;250;235.604;19;0
10597;106;19;0.6;0.5;97;101;0.4765957;239;238.099;19;0
10598;106;19;0.6;0.5;98;101;0.4801587;233;237.0198;19;0
10599;106;19;0.6;0.5;99;105;0.5;227;233.9143;19;4
10600;106;19;0.6;0.5;100;103;0.5375;232;238.4078;19;2
10601;107;21;0.6;0.5;1;101;0.4847162;253;237.0198;21;0
10602;107;21;0.6;0.5;2;101;0.5289256;231;235.2772;21;0
10603;107;21;0.6;0.5;3;102;0.5307018;259;235.4314;21;1
10604;107;21;0.6;0.5;4;102;0.4897119;266;238.5588;21;1
10605;107;21;0.6;0.5;5;101;0.5;246;238.0891;21;0
10606;107;21;0.6;0.5;6;103;0.4505929;235;237.4951;21;2
10607;107;21;0.6;0.5;7;105;0.4655172;250;236.6476;21;4
10608;107;21;0.6;0.5;8;103;0.4754098;245;238.6117;21;2
10609;107;21;0.6;0.5;9;101;0.4957983;237;235.0891;21;0
10610;107;21;0.6;0.5;10;102;0.465812;237;234.5;21;1
10611;107;21;0.6;0.5;11;102;0.4887892;230;238;21;1
10612;107;21;0.6;0.5;12;101;0.5;211;234.4653;21;0
10613;107;21;0.6;0.5;13;101;0.5550847;261;236.5842;21;0
10614;107;21;0.6;0.5;14;101;0.488189;220;238.0792;21;0
10615;107;21;0.6;0.5;15;101;0.4810127;247;235.4851;21;0
10616;107;21;0.6;0.5;16;108;0.5209302;227;238.3796;21;7
10617;107;21;0.6;0.5;17;104;0.4502165;246;236.1538;21;3
10618;107;21;0.6;0.5;18;101;0.4745763;231;236.1485;21;0
10619;107;21;0.6;0.5;19;101;0.4889868;234;236.8713;21;0
10620;107;21;0.6;0.5;20;110;0.4708333;229;237.8455;21;9
10621;107;21;0.6;0.5;21;102;0.5211864;238;236.1078;21;1
10622;107;21;0.6;0.5;22;101;0.5175439;238;236.6733;21;0
10623;107;21;0.6;0.5;23;101;0.426009;238;237.1287;21;0
10624;107;21;0.6;0.5;24;101;0.4337349;233;237.3762;21;0
10625;107;21;0.6;0.5;25;101;0.4770642;274;238.1782;21;0
10626;107;21;0.6;0.5;26;101;0.468254;221;235.505;21;0
10627;107;21;0.6;0.5;27;103;0.4751131;252;237.4757;21;2
10628;107;21;0.6;0.5;28;102;0.5617021;246;236.3137;21;1
10629;107;21;0.6;0.5;29;102;0.5135135;212;237.8529;21;1
10630;107;21;0.6;0.5;30;101;0.4924812;235;237.4158;21;0
10631;107;21;0.6;0.5;31;104;0.5440613;256;239.5;21;3
10632;107;21;0.6;0.5;32;101;0.5394191;231;236.2178;21;0
10633;107;21;0.6;0.5;33;101;0.5565611;251;235.9208;21;0
10634;107;21;0.6;0.5;34;102;0.4806867;234;237.4216;21;1
10635;107;21;0.6;0.5;35;101;0.4929577;242;236.1386;21;0
10636;107;21;0.6;0.5;36;101;0.5;230;237.396;21;0
10637;107;21;0.6;0.5;37;110;0.5182186;231;235.1636;21;9
10638;107;21;0.6;0.5;38;102;0.547619;255;237.451;21;1
10639;107;21;0.6;0.5;39;101;0.5022422;248;236.4653;21;0
10640;107;21;0.6;0.5;40;102;0.4916667;240;236.4608;21;1
10641;107;21;0.6;0.5;41;101;0.5246637;215;237.5446;21;0
10642;107;21;0.6;0.5;42;102;0.4960317;235;236.9608;21;1
10643;107;21;0.6;0.5;43;101;0.5598291;241;235.7822;21;0
10644;107;21;0.6;0.5;44;101;0.4588235;247;235.6139;21;0
10645;107;21;0.6;0.5;45;105;0.4115385;229;237.2857;21;4
10646;107;21;0.6;0.5;46;103;0.5145228;221;237.068;21;2
10647;107;21;0.6;0.5;47;103;0.5495868;225;237.7573;21;2
10648;107;21;0.6;0.5;48;101;0.5153061;234;236.9604;21;0
10649;107;21;0.6;0.5;49;103;0.5276596;244;237.3689;21;2
10650;107;21;0.6;0.5;50;101;0.4631148;233;237.8416;21;0
10651;107;21;0.6;0.5;51;102;0.544186;254;237.2255;21;1
10652;107;21;0.6;0.5;52;101;0.5351562;235;236.802;21;0
10653;107;21;0.6;0.5;53;103;0.5775862;242;236.8447;21;2
10654;107;21;0.6;0.5;54;101;0.4805195;224;236.0099;21;0
10655;107;21;0.6;0.5;55;102;0.4691358;226;236.0294;21;1
10656;107;21;0.6;0.5;56;104;0.484252;227;238.1731;21;3
10657;107;21;0.6;0.5;57;102;0.5132075;214;236.1471;21;1
10658;107;21;0.6;0.5;58;104;0.4232365;242;235.9038;21;3
10659;107;21;0.6;0.5;59;101;0.5108225;218;235.4158;21;0
10660;107;21;0.6;0.5;60;101;0.495098;252;236.8416;21;0
10661;107;21;0.6;0.5;61;102;0.4728033;246;236.0294;21;1
10662;107;21;0.6;0.5;62;104;0.5508475;244;239.5769;21;3
10663;107;21;0.6;0.5;63;101;0.4457364;228;237.7921;21;0
10664;107;21;0.6;0.5;64;101;0.557377;219;236.0693;21;0
10665;107;21;0.6;0.5;65;101;0.4753363;245;238.4059;21;0
10666;107;21;0.6;0.5;66;101;0.4638298;250;237.9109;21;0
10667;107;21;0.6;0.5;67;101;0.5416667;252;236.9109;21;0
10668;107;21;0.6;0.5;68;105;0.4493392;243;236.6286;21;4
10669;107;21;0.6;0.5;69;102;0.5265487;262;237.7647;21;1
10670;107;21;0.6;0.5;70;102;0.520362;234;235.3431;21;1
10671;107;21;0.6;0.5;71;101;0.477551;231;237.297;21;0
10672;107;21;0.6;0.5;72;101;0.5060729;227;235.7921;21;0
10673;107;21;0.6;0.5;73;102;0.5265487;246;237.3333;21;1
10674;107;21;0.6;0.5;74;103;0.4977376;247;236.068;21;2
10675;107;21;0.6;0.5;75;103;0.5106383;214;236.7476;21;2
10676;107;21;0.6;0.5;76;101;0.4817814;241;237.0099;21;0
10677;107;21;0.6;0.5;77;101;0.562753;245;236.2376;21;0
10678;107;21;0.6;0.5;78;101;0.4934498;231;237.4455;21;0
10679;107;21;0.6;0.5;79;101;0.529661;248;237.1782;21;0
10680;107;21;0.6;0.5;80;101;0.4545455;245;237.9307;21;0
10681;107;21;0.6;0.5;81;101;0.5277778;226;239.9406;21;0
10682;107;21;0.6;0.5;82;101;0.4576271;233;236.0495;21;0
10683;107;21;0.6;0.5;83;105;0.5112108;259;236.8476;21;4
10684;107;21;0.6;0.5;84;101;0.5131086;215;237.7624;21;0
10685;107;21;0.6;0.5;85;102;0.5039683;215;235.9902;21;1
10686;107;21;0.6;0.5;86;106;0.4567901;248;236.9057;21;5
10687;107;21;0.6;0.5;87;102;0.5420168;221;236.8824;21;1
10688;107;21;0.6;0.5;88;104;0.4930233;236;236.8077;21;3
10689;107;21;0.6;0.5;89;101;0.5019608;223;235.1782;21;0
10690;107;21;0.6;0.5;90;103;0.5152838;239;238.3689;21;2
10691;107;21;0.6;0.5;91;101;0.5;229;235.5842;21;0
10692;107;21;0.6;0.5;92;106;0.4827586;226;235.8019;21;5
10693;107;21;0.6;0.5;93;102;0.5892857;251;236.5686;21;1
10694;107;21;0.6;0.5;94;101;0.4814815;220;236.0297;21;0
10695;107;21;0.6;0.5;95;103;0.4955357;233;237.0097;21;2
10696;107;21;0.6;0.5;96;101;0.5;244;236.8614;21;0
10697;107;21;0.6;0.5;97;101;0.5243902;226;235.6931;21;0
10698;107;21;0.6;0.5;98;103;0.458498;224;237.0874;21;2
10699;107;21;0.6;0.5;99;101;0.4466403;248;234.4356;21;0
10700;107;21;0.6;0.5;100;101;0.5689655;250;238.3663;21;0
10701;108;23;0.6;0.5;1;101;0.5245902;241;235.7426;23;0
10702;108;23;0.6;0.5;2;101;0.4848485;222;236.9802;23;0
10703;108;23;0.6;0.5;3;102;0.474359;240;235.4216;23;1
10704;108;23;0.6;0.5;4;101;0.4789916;227;235.6733;23;0
10705;108;23;0.6;0.5;5;102;0.5518672;251;236.402;23;1
10706;108;23;0.6;0.5;6;101;0.5431034;250;237.3663;23;0
10707;108;23;0.6;0.5;7;101;0.5119048;222;237.1683;23;0
10708;108;23;0.6;0.5;8;101;0.5038462;229;234.0891;23;0
10709;108;23;0.6;0.5;9;104;0.4736842;249;236.6731;23;3
10710;108;23;0.6;0.5;10;102;0.483871;233;235.8039;23;1
10711;108;23;0.6;0.5;11;101;0.5648148;245;237.3663;23;0
10712;108;23;0.6;0.5;12;101;0.5041322;265;235.7129;23;0
10713;108;23;0.6;0.5;13;101;0.5060241;239;237.4158;23;0
10714;108;23;0.6;0.5;14;104;0.4886878;243;236.3365;23;3
10715;108;23;0.6;0.5;15;101;0.5092593;228;236.4158;23;0
10716;108;23;0.6;0.5;16;101;0.5106383;252;239.3069;23;0
10717;108;23;0.6;0.5;17;102;0.5246637;259;238.8431;23;1
10718;108;23;0.6;0.5;18;104;0.5321888;241;237.0673;23;3
10719;108;23;0.6;0.5;19;101;0.4472574;202;236.297;23;0
10720;108;23;0.6;0.5;20;102;0.4692982;249;235.9804;23;1
10721;108;23;0.6;0.5;21;101;0.4892704;241;235.3861;23;0
10722;108;23;0.6;0.5;22;105;0.4913043;242;236.4286;23;4
10723;108;23;0.6;0.5;23;101;0.5630631;240;236.6931;23;0
10724;108;23;0.6;0.5;24;101;0.4285714;248;234.8812;23;0
10725;108;23;0.6;0.5;25;102;0.4647887;227;235.5;23;1
10726;108;23;0.6;0.5;26;101;0.5137255;215;236.9208;23;0
10727;108;23;0.6;0.5;27;102;0.4913793;227;237.2451;23;1
10728;108;23;0.6;0.5;28;102;0.4956897;236;237.6569;23;1
10729;108;23;0.6;0.5;29;101;0.4845815;243;236.6931;23;0
10730;108;23;0.6;0.5;30;105;0.4888889;240;236.8571;23;4
10731;108;23;0.6;0.5;31;101;0.5096525;196;237.7228;23;0
10732;108;23;0.6;0.5;32;103;0.4736842;263;236.8641;23;2
10733;108;23;0.6;0.5;33;102;0.509434;247;234.1667;23;1
10734;108;23;0.6;0.5;34;102;0.5362903;249;237.2157;23;1
10735;108;23;0.6;0.5;35;102;0.5151515;233;238.6863;23;1
10736;108;23;0.6;0.5;36;101;0.4345992;246;237.2376;23;0
10737;108;23;0.6;0.5;37;104;0.5423729;224;237.5577;23;3
10738;108;23;0.6;0.5;38;101;0.4822134;224;235.2376;23;0
10739;108;23;0.6;0.5;39;101;0.4934498;234;236.9802;23;0
10740;108;23;0.6;0.5;40;102;0.5316456;220;236.9902;23;1
10741;108;23;0.6;0.5;41;101;0.4979424;202;235.5644;23;0
10742;108;23;0.6;0.5;42;101;0.5353982;238;237.2673;23;0
10743;108;23;0.6;0.5;43;102;0.4747899;215;237.0784;23;1
10744;108;23;0.6;0.5;44;101;0.4935622;238;236.7723;23;0
10745;108;23;0.6;0.5;45;102;0.4552846;248;236.549;23;1
10746;108;23;0.6;0.5;46;102;0.504065;243;238.7941;23;1
10747;108;23;0.6;0.5;47;103;0.476;229;236.4078;23;2
10748;108;23;0.6;0.5;48;101;0.4521739;250;235.4851;23;0
10749;108;23;0.6;0.5;49;101;0.5042735;253;235.0594;23;0
10750;108;23;0.6;0.5;50;101;0.4774775;269;235.4851;23;0
10751;108;23;0.6;0.5;51;102;0.5135135;218;239.8922;23;1
10752;108;23;0.6;0.5;52;101;0.5515695;260;237.6337;23;0
10753;108;23;0.6;0.5;53;101;0.5044643;234;237.8515;23;0
10754;108;23;0.6;0.5;54;102;0.4977169;242;237.6078;23;1
10755;108;23;0.6;0.5;55;105;0.4334764;235;238.0476;23;4
10756;108;23;0.6;0.5;56;101;0.5205479;232;234.8515;23;0
10757;108;23;0.6;0.5;57;103;0.4931507;251;237.8932;23;2
10758;108;23;0.6;0.5;58;106;0.4612069;248;234.3679;23;5
10759;108;23;0.6;0.5;59;101;0.4302789;227;237.8416;23;0
10760;108;23;0.6;0.5;60;101;0.5178571;229;236.8119;23;0
10761;108;23;0.6;0.5;61;103;0.4471545;232;234.7864;23;2
10762;108;23;0.6;0.5;62;101;0.5022624;225;236.0099;23;0
10763;108;23;0.6;0.5;63;102;0.4979592;245;236.2941;23;1
10764;108;23;0.6;0.5;64;101;0.4897959;224;237.5545;23;0
10765;108;23;0.6;0.5;65;101;0.4817814;251;235.4653;23;0
10766;108;23;0.6;0.5;66;101;0.5;228;236.6535;23;0
10767;108;23;0.6;0.5;67;101;0.5;224;236.3168;23;0
10768;108;23;0.6;0.5;68;102;0.5444015;225;238.0098;23;1
10769;108;23;0.6;0.5;69;101;0.4933921;247;235.3663;23;0
10770;108;23;0.6;0.5;70;101;0.5148148;222;237.7822;23;0
10771;108;23;0.6;0.5;71;101;0.504386;241;238.7723;23;0
10772;108;23;0.6;0.5;72;103;0.6038647;240;236.5534;23;2
10773;108;23;0.6;0.5;73;101;0.5180723;247;237.901;23;0
10774;108;23;0.6;0.5;74;101;0.4849785;243;238.2079;23;0
10775;108;23;0.6;0.5;75;103;0.5471698;237;235.1068;23;2
10776;108;23;0.6;0.5;76;104;0.4773663;233;237.0385;23;3
10777;108;23;0.6;0.5;77;102;0.4902724;216;237.5294;23;1
10778;108;23;0.6;0.5;78;102;0.502008;227;236.8431;23;1
10779;108;23;0.6;0.5;79;103;0.543379;261;237.2427;23;2
10780;108;23;0.6;0.5;80;102;0.5154185;264;237.8529;23;1
10781;108;23;0.6;0.5;81;102;0.5421687;234;238.1078;23;1
10782;108;23;0.6;0.5;82;101;0.4527559;227;238.3168;23;0
10783;108;23;0.6;0.5;83;101;0.534188;245;237.1386;23;0
10784;108;23;0.6;0.5;84;101;0.4798387;205;238.8416;23;0
10785;108;23;0.6;0.5;85;101;0.4782609;250;236.5545;23;0
10786;108;23;0.6;0.5;86;101;0.5873016;222;238.7723;23;0
10787;108;23;0.6;0.5;87;102;0.475;244;237.9216;23;1
10788;108;23;0.6;0.5;88;104;0.4669421;232;237.3942;23;3
10789;108;23;0.6;0.5;89;101;0.4853556;233;237.5743;23;0
10790;108;23;0.6;0.5;90;101;0.475;239;235.9901;23;0
10791;108;23;0.6;0.5;91;101;0.4490741;237;237.5941;23;0
10792;108;23;0.6;0.5;92;103;0.5708812;213;237.6893;23;2
10793;108;23;0.6;0.5;93;101;0.5;232;236.604;23;0
10794;108;23;0.6;0.5;94;101;0.4669261;260;236.3069;23;0
10795;108;23;0.6;0.5;95;101;0.512605;260;235.7327;23;0
10796;108;23;0.6;0.5;96;101;0.522449;228;236.7129;23;0
10797;108;23;0.6;0.5;97;101;0.4913043;249;236.1386;23;0
10798;108;23;0.6;0.5;98;102;0.526749;246;234.8922;23;1
10799;108;23;0.6;0.5;99;101;0.4541284;224;236.8218;23;0
10800;108;23;0.6;0.5;100;104;0.5345622;239;239.6538;23;3
10801;109;25;0.6;0.5;1;102;0.436214;217;235.9216;25;1
10802;109;25;0.6;0.5;2;102;0.501992;238;236.7941;25;1
10803;109;25;0.6;0.5;3;101;0.5201613;245;235.7822;25;0
10804;109;25;0.6;0.5;4;102;0.5062241;230;236.5;25;1
10805;109;25;0.6;0.5;5;101;0.4956522;256;236.7822;25;0
10806;109;25;0.6;0.5;6;102;0.4851064;262;237.9608;25;1
10807;109;25;0.6;0.5;7;101;0.4652174;244;238.198;25;0
10808;109;25;0.6;0.5;8;104;0.4913043;227;236.7981;25;3
10809;109;25;0.6;0.5;9;102;0.4746544;240;238.2157;25;1
10810;109;25;0.6;0.5;10;102;0.5504202;234;237.5196;25;1
10811;109;25;0.6;0.5;11;101;0.4897119;222;234.8515;25;0
10812;109;25;0.6;0.5;12;102;0.4892704;242;238.2647;25;1
10813;109;25;0.6;0.5;13;101;0.4593496;208;237.0594;25;0
10814;109;25;0.6;0.5;14;103;0.5400844;219;237.9903;25;2
10815;109;25;0.6;0.5;15;105;0.4882812;248;236.7524;25;4
10816;109;25;0.6;0.5;16;103;0.4913043;249;236.6505;25;2
10817;109;25;0.6;0.5;17;102;0.4791667;235;237.3235;25;1
10818;109;25;0.6;0.5;18;101;0.5241935;249;237.0495;25;0
10819;109;25;0.6;0.5;19;102;0.4611872;218;237.5392;25;1
10820;109;25;0.6;0.5;20;103;0.4522822;214;236.9903;25;2
10821;109;25;0.6;0.5;21;103;0.5609756;220;236.9903;25;2
10822;109;25;0.6;0.5;22;101;0.5133929;243;237.9208;25;0
10823;109;25;0.6;0.5;23;103;0.5045872;240;236.7573;25;2
10824;109;25;0.6;0.5;24;103;0.4912281;232;237.068;25;2
10825;109;25;0.6;0.5;25;101;0.4716157;240;237.5149;25;0
10826;109;25;0.6;0.5;26;101;0.5413223;253;238.3861;25;0
10827;109;25;0.6;0.5;27;101;0.4200913;231;238.0099;25;0
10828;109;25;0.6;0.5;28;101;0.4956522;224;236.2574;25;0
10829;109;25;0.6;0.5;29;103;0.4429825;240;234.6602;25;2
10830;109;25;0.6;0.5;30;101;0.5123967;260;236.0198;25;0
10831;109;25;0.6;0.5;31;102;0.4875;237;237.7451;25;1
10832;109;25;0.6;0.5;32;102;0.5186722;218;236.5392;25;1
10833;109;25;0.6;0.5;33;103;0.5062241;239;236.2136;25;2
10834;109;25;0.6;0.5;34;102;0.444898;266;236.6961;25;1
10835;109;25;0.6;0.5;35;101;0.5286885;253;236.0297;25;0
10836;109;25;0.6;0.5;36;101;0.5655738;227;234.3069;25;0
10837;109;25;0.6;0.5;37;101;0.5274262;246;237.8614;25;0
10838;109;25;0.6;0.5;38;104;0.48;238;236.9135;25;3
10839;109;25;0.6;0.5;39;102;0.5060241;231;235.6373;25;1
10840;109;25;0.6;0.5;40;102;0.5203252;218;237.2549;25;1
10841;109;25;0.6;0.5;41;101;0.4513274;233;236.6139;25;0
10842;109;25;0.6;0.5;42;101;0.5045045;237;236.7525;25;0
10843;109;25;0.6;0.5;43;108;0.5;233;238.5185;25;7
10844;109;25;0.6;0.5;44;103;0.5683761;249;238.0583;25;2
10845;109;25;0.6;0.5;45;101;0.4644351;224;236.4653;25;0
10846;109;25;0.6;0.5;46;101;0.5345622;273;238.0594;25;0
10847;109;25;0.6;0.5;47;105;0.5104603;225;235.8286;25;4
10848;109;25;0.6;0.5;48;102;0.5023256;240;236.6961;25;1
10849;109;25;0.6;0.5;49;101;0.5313653;232;235.9505;25;0
10850;109;25;0.6;0.5;50;101;0.5097087;256;238.099;25;0
10851;109;25;0.6;0.5;51;102;0.5324074;246;236.9118;25;1
10852;109;25;0.6;0.5;52;102;0.4285714;246;238.4902;25;1
10853;109;25;0.6;0.5;53;103;0.4734694;244;238.8155;25;2
10854;109;25;0.6;0.5;54;103;0.5352113;251;236.8641;25;2
10855;109;25;0.6;0.5;55;101;0.5336134;249;237.9901;25;0
10856;109;25;0.6;0.5;56;101;0.5294118;242;237.1188;25;0
10857;109;25;0.6;0.5;57;101;0.4732143;259;237.9604;25;0
10858;109;25;0.6;0.5;58;101;0.4831933;237;237.1881;25;0
10859;109;25;0.6;0.5;59;102;0.4745763;244;234.7745;25;1
10860;109;25;0.6;0.5;60;102;0.4541063;238;237.0294;25;1
10861;109;25;0.6;0.5;61;101;0.4808511;219;236.6139;25;0
10862;109;25;0.6;0.5;62;101;0.563786;228;237.3861;25;0
10863;109;25;0.6;0.5;63;102;0.4541667;246;235.6765;25;1
10864;109;25;0.6;0.5;64;104;0.5;235;237.0769;25;3
10865;109;25;0.6;0.5;65;101;0.4761905;227;237.8218;25;0
10866;109;25;0.6;0.5;66;102;0.5313808;237;238.8529;25;1
10867;109;25;0.6;0.5;67;106;0.5147679;221;238.0943;25;5
10868;109;25;0.6;0.5;68;103;0.4962963;217;237.7961;25;2
10869;109;25;0.6;0.5;69;102;0.5022026;245;236.4216;25;1
10870;109;25;0.6;0.5;70;102;0.4934498;223;237.1961;25;1
10871;109;25;0.6;0.5;71;104;0.5384615;226;237.1346;25;3
10872;109;25;0.6;0.5;72;101;0.4470588;238;237.198;25;0
10873;109;25;0.6;0.5;73;101;0.4780876;217;237.4455;25;0
10874;109;25;0.6;0.5;74;101;0.4810127;238;234.6535;25;0
10875;109;25;0.6;0.5;75;103;0.5458333;241;234.9515;25;2
10876;109;25;0.6;0.5;76;104;0.4756554;212;237.125;25;3
10877;109;25;0.6;0.5;77;103;0.4869565;242;236.3107;25;2
10878;109;25;0.6;0.5;78;105;0.4754098;247;237.1143;25;4
10879;109;25;0.6;0.5;79;101;0.4912281;217;236.099;25;0
10880;109;25;0.6;0.5;80;107;0.5;236;237.3551;25;6
10881;109;25;0.6;0.5;81;102;0.5152838;226;236.3333;25;1
10882;109;25;0.6;0.5;82;103;0.5336134;243;239.1553;25;2
10883;109;25;0.6;0.5;83;102;0.5;250;236.6176;25;1
10884;109;25;0.6;0.5;84;101;0.529661;231;237.5941;25;0
10885;109;25;0.6;0.5;85;102;0.5062241;233;239.1765;25;1
10886;109;25;0.6;0.5;86;102;0.5173913;264;238.6275;25;1
10887;109;25;0.6;0.5;87;101;0.4955752;227;235.4356;25;0
10888;109;25;0.6;0.5;88;102;0.4779116;244;236.7647;25;1
10889;109;25;0.6;0.5;89;102;0.5154185;242;234.9412;25;1
10890;109;25;0.6;0.5;90;101;0.4780702;225;236.4554;25;0
10891;109;25;0.6;0.5;91;103;0.5110132;224;237.6019;25;2
10892;109;25;0.6;0.5;92;101;0.4521739;250;236.4257;25;0
10893;109;25;0.6;0.5;93;103;0.4533898;237;238.534;25;2
10894;109;25;0.6;0.5;94;103;0.483871;232;238.7184;25;2
10895;109;25;0.6;0.5;95;103;0.4661017;241;236.5728;25;2
10896;109;25;0.6;0.5;96;101;0.5420168;234;235.4257;25;0
10897;109;25;0.6;0.5;97;101;0.4485597;237;235.0792;25;0
10898;109;25;0.6;0.5;98;102;0.52;222;238.5098;25;1
10899;109;25;0.6;0.5;99;102;0.5173913;237;237.8824;25;1
10900;109;25;0.6;0.5;100;101;0.4932127;250;237.6238;25;0
10901;110;27;0.6;0.5;1;103;0.4932127;260;235.7573;27;2
10902;110;27;0.6;0.5;2;101;0.5330579;237;237.3762;27;0
10903;110;27;0.6;0.5;3;101;0.504065;229;237.4653;27;0
10904;110;27;0.6;0.5;4;101;0.5119048;214;237.7327;27;0
10905;110;27;0.6;0.5;5;103;0.4608696;250;234.7476;27;2
10906;110;27;0.6;0.5;6;104;0.4806867;246;238;27;3
10907;110;27;0.6;0.5;7;101;0.4943396;221;237.4455;27;0
10908;110;27;0.6;0.5;8;101;0.4581498;236;236.396;27;0
10909;110;27;0.6;0.5;9;101;0.4585366;253;238.0495;27;0
10910;110;27;0.6;0.5;10;102;0.4339623;228;237.9902;27;1
10911;110;27;0.6;0.5;11;102;0.4939271;237;237.5882;27;1
10912;110;27;0.6;0.5;12;101;0.532;231;237.4554;27;0
10913;110;27;0.6;0.5;13;102;0.5;229;237.6078;27;1
10914;110;27;0.6;0.5;14;103;0.5826087;238;235.9417;27;2
10915;110;27;0.6;0.5;15;101;0.426009;260;236.9406;27;0
10916;110;27;0.6;0.5;16;104;0.5636364;249;236.7308;27;3
10917;110;27;0.6;0.5;17;101;0.4977974;213;236.396;27;0
10918;110;27;0.6;0.5;18;101;0.5495495;221;236.4455;27;0
10919;110;27;0.6;0.5;19;109;0.5103734;254;238.3761;27;8
10920;110;27;0.6;0.5;20;102;0.5;242;236.7745;27;1
10921;110;27;0.6;0.5;21;102;0.4718615;226;235.0294;27;1
10922;110;27;0.6;0.5;22;101;0.4553191;242;236.495;27;0
10923;110;27;0.6;0.5;23;101;0.5177866;242;239.1386;27;0
10924;110;27;0.6;0.5;24;101;0.5;236;238.0495;27;0
10925;110;27;0.6;0.5;25;101;0.5020576;236;238.099;27;0
10926;110;27;0.6;0.5;26;101;0.5155556;261;235.9703;27;0
10927;110;27;0.6;0.5;27;101;0.5136187;237;237.1386;27;0
10928;110;27;0.6;0.5;28;101;0.4661355;243;236.6733;27;0
10929;110;27;0.6;0.5;29;101;0.4935622;271;236.1287;27;0
10930;110;27;0.6;0.5;30;102;0.4891775;268;237.1471;27;1
10931;110;27;0.6;0.5;31;102;0.4849785;243;235.9608;27;1
10932;110;27;0.6;0.5;32;103;0.4920635;251;236.1942;27;2
10933;110;27;0.6;0.5;33;102;0.4933333;245;236.0882;27;1
10934;110;27;0.6;0.5;34;101;0.5062762;249;237.3564;27;0
10935;110;27;0.6;0.5;35;101;0.5731225;222;236.7921;27;0
10936;110;27;0.6;0.5;36;102;0.5443038;256;236.3039;27;1
10937;110;27;0.6;0.5;37;102;0.4844961;224;236.5294;27;1
10938;110;27;0.6;0.5;38;105;0.5098814;241;238.3905;27;4
10939;110;27;0.6;0.5;39;102;0.4380531;247;236.8431;27;1
10940;110;27;0.6;0.5;40;101;0.5113122;239;237.5248;27;0
10941;110;27;0.6;0.5;41;103;0.4454545;228;239.1845;27;2
10942;110;27;0.6;0.5;42;101;0.4780876;227;236.8911;27;0
10943;110;27;0.6;0.5;43;101;0.4622222;227;237.2772;27;0
10944;110;27;0.6;0.5;44;101;0.4833333;238;235.1584;27;0
10945;110;27;0.6;0.5;45;101;0.5128205;241;237.2871;27;0
10946;110;27;0.6;0.5;46;104;0.5404255;257;236.5288;27;3
10947;110;27;0.6;0.5;47;101;0.5309735;227;236.5248;27;0
10948;110;27;0.6;0.5;48;101;0.5226337;218;237.1683;27;0
10949;110;27;0.6;0.5;49;101;0.5084034;227;236.3663;27;0
10950;110;27;0.6;0.5;50;103;0.4675926;253;237.1165;27;2
10951;110;27;0.6;0.5;51;101;0.5300752;237;236.703;27;0
10952;110;27;0.6;0.5;52;101;0.5275591;218;237.6337;27;0
10953;110;27;0.6;0.5;53;101;0.5196507;240;235.7624;27;0
10954;110;27;0.6;0.5;54;101;0.4504132;238;236.8515;27;0
10955;110;27;0.6;0.5;55;103;0.5099602;217;235.6408;27;2
10956;110;27;0.6;0.5;56;101;0.5285714;246;236.5743;27;0
10957;110;27;0.6;0.5;57;102;0.5125;253;236.0294;27;1
10958;110;27;0.6;0.5;58;104;0.4976303;254;237.8365;27;3
10959;110;27;0.6;0.5;59;101;0.511811;242;236.3564;27;0
10960;110;27;0.6;0.5;60;101;0.5491803;236;238.2178;27;0
10961;110;27;0.6;0.5;61;104;0.4656489;217;238.7115;27;3
10962;110;27;0.6;0.5;62;102;0.5641026;236;237.8529;27;1
10963;110;27;0.6;0.5;63;101;0.43379;229;235.8812;27;0
10964;110;27;0.6;0.5;64;101;0.4882812;265;237.8713;27;0
10965;110;27;0.6;0.5;65;103;0.5273438;227;235.4563;27;2
10966;110;27;0.6;0.5;66;102;0.5336134;231;235.8137;27;1
10967;110;27;0.6;0.5;67;104;0.4590164;225;238.0192;27;3
10968;110;27;0.6;0.5;68;101;0.5304348;255;237.4356;27;0
10969;110;27;0.6;0.5;69;102;0.5042373;259;236.9902;27;1
10970;110;27;0.6;0.5;70;101;0.542735;250;238.0891;27;0
10971;110;27;0.6;0.5;71;102;0.4956897;248;236.3922;27;1
10972;110;27;0.6;0.5;72;105;0.537037;225;235.9143;27;4
10973;110;27;0.6;0.5;73;102;0.5594714;221;237.2157;27;1
10974;110;27;0.6;0.5;74;101;0.4836066;219;237.396;27;0
10975;110;27;0.6;0.5;75;104;0.4837545;238;238.3558;27;3
10976;110;27;0.6;0.5;76;101;0.5349794;221;236.7723;27;0
10977;110;27;0.6;0.5;77;103;0.5136364;237;235.7087;27;2
10978;110;27;0.6;0.5;78;101;0.5752896;242;237.2574;27;0
10979;110;27;0.6;0.5;79;101;0.537037;239;237.4752;27;0
10980;110;27;0.6;0.5;80;101;0.5401786;238;236.6931;27;0
10981;110;27;0.6;0.5;81;101;0.4777328;216;237.0792;27;0
10982;110;27;0.6;0.5;82;103;0.5555556;250;236.5728;27;2
10983;110;27;0.6;0.5;83;101;0.526087;242;236.7327;27;0
10984;110;27;0.6;0.5;84;101;0.5325203;237;238.0693;27;0
10985;110;27;0.6;0.5;85;101;0.5;221;236.6337;27;0
10986;110;27;0.6;0.5;86;102;0.4897959;233;237.5784;27;1
10987;110;27;0.6;0.5;87;101;0.4938272;246;235.9505;27;0
10988;110;27;0.6;0.5;88;103;0.5057915;228;237.9126;27;2
10989;110;27;0.6;0.5;89;101;0.4954128;222;237.2277;27;0
10990;110;27;0.6;0.5;90;101;0.4444444;236;235.5842;27;0
10991;110;27;0.6;0.5;91;101;0.427907;253;236.5743;27;0
10992;110;27;0.6;0.5;92;103;0.5342466;227;236.1359;27;2
10993;110;27;0.6;0.5;93;105;0.5;233;237.7905;27;4
10994;110;27;0.6;0.5;94;101;0.5089286;231;237.2673;27;0
10995;110;27;0.6;0.5;95;103;0.5122951;248;236.7282;27;2
10996;110;27;0.6;0.5;96;101;0.5130435;244;237.2376;27;0
10997;110;27;0.6;0.5;97;106;0.5265487;235;237.0472;27;5
10998;110;27;0.6;0.5;98;102;0.5151515;226;237.2157;27;1
10999;110;27;0.6;0.5;99;102;0.4513619;202;236.7745;27;1
11000;110;27;0.6;0.5;100;102;0.5193133;218;236.2843;27;1
11001;111;29;0.6;0.5;1;105;0.4488889;248;236.9429;29;4
11002;111;29;0.6;0.5;2;101;0.4497817;252;236.4356;29;0
11003;111;29;0.6;0.5;3;101;0.53125;236;234.6931;29;0
11004;111;29;0.6;0.5;4;102;0.5019608;237;236.902;29;1
11005;111;29;0.6;0.5;5;101;0.5258216;255;236.5446;29;0
11006;111;29;0.6;0.5;6;101;0.4806202;208;235.7129;29;0
11007;111;29;0.6;0.5;7;103;0.4345794;238;237.4272;29;2
11008;111;29;0.6;0.5;8;101;0.5086957;236;236.0693;29;0
11009;111;29;0.6;0.5;9;102;0.4590164;219;236.1961;29;1
11010;111;29;0.6;0.5;10;102;0.5204918;234;237.6373;29;1
11011;111;29;0.6;0.5;11;103;0.5125;241;237.2136;29;2
11012;111;29;0.6;0.5;12;101;0.5890411;232;235.8713;29;0
11013;111;29;0.6;0.5;13;102;0.5105485;220;238.0686;29;1
11014;111;29;0.6;0.5;14;102;0.5172414;229;238.1765;29;1
11015;111;29;0.6;0.5;15;105;0.3948498;221;237.6667;29;4
11016;111;29;0.6;0.5;16;101;0.4489796;247;237.2376;29;0
11017;111;29;0.6;0.5;17;102;0.4683544;224;235.4902;29;1
11018;111;29;0.6;0.5;18;101;0.4776786;250;237.099;29;0
11019;111;29;0.6;0.5;19;102;0.5193133;243;238.7647;29;1
11020;111;29;0.6;0.5;20;101;0.4509804;251;238.1584;29;0
11021;111;29;0.6;0.5;21;101;0.4463519;232;239.2673;29;0
11022;111;29;0.6;0.5;22;101;0.5251142;238;236.7921;29;0
11023;111;29;0.6;0.5;23;101;0.4715447;235;237.3663;29;0
11024;111;29;0.6;0.5;24;102;0.4695652;242;236.6176;29;1
11025;111;29;0.6;0.5;25;104;0.4912281;253;237.1827;29;3
11026;111;29;0.6;0.5;26;103;0.4753363;248;237.2718;29;2
11027;111;29;0.6;0.5;27;103;0.5067265;239;236.7087;29;2
11028;111;29;0.6;0.5;28;101;0.5201794;250;237.1683;29;0
11029;111;29;0.6;0.5;29;101;0.5219298;228;235.5644;29;0
11030;111;29;0.6;0.5;30;101;0.5236052;215;236.3663;29;0
11031;111;29;0.6;0.5;31;101;0.5313808;264;237.9802;29;0
11032;111;29;0.6;0.5;32;102;0.4713115;230;236.7451;29;1
11033;111;29;0.6;0.5;33;101;0.4653846;232;236.2772;29;0
11034;111;29;0.6;0.5;34;102;0.503876;233;236.4902;29;1
11035;111;29;0.6;0.5;35;101;0.5737705;228;239.4455;29;0
11036;111;29;0.6;0.5;36;102;0.4957983;236;233.9118;29;1
11037;111;29;0.6;0.5;37;101;0.5454545;244;237.1782;29;0
11038;111;29;0.6;0.5;38;102;0.5288889;230;236.5392;29;1
11039;111;29;0.6;0.5;39;101;0.4597701;205;236.3564;29;0
11040;111;29;0.6;0.5;40;102;0.4453782;242;237.4216;29;1
11041;111;29;0.6;0.5;41;102;0.4853556;229;237.5294;29;1
11042;111;29;0.6;0.5;42;101;0.5185185;235;237.4455;29;0
11043;111;29;0.6;0.5;43;101;0.495283;241;236.6436;29;0
11044;111;29;0.6;0.5;44;101;0.508;242;238.3465;29;0
11045;111;29;0.6;0.5;45;101;0.5240175;220;237.297;29;0
11046;111;29;0.6;0.5;46;102;0.416309;247;237.5686;29;1
11047;111;29;0.6;0.5;47;103;0.5341365;224;236.0388;29;2
11048;111;29;0.6;0.5;48;101;0.5064935;228;237.4158;29;0
11049;111;29;0.6;0.5;49;104;0.4718615;245;236.9615;29;3
11050;111;29;0.6;0.5;50;101;0.4844444;228;237.2871;29;0
11051;111;29;0.6;0.5;51;101;0.5625;230;236.5545;29;0
11052;111;29;0.6;0.5;52;101;0.4956522;246;236.0594;29;0
11053;111;29;0.6;0.5;53;101;0.5590909;241;237.4455;29;0
11054;111;29;0.6;0.5;54;102;0.5055351;229;236.3431;29;1
11055;111;29;0.6;0.5;55;101;0.5145228;245;239.9505;29;0
11056;111;29;0.6;0.5;56;102;0.4898785;239;238.5392;29;1
11057;111;29;0.6;0.5;57;102;0.4926108;276;237.4608;29;1
11058;111;29;0.6;0.5;58;101;0.4779116;238;237.802;29;0
11059;111;29;0.6;0.5;59;104;0.5220884;241;238.4231;29;3
11060;111;29;0.6;0.5;60;101;0.5274262;200;236.5248;29;0
11061;111;29;0.6;0.5;61;104;0.4814815;231;238.2885;29;3
11062;111;29;0.6;0.5;62;101;0.5458515;257;235.3465;29;0
11063;111;29;0.6;0.5;63;102;0.4366812;248;237.8039;29;1
11064;111;29;0.6;0.5;64;101;0.4824561;253;236.3861;29;0
11065;111;29;0.6;0.5;65;106;0.5320755;211;237.6038;29;5
11066;111;29;0.6;0.5;66;102;0.4819277;231;236.1569;29;1
11067;111;29;0.6;0.5;67;107;0.5;233;236.729;29;6
11068;111;29;0.6;0.5;68;103;0.5204918;238;237.1942;29;2
11069;111;29;0.6;0.5;69;103;0.5406504;238;236.2816;29;2
11070;111;29;0.6;0.5;70;103;0.4813278;250;237.3786;29;2
11071;111;29;0.6;0.5;71;101;0.5365854;250;236.7822;29;0
11072;111;29;0.6;0.5;72;101;0.4684685;232;236.505;29;0
11073;111;29;0.6;0.5;73;101;0.4711111;220;238.1584;29;0
11074;111;29;0.6;0.5;74;103;0.4915254;219;236.4272;29;2
11075;111;29;0.6;0.5;75;101;0.4939271;243;237.4257;29;0
11076;111;29;0.6;0.5;76;101;0.4229075;226;236.3366;29;0
11077;111;29;0.6;0.5;77;101;0.57277;220;236.1782;29;0
11078;111;29;0.6;0.5;78;101;0.4803493;257;238.4851;29;0
11079;111;29;0.6;0.5;79;101;0.5061728;250;237.8614;29;0
11080;111;29;0.6;0.5;80;101;0.5113122;248;238.495;29;0
11081;111;29;0.6;0.5;81;101;0.5685484;230;236.8713;29;0
11082;111;29;0.6;0.5;82;102;0.5059761;240;237.1275;29;1
11083;111;29;0.6;0.5;83;104;0.5366972;240;234.7308;29;3
11084;111;29;0.6;0.5;84;101;0.487395;237;235.604;29;0
11085;111;29;0.6;0.5;85;101;0.46;208;236.9901;29;0
11086;111;29;0.6;0.5;86;102;0.4849624;237;235.1667;29;1
11087;111;29;0.6;0.5;87;101;0.480916;257;237.099;29;0
11088;111;29;0.6;0.5;88;101;0.4917355;227;235.1584;29;0
11089;111;29;0.6;0.5;89;101;0.5205479;236;235.2475;29;0
11090;111;29;0.6;0.5;90;101;0.4152542;225;236.3762;29;0
11091;111;29;0.6;0.5;91;103;0.4978355;272;239.1262;29;2
11092;111;29;0.6;0.5;92;101;0.5627706;240;236.8119;29;0
11093;111;29;0.6;0.5;93;101;0.4937238;215;236.2475;29;0
11094;111;29;0.6;0.5;94;104;0.4937759;228;235.1442;29;3
11095;111;29;0.6;0.5;95;101;0.4326531;246;237.4356;29;0
11096;111;29;0.6;0.5;96;103;0.5188285;256;236.8641;29;2
11097;111;29;0.6;0.5;97;101;0.5252101;249;237.4554;29;0
11098;111;29;0.6;0.5;98;106;0.518018;228;235.2264;29;5
11099;111;29;0.6;0.5;99;101;0.4913793;211;238.0099;29;0
11100;111;29;0.6;0.5;100;101;0.4806202;226;235.7129;29;0
11101;112;224;0.6;0.5;1;101;0.4652174;250;236.6238;222.9901;0
11102;112;224;0.6;0.5;2;103;0.4836066;235;237.9806;222.9709;2
11103;112;224;0.6;0.5;3;102;0.5;235;239.6176;223.0784;1
11104;112;224;0.6;0.5;4;101;0.5294118;251;236.7921;222.9703;0
11105;112;224;0.6;0.5;5;101;0.5189873;236;236.2871;221.4653;0
11106;112;224;0.6;0.5;6;103;0.4935622;263;236.6699;223.1359;2
11107;112;224;0.6;0.5;7;101;0.4385246;264;236.2772;222.4158;0
11108;112;224;0.6;0.5;8;101;0.496124;232;236.8416;222.604;0
11109;112;224;0.6;0.5;9;101;0.4855967;243;238.3861;222.4455;0
11110;112;224;0.6;0.5;10;101;0.4642857;258;236.1188;222.8515;0
11111;112;224;0.6;0.5;11;103;0.5150215;249;235.9515;222.466;2
11112;112;224;0.6;0.5;12;101;0.5550459;219;235.3465;221.9406;0
11113;112;224;0.6;0.5;13;101;0.5082645;241;236.3762;222.8713;0
11114;112;224;0.6;0.5;14;101;0.481982;252;236.4752;222.3366;0
11115;112;224;0.6;0.5;15;102;0.5194805;242;235.2353;221.9608;1
11116;112;224;0.6;0.5;16;101;0.5648536;234;237.505;222.7723;0
11117;112;224;0.6;0.5;17;102;0.4727273;277;238.3627;223.1275;1
11118;112;224;0.6;0.5;18;102;0.5148936;257;236.8725;222.4216;1
11119;112;224;0.6;0.5;19;101;0.4891775;230;235.6238;222.7129;0
11120;112;224;0.6;0.5;20;102;0.5206612;238;236.1373;222.9902;1
11121;112;224;0.6;0.5;21;102;0.4717742;217;237.8333;223.3627;1
11122;112;224;0.6;0.5;22;101;0.4553191;234;236.9901;222.8515;0
11123;112;224;0.6;0.5;23;101;0.5;233;236.4851;222.9604;0
11124;112;224;0.6;0.5;24;101;0.544186;220;236.4653;221.8416;0
11125;112;224;0.6;0.5;25;102;0.5223214;277;237.6275;223.3627;1
11126;112;224;0.6;0.5;26;103;0.5100402;228;237.4854;222.3689;2
11127;112;224;0.6;0.5;27;103;0.5416667;224;236.5728;223.0874;2
11128;112;224;0.6;0.5;28;106;0.559322;224;236.7736;222.6887;5
11129;112;224;0.6;0.5;29;101;0.5043478;247;238.4851;222.5248;0
11130;112;224;0.6;0.5;30;101;0.437751;234;236.9703;222.3366;0
11131;112;224;0.6;0.5;31;103;0.4747082;256;236.5922;222.6699;2
11132;112;224;0.6;0.5;32;102;0.4827586;227;237.3824;222.9608;1
11133;112;224;0.6;0.5;33;101;0.5022422;242;234.8515;222.4752;0
11134;112;224;0.6;0.5;34;101;0.5105485;256;235.9703;223.1584;0
11135;112;224;0.6;0.5;35;102;0.5061728;206;237.0588;222.9412;1
11136;112;224;0.6;0.5;36;101;0.5201794;242;237.3267;222.8911;0
11137;112;224;0.6;0.5;37;102;0.4718615;231;235.8431;221.9314;1
11138;112;224;0.6;0.5;38;104;0.4252874;211;236.125;222.7596;3
11139;112;224;0.6;0.5;39;101;0.4650206;217;235.0693;221.7921;0
11140;112;224;0.6;0.5;40;103;0.4655172;236;234.0097;222.2136;2
11141;112;224;0.6;0.5;41;102;0.5046296;254;237.3039;222.8333;1
11142;112;224;0.6;0.5;42;102;0.5310078;229;236.7549;223;1
11143;112;224;0.6;0.5;43;101;0.4979079;232;236.505;223.0891;0
11144;112;224;0.6;0.5;44;101;0.5263158;238;238.4851;222.9406;0
11145;112;224;0.6;0.5;45;104;0.4814815;223;238.1827;222.3077;3
11146;112;224;0.6;0.5;46;101;0.5;233;235.4356;222.6139;0
11147;112;224;0.6;0.5;47;101;0.5020747;231;236.0495;223.1485;0
11148;112;224;0.6;0.5;48;102;0.4429825;240;234.8725;221.902;1
11149;112;224;0.6;0.5;49;102;0.4743083;236;236.5;222.2941;1
11150;112;224;0.6;0.5;50;101;0.4521739;218;235.8317;222.297;0
11151;112;224;0.6;0.5;51;104;0.5542636;233;237.3462;223.1154;3
11152;112;224;0.6;0.5;52;103;0.5021277;249;236.835;223.6699;2
11153;112;224;0.6;0.5;53;101;0.4978355;236;236.4158;222.7921;0
11154;112;224;0.6;0.5;54;102;0.5220884;221;237;223.098;1
11155;112;224;0.6;0.5;55;101;0.5373832;242;236.6931;222.1287;0
11156;112;224;0.6;0.5;56;103;0.4583333;211;236.6311;223.0971;2
11157;112;224;0.6;0.5;57;101;0.5336134;244;238.0396;222.8713;0
11158;112;224;0.6;0.5;58;104;0.4910714;239;236.7115;222.9904;3
11159;112;224;0.6;0.5;59;101;0.5355649;243;236.505;222.2178;0
11160;112;224;0.6;0.5;60;101;0.5720721;232;238.4851;223.2871;0
11161;112;224;0.6;0.5;61;101;0.5608696;243;235.6733;222.396;0
11162;112;224;0.6;0.5;62;104;0.5625;230;236.1442;222.1923;3
11163;112;224;0.6;0.5;63;102;0.4638298;255;237.0196;222.6176;1
11164;112;224;0.6;0.5;64;102;0.5590909;244;236.6569;222.8627;1
11165;112;224;0.6;0.5;65;102;0.5462555;251;234.402;222.3137;1
11166;112;224;0.6;0.5;66;101;0.4913043;227;237.5545;222.8812;0
11167;112;224;0.6;0.5;67;103;0.456;244;236.5631;222.699;2
11168;112;224;0.6;0.5;68;102;0.558952;244;236.5686;223.2745;1
11169;112;224;0.6;0.5;69;102;0.4976959;223;234.8431;222.2745;1
11170;112;224;0.6;0.5;70;101;0.579646;247;238.5545;222.8416;0
11171;112;224;0.6;0.5;71;101;0.4678112;228;237.2277;223.3663;0
11172;112;224;0.6;0.5;72;101;0.5535055;218;237.505;223.1881;0
11173;112;224;0.6;0.5;73;102;0.4960317;221;233.5882;221.8529;1
11174;112;224;0.6;0.5;74;103;0.5086957;225;236.2039;223.1068;2
11175;112;224;0.6;0.5;75;101;0.5145228;224;236.9208;222.5941;0
11176;112;224;0.6;0.5;76;101;0.5381356;256;235.0495;222.3663;0
11177;112;224;0.6;0.5;77;101;0.4872881;249;237.4653;222.9604;0
11178;112;224;0.6;0.5;78;102;0.4824561;218;236.3137;222.8039;1
11179;112;224;0.6;0.5;79;101;0.5384615;250;237.9901;223.1584;0
11180;112;224;0.6;0.5;80;103;0.5258964;220;236.9612;222.5922;2
11181;112;224;0.6;0.5;81;101;0.4130435;247;236.6436;222.8218;0
11182;112;224;0.6;0.5;82;102;0.4166667;238;236.8824;222.8824;1
11183;112;224;0.6;0.5;83;102;0.5155556;251;237.1373;221.9902;1
11184;112;224;0.6;0.5;84;102;0.5581395;241;235.4706;222.7647;1
11185;112;224;0.6;0.5;85;108;0.524;242;238.0556;223.3611;7
11186;112;224;0.6;0.5;86;101;0.4803493;243;236.6436;222.901;0
11187;112;224;0.6;0.5;87;103;0.5720339;249;236.6602;222.2524;2
11188;112;224;0.6;0.5;88;102;0.5020747;236;235.951;222.7059;1
11189;112;224;0.6;0.5;89;105;0.4723404;230;237;222.9429;4
11190;112;224;0.6;0.5;90;102;0.4604651;238;237.5;222.4608;1
11191;112;224;0.6;0.5;91;101;0.4564315;222;237.9406;223.3564;0
11192;112;224;0.6;0.5;92;101;0.4940239;219;235.802;222.3366;0
11193;112;224;0.6;0.5;93;103;0.4889868;238;236.9126;222.5243;2
11194;112;224;0.6;0.5;94;105;0.5230126;251;237.4571;223.4286;4
11195;112;224;0.6;0.5;95;103;0.4401709;246;236.4563;223.1165;2
11196;112;224;0.6;0.5;96;102;0.4849785;228;235.7647;222.9804;1
11197;112;224;0.6;0.5;97;104;0.4636364;228;238.125;223.1731;3
11198;112;224;0.6;0.5;98;102;0.5227273;222;237.3235;223.3922;1
11199;112;224;0.6;0.5;99;102;0.4962406;258;238.2255;223.3922;1
11200;112;224;0.6;0.5;100;103;0.4669604;241;236.1748;222.8641;2
11201;113;1;0.7;0.5;1;101;0.4859813;266;237.8119;1;0
11202;113;1;0.7;0.5;2;101;0.4493392;242;236.4257;1;0
11203;113;1;0.7;0.5;3;102;0.5020747;236;235.5;1;1
11204;113;1;0.7;0.5;4;101;0.579646;216;234.5545;1;0
11205;113;1;0.7;0.5;5;101;0.4915966;218;237.0099;1;0
11206;113;1;0.7;0.5;6;101;0.4915966;234;235.1089;1;0
11207;113;1;0.7;0.5;7;101;0.4803493;262;234.4554;1;0
11208;113;1;0.7;0.5;8;102;0.4938776;224;235.5392;1;1
11209;113;1;0.7;0.5;9;104;0.4891775;252;237.2981;1;3
11210;113;1;0.7;0.5;10;102;0.4494949;265;239.0196;1;1
11211;113;1;0.7;0.5;11;101;0.5263158;239;236.6733;1;0
11212;113;1;0.7;0.5;12;102;0.5099602;257;238.8529;1;1
11213;113;1;0.7;0.5;13;103;0.5400844;233;236.0777;1;2
11214;113;1;0.7;0.5;14;102;0.5127119;250;236.6863;1;1
11215;113;1;0.7;0.5;15;105;0.5265306;241;236.5333;1;4
11216;113;1;0.7;0.5;16;101;0.4877049;219;237.8614;1;0
11217;113;1;0.7;0.5;17;102;0.5437956;221;236.3529;1;1
11218;113;1;0.7;0.5;18;101;0.5;230;235.2673;1;0
11219;113;1;0.7;0.5;19;104;0.5084746;230;237.5288;1;3
11220;113;1;0.7;0.5;20;101;0.4389313;228;236.8218;1;0
11221;113;1;0.7;0.5;21;101;0.4759825;230;236.5248;1;0
11222;113;1;0.7;0.5;22;101;0.5352697;220;236.2178;1;0
11223;113;1;0.7;0.5;23;101;0.4867257;241;236.9802;1;0
11224;113;1;0.7;0.5;24;102;0.4821429;245;237.7549;1;1
11225;113;1;0.7;0.5;25;105;0.5336134;241;237.8095;1;4
11226;113;1;0.7;0.5;26;103;0.5067265;240;237.7864;1;2
11227;113;1;0.7;0.5;27;101;0.4747899;222;237.0792;1;0
11228;113;1;0.7;0.5;28;102;0.4470588;214;236.9314;1;1
11229;113;1;0.7;0.5;29;103;0.4604651;232;238.5534;1;2
11230;113;1;0.7;0.5;30;101;0.5022222;245;236.0396;1;0
11231;113;1;0.7;0.5;31;101;0.5477178;253;236.3267;1;0
11232;113;1;0.7;0.5;32;101;0.5020408;232;237.4158;1;0
11233;113;1;0.7;0.5;33;105;0.48;244;235.8857;1;4
11234;113;1;0.7;0.5;34;101;0.4819277;232;236.2376;1;0
11235;113;1;0.7;0.5;35;105;0.5182186;242;239.0381;1;4
11236;113;1;0.7;0.5;36;102;0.4506438;237;236.2941;1;1
11237;113;1;0.7;0.5;37;101;0.5;243;236.1782;1;0
11238;113;1;0.7;0.5;38;101;0.4855967;251;237.1485;1;0
11239;113;1;0.7;0.5;39;101;0.5155039;216;235.4554;1;0
11240;113;1;0.7;0.5;40;101;0.5564854;243;237.0396;1;0
11241;113;1;0.7;0.5;41;102;0.5100402;230;236.3333;1;1
11242;113;1;0.7;0.5;42;104;0.4347826;224;235.9712;1;3
11243;113;1;0.7;0.5;43;101;0.542735;239;237.2376;1;0
11244;113;1;0.7;0.5;44;101;0.4937238;264;235.7327;1;0
11245;113;1;0.7;0.5;45;101;0.5327103;253;236.2178;1;0
11246;113;1;0.7;0.5;46;102;0.5247934;231;235.3529;1;1
11247;113;1;0.7;0.5;47;104;0.5046729;261;238.3462;1;3
11248;113;1;0.7;0.5;48;102;0.5058366;229;236.2059;1;1
11249;113;1;0.7;0.5;49;104;0.4913043;257;236.8269;1;3
11250;113;1;0.7;0.5;50;101;0.4734513;276;238.5545;1;0
11251;113;1;0.7;0.5;51;102;0.5263158;215;237.5784;1;1
11252;113;1;0.7;0.5;52;102;0.5121951;268;236.4706;1;1
11253;113;1;0.7;0.5;53;102;0.4385246;218;235.3235;1;1
11254;113;1;0.7;0.5;54;102;0.4463519;249;239.6471;1;1
11255;113;1;0.7;0.5;55;101;0.4980392;204;237.1881;1;0
11256;113;1;0.7;0.5;56;101;0.5349794;249;237;1;0
11257;113;1;0.7;0.5;57;103;0.4780702;241;235.7184;1;2
11258;113;1;0.7;0.5;58;101;0.4933333;243;236.9802;1;0
11259;113;1;0.7;0.5;59;103;0.4764151;238;234.8252;1;2
11260;113;1;0.7;0.5;60;101;0.5023041;245;235.8911;1;0
11261;113;1;0.7;0.5;61;102;0.5236052;236;237.8431;1;1
11262;113;1;0.7;0.5;62;102;0.4854772;260;237.4902;1;1
11263;113;1;0.7;0.5;63;101;0.4512195;220;234.8317;1;0
11264;113;1;0.7;0.5;64;101;0.5321888;264;237.6931;1;0
11265;113;1;0.7;0.5;65;102;0.4814815;260;237.3824;1;1
11266;113;1;0.7;0.5;66;101;0.522449;232;238.5644;1;0
11267;113;1;0.7;0.5;67;103;0.4931507;257;235.1456;1;2
11268;113;1;0.7;0.5;68;102;0.4401709;215;238;1;1
11269;113;1;0.7;0.5;69;101;0.5;245;237.3366;1;0
11270;113;1;0.7;0.5;70;101;0.488806;228;234.7723;1;0
11271;113;1;0.7;0.5;71;102;0.488;221;236.1765;1;1
11272;113;1;0.7;0.5;72;101;0.4457831;240;236.8119;1;0
11273;113;1;0.7;0.5;73;102;0.4915966;255;236.4608;1;1
11274;113;1;0.7;0.5;74;104;0.5166667;246;235.6154;1;3
11275;113;1;0.7;0.5;75;102;0.4669261;234;237.5196;1;1
11276;113;1;0.7;0.5;76;101;0.5462555;254;235.4554;1;0
11277;113;1;0.7;0.5;77;102;0.5201794;237;237.7353;1;1
11278;113;1;0.7;0.5;78;101;0.4962687;231;236.7921;1;0
11279;113;1;0.7;0.5;79;101;0.5064378;243;234.7624;1;0
11280;113;1;0.7;0.5;80;103;0.4612403;238;239.6699;1;2
11281;113;1;0.7;0.5;81;102;0.5229358;249;237.5686;1;1
11282;113;1;0.7;0.5;82;102;0.5466667;214;236.7745;1;1
11283;113;1;0.7;0.5;83;102;0.5173913;243;236.3039;1;1
11284;113;1;0.7;0.5;84;102;0.5066667;225;235.8824;1;1
11285;113;1;0.7;0.5;85;101;0.5084034;251;235.6139;1;0
11286;113;1;0.7;0.5;86;101;0.4795082;242;234.6931;1;0
11287;113;1;0.7;0.5;87;102;0.5318182;229;236.5588;1;1
11288;113;1;0.7;0.5;88;101;0.5426009;258;240.5941;1;0
11289;113;1;0.7;0.5;89;107;0.5387931;241;235.6355;1;6
11290;113;1;0.7;0.5;90;101;0.5044643;259;237.8119;1;0
11291;113;1;0.7;0.5;91;101;0.5394191;216;236.6634;1;0
11292;113;1;0.7;0.5;92;101;0.490991;227;238.2871;1;0
11293;113;1;0.7;0.5;93;104;0.5;252;237.0288;1;3
11294;113;1;0.7;0.5;94;101;0.5650407;212;237.2772;1;0
11295;113;1;0.7;0.5;95;101;0.4684685;231;236.9307;1;0
11296;113;1;0.7;0.5;96;103;0.4652174;242;237.7087;1;2
11297;113;1;0.7;0.5;97;102;0.4635193;235;236.2255;1;1
11298;113;1;0.7;0.5;98;102;0.4615385;222;237.5294;1;1
11299;113;1;0.7;0.5;99;107;0.45;264;236.6636;1;6
11300;113;1;0.7;0.5;100;101;0.4411765;255;236.7228;1;0
11301;114;3;0.7;0.5;1;101;0.456;217;236.495;3;0
11302;114;3;0.7;0.5;2;101;0.5205479;252;237.6337;3;0
11303;114;3;0.7;0.5;3;102;0.45;240;237.3627;3;1
11304;114;3;0.7;0.5;4;105;0.5139442;242;235.9714;3;4
11305;114;3;0.7;0.5;5;102;0.4588235;235;239.1863;3;1
11306;114;3;0.7;0.5;6;104;0.4808511;255;237.5673;3;3
11307;114;3;0.7;0.5;7;101;0.4449153;237;235.5842;3;0
11308;114;3;0.7;0.5;8;104;0.5319149;249;237;3;3
11309;114;3;0.7;0.5;9;104;0.4691358;260;239.1154;3;3
11310;114;3;0.7;0.5;10;101;0.4741379;237;237.2871;3;0
11311;114;3;0.7;0.5;11;104;0.504065;222;236.5673;3;3
11312;114;3;0.7;0.5;12;103;0.5407725;251;236.4854;3;2
11313;114;3;0.7;0.5;13;101;0.5188285;226;237.297;3;0
11314;114;3;0.7;0.5;14;101;0.4592275;248;238.0396;3;0
11315;114;3;0.7;0.5;15;101;0.5267857;246;236.505;3;0
11316;114;3;0.7;0.5;16;101;0.4592275;246;237.9505;3;0
11317;114;3;0.7;0.5;17;109;0.481982;236;236.6147;3;8
11318;114;3;0.7;0.5;18;101;0.5404255;231;235.7525;3;0
11319;114;3;0.7;0.5;19;101;0.5108225;218;237.0495;3;0
11320;114;3;0.7;0.5;20;101;0.4516129;227;237.6634;3;0
11321;114;3;0.7;0.5;21;101;0.51417;233;236.2079;3;0
11322;114;3;0.7;0.5;22;102;0.4936709;228;235.5882;3;1
11323;114;3;0.7;0.5;23;103;0.5529412;203;236.7184;3;2
11324;114;3;0.7;0.5;24;102;0.484;238;237.0588;3;1
11325;114;3;0.7;0.5;25;104;0.5289256;236;237.5385;3;3
11326;114;3;0.7;0.5;26;101;0.5169492;231;236.4158;3;0
11327;114;3;0.7;0.5;27;102;0.5092593;228;238.4608;3;1
11328;114;3;0.7;0.5;28;102;0.4826087;248;236.8235;3;1
11329;114;3;0.7;0.5;29;102;0.497992;239;234.8824;3;1
11330;114;3;0.7;0.5;30;102;0.5466667;262;236.9118;3;1
11331;114;3;0.7;0.5;31;101;0.5246637;234;236.7525;3;0
11332;114;3;0.7;0.5;32;101;0.5;220;236.3564;3;0
11333;114;3;0.7;0.5;33;101;0.5469388;241;237.9307;3;0
11334;114;3;0.7;0.5;34;101;0.5407725;244;238.5545;3;0
11335;114;3;0.7;0.5;35;101;0.5416667;203;235.8416;3;0
11336;114;3;0.7;0.5;36;101;0.5102881;249;237.9109;3;0
11337;114;3;0.7;0.5;37;101;0.4861111;263;236.5941;3;0
11338;114;3;0.7;0.5;38;103;0.5020747;228;237.301;3;2
11339;114;3;0.7;0.5;39;101;0.5650224;227;237.8515;3;0
11340;114;3;0.7;0.5;40;102;0.5235849;233;236.3431;3;1
11341;114;3;0.7;0.5;41;101;0.4513274;239;236.5347;3;0
11342;114;3;0.7;0.5;42;102;0.4859813;252;238.0882;3;1
11343;114;3;0.7;0.5;43;102;0.5404255;255;237.9216;3;1
11344;114;3;0.7;0.5;44;102;0.5311203;243;236.1863;3;1
11345;114;3;0.7;0.5;45;102;0.504;244;238.4314;3;1
11346;114;3;0.7;0.5;46;102;0.5257353;234;237.2157;3;1
11347;114;3;0.7;0.5;47;104;0.4259259;216;235.4808;3;3
11348;114;3;0.7;0.5;48;103;0.4913793;237;236.7864;3;2
11349;114;3;0.7;0.5;49;103;0.4528302;209;238.7282;3;2
11350;114;3;0.7;0.5;50;103;0.4941176;230;237.534;3;2
11351;114;3;0.7;0.5;51;102;0.5265306;228;237.3431;3;1
11352;114;3;0.7;0.5;52;101;0.526087;222;236.901;3;0
11353;114;3;0.7;0.5;53;101;0.56;258;236.2772;3;0
11354;114;3;0.7;0.5;54;101;0.4978903;251;235.8218;3;0
11355;114;3;0.7;0.5;55;102;0.4824903;229;236.9706;3;1
11356;114;3;0.7;0.5;56;101;0.4541667;234;236.4851;3;0
11357;114;3;0.7;0.5;57;101;0.5696203;257;238.3663;3;0
11358;114;3;0.7;0.5;58;101;0.4956897;230;239.5842;3;0
11359;114;3;0.7;0.5;59;102;0.4691358;248;235.3824;3;1
11360;114;3;0.7;0.5;60;102;0.4513274;242;238.8235;3;1
11361;114;3;0.7;0.5;61;103;0.4889868;243;236.2816;3;2
11362;114;3;0.7;0.5;62;101;0.502008;246;236.7723;3;0
11363;114;3;0.7;0.5;63;105;0.5152838;235;237.1048;3;4
11364;114;3;0.7;0.5;64;101;0.518018;243;236.5644;3;0
11365;114;3;0.7;0.5;65;101;0.5492958;227;233.8317;3;0
11366;114;3;0.7;0.5;66;101;0.4819277;216;235.8713;3;0
11367;114;3;0.7;0.5;67;101;0.4517544;220;235.9505;3;0
11368;114;3;0.7;0.5;68;102;0.4092827;230;237.1275;3;1
11369;114;3;0.7;0.5;69;101;0.5;242;234.3564;3;0
11370;114;3;0.7;0.5;70;101;0.54;234;237.7624;3;0
11371;114;3;0.7;0.5;71;101;0.4798206;277;236.4059;3;0
11372;114;3;0.7;0.5;72;101;0.5207547;226;237.2376;3;0
11373;114;3;0.7;0.5;73;101;0.5110132;239;234.9802;3;0
11374;114;3;0.7;0.5;74;102;0.5338983;236;237.7941;3;1
11375;114;3;0.7;0.5;75;103;0.5267857;247;236.1068;3;2
11376;114;3;0.7;0.5;76;101;0.5536481;247;236.9307;3;0
11377;114;3;0.7;0.5;77;101;0.4429825;272;237.3168;3;0
11378;114;3;0.7;0.5;78;101;0.5352697;254;237.5248;3;0
11379;114;3;0.7;0.5;79;101;0.4794521;267;237.901;3;0
11380;114;3;0.7;0.5;80;102;0.4939271;251;238.098;3;1
11381;114;3;0.7;0.5;81;101;0.4688797;229;239.0495;3;0
11382;114;3;0.7;0.5;82;101;0.544;231;238.3762;3;0
11383;114;3;0.7;0.5;83;103;0.4482759;252;235.2233;3;2
11384;114;3;0.7;0.5;84;101;0.4893617;251;235.7228;3;0
11385;114;3;0.7;0.5;85;105;0.4837398;240;237.4;3;4
11386;114;3;0.7;0.5;86;107;0.4911504;249;237.5421;3;6
11387;114;3;0.7;0.5;87;101;0.4767442;222;237.8119;3;0
11388;114;3;0.7;0.5;88;103;0.5084746;224;237;3;2
11389;114;3;0.7;0.5;89;103;0.5252101;219;237.7379;3;2
11390;114;3;0.7;0.5;90;102;0.4836066;246;238.4608;3;1
11391;114;3;0.7;0.5;91;102;0.4453782;222;237.2451;3;1
11392;114;3;0.7;0.5;92;101;0.5098039;222;236.0495;3;0
11393;114;3;0.7;0.5;93;102;0.5283843;238;238.1569;3;1
11394;114;3;0.7;0.5;94;101;0.4330357;216;235.802;3;0
11395;114;3;0.7;0.5;95;101;0.5039683;262;237.7822;3;0
11396;114;3;0.7;0.5;96;101;0.4895397;262;236.1386;3;0
11397;114;3;0.7;0.5;97;101;0.5127119;241;236.9307;3;0
11398;114;3;0.7;0.5;98;102;0.4516129;236;234.6961;3;1
11399;114;3;0.7;0.5;99;109;0.4513274;249;237.3761;3;8
11400;114;3;0.7;0.5;100;103;0.5023697;241;234.3204;3;2
11401;115;5;0.7;0.5;1;101;0.4567901;239;237.0594;5;0
11402;115;5;0.7;0.5;2;101;0.4780702;237;237.9901;5;0
11403;115;5;0.7;0.5;3;101;0.4513274;215;234.703;5;0
11404;115;5;0.7;0.5;4;102;0.492126;259;236.8039;5;1
11405;115;5;0.7;0.5;5;101;0.5309735;226;238.3069;5;0
11406;115;5;0.7;0.5;6;101;0.4803493;241;237.9208;5;0
11407;115;5;0.7;0.5;7;101;0.4805195;236;237.4554;5;0
11408;115;5;0.7;0.5;8;101;0.4541833;214;235.0693;5;0
11409;115;5;0.7;0.5;9;103;0.5039683;236;238.3495;5;2
11410;115;5;0.7;0.5;10;101;0.4635193;226;235.5743;5;0
11411;115;5;0.7;0.5;11;101;0.5081967;235;237.8317;5;0
11412;115;5;0.7;0.5;12;102;0.5643154;237;234.7745;5;1
11413;115;5;0.7;0.5;13;101;0.5512821;241;236.8911;5;0
11414;115;5;0.7;0.5;14;102;0.4911504;234;236.4706;5;1
11415;115;5;0.7;0.5;15;101;0.4741379;229;236.7921;5;0
11416;115;5;0.7;0.5;16;103;0.557377;250;237.6505;5;2
11417;115;5;0.7;0.5;17;101;0.5152838;240;237.2871;5;0
11418;115;5;0.7;0.5;18;101;0.5063291;253;236.5545;5;0
11419;115;5;0.7;0.5;19;101;0.4587156;238;235.9406;5;0
11420;115;5;0.7;0.5;20;104;0.5208333;229;234.3269;5;3
11421;115;5;0.7;0.5;21;101;0.5648536;246;236.5248;5;0
11422;115;5;0.7;0.5;22;104;0.4903475;226;236.9231;5;3
11423;115;5;0.7;0.5;23;102;0.4594595;241;236.0784;5;1
11424;115;5;0.7;0.5;24;103;0.548;255;236.0971;5;2
11425;115;5;0.7;0.5;25;106;0.5396825;231;236.5943;5;5
11426;115;5;0.7;0.5;26;101;0.477551;234;237.7426;5;0
11427;115;5;0.7;0.5;27;101;0.4786325;245;236.7624;5;0
11428;115;5;0.7;0.5;28;101;0.5021277;233;236.0495;5;0
11429;115;5;0.7;0.5;29;101;0.5086957;234;237.6733;5;0
11430;115;5;0.7;0.5;30;101;0.4768519;254;237.6931;5;0
11431;115;5;0.7;0.5;31;101;0.4851064;248;236.0495;5;0
11432;115;5;0.7;0.5;32;103;0.56;231;238.4078;5;2
11433;115;5;0.7;0.5;33;101;0.5169492;238;235.9604;5;0
11434;115;5;0.7;0.5;34;101;0.5060729;215;238.7624;5;0
11435;115;5;0.7;0.5;35;102;0.509434;244;236.402;5;1
11436;115;5;0.7;0.5;36;104;0.5406504;255;238.2212;5;3
11437;115;5;0.7;0.5;37;102;0.4956897;248;237.9118;5;1
11438;115;5;0.7;0.5;38;103;0.5;245;238.2913;5;2
11439;115;5;0.7;0.5;39;102;0.5245283;214;236.0686;5;1
11440;115;5;0.7;0.5;40;102;0.4942529;223;238.2647;5;1
11441;115;5;0.7;0.5;41;101;0.4672489;240;237.1584;5;0
11442;115;5;0.7;0.5;42;101;0.4958333;231;236.2277;5;0
11443;115;5;0.7;0.5;43;102;0.5487805;262;236.6471;5;1
11444;115;5;0.7;0.5;44;104;0.5587045;218;238.5288;5;3
11445;115;5;0.7;0.5;45;101;0.5148936;248;235.5248;5;0
11446;115;5;0.7;0.5;46;102;0.512;229;237.6667;5;1
11447;115;5;0.7;0.5;47;102;0.4565217;244;236.7255;5;1
11448;115;5;0.7;0.5;48;102;0.4840183;281;235.4314;5;1
11449;115;5;0.7;0.5;49;101;0.4817814;216;236.7723;5;0
11450;115;5;0.7;0.5;50;101;0.4954955;252;237.0396;5;0
11451;115;5;0.7;0.5;51;102;0.4979424;235;238.4804;5;1
11452;115;5;0.7;0.5;52;101;0.4900398;231;236.604;5;0
11453;115;5;0.7;0.5;53;101;0.5707965;202;235.8317;5;0
11454;115;5;0.7;0.5;54;105;0.5462555;232;236.2;5;4
11455;115;5;0.7;0.5;55;101;0.4885845;219;237.8119;5;0
11456;115;5;0.7;0.5;56;101;0.5147679;215;236.4059;5;0
11457;115;5;0.7;0.5;57;101;0.548;252;236.8515;5;0
11458;115;5;0.7;0.5;58;102;0.4925926;240;237.5882;5;1
11459;115;5;0.7;0.5;59;109;0.5108225;231;236.0734;5;8
11460;115;5;0.7;0.5;60;101;0.468;232;236.6634;5;0
11461;115;5;0.7;0.5;61;101;0.534413;249;237.5644;5;0
11462;115;5;0.7;0.5;62;103;0.5416667;245;236.5631;5;2
11463;115;5;0.7;0.5;63;101;0.5;248;236.7624;5;0
11464;115;5;0.7;0.5;64;102;0.4696356;240;237.3039;5;1
11465;115;5;0.7;0.5;65;107;0.5189873;234;236.8692;5;6
11466;115;5;0.7;0.5;66;102;0.517094;256;235.6275;5;1
11467;115;5;0.7;0.5;67;102;0.4625;217;236;5;1
11468;115;5;0.7;0.5;68;101;0.5113122;245;235.9505;5;0
11469;115;5;0.7;0.5;69;105;0.4877049;230;234.8;5;4
11470;115;5;0.7;0.5;70;101;0.4912281;243;235.1089;5;0
11471;115;5;0.7;0.5;71;101;0.4534884;239;236.5446;5;0
11472;115;5;0.7;0.5;72;106;0.4845815;256;237.3491;5;5
11473;115;5;0.7;0.5;73;101;0.5;247;237.4554;5;0
11474;115;5;0.7;0.5;74;103;0.4872881;246;236.7864;5;2
11475;115;5;0.7;0.5;75;105;0.4700461;249;237.3143;5;4
11476;115;5;0.7;0.5;76;101;0.464135;243;237.5644;5;0
11477;115;5;0.7;0.5;77;104;0.4876033;241;237.6154;5;3
11478;115;5;0.7;0.5;78;102;0.5132743;227;234.0294;5;1
11479;115;5;0.7;0.5;79;103;0.4724771;228;237.0874;5;2
11480;115;5;0.7;0.5;80;102;0.5573123;228;236.8824;5;1
11481;115;5;0.7;0.5;81;101;0.4978541;247;238.6535;5;0
11482;115;5;0.7;0.5;82;102;0.4369369;228;238.2843;5;1
11483;115;5;0.7;0.5;83;104;0.5280374;256;237.2981;5;3
11484;115;5;0.7;0.5;84;101;0.4429224;237;235.1782;5;0
11485;115;5;0.7;0.5;85;101;0.5;235;237.7525;5;0
11486;115;5;0.7;0.5;86;101;0.4567308;252;239.2079;5;0
11487;115;5;0.7;0.5;87;101;0.5321101;248;237.2673;5;0
11488;115;5;0.7;0.5;88;101;0.5020576;246;235.297;5;0
11489;115;5;0.7;0.5;89;103;0.4680851;236;237.1942;5;2
11490;115;5;0.7;0.5;90;103;0.5231481;229;236.2718;5;2
11491;115;5;0.7;0.5;91;102;0.5564516;256;236.0784;5;1
11492;115;5;0.7;0.5;92;102;0.4537445;255;235.8039;5;1
11493;115;5;0.7;0.5;93;102;0.5;234;235.0784;5;1
11494;115;5;0.7;0.5;94;105;0.5041322;254;238.7048;5;4
11495;115;5;0.7;0.5;95;101;0.5304348;245;235.4158;5;0
11496;115;5;0.7;0.5;96;102;0.5646552;235;236.2745;5;1
11497;115;5;0.7;0.5;97;102;0.4942529;225;236.8529;5;1
11498;115;5;0.7;0.5;98;103;0.4713115;228;237.0485;5;2
11499;115;5;0.7;0.5;99;102;0.4810127;241;236.7745;5;1
11500;115;5;0.7;0.5;100;102;0.4789916;247;238.402;5;1
11501;116;7;0.7;0.5;1;101;0.5582329;242;237.3267;7;0
11502;116;7;0.7;0.5;2;101;0.4210526;213;237.0396;7;0
11503;116;7;0.7;0.5;3;101;0.5041667;236;236.7228;7;0
11504;116;7;0.7;0.5;4;101;0.5546559;244;236.7723;7;0
11505;116;7;0.7;0.5;5;102;0.4888889;237;235.098;7;1
11506;116;7;0.7;0.5;6;101;0.5245283;214;235.6832;7;0
11507;116;7;0.7;0.5;7;102;0.5163934;237;236.2647;7;1
11508;116;7;0.7;0.5;8;111;0.5;224;237.5766;7;10
11509;116;7;0.7;0.5;9;102;0.504065;254;237.5882;7;1
11510;116;7;0.7;0.5;10;103;0.4472574;254;235.7476;7;2
11511;116;7;0.7;0.5;11;101;0.4976526;240;236.6436;7;0
11512;116;7;0.7;0.5;12;101;0.5248869;237;238.5446;7;0
11513;116;7;0.7;0.5;13;101;0.4805195;261;236.5941;7;0
11514;116;7;0.7;0.5;14;102;0.4955752;239;236.6275;7;1
11515;116;7;0.7;0.5;15;102;0.4693878;244;235.451;7;1
11516;116;7;0.7;0.5;16;101;0.5336134;239;236;7;0
11517;116;7;0.7;0.5;17;101;0.506383;239;236.1386;7;0
11518;116;7;0.7;0.5;18;101;0.4957983;220;237.5545;7;0
11519;116;7;0.7;0.5;19;101;0.5833333;237;236.7129;7;0
11520;116;7;0.7;0.5;20;101;0.4653061;246;236.0792;7;0
11521;116;7;0.7;0.5;21;101;0.5208333;254;235.8119;7;0
11522;116;7;0.7;0.5;22;101;0.5206612;214;237.9604;7;0
11523;116;7;0.7;0.5;23;101;0.5294118;242;237.1089;7;0
11524;116;7;0.7;0.5;24;101;0.4717742;211;238.2277;7;0
11525;116;7;0.7;0.5;25;102;0.5021097;238;237.2647;7;1
11526;116;7;0.7;0.5;26;102;0.4772727;233;235.4412;7;1
11527;116;7;0.7;0.5;27;101;0.4581498;247;238.7723;7;0
11528;116;7;0.7;0.5;28;104;0.4627451;222;235.4808;7;3
11529;116;7;0.7;0.5;29;101;0.522449;200;235.7822;7;0
11530;116;7;0.7;0.5;30;104;0.5138889;234;235.5769;7;3
11531;116;7;0.7;0.5;31;101;0.4935622;247;237.7822;7;0
11532;116;7;0.7;0.5;32;102;0.525;244;235.8922;7;1
11533;116;7;0.7;0.5;33;101;0.4827586;232;235.2574;7;0
11534;116;7;0.7;0.5;34;104;0.5063291;234;238.2212;7;3
11535;116;7;0.7;0.5;35;102;0.4469027;212;236.6471;7;1
11536;116;7;0.7;0.5;36;103;0.4872881;230;234.767;7;2
11537;116;7;0.7;0.5;37;101;0.4247788;232;237.703;7;0
11538;116;7;0.7;0.5;38;106;0.4957983;252;237.4057;7;5
11539;116;7;0.7;0.5;39;101;0.5107296;244;236.198;7;0
11540;116;7;0.7;0.5;40;101;0.5608696;250;236.6832;7;0
11541;116;7;0.7;0.5;41;101;0.51417;216;236.7822;7;0
11542;116;7;0.7;0.5;42;102;0.5152838;267;238.0294;7;1
11543;116;7;0.7;0.5;43;102;0.5336134;234;235.1765;7;1
11544;116;7;0.7;0.5;44;101;0.5328185;226;235.7822;7;0
11545;116;7;0.7;0.5;45;102;0.5183486;225;235.7451;7;1
11546;116;7;0.7;0.5;46;106;0.4666667;232;239;7;5
11547;116;7;0.7;0.5;47;103;0.5526316;228;236.3786;7;2
11548;116;7;0.7;0.5;48;105;0.4877049;246;239.4;7;4
11549;116;7;0.7;0.5;49;101;0.5751073;245;235.3762;7;0
11550;116;7;0.7;0.5;50;103;0.5117371;253;236.2913;7;2
11551;116;7;0.7;0.5;51;102;0.5416667;245;237.4902;7;1
11552;116;7;0.7;0.5;52;101;0.5375;246;236.7921;7;0
11553;116;7;0.7;0.5;53;102;0.5492424;220;237.9118;7;1
11554;116;7;0.7;0.5;54;101;0.5254237;247;238.2079;7;0
11555;116;7;0.7;0.5;55;103;0.5363636;238;234.9612;7;2
11556;116;7;0.7;0.5;56;101;0.4232365;256;236.2376;7;0
11557;116;7;0.7;0.5;57;102;0.464135;235;236.0882;7;1
11558;116;7;0.7;0.5;58;101;0.4435146;238;235.7723;7;0
11559;116;7;0.7;0.5;59;103;0.4933333;245;236.165;7;2
11560;116;7;0.7;0.5;60;103;0.4940239;257;236.233;7;2
11561;116;7;0.7;0.5;61;101;0.5294118;247;236.5446;7;0
11562;116;7;0.7;0.5;62;101;0.5125;247;236.1683;7;0
11563;116;7;0.7;0.5;63;102;0.4713115;230;238.4706;7;1
11564;116;7;0.7;0.5;64;102;0.5064378;241;237.7353;7;1
11565;116;7;0.7;0.5;65;104;0.5545455;242;238.2019;7;3
11566;116;7;0.7;0.5;66;101;0.4592275;246;236.5941;7;0
11567;116;7;0.7;0.5;67;102;0.4977578;253;236.1078;7;1
11568;116;7;0.7;0.5;68;103;0.4889868;231;235.1845;7;2
11569;116;7;0.7;0.5;69;103;0.4911504;225;236.8447;7;2
11570;116;7;0.7;0.5;70;102;0.5316456;235;237.3922;7;1
11571;116;7;0.7;0.5;71;102;0.5042735;234;236.951;7;1
11572;116;7;0.7;0.5;72;102;0.416309;246;236.0392;7;1
11573;116;7;0.7;0.5;73;101;0.5188285;228;236.8515;7;0
11574;116;7;0.7;0.5;74;101;0.4935065;235;237.0297;7;0
11575;116;7;0.7;0.5;75;101;0.4879032;240;236.6634;7;0
11576;116;7;0.7;0.5;76;102;0.4681818;248;238.3039;7;1
11577;116;7;0.7;0.5;77;101;0.5090909;240;237.3465;7;0
11578;116;7;0.7;0.5;78;102;0.5823293;225;235.3922;7;1
11579;116;7;0.7;0.5;79;102;0.5727273;244;237.1176;7;1
11580;116;7;0.7;0.5;80;103;0.5226337;253;238.8447;7;2
11581;116;7;0.7;0.5;81;102;0.5362903;244;237.0882;7;1
11582;116;7;0.7;0.5;82;101;0.4736842;226;235.8515;7;0
11583;116;7;0.7;0.5;83;102;0.5267857;220;235.3039;7;1
11584;116;7;0.7;0.5;84;101;0.4340426;226;236.802;7;0
11585;116;7;0.7;0.5;85;101;0.4696356;219;235.7426;7;0
11586;116;7;0.7;0.5;86;101;0.5193133;223;237.2475;7;0
11587;116;7;0.7;0.5;87;101;0.4962687;240;235.7426;7;0
11588;116;7;0.7;0.5;88;106;0.4697674;235;236.6038;7;5
11589;116;7;0.7;0.5;89;101;0.4463519;239;237.0594;7;0
11590;116;7;0.7;0.5;90;103;0.5104603;221;234.8544;7;2
11591;116;7;0.7;0.5;91;106;0.5371901;232;237.6981;7;5
11592;116;7;0.7;0.5;92;101;0.5061728;244;237.8812;7;0
11593;116;7;0.7;0.5;93;101;0.5242291;247;237.4653;7;0
11594;116;7;0.7;0.5;94;102;0.4782609;237;237.4314;7;1
11595;116;7;0.7;0.5;95;102;0.4524887;230;237.4804;7;1
11596;116;7;0.7;0.5;96;105;0.4978903;245;236.5238;7;4
11597;116;7;0.7;0.5;97;101;0.5064378;243;236.6634;7;0
11598;116;7;0.7;0.5;98;104;0.4778761;215;235.8846;7;3
11599;116;7;0.7;0.5;99;102;0.5191489;245;236.9706;7;1
11600;116;7;0.7;0.5;100;102;0.481982;242;237;7;1
11601;117;9;0.7;0.5;1;102;0.5463415;269;238.3039;9;1
11602;117;9;0.7;0.5;2;102;0.4836066;254;237.6275;9;1
11603;117;9;0.7;0.5;3;103;0.4977169;232;235.6214;9;2
11604;117;9;0.7;0.5;4;104;0.5042017;235;237.9519;9;3
11605;117;9;0.7;0.5;5;101;0.4638298;265;235.1485;9;0
11606;117;9;0.7;0.5;6;101;0.5103734;272;237.6634;9;0
11607;117;9;0.7;0.5;7;101;0.4686192;255;236.6931;9;0
11608;117;9;0.7;0.5;8;103;0.4462151;220;237.5825;9;2
11609;117;9;0.7;0.5;9;103;0.5104603;251;237.4175;9;2
11610;117;9;0.7;0.5;10;102;0.5;226;237;9;1
11611;117;9;0.7;0.5;11;101;0.552;234;236.5248;9;0
11612;117;9;0.7;0.5;12;102;0.5201794;231;237.1176;9;1
11613;117;9;0.7;0.5;13;101;0.4565217;245;236.5644;9;0
11614;117;9;0.7;0.5;14;101;0.44;205;235.8911;9;0
11615;117;9;0.7;0.5;15;101;0.4745098;235;236.604;9;0
11616;117;9;0.7;0.5;16;102;0.4806202;237;236.8333;9;1
11617;117;9;0.7;0.5;17;102;0.4538153;237;237.5882;9;1
11618;117;9;0.7;0.5;18;101;0.5102881;235;236.6337;9;0
11619;117;9;0.7;0.5;19;102;0.5271967;230;239.6275;9;1
11620;117;9;0.7;0.5;20;102;0.5378788;242;236.4706;9;1
11621;117;9;0.7;0.5;21;101;0.525641;227;236.6337;9;0
11622;117;9;0.7;0.5;22;101;0.5311203;247;236.3267;9;0
11623;117;9;0.7;0.5;23;104;0.5084034;243;237.0577;9;3
11624;117;9;0.7;0.5;24;101;0.5166667;215;237.9208;9;0
11625;117;9;0.7;0.5;25;102;0.4979424;228;238.4314;9;1
11626;117;9;0.7;0.5;26;102;0.4448669;250;239.2549;9;1
11627;117;9;0.7;0.5;27;102;0.472973;253;237.5196;9;1
11628;117;9;0.7;0.5;28;103;0.5165877;248;237.8835;9;2
11629;117;9;0.7;0.5;29;101;0.495935;229;235.9505;9;0
11630;117;9;0.7;0.5;30;106;0.4653061;240;237.934;9;5
11631;117;9;0.7;0.5;31;105;0.5425101;236;236.4857;9;4
11632;117;9;0.7;0.5;32;102;0.4633205;221;236.4804;9;1
11633;117;9;0.7;0.5;33;102;0.5441176;250;236.4804;9;1
11634;117;9;0.7;0.5;34;102;0.4784689;217;234.5;9;1
11635;117;9;0.7;0.5;35;102;0.492;252;237.2255;9;1
11636;117;9;0.7;0.5;36;102;0.5274262;240;237.2647;9;1
11637;117;9;0.7;0.5;37;101;0.5324074;252;238.7228;9;0
11638;117;9;0.7;0.5;38;102;0.5274262;255;236.0588;9;1
11639;117;9;0.7;0.5;39;104;0.5;239;237.1827;9;3
11640;117;9;0.7;0.5;40;101;0.5594714;250;235.6337;9;0
11641;117;9;0.7;0.5;41;103;0.4792627;245;236.4369;9;2
11642;117;9;0.7;0.5;42;102;0.5084746;225;236.8333;9;1
11643;117;9;0.7;0.5;43;101;0.5576923;252;236.198;9;0
11644;117;9;0.7;0.5;44;102;0.5042373;256;236.8431;9;1
11645;117;9;0.7;0.5;45;103;0.5021277;220;237.0388;9;2
11646;117;9;0.7;0.5;46;101;0.5022222;241;237.4752;9;0
11647;117;9;0.7;0.5;47;103;0.509009;237;236.0777;9;2
11648;117;9;0.7;0.5;48;101;0.4765957;220;237.1683;9;0
11649;117;9;0.7;0.5;49;103;0.4920635;227;235.4757;9;2
11650;117;9;0.7;0.5;50;102;0.5180723;231;237.4314;9;1
11651;117;9;0.7;0.5;51;102;0.5223881;259;236.2451;9;1
11652;117;9;0.7;0.5;52;102;0.4885845;246;235.7843;9;1
11653;117;9;0.7;0.5;53;102;0.5318182;258;236.8824;9;1
11654;117;9;0.7;0.5;54;101;0.4859813;244;235.7525;9;0
11655;117;9;0.7;0.5;55;102;0.5238095;232;239.0294;9;1
11656;117;9;0.7;0.5;56;102;0.4541485;218;236.9706;9;1
11657;117;9;0.7;0.5;57;101;0.4837209;266;239.7327;9;0
11658;117;9;0.7;0.5;58;102;0.4843049;242;240.1176;9;1
11659;117;9;0.7;0.5;59;101;0.5156951;242;238.7921;9;0
11660;117;9;0.7;0.5;60;105;0.5084034;250;236.4571;9;4
11661;117;9;0.7;0.5;61;104;0.5570175;236;236.1058;9;3
11662;117;9;0.7;0.5;62;101;0.542735;233;234.802;9;0
11663;117;9;0.7;0.5;63;102;0.4375;233;233.4706;9;1
11664;117;9;0.7;0.5;64;101;0.5277778;241;236.8713;9;0
11665;117;9;0.7;0.5;65;101;0.4412955;242;234.7723;9;0
11666;117;9;0.7;0.5;66;102;0.4934498;247;236.3431;9;1
11667;117;9;0.7;0.5;67;103;0.4581498;235;236.8058;9;2
11668;117;9;0.7;0.5;68;101;0.5;240;238.4257;9;0
11669;117;9;0.7;0.5;69;101;0.4788136;232;235.7327;9;0
11670;117;9;0.7;0.5;70;102;0.5181818;237;237.7353;9;1
11671;117;9;0.7;0.5;71;102;0.509009;243;236.1176;9;1
11672;117;9;0.7;0.5;72;101;0.512605;243;238.3366;9;0
11673;117;9;0.7;0.5;73;101;0.4894515;250;237.7327;9;0
11674;117;9;0.7;0.5;74;103;0.4372093;261;238.068;9;2
11675;117;9;0.7;0.5;75;105;0.4666667;237;238.0095;9;4
11676;117;9;0.7;0.5;76;101;0.4545455;222;238.7129;9;0
11677;117;9;0.7;0.5;77;101;0.5102881;249;236.0792;9;0
11678;117;9;0.7;0.5;78;104;0.5333333;224;236.8654;9;3
11679;117;9;0.7;0.5;79;104;0.4647303;234;238;9;3
11680;117;9;0.7;0.5;80;102;0.5425101;254;238.7549;9;1
11681;117;9;0.7;0.5;81;101;0.5;247;237.0693;9;0
11682;117;9;0.7;0.5;82;101;0.5139442;247;237.2574;9;0
11683;117;9;0.7;0.5;83;105;0.4683544;250;237.2857;9;4
11684;117;9;0.7;0.5;84;103;0.5555556;239;236.233;9;2
11685;117;9;0.7;0.5;85;101;0.4813084;242;237.9109;9;0
11686;117;9;0.7;0.5;86;101;0.5254902;221;236.4653;9;0
11687;117;9;0.7;0.5;87;102;0.4876033;235;234.7549;9;1
11688;117;9;0.7;0.5;88;102;0.5133929;225;236.5392;9;1
11689;117;9;0.7;0.5;89;101;0.4937759;247;234.3168;9;0
11690;117;9;0.7;0.5;90;102;0.4978723;233;237.3725;9;1
11691;117;9;0.7;0.5;91;101;0.5019455;212;236.604;9;0
11692;117;9;0.7;0.5;92;101;0.4655172;244;237.2178;9;0
11693;117;9;0.7;0.5;93;113;0.4880383;227;237.5044;9;12
11694;117;9;0.7;0.5;94;101;0.4703557;224;237.3564;9;0
11695;117;9;0.7;0.5;95;106;0.490991;242;238.3774;9;5
11696;117;9;0.7;0.5;96;101;0.5108225;240;235.8713;9;0
11697;117;9;0.7;0.5;97;101;0.5296804;246;236.505;9;0
11698;117;9;0.7;0.5;98;101;0.4979592;240;236.9406;9;0
11699;117;9;0.7;0.5;99;103;0.5687023;233;238.0485;9;2
11700;117;9;0.7;0.5;100;101;0.5555556;244;236.3663;9;0
11701;118;11;0.7;0.5;1;102;0.463964;252;236.3922;11;1
11702;118;11;0.7;0.5;2;102;0.5305344;236;237.4706;11;1
11703;118;11;0.7;0.5;3;101;0.5198238;226;234.8317;11;0
11704;118;11;0.7;0.5;4;102;0.4566038;237;237.1471;11;1
11705;118;11;0.7;0.5;5;101;0.5;240;236.3564;11;0
11706;118;11;0.7;0.5;6;101;0.5062241;235;236.9703;11;0
11707;118;11;0.7;0.5;7;103;0.5252918;237;237.0971;11;2
11708;118;11;0.7;0.5;8;101;0.4478261;220;234.8614;11;0
11709;118;11;0.7;0.5;9;103;0.5169811;209;239.233;11;2
11710;118;11;0.7;0.5;10;104;0.4868914;252;236.2019;11;3
11711;118;11;0.7;0.5;11;102;0.475;222;235.902;11;1
11712;118;11;0.7;0.5;12;101;0.4541485;253;236.4653;11;0
11713;118;11;0.7;0.5;13;102;0.5171103;215;236.0196;11;1
11714;118;11;0.7;0.5;14;104;0.5418327;230;235.9904;11;3
11715;118;11;0.7;0.5;15;101;0.5299145;232;237.0693;11;0
11716;118;11;0.7;0.5;16;102;0.5149254;223;237.2745;11;1
11717;118;11;0.7;0.5;17;101;0.4417671;240;238.2673;11;0
11718;118;11;0.7;0.5;18;101;0.4956897;237;238.7624;11;0
11719;118;11;0.7;0.5;19;101;0.4678112;221;236.3861;11;0
11720;118;11;0.7;0.5;20;101;0.5019305;228;237.0495;11;0
11721;118;11;0.7;0.5;21;101;0.4724771;250;235.7921;11;0
11722;118;11;0.7;0.5;22;101;0.4473684;259;236.8416;11;0
11723;118;11;0.7;0.5;23;103;0.5642023;219;236.165;11;2
11724;118;11;0.7;0.5;24;106;0.516129;228;238.2925;11;5
11725;118;11;0.7;0.5;25;101;0.4724409;223;235.4554;11;0
11726;118;11;0.7;0.5;26;101;0.4752852;237;236.6931;11;0
11727;118;11;0.7;0.5;27;102;0.4634146;215;236.9118;11;1
11728;118;11;0.7;0.5;28;103;0.4767932;224;235.4466;11;2
11729;118;11;0.7;0.5;29;102;0.564;245;236.2353;11;1
11730;118;11;0.7;0.5;30;101;0.4773663;266;235.9109;11;0
11731;118;11;0.7;0.5;31;104;0.4615385;231;235.7692;11;3
11732;118;11;0.7;0.5;32;101;0.4920635;226;236.5545;11;0
11733;118;11;0.7;0.5;33;104;0.5158371;248;235.5769;11;3
11734;118;11;0.7;0.5;34;101;0.4465116;250;235.1386;11;0
11735;118;11;0.7;0.5;35;103;0.4663462;240;237.6408;11;2
11736;118;11;0.7;0.5;36;102;0.5195312;236;235.9706;11;1
11737;118;11;0.7;0.5;37;101;0.4935622;238;235.802;11;0
11738;118;11;0.7;0.5;38;101;0.5169492;211;235.0099;11;0
11739;118;11;0.7;0.5;39;104;0.5265152;233;238.0481;11;3
11740;118;11;0.7;0.5;40;101;0.5314961;241;237.0297;11;0
11741;118;11;0.7;0.5;41;101;0.4675325;249;235.8416;11;0
11742;118;11;0.7;0.5;42;101;0.501992;246;236.901;11;0
11743;118;11;0.7;0.5;43;101;0.5;237;235.8713;11;0
11744;118;11;0.7;0.5;44;101;0.4939271;225;238.0198;11;0
11745;118;11;0.7;0.5;45;102;0.4747899;218;236.6667;11;1
11746;118;11;0.7;0.5;46;101;0.4747899;243;236.5248;11;0
11747;118;11;0.7;0.5;47;102;0.4958333;237;235.1863;11;1
11748;118;11;0.7;0.5;48;102;0.463964;237;237.6569;11;1
11749;118;11;0.7;0.5;49;102;0.4893617;239;236.6569;11;1
11750;118;11;0.7;0.5;50;101;0.4869565;243;238.901;11;0
11751;118;11;0.7;0.5;51;101;0.4672897;262;235.0495;11;0
11752;118;11;0.7;0.5;52;106;0.4923077;214;234.8396;11;5
11753;118;11;0.7;0.5;53;101;0.5685484;224;236.6733;11;0
11754;118;11;0.7;0.5;54;101;0.457265;232;237.901;11;0
11755;118;11;0.7;0.5;55;101;0.5514403;224;235.6535;11;0
11756;118;11;0.7;0.5;56;102;0.5084034;237;236.4118;11;1
11757;118;11;0.7;0.5;57;101;0.4710425;241;236.5743;11;0
11758;118;11;0.7;0.5;58;106;0.5;246;237.0189;11;5
11759;118;11;0.7;0.5;59;106;0.4938776;221;237.4057;11;5
11760;118;11;0.7;0.5;60;102;0.4565217;254;235.9412;11;1
11761;118;11;0.7;0.5;61;104;0.4817814;227;236.8077;11;3
11762;118;11;0.7;0.5;62;101;0.5601504;205;238.3069;11;0
11763;118;11;0.7;0.5;63;102;0.5;240;238.5882;11;1
11764;118;11;0.7;0.5;64;101;0.4902724;239;239.2772;11;0
11765;118;11;0.7;0.5;65;101;0.470339;227;236.8515;11;0
11766;118;11;0.7;0.5;66;101;0.4545455;262;237.7525;11;0
11767;118;11;0.7;0.5;67;101;0.5308642;246;239.0495;11;0
11768;118;11;0.7;0.5;68;104;0.4612245;237;236.4423;11;3
11769;118;11;0.7;0.5;69;101;0.5064378;236;236.8416;11;0
11770;118;11;0.7;0.5;70;102;0.4852321;238;236.5392;11;1
11771;118;11;0.7;0.5;71;102;0.5176991;234;237.8039;11;1
11772;118;11;0.7;0.5;72;101;0.4938776;224;234.6733;11;0
11773;118;11;0.7;0.5;73;101;0.4713115;241;239.3762;11;0
11774;118;11;0.7;0.5;74;102;0.4672489;244;235.5588;11;1
11775;118;11;0.7;0.5;75;104;0.5483871;227;235.3462;11;3
11776;118;11;0.7;0.5;76;102;0.4753363;234;236.4412;11;1
11777;118;11;0.7;0.5;77;101;0.4644351;240;237.9604;11;0
11778;118;11;0.7;0.5;78;101;0.4922481;233;234.9109;11;0
11779;118;11;0.7;0.5;79;101;0.5062762;236;237.604;11;0
11780;118;11;0.7;0.5;80;102;0.4796748;237;235.7843;11;1
11781;118;11;0.7;0.5;81;102;0.4933921;225;237.0882;11;1
11782;118;11;0.7;0.5;82;101;0.504;237;237.6337;11;0
11783;118;11;0.7;0.5;83;107;0.5535714;244;235.9626;11;6
11784;118;11;0.7;0.5;84;101;0.5102041;246;235.7822;11;0
11785;118;11;0.7;0.5;85;101;0.5238095;235;235.6733;11;0
11786;118;11;0.7;0.5;86;103;0.5416667;234;235.165;11;2
11787;118;11;0.7;0.5;87;102;0.4474708;224;236.6471;11;1
11788;118;11;0.7;0.5;88;101;0.5349794;214;237.8515;11;0
11789;118;11;0.7;0.5;89;101;0.5587045;248;237.1881;11;0
11790;118;11;0.7;0.5;90;102;0.5399061;238;238.1471;11;1
11791;118;11;0.7;0.5;91;101;0.4897119;229;238.4356;11;0
11792;118;11;0.7;0.5;92;101;0.4785992;230;237.3366;11;0
11793;118;11;0.7;0.5;93;104;0.5355649;220;235.5288;11;3
11794;118;11;0.7;0.5;94;101;0.4492188;211;237.5941;11;0
11795;118;11;0.7;0.5;95;103;0.5438596;246;236.835;11;2
11796;118;11;0.7;0.5;96;103;0.5591837;227;234.835;11;2
11797;118;11;0.7;0.5;97;101;0.4830508;233;236.5446;11;0
11798;118;11;0.7;0.5;98;101;0.5189873;234;235.8812;11;0
11799;118;11;0.7;0.5;99;102;0.4954955;263;237.6863;11;1
11800;118;11;0.7;0.5;100;101;0.5086207;238;235.1683;11;0
11801;119;13;0.7;0.5;1;101;0.5219298;236;237.0396;13;0
11802;119;13;0.7;0.5;2;101;0.5079365;223;237.6733;13;0
11803;119;13;0.7;0.5;3;103;0.5406504;252;237.2427;13;2
11804;119;13;0.7;0.5;4;102;0.4777328;236;235.6373;13;1
11805;119;13;0.7;0.5;5;102;0.4583333;234;238.3235;13;1
11806;119;13;0.7;0.5;6;104;0.4661355;218;238.0865;13;3
11807;119;13;0.7;0.5;7;105;0.4380165;262;237.6857;13;4
11808;119;13;0.7;0.5;8;102;0.4470046;240;237.2451;13;1
11809;119;13;0.7;0.5;9;101;0.4957265;255;237.8812;13;0
11810;119;13;0.7;0.5;10;101;0.5564854;216;236;13;0
11811;119;13;0.7;0.5;11;104;0.4909091;267;236.9808;13;3
11812;119;13;0.7;0.5;12;101;0.5061728;219;236.5347;13;0
11813;119;13;0.7;0.5;13;106;0.5368852;215;236.0566;13;5
11814;119;13;0.7;0.5;14;101;0.508547;237;236.0594;13;0
11815;119;13;0.7;0.5;15;101;0.5267176;210;235.9703;13;0
11816;119;13;0.7;0.5;16;105;0.5232558;245;238.0952;13;4
11817;119;13;0.7;0.5;17;103;0.4214559;215;236.4078;13;2
11818;119;13;0.7;0.5;18;101;0.4642857;216;236.1683;13;0
11819;119;13;0.7;0.5;19;102;0.469697;222;238.2549;13;1
11820;119;13;0.7;0.5;20;103;0.4698276;216;236.8058;13;2
11821;119;13;0.7;0.5;21;102;0.5638767;251;236.7843;13;1
11822;119;13;0.7;0.5;22;104;0.472103;242;237.5673;13;3
11823;119;13;0.7;0.5;23;103;0.4978541;223;235.6311;13;2
11824;119;13;0.7;0.5;24;102;0.4666667;243;237.5588;13;1
11825;119;13;0.7;0.5;25;103;0.5093458;253;236.1845;13;2
11826;119;13;0.7;0.5;26;103;0.5096525;215;237.1942;13;2
11827;119;13;0.7;0.5;27;101;0.4579832;237;235.7228;13;0
11828;119;13;0.7;0.5;28;103;0.5289256;227;235.9709;13;2
11829;119;13;0.7;0.5;29;102;0.5411255;220;237.5196;13;1
11830;119;13;0.7;0.5;30;101;0.4459459;250;236.099;13;0
11831;119;13;0.7;0.5;31;102;0.5150215;231;235.5196;13;1
11832;119;13;0.7;0.5;32;101;0.5446429;233;235.9109;13;0
11833;119;13;0.7;0.5;33;106;0.5246637;247;236.6698;13;5
11834;119;13;0.7;0.5;34;101;0.5;240;236.2079;13;0
11835;119;13;0.7;0.5;35;104;0.5041667;240;237.4615;13;3
11836;119;13;0.7;0.5;36;102;0.4977778;245;236.5;13;1
11837;119;13;0.7;0.5;37;103;0.5155556;241;235.7282;13;2
11838;119;13;0.7;0.5;38;107;0.4637097;238;237.2056;13;6
11839;119;13;0.7;0.5;39;101;0.5390625;247;236.9208;13;0
11840;119;13;0.7;0.5;40;101;0.5128205;252;237.7624;13;0
11841;119;13;0.7;0.5;41;101;0.4780876;227;235.8317;13;0
11842;119;13;0.7;0.5;42;102;0.5276596;214;236.0098;13;1
11843;119;13;0.7;0.5;43;101;0.5426357;245;237.0693;13;0
11844;119;13;0.7;0.5;44;103;0.5630252;250;235.1456;13;2
11845;119;13;0.7;0.5;45;102;0.4938776;264;238.549;13;1
11846;119;13;0.7;0.5;46;101;0.5347985;192;236.1287;13;0
11847;119;13;0.7;0.5;47;104;0.4935065;223;237.8462;13;3
11848;119;13;0.7;0.5;48;102;0.5357143;227;235.7647;13;1
11849;119;13;0.7;0.5;49;104;0.4901961;222;235.9712;13;3
11850;119;13;0.7;0.5;50;101;0.4921875;211;237.9109;13;0
11851;119;13;0.7;0.5;51;102;0.5168067;218;238.3627;13;1
11852;119;13;0.7;0.5;52;101;0.4780702;230;236.8515;13;0
11853;119;13;0.7;0.5;53;102;0.5555556;232;236.4608;13;1
11854;119;13;0.7;0.5;54;102;0.4871795;250;236.8725;13;1
11855;119;13;0.7;0.5;55;101;0.4747082;230;238.0693;13;0
11856;119;13;0.7;0.5;56;103;0.457265;242;236.3786;13;2
11857;119;13;0.7;0.5;57;101;0.4725738;217;235.3663;13;0
11858;119;13;0.7;0.5;58;103;0.5263158;242;236.4951;13;2
11859;119;13;0.7;0.5;59;101;0.5046296;245;234.7327;13;0
11860;119;13;0.7;0.5;60;103;0.4734513;250;236.3689;13;2
11861;119;13;0.7;0.5;61;101;0.5822222;217;236.1287;13;0
11862;119;13;0.7;0.5;62;101;0.4444444;238;235.7129;13;0
11863;119;13;0.7;0.5;63;101;0.5206612;250;235.703;13;0
11864;119;13;0.7;0.5;64;102;0.5173913;242;237.6765;13;1
11865;119;13;0.7;0.5;65;102;0.4700461;245;235.8627;13;1
11866;119;13;0.7;0.5;66;103;0.4952381;248;235.0291;13;2
11867;119;13;0.7;0.5;67;101;0.5020747;237;236.2673;13;0
11868;119;13;0.7;0.5;68;101;0.5286885;240;237.6238;13;0
11869;119;13;0.7;0.5;69;107;0.4705882;248;237.6542;13;6
11870;119;13;0.7;0.5;70;101;0.5483871;263;238.1089;13;0
11871;119;13;0.7;0.5;71;102;0.4697674;251;236.0686;13;1
11872;119;13;0.7;0.5;72;103;0.4655172;243;238.2621;13;2
11873;119;13;0.7;0.5;73;101;0.4788136;229;237.2277;13;0
11874;119;13;0.7;0.5;74;101;0.5411255;246;237.0594;13;0
11875;119;13;0.7;0.5;75;101;0.4956522;231;238.2277;13;0
11876;119;13;0.7;0.5;76;102;0.4642857;239;237.1863;13;1
11877;119;13;0.7;0.5;77;101;0.4867257;237;236.9703;13;0
11878;119;13;0.7;0.5;78;102;0.4432234;214;237.1176;13;1
11879;119;13;0.7;0.5;79;102;0.5191489;239;235.2941;13;1
11880;119;13;0.7;0.5;80;101;0.5057915;234;237.802;13;0
11881;119;13;0.7;0.5;81;102;0.5064378;264;236.6471;13;1
11882;119;13;0.7;0.5;82;104;0.5545852;239;235.1442;13;3
11883;119;13;0.7;0.5;83;101;0.4895397;240;235.2475;13;0
11884;119;13;0.7;0.5;84;102;0.4891775;258;236.5294;13;1
11885;119;13;0.7;0.5;85;103;0.6059322;233;237.0388;13;2
11886;119;13;0.7;0.5;86;101;0.5211864;252;236.8317;13;0
11887;119;13;0.7;0.5;87;103;0.4956522;245;236.5146;13;2
11888;119;13;0.7;0.5;88;101;0.4778761;229;234.2475;13;0
11889;119;13;0.7;0.5;89;103;0.4210526;266;236.0971;13;2
11890;119;13;0.7;0.5;90;105;0.5044643;248;235.9048;13;4
11891;119;13;0.7;0.5;91;101;0.5020747;239;238.1089;13;0
11892;119;13;0.7;0.5;92;101;0.4979592;237;237.8713;13;0
11893;119;13;0.7;0.5;93;105;0.5079365;237;236.8286;13;4
11894;119;13;0.7;0.5;94;102;0.5255814;261;236.098;13;1
11895;119;13;0.7;0.5;95;101;0.5145228;239;237.7129;13;0
11896;119;13;0.7;0.5;96;102;0.4595745;236;235.5392;13;1
11897;119;13;0.7;0.5;97;101;0.5767635;249;237.3762;13;0
11898;119;13;0.7;0.5;98;101;0.4980392;234;236.1683;13;0
11899;119;13;0.7;0.5;99;102;0.4663677;227;236.1471;13;1
11900;119;13;0.7;0.5;100;102;0.5249042;230;235.4608;13;1
11901;120;15;0.7;0.5;1;102;0.5180723;240;234.4706;15;1
11902;120;15;0.7;0.5;2;101;0.4625551;233;235.9802;15;0
11903;120;15;0.7;0.5;3;104;0.4876033;250;236.6731;15;3
11904;120;15;0.7;0.5;4;103;0.4732143;244;235.0097;15;2
11905;120;15;0.7;0.5;5;101;0.5517241;222;235.4257;15;0
11906;120;15;0.7;0.5;6;101;0.4757282;236;239.0099;15;0
11907;120;15;0.7;0.5;7;104;0.4798535;222;238.4904;15;3
11908;120;15;0.7;0.5;8;103;0.460251;234;237.7573;15;2
11909;120;15;0.7;0.5;9;101;0.504;232;236.7723;15;0
11910;120;15;0.7;0.5;10;103;0.4322034;245;235.9417;15;2
11911;120;15;0.7;0.5;11;101;0.4798206;233;236.505;15;0
11912;120;15;0.7;0.5;12;102;0.4915254;234;237.5588;15;1
11913;120;15;0.7;0.5;13;101;0.5106383;237;237.2574;15;0
11914;120;15;0.7;0.5;14;103;0.5333333;239;236.6311;15;2
11915;120;15;0.7;0.5;15;105;0.5755102;234;234.2;15;4
11916;120;15;0.7;0.5;16;102;0.5041322;243;236.2745;15;1
11917;120;15;0.7;0.5;17;102;0.5306122;237;236.6373;15;1
11918;120;15;0.7;0.5;18;102;0.6160714;240;236.2157;15;1
11919;120;15;0.7;0.5;19;103;0.4773663;252;238.1068;15;2
11920;120;15;0.7;0.5;20;104;0.4778761;223;234.4615;15;3
11921;120;15;0.7;0.5;21;101;0.527027;228;236.505;15;0
11922;120;15;0.7;0.5;22;102;0.5176991;241;236.4118;15;1
11923;120;15;0.7;0.5;23;102;0.5189873;253;238.4314;15;1
11924;120;15;0.7;0.5;24;101;0.475;255;238.297;15;0
11925;120;15;0.7;0.5;25;103;0.4827586;234;236.2718;15;2
11926;120;15;0.7;0.5;26;101;0.4472574;242;238.604;15;0
11927;120;15;0.7;0.5;27;101;0.5204918;228;234.5941;15;0
11928;120;15;0.7;0.5;28;101;0.4837398;247;237.2871;15;0
11929;120;15;0.7;0.5;29;101;0.5263158;242;236.1782;15;0
11930;120;15;0.7;0.5;30;102;0.512931;235;236.8725;15;1
11931;120;15;0.7;0.5;31;105;0.525;235;234.8095;15;4
11932;120;15;0.7;0.5;32;101;0.5232068;230;236.5842;15;0
11933;120;15;0.7;0.5;33;101;0.4495798;227;237.2376;15;0
11934;120;15;0.7;0.5;34;101;0.5193133;221;234.6733;15;0
11935;120;15;0.7;0.5;35;101;0.5726141;214;238.3168;15;0
11936;120;15;0.7;0.5;36;101;0.519084;215;237.5347;15;0
11937;120;15;0.7;0.5;37;101;0.412766;239;239.3069;15;0
11938;120;15;0.7;0.5;38;101;0.4932735;221;236.6238;15;0
11939;120;15;0.7;0.5;39;102;0.5490196;227;237.7059;15;1
11940;120;15;0.7;0.5;40;103;0.5258621;258;234.7476;15;2
11941;120;15;0.7;0.5;41;101;0.489083;240;235.5347;15;0
11942;120;15;0.7;0.5;42;101;0.5102041;246;236.5941;15;0
11943;120;15;0.7;0.5;43;101;0.4422311;243;235.5446;15;0
11944;120;15;0.7;0.5;44;102;0.5210084;231;237.902;15;1
11945;120;15;0.7;0.5;45;104;0.509009;265;234.8077;15;3
11946;120;15;0.7;0.5;46;101;0.4705882;246;237.4059;15;0
11947;120;15;0.7;0.5;47;103;0.495935;233;236.1748;15;2
11948;120;15;0.7;0.5;48;101;0.5860465;231;235.5743;15;0
11949;120;15;0.7;0.5;49;102;0.4960317;236;236.9804;15;1
11950;120;15;0.7;0.5;50;101;0.535316;227;236.396;15;0
11951;120;15;0.7;0.5;51;101;0.5049505;243;237.0891;15;0
11952;120;15;0.7;0.5;52;101;0.4507042;261;237.1188;15;0
11953;120;15;0.7;0.5;53;103;0.5148936;221;236.4757;15;2
11954;120;15;0.7;0.5;54;104;0.4573643;236;237.6827;15;3
11955;120;15;0.7;0.5;55;103;0.437247;254;236.5534;15;2
11956;120;15;0.7;0.5;56;106;0.4698276;256;234.717;15;5
11957;120;15;0.7;0.5;57;101;0.5236052;242;236.9901;15;0
11958;120;15;0.7;0.5;58;104;0.4710744;238;237.5673;15;3
11959;120;15;0.7;0.5;59;101;0.4863636;225;235.505;15;0
11960;120;15;0.7;0.5;60;101;0.496124;214;234.8713;15;0
11961;120;15;0.7;0.5;61;104;0.4844444;234;236.8558;15;3
11962;120;15;0.7;0.5;62;104;0.4917355;238;237.6635;15;3
11963;120;15;0.7;0.5;63;101;0.48;229;236.1881;15;0
11964;120;15;0.7;0.5;64;101;0.515625;223;238.2475;15;0
11965;120;15;0.7;0.5;65;101;0.4957983;242;237.4455;15;0
11966;120;15;0.7;0.5;66;102;0.5466667;251;236.9314;15;1
11967;120;15;0.7;0.5;67;102;0.4366812;221;237;15;1
11968;120;15;0.7;0.5;68;104;0.4830508;218;236.9808;15;3
11969;120;15;0.7;0.5;69;103;0.5040323;239;237.6602;15;2
11970;120;15;0.7;0.5;70;103;0.5843621;251;236.5825;15;2
11971;120;15;0.7;0.5;71;103;0.5232558;221;236.9223;15;2
11972;120;15;0.7;0.5;72;102;0.5188285;229;238.902;15;1
11973;120;15;0.7;0.5;73;104;0.4906367;240;237.5577;15;3
11974;120;15;0.7;0.5;74;101;0.5122951;234;237.5941;15;0
11975;120;15;0.7;0.5;75;102;0.4644351;225;238.9412;15;1
11976;120;15;0.7;0.5;76;101;0.517094;262;236.8416;15;0
11977;120;15;0.7;0.5;77;101;0.48;234;236.703;15;0
11978;120;15;0.7;0.5;78;102;0.4615385;249;237.8922;15;1
11979;120;15;0.7;0.5;79;101;0.4755556;224;234.0297;15;0
11980;120;15;0.7;0.5;80;101;0.512605;234;237.6535;15;0
11981;120;15;0.7;0.5;81;101;0.5720339;241;236.9307;15;0
11982;120;15;0.7;0.5;82;101;0.4934498;236;237.2475;15;0
11983;120;15;0.7;0.5;83;101;0.4669421;237;236.8119;15;0
11984;120;15;0.7;0.5;84;103;0.4877049;236;236.0388;15;2
11985;120;15;0.7;0.5;85;104;0.46;224;238.5385;15;3
11986;120;15;0.7;0.5;86;102;0.5263158;234;235.902;15;1
11987;120;15;0.7;0.5;87;102;0.5914894;230;237.3725;15;1
11988;120;15;0.7;0.5;88;103;0.5131579;230;237.4563;15;2
11989;120;15;0.7;0.5;89;101;0.534188;260;236.9406;15;0
11990;120;15;0.7;0.5;90;101;0.4957983;221;238.4851;15;0
11991;120;15;0.7;0.5;91;105;0.4603175;225;238.2667;15;4
11992;120;15;0.7;0.5;92;101;0.4404762;230;236.3663;15;0
11993;120;15;0.7;0.5;93;101;0.4805195;236;236.5149;15;0
11994;120;15;0.7;0.5;94;101;0.4771784;233;237.7822;15;0
11995;120;15;0.7;0.5;95;101;0.5083333;225;234.7921;15;0
11996;120;15;0.7;0.5;96;101;0.4715447;235;236.396;15;0
11997;120;15;0.7;0.5;97;104;0.5375494;212;235.625;15;3
11998;120;15;0.7;0.5;98;101;0.4501992;227;236.9901;15;0
11999;120;15;0.7;0.5;99;101;0.4862385;255;235.5941;15;0
12000;120;15;0.7;0.5;100;104;0.5394191;267;235.4423;15;3
12001;121;17;0.7;0.5;1;102;0.4979253;242;237.6961;17;1
12002;121;17;0.7;0.5;2;101;0.4876033;250;237.3465;17;0
12003;121;17;0.7;0.5;3;103;0.4854772;252;238.8058;17;2
12004;121;17;0.7;0.5;4;101;0.4932735;246;236.3366;17;0
12005;121;17;0.7;0.5;5;101;0.4811715;232;236.8416;17;0
12006;121;17;0.7;0.5;6;101;0.4549356;232;235.7624;17;0
12007;121;17;0.7;0.5;7;101;0.545045;251;236.0594;17;0
12008;121;17;0.7;0.5;8;101;0.5181818;241;237.4257;17;0
12009;121;17;0.7;0.5;9;102;0.5463415;242;236.1471;17;1
12010;121;17;0.7;0.5;10;103;0.5542169;228;235.9223;17;2
12011;121;17;0.7;0.5;11;101;0.529148;231;237.8416;17;0
12012;121;17;0.7;0.5;12;102;0.5263158;239;236.4216;17;1
12013;121;17;0.7;0.5;13;101;0.5042017;247;236.703;17;0
12014;121;17;0.7;0.5;14;102;0.5353982;244;236.402;17;1
12015;121;17;0.7;0.5;15;103;0.4900398;251;237.301;17;2
12016;121;17;0.7;0.5;16;102;0.5201613;228;236.5882;17;1
12017;121;17;0.7;0.5;17;101;0.5409836;230;239.0297;17;0
12018;121;17;0.7;0.5;18;101;0.5286885;233;237.0495;17;0
12019;121;17;0.7;0.5;19;107;0.4801587;213;235.6636;17;6
12020;121;17;0.7;0.5;20;101;0.5217391;257;237.4059;17;0
12021;121;17;0.7;0.5;21;101;0.5;223;238.3366;17;0
12022;121;17;0.7;0.5;22;102;0.4955752;228;238.2059;17;1
12023;121;17;0.7;0.5;23;102;0.4650206;237;235.9314;17;1
12024;121;17;0.7;0.5;24;101;0.5511811;237;236.7327;17;0
12025;121;17;0.7;0.5;25;101;0.562753;239;236.2871;17;0
12026;121;17;0.7;0.5;26;102;0.4625;241;236.7549;17;1
12027;121;17;0.7;0.5;27;101;0.5022624;242;236.2871;17;0
12028;121;17;0.7;0.5;28;103;0.5064378;237;233.4369;17;2
12029;121;17;0.7;0.5;29;101;0.5191489;245;236.6832;17;0
12030;121;17;0.7;0.5;30;101;0.5155556;241;236.2079;17;0
12031;121;17;0.7;0.5;31;103;0.4957983;233;236.0583;17;2
12032;121;17;0.7;0.5;32;101;0.4790698;264;236.495;17;0
12033;121;17;0.7;0.5;33;101;0.4933333;247;237.3366;17;0
12034;121;17;0.7;0.5;34;102;0.4588235;219;235.5588;17;1
12035;121;17;0.7;0.5;35;104;0.5115385;234;236.9135;17;3
12036;121;17;0.7;0.5;36;102;0.4936709;250;236.0392;17;1
12037;121;17;0.7;0.5;37;102;0.5;246;237.951;17;1
12038;121;17;0.7;0.5;38;101;0.4594595;232;236.6634;17;0
12039;121;17;0.7;0.5;39;102;0.543379;239;236.6275;17;1
12040;121;17;0.7;0.5;40;105;0.4858491;234;235.4286;17;4
12041;121;17;0.7;0.5;41;107;0.5461847;238;237.3738;17;6
12042;121;17;0.7;0.5;42;103;0.5186722;241;236.9029;17;2
12043;121;17;0.7;0.5;43;101;0.5042373;253;238.2475;17;0
12044;121;17;0.7;0.5;44;105;0.4958333;249;236.019;17;4
12045;121;17;0.7;0.5;45;101;0.5700935;233;237.9208;17;0
12046;121;17;0.7;0.5;46;101;0.56;223;235.3564;17;0
12047;121;17;0.7;0.5;47;101;0.4913043;251;236.8317;17;0
12048;121;17;0.7;0.5;48;102;0.4342105;230;234.8235;17;1
12049;121;17;0.7;0.5;49;101;0.5341365;221;235.3366;17;0
12050;121;17;0.7;0.5;50;102;0.5648148;263;236.5;17;1
12051;121;17;0.7;0.5;51;101;0.4513619;234;238.2673;17;0
12052;121;17;0.7;0.5;52;102;0.4722222;274;237.2157;17;1
12053;121;17;0.7;0.5;53;103;0.4725738;229;236.0388;17;2
12054;121;17;0.7;0.5;54;101;0.4741036;243;237.8416;17;0
12055;121;17;0.7;0.5;55;102;0.5245902;225;235.7745;17;1
12056;121;17;0.7;0.5;56;101;0.4956522;203;235.2376;17;0
12057;121;17;0.7;0.5;57;101;0.5173913;249;235.2079;17;0
12058;121;17;0.7;0.5;58;101;0.5232068;235;236.7624;17;0
12059;121;17;0.7;0.5;59;103;0.4632035;241;236.1359;17;2
12060;121;17;0.7;0.5;60;101;0.5241935;232;236.9208;17;0
12061;121;17;0.7;0.5;61;105;0.5;238;238.7905;17;4
12062;121;17;0.7;0.5;62;101;0.5096525;242;236.5644;17;0
12063;121;17;0.7;0.5;63;103;0.5234043;237;235.932;17;2
12064;121;17;0.7;0.5;64;101;0.4691358;239;236.6931;17;0
12065;121;17;0.7;0.5;65;104;0.513834;235;236.1058;17;3
12066;121;17;0.7;0.5;66;107;0.5403226;247;235.9626;17;6
12067;121;17;0.7;0.5;67;101;0.5108225;239;237.7525;17;0
12068;121;17;0.7;0.5;68;101;0.5307018;235;236.2079;17;0
12069;121;17;0.7;0.5;69;107;0.4504505;241;237.5327;17;6
12070;121;17;0.7;0.5;70;103;0.4937759;256;236.9126;17;2
12071;121;17;0.7;0.5;71;101;0.5564516;237;237.1485;17;0
12072;121;17;0.7;0.5;72;105;0.5089286;287;236.1714;17;4
12073;121;17;0.7;0.5;73;103;0.5125;218;237.3107;17;2
12074;121;17;0.7;0.5;74;102;0.4912281;236;238.5294;17;1
12075;121;17;0.7;0.5;75;101;0.470339;226;236.3069;17;0
12076;121;17;0.7;0.5;76;102;0.53125;225;235.8922;17;1
12077;121;17;0.7;0.5;77;101;0.484252;221;235.703;17;0
12078;121;17;0.7;0.5;78;101;0.5252101;236;235.8713;17;0
12079;121;17;0.7;0.5;79;101;0.4857143;260;235.7624;17;0
12080;121;17;0.7;0.5;80;101;0.506383;252;236.9307;17;0
12081;121;17;0.7;0.5;81;102;0.4867257;246;236.7647;17;1
12082;121;17;0.7;0.5;82;102;0.4493392;239;235.6863;17;1
12083;121;17;0.7;0.5;83;101;0.4731707;242;237.7525;17;0
12084;121;17;0.7;0.5;84;101;0.47;248;235.7129;17;0
12085;121;17;0.7;0.5;85;103;0.4940239;226;236.5922;17;2
12086;121;17;0.7;0.5;86;101;0.4915966;210;237.0396;17;0
12087;121;17;0.7;0.5;87;101;0.4918699;230;236.5644;17;0
12088;121;17;0.7;0.5;88;104;0.4912281;242;236.4519;17;3
12089;121;17;0.7;0.5;89;101;0.5243902;242;236.7822;17;0
12090;121;17;0.7;0.5;90;102;0.465812;250;237.098;17;1
12091;121;17;0.7;0.5;91;106;0.5021097;223;235.8774;17;5
12092;121;17;0.7;0.5;92;102;0.4694656;237;236.2255;17;1
12093;121;17;0.7;0.5;93;101;0.4796748;245;239.099;17;0
12094;121;17;0.7;0.5;94;102;0.5036765;218;239.5196;17;1
12095;121;17;0.7;0.5;95;106;0.5103734;236;239.5566;17;5
12096;121;17;0.7;0.5;96;102;0.4906367;248;237.8824;17;1
12097;121;17;0.7;0.5;97;104;0.5110132;216;234.0481;17;3
12098;121;17;0.7;0.5;98;101;0.5254902;212;235.4257;17;0
12099;121;17;0.7;0.5;99;104;0.43379;237;235.1058;17;3
12100;121;17;0.7;0.5;100;101;0.4556962;242;236.3069;17;0
12101;122;19;0.7;0.5;1;104;0.4948097;246;237.4038;19;3
12102;122;19;0.7;0.5;2;103;0.4811321;244;233.4369;19;2
12103;122;19;0.7;0.5;3;101;0.5102881;238;234.8416;19;0
12104;122;19;0.7;0.5;4;102;0.4956522;254;236.3039;19;1
12105;122;19;0.7;0.5;5;101;0.4891775;234;237.0297;19;0
12106;122;19;0.7;0.5;6;107;0.5040984;234;236.4019;19;6
12107;122;19;0.7;0.5;7;101;0.5281385;261;237.703;19;0
12108;122;19;0.7;0.5;8;103;0.5511111;266;236.1165;19;2
12109;122;19;0.7;0.5;9;101;0.4827586;257;238.6139;19;0
12110;122;19;0.7;0.5;10;102;0.5362903;217;236.2941;19;1
12111;122;19;0.7;0.5;11;101;0.4845815;232;235.7921;19;0
12112;122;19;0.7;0.5;12;101;0.4655172;241;236.7426;19;0
12113;122;19;0.7;0.5;13;101;0.4645669;239;238.0297;19;0
12114;122;19;0.7;0.5;14;101;0.4932735;251;235.0693;19;0
12115;122;19;0.7;0.5;15;104;0.5023041;246;237.5096;19;3
12116;122;19;0.7;0.5;16;102;0.480315;242;238.598;19;1
12117;122;19;0.7;0.5;17;102;0.5057471;221;237.6765;19;1
12118;122;19;0.7;0.5;18;102;0.5255814;260;235.5686;19;1
12119;122;19;0.7;0.5;19;101;0.4612069;240;236.4257;19;0
12120;122;19;0.7;0.5;20;101;0.4854772;224;236.901;19;0
12121;122;19;0.7;0.5;21;101;0.4219409;240;235.9109;19;0
12122;122;19;0.7;0.5;22;102;0.4820717;199;236.2255;19;1
12123;122;19;0.7;0.5;23;101;0.5144033;234;237.8713;19;0
12124;122;19;0.7;0.5;24;103;0.5063291;238;235.2136;19;2
12125;122;19;0.7;0.5;25;102;0.5495868;221;236.8725;19;1
12126;122;19;0.7;0.5;26;101;0.5289256;245;236.4356;19;0
12127;122;19;0.7;0.5;27;102;0.5529412;259;236.5294;19;1
12128;122;19;0.7;0.5;28;103;0.512;250;237.7961;19;2
12129;122;19;0.7;0.5;29;101;0.4771784;253;236.2772;19;0
12130;122;19;0.7;0.5;30;101;0.4635193;247;235.5842;19;0
12131;122;19;0.7;0.5;31;102;0.5102041;242;236.2353;19;1
12132;122;19;0.7;0.5;32;101;0.4891775;235;237.1386;19;0
12133;122;19;0.7;0.5;33;101;0.4506438;241;236.901;19;0
12134;122;19;0.7;0.5;34;101;0.4866071;247;237.9307;19;0
12135;122;19;0.7;0.5;35;101;0.4912281;227;236.3762;19;0
12136;122;19;0.7;0.5;36;101;0.5066079;238;235.4059;19;0
12137;122;19;0.7;0.5;37;101;0.5204918;234;238.9406;19;0
12138;122;19;0.7;0.5;38;102;0.4782609;250;238.3725;19;1
12139;122;19;0.7;0.5;39;101;0.5142857;236;238.1584;19;0
12140;122;19;0.7;0.5;40;101;0.5483871;265;238.0891;19;0
12141;122;19;0.7;0.5;41;101;0.517094;230;235.7129;19;0
12142;122;19;0.7;0.5;42;103;0.4845815;212;234.4563;19;2
12143;122;19;0.7;0.5;43;101;0.479638;263;236.6139;19;0
12144;122;19;0.7;0.5;44;105;0.4690265;252;238.2381;19;4
12145;122;19;0.7;0.5;45;103;0.5121951;238;234.5825;19;2
12146;122;19;0.7;0.5;46;104;0.4782609;238;235.6923;19;3
12147;122;19;0.7;0.5;47;103;0.5146444;225;237.6019;19;2
12148;122;19;0.7;0.5;48;101;0.4916667;232;235.2574;19;0
12149;122;19;0.7;0.5;49;101;0.5296443;229;236.9505;19;0
12150;122;19;0.7;0.5;50;101;0.562963;229;237.297;19;0
12151;122;19;0.7;0.5;51;101;0.510917;246;237.8911;19;0
12152;122;19;0.7;0.5;52;104;0.495935;224;236.2212;19;3
12153;122;19;0.7;0.5;53;102;0.5;237;235.9608;19;1
12154;122;19;0.7;0.5;54;101;0.5291667;236;236.4257;19;0
12155;122;19;0.7;0.5;55;102;0.4576923;231;238.1863;19;1
12156;122;19;0.7;0.5;56;101;0.5409091;245;236.5149;19;0
12157;122;19;0.7;0.5;57;102;0.4666667;251;235.6275;19;1
12158;122;19;0.7;0.5;58;102;0.5022422;219;236.6176;19;1
12159;122;19;0.7;0.5;59;101;0.5381166;243;234.5347;19;0
12160;122;19;0.7;0.5;60;102;0.4826087;236;235.902;19;1
12161;122;19;0.7;0.5;61;102;0.5482456;226;234.8235;19;1
12162;122;19;0.7;0.5;62;102;0.5659574;247;236.5;19;1
12163;122;19;0.7;0.5;63;102;0.5485437;268;236.3725;19;1
12164;122;19;0.7;0.5;64;101;0.5021277;251;235.5545;19;0
12165;122;19;0.7;0.5;65;101;0.4940239;262;236.9703;19;0
12166;122;19;0.7;0.5;66;101;0.4509804;248;236.1683;19;0
12167;122;19;0.7;0.5;67;101;0.5092593;231;237;19;0
12168;122;19;0.7;0.5;68;101;0.5365854;254;237.4752;19;0
12169;122;19;0.7;0.5;69;102;0.4826087;233;237.0784;19;1
12170;122;19;0.7;0.5;70;101;0.4700855;256;237.703;19;0
12171;122;19;0.7;0.5;71;101;0.5321888;229;238.2673;19;0
12172;122;19;0.7;0.5;72;104;0.5226337;247;236.7692;19;3
12173;122;19;0.7;0.5;73;109;0.4581673;237;238.6514;19;8
12174;122;19;0.7;0.5;74;101;0.4780702;243;238.099;19;0
12175;122;19;0.7;0.5;75;101;0.4806867;265;237.5545;19;0
12176;122;19;0.7;0.5;76;101;0.5458167;236;237.3465;19;0
12177;122;19;0.7;0.5;77;102;0.4728033;239;239.0686;19;1
12178;122;19;0.7;0.5;78;102;0.4525862;237;235.2647;19;1
12179;122;19;0.7;0.5;79;102;0.4784483;238;234.6176;19;1
12180;122;19;0.7;0.5;80;101;0.519084;227;236.2871;19;0
12181;122;19;0.7;0.5;81;101;0.460251;227;237.901;19;0
12182;122;19;0.7;0.5;82;101;0.5175097;223;237.6139;19;0
12183;122;19;0.7;0.5;83;101;0.5701754;244;236.2871;19;0
12184;122;19;0.7;0.5;84;101;0.5086207;227;235.8812;19;0
12185;122;19;0.7;0.5;85;104;0.5213675;249;236.5481;19;3
12186;122;19;0.7;0.5;86;103;0.5151515;235;235.6699;19;2
12187;122;19;0.7;0.5;87;101;0.4646018;250;237.1782;19;0
12188;122;19;0.7;0.5;88;101;0.512605;246;235.9505;19;0
12189;122;19;0.7;0.5;89;101;0.5546559;244;238.0099;19;0
12190;122;19;0.7;0.5;90;102;0.5;233;237.9314;19;1
12191;122;19;0.7;0.5;91;101;0.520362;249;237.4752;19;0
12192;122;19;0.7;0.5;92;104;0.5130435;244;236.9327;19;3
12193;122;19;0.7;0.5;93;101;0.473251;216;235.495;19;0
12194;122;19;0.7;0.5;94;101;0.5130435;256;236.9802;19;0
12195;122;19;0.7;0.5;95;104;0.5483871;242;233.9904;19;3
12196;122;19;0.7;0.5;96;102;0.5112108;229;236.3725;19;1
12197;122;19;0.7;0.5;97;102;0.4375;235;235.5294;19;1
12198;122;19;0.7;0.5;98;101;0.4806202;245;235.6436;19;0
12199;122;19;0.7;0.5;99;101;0.421875;250;237.6436;19;0
12200;122;19;0.7;0.5;100;104;0.5603448;245;237.5865;19;3
12201;123;21;0.7;0.5;1;101;0.494382;222;236.0891;21;0
12202;123;21;0.7;0.5;2;101;0.4937238;242;234.5149;21;0
12203;123;21;0.7;0.5;3;106;0.4686192;226;235.5472;21;5
12204;123;21;0.7;0.5;4;102;0.5150215;212;236.0784;21;1
12205;123;21;0.7;0.5;5;102;0.468254;261;237.8039;21;1
12206;123;21;0.7;0.5;6;103;0.4716157;232;237.4951;21;2
12207;123;21;0.7;0.5;7;101;0.4691943;252;237.6832;21;0
12208;123;21;0.7;0.5;8;101;0.5;244;236.0792;21;0
12209;123;21;0.7;0.5;9;101;0.4487179;254;236.7129;21;0
12210;123;21;0.7;0.5;10;101;0.538835;254;237.7426;21;0
12211;123;21;0.7;0.5;11;101;0.4609053;202;235.7129;21;0
12212;123;21;0.7;0.5;12;104;0.5355649;236;237.2788;21;3
12213;123;21;0.7;0.5;13;101;0.5079365;241;237.0099;21;0
12214;123;21;0.7;0.5;14;102;0.5343511;218;236.6667;21;1
12215;123;21;0.7;0.5;15;103;0.4235808;239;237.4854;21;2
12216;123;21;0.7;0.5;16;103;0.5390947;231;236.2039;21;2
12217;123;21;0.7;0.5;17;102;0.4772727;230;236.1373;21;1
12218;123;21;0.7;0.5;18;102;0.5230769;242;236.9118;21;1
12219;123;21;0.7;0.5;19;101;0.5330579;245;236.4356;21;0
12220;123;21;0.7;0.5;20;104;0.4832714;240;237.2981;21;3
12221;123;21;0.7;0.5;21;101;0.4957265;238;236.0198;21;0
12222;123;21;0.7;0.5;22;102;0.4868421;235;235.2941;21;1
12223;123;21;0.7;0.5;23;101;0.576;220;236.9109;21;0
12224;123;21;0.7;0.5;24;101;0.491453;238;236.6634;21;0
12225;123;21;0.7;0.5;25;102;0.5579399;240;237.5098;21;1
12226;123;21;0.7;0.5;26;105;0.4636364;226;237.7333;21;4
12227;123;21;0.7;0.5;27;101;0.4854772;233;237.7624;21;0
12228;123;21;0.7;0.5;28;101;0.5021645;235;238.6238;21;0
12229;123;21;0.7;0.5;29;101;0.4666667;235;238.3564;21;0
12230;123;21;0.7;0.5;30;101;0.4956522;238;236.4158;21;0
12231;123;21;0.7;0.5;31;103;0.4621849;229;237.2233;21;2
12232;123;21;0.7;0.5;32;102;0.5021645;245;236.5588;21;1
12233;123;21;0.7;0.5;33;101;0.4621849;223;234.297;21;0
12234;123;21;0.7;0.5;34;101;0.4745763;229;234.1485;21;0
12235;123;21;0.7;0.5;35;101;0.5330739;234;236.3267;21;0
12236;123;21;0.7;0.5;36;102;0.4454976;259;237.598;21;1
12237;123;21;0.7;0.5;37;102;0.508;249;237.402;21;1
12238;123;21;0.7;0.5;38;101;0.579646;233;236.9109;21;0
12239;123;21;0.7;0.5;39;104;0.5555556;248;235.9423;21;3
12240;123;21;0.7;0.5;40;101;0.5361702;232;236.1683;21;0
12241;123;21;0.7;0.5;41;101;0.472973;227;238.0495;21;0
12242;123;21;0.7;0.5;42;102;0.5339367;245;236.6667;21;1
12243;123;21;0.7;0.5;43;104;0.4343891;248;235.7019;21;3
12244;123;21;0.7;0.5;44;102;0.487069;236;235.8235;21;1
12245;123;21;0.7;0.5;45;101;0.5240175;254;237.4554;21;0
12246;123;21;0.7;0.5;46;102;0.5265487;252;235.9902;21;1
12247;123;21;0.7;0.5;47;102;0.5475113;254;235.8627;21;1
12248;123;21;0.7;0.5;48;102;0.4851064;244;237.1078;21;1
12249;123;21;0.7;0.5;49;101;0.5555556;223;235.0495;21;0
12250;123;21;0.7;0.5;50;101;0.5378788;238;236.1188;21;0
12251;123;21;0.7;0.5;51;101;0.5;269;240.4653;21;0
12252;123;21;0.7;0.5;52;101;0.5384615;221;235.4752;21;0
12253;123;21;0.7;0.5;53;102;0.5219298;237;235.3922;21;1
12254;123;21;0.7;0.5;54;105;0.4618644;247;235.9048;21;4
12255;123;21;0.7;0.5;55;103;0.5285714;254;236.3689;21;2
12256;123;21;0.7;0.5;56;101;0.534188;222;235.8713;21;0
12257;123;21;0.7;0.5;57;101;0.497992;231;236.6436;21;0
12258;123;21;0.7;0.5;58;102;0.5391304;269;236.951;21;1
12259;123;21;0.7;0.5;59;102;0.4959016;235;236.2745;21;1
12260;123;21;0.7;0.5;60;101;0.4615385;227;237.2475;21;0
12261;123;21;0.7;0.5;61;101;0.4777328;212;236.8416;21;0
12262;123;21;0.7;0.5;62;101;0.5390947;220;237.4752;21;0
12263;123;21;0.7;0.5;63;102;0.5062762;220;234.7745;21;1
12264;123;21;0.7;0.5;64;103;0.4622222;251;236.8252;21;2
12265;123;21;0.7;0.5;65;102;0.5506608;230;236.0686;21;1
12266;123;21;0.7;0.5;66;102;0.5322581;237;235.6765;21;1
12267;123;21;0.7;0.5;67;101;0.5041322;218;237.4455;21;0
12268;123;21;0.7;0.5;68;103;0.4599156;232;235.9126;21;2
12269;123;21;0.7;0.5;69;101;0.5039683;228;235.5248;21;0
12270;123;21;0.7;0.5;70;101;0.5133929;258;238.6436;21;0
12271;123;21;0.7;0.5;71;101;0.48659;236;235.8713;21;0
12272;123;21;0.7;0.5;72;102;0.5131086;245;237.7843;21;1
12273;123;21;0.7;0.5;73;102;0.5040323;213;239.3529;21;1
12274;123;21;0.7;0.5;74;101;0.4978166;252;238.4653;21;0
12275;123;21;0.7;0.5;75;103;0.5219298;246;236.7767;21;2
12276;123;21;0.7;0.5;76;101;0.48583;230;234.3564;21;0
12277;123;21;0.7;0.5;77;101;0.5125;268;237.6436;21;0
12278;123;21;0.7;0.5;78;101;0.5368852;232;236.1188;21;0
12279;123;21;0.7;0.5;79;103;0.5204918;246;237.8155;21;2
12280;123;21;0.7;0.5;80;101;0.495935;210;237.1485;21;0
12281;123;21;0.7;0.5;81;101;0.4262295;256;237.5842;21;0
12282;123;21;0.7;0.5;82;103;0.5551181;238;236.2913;21;2
12283;123;21;0.7;0.5;83;101;0.5084034;236;237.2574;21;0
12284;123;21;0.7;0.5;84;102;0.4366812;252;238.0686;21;1
12285;123;21;0.7;0.5;85;101;0.492;233;235.6436;21;0
12286;123;21;0.7;0.5;86;103;0.5043478;217;237.2233;21;2
12287;123;21;0.7;0.5;87;101;0.48;233;237.198;21;0
12288;123;21;0.7;0.5;88;102;0.5256917;227;235.9314;21;1
12289;123;21;0.7;0.5;89;102;0.5127119;238;238.7451;21;1
12290;123;21;0.7;0.5;90;101;0.4959016;244;237.2673;21;0
12291;123;21;0.7;0.5;91;101;0.5983264;215;234.1287;21;0
12292;123;21;0.7;0.5;92;101;0.438247;238;236.4356;21;0
12293;123;21;0.7;0.5;93;102;0.5351562;226;236.6569;21;1
12294;123;21;0.7;0.5;94;102;0.525;232;236.0882;21;1
12295;123;21;0.7;0.5;95;102;0.4786325;249;237.3235;21;1
12296;123;21;0.7;0.5;96;103;0.5753968;245;235.6505;21;2
12297;123;21;0.7;0.5;97;102;0.4609053;235;235.8627;21;1
12298;123;21;0.7;0.5;98;104;0.4637097;243;238.9423;21;3
12299;123;21;0.7;0.5;99;101;0.5399061;233;237.7624;21;0
12300;123;21;0.7;0.5;100;101;0.4977578;228;234.4257;21;0
12301;124;23;0.7;0.5;1;101;0.527027;242;235.2277;23;0
12302;124;23;0.7;0.5;2;102;0.5080645;213;235.402;23;1
12303;124;23;0.7;0.5;3;103;0.4814815;233;237.301;23;2
12304;124;23;0.7;0.5;4;102;0.5022624;270;237.6863;23;1
12305;124;23;0.7;0.5;5;101;0.4565217;224;238.2277;23;0
12306;124;23;0.7;0.5;6;103;0.5314961;228;236.9903;23;2
12307;124;23;0.7;0.5;7;103;0.4980237;243;236.9126;23;2
12308;124;23;0.7;0.5;8;102;0.5163934;242;235.2843;23;1
12309;124;23;0.7;0.5;9;104;0.4600939;254;236.9327;23;3
12310;124;23;0.7;0.5;10;101;0.4473684;231;236.4059;23;0
12311;124;23;0.7;0.5;11;102;0.4654378;244;238.9314;23;1
12312;124;23;0.7;0.5;12;104;0.5436508;230;237.9712;23;3
12313;124;23;0.7;0.5;13;101;0.4978541;264;236.8911;23;0
12314;124;23;0.7;0.5;14;103;0.4666667;219;238.233;23;2
12315;124;23;0.7;0.5;15;102;0.48;239;236.5784;23;1
12316;124;23;0.7;0.5;16;102;0.4513274;229;237.6471;23;1
12317;124;23;0.7;0.5;17;101;0.4937759;195;237.4059;23;0
12318;124;23;0.7;0.5;18;102;0.5666667;228;237.9216;23;1
12319;124;23;0.7;0.5;19;106;0.4767442;227;236.8679;23;5
12320;124;23;0.7;0.5;20;102;0.4913043;263;237.951;23;1
12321;124;23;0.7;0.5;21;101;0.4763948;247;237.2475;23;0
12322;124;23;0.7;0.5;22;101;0.4663866;213;236.2178;23;0
12323;124;23;0.7;0.5;23;105;0.4756098;229;235.9619;23;4
12324;124;23;0.7;0.5;24;102;0.5137615;234;235.2647;23;1
12325;124;23;0.7;0.5;25;106;0.4444444;229;235.8868;23;5
12326;124;23;0.7;0.5;26;101;0.5148936;220;234.802;23;0
12327;124;23;0.7;0.5;27;103;0.4935065;229;235.9612;23;2
12328;124;23;0.7;0.5;28;101;0.5045045;223;235.3663;23;0
12329;124;23;0.7;0.5;29;101;0.5154185;245;234.6733;23;0
12330;124;23;0.7;0.5;30;105;0.4493392;246;238.1048;23;4
12331;124;23;0.7;0.5;31;101;0.4345794;225;237.1386;23;0
12332;124;23;0.7;0.5;32;101;0.5108225;251;237.6139;23;0
12333;124;23;0.7;0.5;33;102;0.5201613;249;237;23;1
12334;124;23;0.7;0.5;34;101;0.5525114;236;234.9802;23;0
12335;124;23;0.7;0.5;35;101;0.5265487;219;235.5644;23;0
12336;124;23;0.7;0.5;36;102;0.4705882;219;235.6471;23;1
12337;124;23;0.7;0.5;37;101;0.4529915;232;236.5743;23;0
12338;124;23;0.7;0.5;38;101;0.5714286;238;236.604;23;0
12339;124;23;0.7;0.5;39;103;0.5391304;234;235.4175;23;2
12340;124;23;0.7;0.5;40;101;0.5042017;224;235.1683;23;0
12341;124;23;0.7;0.5;41;106;0.5219298;228;236.6321;23;5
12342;124;23;0.7;0.5;42;101;0.5526316;244;238.3267;23;0
12343;124;23;0.7;0.5;43;102;0.504717;242;236.0196;23;1
12344;124;23;0.7;0.5;44;105;0.4978355;234;238.419;23;4
12345;124;23;0.7;0.5;45;102;0.4593301;255;236.951;23;1
12346;124;23;0.7;0.5;46;102;0.5102041;242;236.4118;23;1
12347;124;23;0.7;0.5;47;102;0.4855967;241;236.0196;23;1
12348;124;23;0.7;0.5;48;102;0.4763948;218;235.2549;23;1
12349;124;23;0.7;0.5;49;102;0.5;221;237.7255;23;1
12350;124;23;0.7;0.5;50;105;0.5533981;257;236.581;23;4
12351;124;23;0.7;0.5;51;101;0.5211864;249;238.6436;23;0
12352;124;23;0.7;0.5;52;104;0.4688797;208;236.4808;23;3
12353;124;23;0.7;0.5;53;101;0.5041667;247;235.9406;23;0
12354;124;23;0.7;0.5;54;101;0.5140187;245;234.6931;23;0
12355;124;23;0.7;0.5;55;102;0.4977974;221;235.8725;23;1
12356;124;23;0.7;0.5;56;101;0.4794521;260;237.0396;23;0
12357;124;23;0.7;0.5;57;101;0.5510204;218;237.9307;23;0
12358;124;23;0.7;0.5;58;105;0.4860558;231;237.3429;23;4
12359;124;23;0.7;0.5;59;104;0.4747899;224;235.6058;23;3
12360;124;23;0.7;0.5;60;102;0.4741379;253;238.8137;23;1
12361;124;23;0.7;0.5;61;104;0.4798387;224;235.1827;23;3
12362;124;23;0.7;0.5;62;101;0.508547;249;236.7525;23;0
12363;124;23;0.7;0.5;63;102;0.5357143;232;235.8725;23;1
12364;124;23;0.7;0.5;64;102;0.4922481;226;236.3137;23;1
12365;124;23;0.7;0.5;65;101;0.4230769;233;237.7426;23;0
12366;124;23;0.7;0.5;66;104;0.4979253;223;234.7212;23;3
12367;124;23;0.7;0.5;67;102;0.5040323;227;236.4118;23;1
12368;124;23;0.7;0.5;68;101;0.488189;221;237.0594;23;0
12369;124;23;0.7;0.5;69;101;0.446281;234;235.297;23;0
12370;124;23;0.7;0.5;70;102;0.4377682;239;238;23;1
12371;124;23;0.7;0.5;71;101;0.536036;228;236.495;23;0
12372;124;23;0.7;0.5;72;102;0.5162602;210;237.7941;23;1
12373;124;23;0.7;0.5;73;101;0.4804688;252;235.604;23;0
12374;124;23;0.7;0.5;74;101;0.4753363;231;236.2871;23;0
12375;124;23;0.7;0.5;75;102;0.4595745;238;237.5294;23;1
12376;124;23;0.7;0.5;76;101;0.5041322;224;237.1386;23;0
12377;124;23;0.7;0.5;77;108;0.4939759;237;235.5741;23;7
12378;124;23;0.7;0.5;78;101;0.4646018;256;236.0198;23;0
12379;124;23;0.7;0.5;79;102;0.4911504;249;237.5294;23;1
12380;124;23;0.7;0.5;80;102;0.4421488;222;237.8922;23;1
12381;124;23;0.7;0.5;81;102;0.4678899;246;236.9118;23;1
12382;124;23;0.7;0.5;82;101;0.4923077;245;238.1386;23;0
12383;124;23;0.7;0.5;83;102;0.5022624;251;235.451;23;1
12384;124;23;0.7;0.5;84;101;0.4581673;246;236.6436;23;0
12385;124;23;0.7;0.5;85;103;0.5106383;243;237.7864;23;2
12386;124;23;0.7;0.5;86;101;0.5435685;235;236.099;23;0
12387;124;23;0.7;0.5;87;103;0.4471545;232;236.3592;23;2
12388;124;23;0.7;0.5;88;101;0.5564202;252;237.1188;23;0
12389;124;23;0.7;0.5;89;101;0.5325203;242;237.0693;23;0
12390;124;23;0.7;0.5;90;101;0.4511278;209;236.1584;23;0
12391;124;23;0.7;0.5;91;102;0.5195312;222;239.4216;23;1
12392;124;23;0.7;0.5;92;101;0.5341365;226;236.6238;23;0
12393;124;23;0.7;0.5;93;101;0.5166667;228;237.3465;23;0
12394;124;23;0.7;0.5;94;103;0.4469027;248;238.2913;23;2
12395;124;23;0.7;0.5;95;103;0.4895397;239;236.4272;23;2
12396;124;23;0.7;0.5;96;103;0.4763948;209;235.9515;23;2
12397;124;23;0.7;0.5;97;102;0.5702479;243;236.1471;23;1
12398;124;23;0.7;0.5;98;101;0.5196507;240;239.198;23;0
12399;124;23;0.7;0.5;99;101;0.5428571;250;238.099;23;0
12400;124;23;0.7;0.5;100;103;0.5193133;222;236.8835;23;2
12401;125;25;0.7;0.5;1;101;0.4937759;251;236.8119;25;0
12402;125;25;0.7;0.5;2;103;0.5432099;219;237.1262;25;2
12403;125;25;0.7;0.5;3;101;0.5254902;229;236.3465;25;0
12404;125;25;0.7;0.5;4;101;0.5098039;234;239.8614;25;0
12405;125;25;0.7;0.5;5;104;0.5093458;274;237.7981;25;3
12406;125;25;0.7;0.5;6;104;0.4866071;232;238.2981;25;3
12407;125;25;0.7;0.5;7;104;0.5070423;238;236.625;25;3
12408;125;25;0.7;0.5;8;102;0.5286344;235;236.5294;25;1
12409;125;25;0.7;0.5;9;102;0.4958678;255;238.2451;25;1
12410;125;25;0.7;0.5;10;104;0.507177;254;237.3173;25;3
12411;125;25;0.7;0.5;11;103;0.5336134;242;235.6214;25;2
12412;125;25;0.7;0.5;12;102;0.4786325;249;235.7157;25;1
12413;125;25;0.7;0.5;13;102;0.5188285;249;238.3627;25;1
12414;125;25;0.7;0.5;14;101;0.5036765;245;238.3861;25;0
12415;125;25;0.7;0.5;15;102;0.5192308;233;236.8922;25;1
12416;125;25;0.7;0.5;16;102;0.557377;227;234.2941;25;1
12417;125;25;0.7;0.5;17;101;0.542735;238;238.4257;25;0
12418;125;25;0.7;0.5;18;104;0.4189189;228;236.9615;25;3
12419;125;25;0.7;0.5;19;101;0.5063291;248;237.4158;25;0
12420;125;25;0.7;0.5;20;101;0.4808511;231;235.3861;25;0
12421;125;25;0.7;0.5;21;104;0.4583333;222;236.3462;25;3
12422;125;25;0.7;0.5;22;103;0.4892704;229;236.4951;25;2
12423;125;25;0.7;0.5;23;102;0.4932735;243;235.8529;25;1
12424;125;25;0.7;0.5;24;103;0.4498141;231;237.9903;25;2
12425;125;25;0.7;0.5;25;102;0.4666667;248;236.3137;25;1
12426;125;25;0.7;0.5;26;102;0.4911504;239;236.3235;25;1
12427;125;25;0.7;0.5;27;101;0.4869565;222;238.6238;25;0
12428;125;25;0.7;0.5;28;102;0.4937759;231;236.8922;25;1
12429;125;25;0.7;0.5;29;101;0.5044643;236;237.8614;25;0
12430;125;25;0.7;0.5;30;101;0.5512821;220;237.6634;25;0
12431;125;25;0.7;0.5;31;101;0.460076;227;237.1881;25;0
12432;125;25;0.7;0.5;32;102;0.5;219;235.549;25;1
12433;125;25;0.7;0.5;33;102;0.5;260;235.1569;25;1
12434;125;25;0.7;0.5;34;101;0.5242291;247;237.3564;25;0
12435;125;25;0.7;0.5;35;101;0.52;234;237.3762;25;0
12436;125;25;0.7;0.5;36;101;0.4537037;215;238.2772;25;0
12437;125;25;0.7;0.5;37;103;0.5064378;231;235.5049;25;2
12438;125;25;0.7;0.5;38;102;0.4774775;224;238.0196;25;1
12439;125;25;0.7;0.5;39;104;0.4672131;223;236.7885;25;3
12440;125;25;0.7;0.5;40;102;0.5432099;218;235.2843;25;1
12441;125;25;0.7;0.5;41;101;0.5114504;230;236.4554;25;0
12442;125;25;0.7;0.5;42;101;0.5330579;230;235.5644;25;0
12443;125;25;0.7;0.5;43;101;0.48;240;235.7327;25;0
12444;125;25;0.7;0.5;44;102;0.5082645;241;235.8627;25;1
12445;125;25;0.7;0.5;45;102;0.4777328;213;236.3824;25;1
12446;125;25;0.7;0.5;46;102;0.4672131;247;237.2745;25;1
12447;125;25;0.7;0.5;47;109;0.5193798;193;236.9266;25;8
12448;125;25;0.7;0.5;48;102;0.4533333;228;237.7255;25;1
12449;125;25;0.7;0.5;49;101;0.5245902;236;236.4059;25;0
12450;125;25;0.7;0.5;50;104;0.4814815;261;235.2212;25;3
12451;125;25;0.7;0.5;51;103;0.453125;205;236.8544;25;2
12452;125;25;0.7;0.5;52;102;0.5393701;266;238.5882;25;1
12453;125;25;0.7;0.5;53;102;0.4534413;239;237.9804;25;1
12454;125;25;0.7;0.5;54;101;0.4715447;232;237.3267;25;0
12455;125;25;0.7;0.5;55;102;0.502008;242;235.7157;25;1
12456;125;25;0.7;0.5;56;101;0.4892704;236;239.3069;25;0
12457;125;25;0.7;0.5;57;103;0.5318182;252;237.0291;25;2
12458;125;25;0.7;0.5;58;101;0.5186722;243;237.1287;25;0
12459;125;25;0.7;0.5;59;101;0.5096525;256;236.8911;25;0
12460;125;25;0.7;0.5;60;102;0.5041322;250;235.9314;25;1
12461;125;25;0.7;0.5;61;101;0.473029;248;235.3465;25;0
12462;125;25;0.7;0.5;62;104;0.495935;218;235.8462;25;3
12463;125;25;0.7;0.5;63;104;0.4790875;190;238.5192;25;3
12464;125;25;0.7;0.5;64;103;0.5042735;249;238.1748;25;2
12465;125;25;0.7;0.5;65;101;0.4897959;231;237.0297;25;0
12466;125;25;0.7;0.5;66;101;0.4796748;233;237.505;25;0
12467;125;25;0.7;0.5;67;102;0.475;236;236.1471;25;1
12468;125;25;0.7;0.5;68;103;0.5263158;269;236.5146;25;2
12469;125;25;0.7;0.5;69;101;0.4243697;242;238.2772;25;0
12470;125;25;0.7;0.5;70;108;0.5062762;248;237.6111;25;7
12471;125;25;0.7;0.5;71;101;0.5022026;251;235.703;25;0
12472;125;25;0.7;0.5;72;102;0.4853556;260;238.0098;25;1
12473;125;25;0.7;0.5;73;101;0.46875;248;236.0792;25;0
12474;125;25;0.7;0.5;74;101;0.5144231;261;238.3465;25;0
12475;125;25;0.7;0.5;75;101;0.4385965;265;236.8218;25;0
12476;125;25;0.7;0.5;76;101;0.4786325;240;236.1089;25;0
12477;125;25;0.7;0.5;77;102;0.4943396;231;236.2647;25;1
12478;125;25;0.7;0.5;78;102;0.504065;240;236.3627;25;1
12479;125;25;0.7;0.5;79;102;0.468599;258;236.951;25;1
12480;125;25;0.7;0.5;80;101;0.5189873;225;236.8515;25;0
12481;125;25;0.7;0.5;81;102;0.4852321;223;235.6765;25;1
12482;125;25;0.7;0.5;82;101;0.489083;241;236.3069;25;0
12483;125;25;0.7;0.5;83;102;0.5019763;258;238.1863;25;1
12484;125;25;0.7;0.5;84;102;0.4897119;231;236.8529;25;1
12485;125;25;0.7;0.5;85;104;0.4590164;249;236.8558;25;3
12486;125;25;0.7;0.5;86;105;0.5665236;250;236.381;25;4
12487;125;25;0.7;0.5;87;101;0.4745763;230;236.6634;25;0
12488;125;25;0.7;0.5;88;101;0.5081967;217;236.7426;25;0
12489;125;25;0.7;0.5;89;103;0.4285714;249;237.4175;25;2
12490;125;25;0.7;0.5;90;104;0.506383;242;236.7212;25;3
12491;125;25;0.7;0.5;91;103;0.4644351;238;236.2233;25;2
12492;125;25;0.7;0.5;92;101;0.5022026;247;236.9604;25;0
12493;125;25;0.7;0.5;93;101;0.5125;244;236.8218;25;0
12494;125;25;0.7;0.5;94;102;0.5040984;234;236.1275;25;1
12495;125;25;0.7;0.5;95;101;0.5299539;250;237.2772;25;0
12496;125;25;0.7;0.5;96;102;0.4954128;243;236.2451;25;1
12497;125;25;0.7;0.5;97;102;0.4979253;231;235.902;25;1
12498;125;25;0.7;0.5;98;101;0.5079365;235;236.7921;25;0
12499;125;25;0.7;0.5;99;101;0.4979424;263;237.2475;25;0
12500;125;25;0.7;0.5;100;101;0.506383;231;238.8218;25;0
12501;126;27;0.7;0.5;1;101;0.5186722;250;235;27;0
12502;126;27;0.7;0.5;2;101;0.52;248;235.7228;27;0
12503;126;27;0.7;0.5;3;101;0.5210084;215;238.5941;27;0
12504;126;27;0.7;0.5;4;102;0.4841629;226;234.8235;27;1
12505;126;27;0.7;0.5;5;101;0.4957983;240;237.2871;27;0
12506;126;27;0.7;0.5;6;102;0.5489362;230;236.6765;27;1
12507;126;27;0.7;0.5;7;101;0.4978541;237;238.1782;27;0
12508;126;27;0.7;0.5;8;108;0.5122951;250;237.4537;27;7
12509;126;27;0.7;0.5;9;101;0.5191489;239;237.2475;27;0
12510;126;27;0.7;0.5;10;101;0.4956897;249;238.1386;27;0
12511;126;27;0.7;0.5;11;104;0.5219124;245;237.375;27;3
12512;126;27;0.7;0.5;12;103;0.5314961;237;234.2621;27;2
12513;126;27;0.7;0.5;13;101;0.4457831;243;235.7426;27;0
12514;126;27;0.7;0.5;14;105;0.4818182;238;236.5238;27;4
12515;126;27;0.7;0.5;15;105;0.5019455;235;233.4476;27;4
12516;126;27;0.7;0.5;16;103;0.4827586;213;236.6117;27;2
12517;126;27;0.7;0.5;17;101;0.4747899;229;236.3465;27;0
12518;126;27;0.7;0.5;18;104;0.4567901;255;236.2885;27;3
12519;126;27;0.7;0.5;19;103;0.5674419;205;237.3495;27;2
12520;126;27;0.7;0.5;20;103;0.4435146;247;238.4078;27;2
12521;126;27;0.7;0.5;21;101;0.5;239;236.4752;27;0
12522;126;27;0.7;0.5;22;103;0.5191489;239;235.4466;27;2
12523;126;27;0.7;0.5;23;101;0.513834;224;236.4257;27;0
12524;126;27;0.7;0.5;24;102;0.5663717;239;237.4804;27;1
12525;126;27;0.7;0.5;25;104;0.4934498;228;237.1923;27;3
12526;126;27;0.7;0.5;26;103;0.5413534;231;237.9126;27;2
12527;126;27;0.7;0.5;27;101;0.5502008;228;236.8713;27;0
12528;126;27;0.7;0.5;28;101;0.4937238;211;236.198;27;0
12529;126;27;0.7;0.5;29;102;0.5374449;252;235.6961;27;1
12530;126;27;0.7;0.5;30;102;0.5402844;242;235.3431;27;1
12531;126;27;0.7;0.5;31;103;0.4937759;245;236.4854;27;2
12532;126;27;0.7;0.5;32;106;0.4696356;219;237.8585;27;5
12533;126;27;0.7;0.5;33;103;0.5;224;237.8932;27;2
12534;126;27;0.7;0.5;34;104;0.5307692;220;236.4423;27;3
12535;126;27;0.7;0.5;35;101;0.5443038;235;238.1089;27;0
12536;126;27;0.7;0.5;36;101;0.4784483;228;237.4554;27;0
12537;126;27;0.7;0.5;37;101;0.4690265;232;237.4653;27;0
12538;126;27;0.7;0.5;38;101;0.5844749;221;237.9901;27;0
12539;126;27;0.7;0.5;39;102;0.4979592;216;235.0882;27;1
12540;126;27;0.7;0.5;40;101;0.53125;229;235.7129;27;0
12541;126;27;0.7;0.5;41;103;0.4507042;233;236.0194;27;2
12542;126;27;0.7;0.5;42;101;0.4608696;258;235.2475;27;0
12543;126;27;0.7;0.5;43;104;0.5059761;242;235.8269;27;3
12544;126;27;0.7;0.5;44;103;0.4955752;226;236.1359;27;2
12545;126;27;0.7;0.5;45;104;0.4896266;227;234.9808;27;3
12546;126;27;0.7;0.5;46;101;0.5346939;251;234.2772;27;0
12547;126;27;0.7;0.5;47;101;0.4692982;230;237.5941;27;0
12548;126;27;0.7;0.5;48;101;0.4957983;259;238.4455;27;0
12549;126;27;0.7;0.5;49;102;0.5119048;240;236.3235;27;1
12550;126;27;0.7;0.5;50;105;0.5173913;229;235.0095;27;4
12551;126;27;0.7;0.5;51;101;0.4423963;256;237.0693;27;0
12552;126;27;0.7;0.5;52;101;0.4977974;215;236.099;27;0
12553;126;27;0.7;0.5;53;103;0.5787234;247;239.932;27;2
12554;126;27;0.7;0.5;54;101;0.5084034;223;235.4356;27;0
12555;126;27;0.7;0.5;55;102;0.5137615;254;237.9902;27;1
12556;126;27;0.7;0.5;56;101;0.5412844;229;235.5743;27;0
12557;126;27;0.7;0.5;57;101;0.470852;224;236.2871;27;0
12558;126;27;0.7;0.5;58;103;0.511194;245;237.0388;27;2
12559;126;27;0.7;0.5;59;101;0.5603448;236;237.4356;27;0
12560;126;27;0.7;0.5;60;103;0.5040323;234;235.9223;27;2
12561;126;27;0.7;0.5;61;105;0.5497835;239;236.6667;27;4
12562;126;27;0.7;0.5;62;103;0.5546559;228;236.6214;27;2
12563;126;27;0.7;0.5;63;103;0.4529148;220;237.1165;27;2
12564;126;27;0.7;0.5;64;102;0.5044248;244;238.4706;27;1
12565;126;27;0.7;0.5;65;101;0.4678899;241;236.6535;27;0
12566;126;27;0.7;0.5;66;101;0.4541833;254;236.8317;27;0
12567;126;27;0.7;0.5;67;107;0.4960317;227;237.7664;27;6
12568;126;27;0.7;0.5;68;102;0.4920635;232;238.4216;27;1
12569;126;27;0.7;0.5;69;101;0.4937759;221;237.5743;27;0
12570;126;27;0.7;0.5;70;101;0.515748;203;238.0792;27;0
12571;126;27;0.7;0.5;71;101;0.5021459;231;235.703;27;0
12572;126;27;0.7;0.5;72;101;0.529661;246;236.6238;27;0
12573;126;27;0.7;0.5;73;104;0.4878049;214;237.6058;27;3
12574;126;27;0.7;0.5;74;101;0.5213675;240;235.3168;27;0
12575;126;27;0.7;0.5;75;103;0.5258964;235;236.2621;27;2
12576;126;27;0.7;0.5;76;103;0.5217391;221;238.2233;27;2
12577;126;27;0.7;0.5;77;101;0.4621849;251;238.1782;27;0
12578;126;27;0.7;0.5;78;103;0.4415094;231;236.7767;27;2
12579;126;27;0.7;0.5;79;101;0.4789916;256;235.604;27;0
12580;126;27;0.7;0.5;80;101;0.5022222;232;236.7426;27;0
12581;126;27;0.7;0.5;81;103;0.4915254;227;236.932;27;2
12582;126;27;0.7;0.5;82;103;0.526749;214;238.6602;27;2
12583;126;27;0.7;0.5;83;103;0.5022026;227;236.2427;27;2
12584;126;27;0.7;0.5;84;101;0.4377358;219;236.8812;27;0
12585;126;27;0.7;0.5;85;101;0.5020576;216;236.5545;27;0
12586;126;27;0.7;0.5;86;102;0.5234043;242;236.0392;27;1
12587;126;27;0.7;0.5;87;102;0.4736842;212;235.7451;27;1
12588;126;27;0.7;0.5;88;101;0.4938272;237;238.2772;27;0
12589;126;27;0.7;0.5;89;101;0.5042017;228;235.8812;27;0
12590;126;27;0.7;0.5;90;101;0.4899598;235;237.6139;27;0
12591;126;27;0.7;0.5;91;105;0.4758065;235;236.6;27;4
12592;126;27;0.7;0.5;92;102;0.5191489;247;237.9216;27;1
12593;126;27;0.7;0.5;93;101;0.5683761;256;237.0594;27;0
12594;126;27;0.7;0.5;94;101;0.497992;232;235.3168;27;0
12595;126;27;0.7;0.5;95;101;0.5021277;232;238.5149;27;0
12596;126;27;0.7;0.5;96;102;0.5108225;256;237.1078;27;1
12597;126;27;0.7;0.5;97;102;0.5098814;246;235.0588;27;1
12598;126;27;0.7;0.5;98;101;0.5240385;219;237.2277;27;0
12599;126;27;0.7;0.5;99;103;0.4570136;249;235.9612;27;2
12600;126;27;0.7;0.5;100;101;0.4911504;231;238.5149;27;0
12601;127;29;0.7;0.5;1;102;0.4878049;268;237.2647;29;1
12602;127;29;0.7;0.5;2;101;0.4423077;251;234.4257;29;0
12603;127;29;0.7;0.5;3;103;0.4326531;212;235.2233;29;2
12604;127;29;0.7;0.5;4;101;0.5304348;234;236.2079;29;0
12605;127;29;0.7;0.5;5;103;0.5148936;240;236.2816;29;2
12606;127;29;0.7;0.5;6;103;0.4827586;232;237.7087;29;2
12607;127;29;0.7;0.5;7;103;0.5136187;228;235.5049;29;2
12608;127;29;0.7;0.5;8;101;0.4883721;235;235.6634;29;0
12609;127;29;0.7;0.5;9;101;0.4556452;216;238.2277;29;0
12610;127;29;0.7;0.5;10;101;0.4736842;221;238.0594;29;0
12611;127;29;0.7;0.5;11;102;0.504386;226;236.3824;29;1
12612;127;29;0.7;0.5;12;101;0.5142857;220;236.7921;29;0
12613;127;29;0.7;0.5;13;101;0.4660633;262;234.9208;29;0
12614;127;29;0.7;0.5;14;102;0.4959016;228;236.3529;29;1
12615;127;29;0.7;0.5;15;101;0.5263158;248;235.0297;29;0
12616;127;29;0.7;0.5;16;101;0.515625;245;238.0297;29;0
12617;127;29;0.7;0.5;17;103;0.5336134;240;235.6408;29;2
12618;127;29;0.7;0.5;18;101;0.440678;232;237.3861;29;0
12619;127;29;0.7;0.5;19;101;0.5083333;242;237.9505;29;0
12620;127;29;0.7;0.5;20;105;0.5139442;230;238.3238;29;4
12621;127;29;0.7;0.5;21;101;0.474359;252;236.1782;29;0
12622;127;29;0.7;0.5;22;102;0.5040984;210;236.4216;29;1
12623;127;29;0.7;0.5;23;102;0.5102881;235;237.2157;29;1
12624;127;29;0.7;0.5;24;101;0.5020921;223;237.3366;29;0
12625;127;29;0.7;0.5;25;101;0.4852321;238;236.4554;29;0
12626;127;29;0.7;0.5;26;101;0.4593496;226;237.198;29;0
12627;127;29;0.7;0.5;27;103;0.5258621;248;236.1553;29;2
12628;127;29;0.7;0.5;28;101;0.5322581;233;235.6634;29;0
12629;127;29;0.7;0.5;29;102;0.5520362;230;237.1275;29;1
12630;127;29;0.7;0.5;30;102;0.4663866;248;235.9314;29;1
12631;127;29;0.7;0.5;31;101;0.5133929;258;236.4059;29;0
12632;127;29;0.7;0.5;32;101;0.4541833;247;235.8911;29;0
12633;127;29;0.7;0.5;33;101;0.5020243;215;237.2079;29;0
12634;127;29;0.7;0.5;34;101;0.5061728;231;235.6634;29;0
12635;127;29;0.7;0.5;35;101;0.518018;242;238.6931;29;0
12636;127;29;0.7;0.5;36;101;0.5265306;243;237.1782;29;0
12637;127;29;0.7;0.5;37;101;0.504386;232;235.5149;29;0
12638;127;29;0.7;0.5;38;101;0.5263158;236;236.7624;29;0
12639;127;29;0.7;0.5;39;101;0.4932127;227;236.8416;29;0
12640;127;29;0.7;0.5;40;105;0.4664032;243;237.0857;29;4
12641;127;29;0.7;0.5;41;102;0.4978355;217;237.451;29;1
12642;127;29;0.7;0.5;42;101;0.5564854;248;236.2475;29;0
12643;127;29;0.7;0.5;43;101;0.4837398;217;238.2574;29;0
12644;127;29;0.7;0.5;44;101;0.4347826;224;235.7228;29;0
12645;127;29;0.7;0.5;45;101;0.5215517;249;236.1485;29;0
12646;127;29;0.7;0.5;46;105;0.5;223;236.4571;29;4
12647;127;29;0.7;0.5;47;106;0.4763948;222;236.1415;29;5
12648;127;29;0.7;0.5;48;101;0.5477178;234;239.0693;29;0
12649;127;29;0.7;0.5;49;102;0.4897959;226;236.3627;29;1
12650;127;29;0.7;0.5;50;102;0.5107296;258;236.2843;29;1
12651;127;29;0.7;0.5;51;101;0.5105485;233;239.8119;29;0
12652;127;29;0.7;0.5;52;101;0.5201613;258;237.0693;29;0
12653;127;29;0.7;0.5;53;101;0.4933921;246;237.1881;29;0
12654;127;29;0.7;0.5;54;102;0.5353982;235;236.6863;29;1
12655;127;29;0.7;0.5;55;104;0.5355649;243;237.1154;29;3
12656;127;29;0.7;0.5;56;101;0.483871;243;236.0198;29;0
12657;127;29;0.7;0.5;57;103;0.4722222;229;236.4854;29;2
12658;127;29;0.7;0.5;58;101;0.5176991;225;236.9802;29;0
12659;127;29;0.7;0.5;59;107;0.496063;245;236.7664;29;6
12660;127;29;0.7;0.5;60;103;0.4956522;237;237.3786;29;2
12661;127;29;0.7;0.5;61;101;0.4895397;213;236.6931;29;0
12662;127;29;0.7;0.5;62;101;0.5102881;257;236.4356;29;0
12663;127;29;0.7;0.5;63;102;0.5825688;233;234.7647;29;1
12664;127;29;0.7;0.5;64;102;0.5616438;245;236.1569;29;1
12665;127;29;0.7;0.5;65;101;0.4791667;241;236.6535;29;0
12666;127;29;0.7;0.5;66;104;0.531401;260;236.4904;29;3
12667;127;29;0.7;0.5;67;102;0.4444444;248;236.3039;29;1
12668;127;29;0.7;0.5;68;101;0.5022222;240;238.2079;29;0
12669;127;29;0.7;0.5;69;103;0.4724409;244;235.8155;29;2
12670;127;29;0.7;0.5;70;102;0.5251142;237;235.4118;29;1
12671;127;29;0.7;0.5;71;103;0.558952;257;236.6699;29;2
12672;127;29;0.7;0.5;72;103;0.481982;245;237.4563;29;2
12673;127;29;0.7;0.5;73;103;0.5130435;247;237.2427;29;2
12674;127;29;0.7;0.5;74;102;0.5204918;257;238.4902;29;1
12675;127;29;0.7;0.5;75;103;0.473251;231;236.6699;29;2
12676;127;29;0.7;0.5;76;102;0.4615385;228;235.1078;29;1
12677;127;29;0.7;0.5;77;103;0.4913043;224;235.8835;29;2
12678;127;29;0.7;0.5;78;103;0.5336134;237;236.9612;29;2
12679;127;29;0.7;0.5;79;101;0.4869565;255;237.3366;29;0
12680;127;29;0.7;0.5;80;105;0.4788136;241;235.3714;29;4
12681;127;29;0.7;0.5;81;101;0.5059289;258;237.4554;29;0
12682;127;29;0.7;0.5;82;101;0.5252918;231;237.1683;29;0
12683;127;29;0.7;0.5;83;102;0.5291667;246;236.8431;29;1
12684;127;29;0.7;0.5;84;101;0.5158371;237;236.2673;29;0
12685;127;29;0.7;0.5;85;101;0.5044643;209;237.3168;29;0
12686;127;29;0.7;0.5;86;103;0.5213675;246;239.0777;29;2
12687;127;29;0.7;0.5;87;102;0.4780702;248;237.7451;29;1
12688;127;29;0.7;0.5;88;101;0.4852321;231;236.6238;29;0
12689;127;29;0.7;0.5;89;103;0.4748858;234;237.9903;29;2
12690;127;29;0.7;0.5;90;101;0.4933921;249;237.5941;29;0
12691;127;29;0.7;0.5;91;102;0.5641026;245;234.6667;29;1
12692;127;29;0.7;0.5;92;102;0.4595745;225;237.3922;29;1
12693;127;29;0.7;0.5;93;108;0.5215517;230;235.9815;29;7
12694;127;29;0.7;0.5;94;105;0.4810127;265;237.7905;29;4
12695;127;29;0.7;0.5;95;101;0.4563107;233;236.7822;29;0
12696;127;29;0.7;0.5;96;101;0.5;253;236.1584;29;0
12697;127;29;0.7;0.5;97;101;0.5682819;241;236.5941;29;0
12698;127;29;0.7;0.5;98;101;0.4977169;227;236.4059;29;0
12699;127;29;0.7;0.5;99;101;0.486166;229;234.495;29;0
12700;127;29;0.7;0.5;100;101;0.495614;220;235.6634;29;0
12701;128;224;0.7;0.5;1;101;0.4683544;240;237.9703;223.0495;0
12702;128;224;0.7;0.5;2;101;0.4545455;247;237.2871;222.3663;0
12703;128;224;0.7;0.5;3;102;0.4728033;230;236.8922;222.8039;1
12704;128;224;0.7;0.5;4;102;0.5081967;245;236.1765;222.2059;1
12705;128;224;0.7;0.5;5;101;0.5247934;227;236.6535;223.1089;0
12706;128;224;0.7;0.5;6;104;0.4848485;239;238.7019;223.1058;3
12707;128;224;0.7;0.5;7;101;0.4340426;235;235.8119;222.802;0
12708;128;224;0.7;0.5;8;101;0.4545455;242;237.3267;222.9109;0
12709;128;224;0.7;0.5;9;102;0.5150215;247;237.4216;223.4902;1
12710;128;224;0.7;0.5;10;102;0.5298805;257;236.1569;222.8627;1
12711;128;224;0.7;0.5;11;101;0.5147679;254;238.4752;223.0594;0
12712;128;224;0.7;0.5;12;104;0.5246637;227;236.5096;222.1923;3
12713;128;224;0.7;0.5;13;103;0.4901186;223;235.6893;222.1262;2
12714;128;224;0.7;0.5;14;101;0.5617021;241;237.2574;223.099;0
12715;128;224;0.7;0.5;15;101;0.4956522;227;234.8119;222.5347;0
12716;128;224;0.7;0.5;16;102;0.4369748;240;236.4804;222.9804;1
12717;128;224;0.7;0.5;17;101;0.4361233;267;234.4257;222.4356;0
12718;128;224;0.7;0.5;18;101;0.483871;250;238.5149;223.1287;0
12719;128;224;0.7;0.5;19;103;0.4700855;236;237.1942;222.9515;2
12720;128;224;0.7;0.5;20;101;0.5394191;267;234.7624;222.0198;0
12721;128;224;0.7;0.5;21;102;0.5183673;266;237.7745;223.0588;1
12722;128;224;0.7;0.5;22;104;0.4957983;234;236.1154;222.6827;3
12723;128;224;0.7;0.5;23;101;0.4553991;243;234.7921;221.9505;0
12724;128;224;0.7;0.5;24;101;0.5446809;238;238.2871;222.3762;0
12725;128;224;0.7;0.5;25;102;0.4345992;239;237.4118;223.2157;1
12726;128;224;0.7;0.5;26;101;0.4837398;214;235.7129;221.9604;0
12727;128;224;0.7;0.5;27;101;0.440678;264;234.5842;222.1584;0
12728;128;224;0.7;0.5;28;101;0.5106383;232;237.8416;223.3861;0
12729;128;224;0.7;0.5;29;101;0.5229358;245;235.7624;222.8911;0
12730;128;224;0.7;0.5;30;101;0.4732143;237;237.2772;223.5743;0
12731;128;224;0.7;0.5;31;101;0.5077519;219;236.1584;222.7921;0
12732;128;224;0.7;0.5;32;102;0.5489362;214;236.3333;223.098;1
12733;128;224;0.7;0.5;33;101;0.5474138;237;238.1287;222.5545;0
12734;128;224;0.7;0.5;34;101;0.5128205;233;237.8119;223.0891;0
12735;128;224;0.7;0.5;35;106;0.5612648;261;237.934;222.6415;5
12736;128;224;0.7;0.5;36;103;0.4637097;214;237.5049;222.6893;2
12737;128;224;0.7;0.5;37;110;0.4755556;236;237.7818;223.1091;9
12738;128;224;0.7;0.5;38;101;0.513834;233;236.9208;223.0693;0
12739;128;224;0.7;0.5;39;103;0.5414634;254;237.8252;222.767;2
12740;128;224;0.7;0.5;40;102;0.4897959;237;236.2843;223.0294;1
12741;128;224;0.7;0.5;41;101;0.4396552;246;235.4356;222.4158;0
12742;128;224;0.7;0.5;42;101;0.5042373;213;235.4653;222.396;0
12743;128;224;0.7;0.5;43;101;0.4819277;234;237.8911;222.8317;0
12744;128;224;0.7;0.5;44;103;0.5368852;226;235.9709;222.8252;2
12745;128;224;0.7;0.5;45;103;0.5155556;237;237.4757;222.2039;2
12746;128;224;0.7;0.5;46;102;0.5185185;234;238.098;222.4118;1
12747;128;224;0.7;0.5;47;101;0.5506073;238;235.2376;222.2673;0
12748;128;224;0.7;0.5;48;101;0.5020921;246;235.9802;223;0
12749;128;224;0.7;0.5;49;102;0.4893617;232;236.3039;222.0882;1
12750;128;224;0.7;0.5;50;101;0.55;260;236.1485;222.3366;0
12751;128;224;0.7;0.5;51;101;0.5066667;239;236.0099;223.1584;0
12752;128;224;0.7;0.5;52;101;0.517094;221;239.4554;222.8713;0
12753;128;224;0.7;0.5;53;101;0.5137255;228;236.1782;222.4059;0
12754;128;224;0.7;0.5;54;102;0.473913;247;236.6078;223.049;1
12755;128;224;0.7;0.5;55;105;0.4958333;240;238;223.219;4
12756;128;224;0.7;0.5;56;102;0.5469388;243;238.1275;223.3039;1
12757;128;224;0.7;0.5;57;103;0.5214008;228;236.4951;222.3981;2
12758;128;224;0.7;0.5;58;102;0.4833333;208;236.6765;222.1373;1
12759;128;224;0.7;0.5;59;103;0.5263158;242;236.7767;222.4369;2
12760;128;224;0.7;0.5;60;103;0.4942085;225;237.1359;222.8544;2
12761;128;224;0.7;0.5;61;105;0.4899598;245;237.4571;223.2952;4
12762;128;224;0.7;0.5;62;102;0.5495868;254;239.3235;223.0196;1
12763;128;224;0.7;0.5;63;104;0.5121951;237;236.4808;221.9615;3
12764;128;224;0.7;0.5;64;101;0.5021459;239;236.0099;222.7921;0
12765;128;224;0.7;0.5;65;102;0.5254902;220;236.5294;222.8824;1
12766;128;224;0.7;0.5;66;103;0.5425101;241;235.767;222.6505;2
12767;128;224;0.7;0.5;67;101;0.4347826;230;237.4356;222.8614;0
12768;128;224;0.7;0.5;68;101;0.5384615;245;237.4356;222.8812;0
12769;128;224;0.7;0.5;69;101;0.4979253;237;235.7129;222.0594;0
12770;128;224;0.7;0.5;70;108;0.5081301;235;236.7407;222.7222;7
12771;128;224;0.7;0.5;71;104;0.5061728;234;235.0962;222.0481;3
12772;128;224;0.7;0.5;72;103;0.5288889;241;237.7379;223.2039;2
12773;128;224;0.7;0.5;73;103;0.5466667;239;237.6019;223.3301;2
12774;128;224;0.7;0.5;74;101;0.5113636;234;238.0792;222.8812;0
12775;128;224;0.7;0.5;75;102;0.5271967;243;236.5196;222.7745;1
12776;128;224;0.7;0.5;76;102;0.4467213;258;236.0098;222.4216;1
12777;128;224;0.7;0.5;77;105;0.4761905;246;237.3333;223.0667;4
12778;128;224;0.7;0.5;78;101;0.5098039;255;237.1881;222.1386;0
12779;128;224;0.7;0.5;79;101;0.545045;234;233.9604;222.0792;0
12780;128;224;0.7;0.5;80;103;0.5244444;237;236.3592;222.9515;2
12781;128;224;0.7;0.5;81;101;0.4770642;268;235.7228;222.7921;0
12782;128;224;0.7;0.5;82;102;0.4826087;236;235.7157;222.3431;1
12783;128;224;0.7;0.5;83;103;0.5064935;230;236.6796;222.7864;2
12784;128;224;0.7;0.5;84;101;0.4414414;238;236.1485;222.7822;0
12785;128;224;0.7;0.5;85;101;0.5465587;240;237.297;222.6337;0
12786;128;224;0.7;0.5;86;103;0.5512821;240;236.5243;222.767;2
12787;128;224;0.7;0.5;87;102;0.5737705;230;238.4118;223.0784;1
12788;128;224;0.7;0.5;88;102;0.4758065;221;237.6275;222.5686;1
12789;128;224;0.7;0.5;89;103;0.4344262;219;235.3883;221.4563;2
12790;128;224;0.7;0.5;90;105;0.4811715;246;237.5714;222.6762;4
12791;128;224;0.7;0.5;91;101;0.4977778;255;236.4257;222.297;0
12792;128;224;0.7;0.5;92;103;0.4747899;235;238.4175;222.8835;2
12793;128;224;0.7;0.5;93;104;0.5062762;249;236.9519;222.7308;3
12794;128;224;0.7;0.5;94;101;0.5473251;244;237.297;222.7129;0
12795;128;224;0.7;0.5;95;101;0.5470852;217;235.198;222.495;0
12796;128;224;0.7;0.5;96;101;0.5207547;197;236.2871;223.1782;0
12797;128;224;0.7;0.5;97;103;0.4796748;243;235.3883;222.7282;2
12798;128;224;0.7;0.5;98;101;0.5066667;240;235.2376;222.901;0
12799;128;224;0.7;0.5;99;101;0.5406504;248;234.9505;222.7129;0
12800;128;224;0.7;0.5;100;101;0.5263158;238;236.9406;222.9109;0
12801;129;1;0.8;0.5;1;102;0.4962963;235;238.8627;1;1
12802;129;1;0.8;0.5;2;106;0.4713656;246;237.1509;1;5
12803;129;1;0.8;0.5;3;103;0.4746544;238;239.3495;1;2
12804;129;1;0.8;0.5;4;102;0.5422222;232;238.7941;1;1
12805;129;1;0.8;0.5;5;101;0.5447154;227;238.5149;1;0
12806;129;1;0.8;0.5;6;101;0.5;231;237.2673;1;0
12807;129;1;0.8;0.5;7;101;0.5355649;213;235.4257;1;0
12808;129;1;0.8;0.5;8;103;0.5102041;234;238.7573;1;2
12809;129;1;0.8;0.5;9;101;0.5223214;230;235.6931;1;0
12810;129;1;0.8;0.5;10;103;0.4694656;219;236.7476;1;2
12811;129;1;0.8;0.5;11;101;0.4953271;235;236.9208;1;0
12812;129;1;0.8;0.5;12;103;0.4978723;237;236.699;1;2
12813;129;1;0.8;0.5;13;103;0.5060729;254;239.1553;1;2
12814;129;1;0.8;0.5;14;103;0.5021645;247;236.2524;1;2
12815;129;1;0.8;0.5;15;102;0.5333333;253;236.5784;1;1
12816;129;1;0.8;0.5;16;101;0.4728033;252;236.8416;1;0
12817;129;1;0.8;0.5;17;101;0.5321101;268;236.0891;1;0
12818;129;1;0.8;0.5;18;102;0.4571429;211;237.9412;1;1
12819;129;1;0.8;0.5;19;101;0.5313808;236;237.9406;1;0
12820;129;1;0.8;0.5;20;102;0.5196507;250;237.1863;1;1
12821;129;1;0.8;0.5;21;102;0.4377682;227;236.7941;1;1
12822;129;1;0.8;0.5;22;103;0.5648536;223;236.6602;1;2
12823;129;1;0.8;0.5;23;102;0.4524715;230;234.5588;1;1
12824;129;1;0.8;0.5;24;104;0.5047619;268;236.7019;1;3
12825;129;1;0.8;0.5;25;101;0.5443038;243;236.604;1;0
12826;129;1;0.8;0.5;26;101;0.5193133;252;236.0297;1;0
12827;129;1;0.8;0.5;27;102;0.5352697;219;237.1078;1;1
12828;129;1;0.8;0.5;28;101;0.5864979;242;237.9208;1;0
12829;129;1;0.8;0.5;29;101;0.4823529;247;238.0198;1;0
12830;129;1;0.8;0.5;30;104;0.4934498;229;238.4423;1;3
12831;129;1;0.8;0.5;31;101;0.4557522;227;237.5644;1;0
12832;129;1;0.8;0.5;32;104;0.525641;248;238.0385;1;3
12833;129;1;0.8;0.5;33;103;0.5;229;237.0388;1;2
12834;129;1;0.8;0.5;34;101;0.5108225;245;237.9505;1;0
12835;129;1;0.8;0.5;35;102;0.4705882;238;237.9118;1;1
12836;129;1;0.8;0.5;36;101;0.525641;241;238.198;1;0
12837;129;1;0.8;0.5;37;102;0.4545455;243;236.9412;1;1
12838;129;1;0.8;0.5;38;101;0.5123967;245;235.0792;1;0
12839;129;1;0.8;0.5;39;101;0.5350877;231;236.7426;1;0
12840;129;1;0.8;0.5;40;101;0.4545455;223;238.6832;1;0
12841;129;1;0.8;0.5;41;101;0.5406504;228;238.0594;1;0
12842;129;1;0.8;0.5;42;102;0.5294118;264;237.0882;1;1
12843;129;1;0.8;0.5;43;102;0.4979757;230;236.9902;1;1
12844;129;1;0.8;0.5;44;102;0.5238095;221;235.6373;1;1
12845;129;1;0.8;0.5;45;102;0.4976744;232;238.6373;1;1
12846;129;1;0.8;0.5;46;101;0.5308642;224;238.0495;1;0
12847;129;1;0.8;0.5;47;103;0.4853556;218;236.6893;1;2
12848;129;1;0.8;0.5;48;102;0.5276753;205;236.4706;1;1
12849;129;1;0.8;0.5;49;101;0.5102041;251;237.6535;1;0
12850;129;1;0.8;0.5;50;101;0.4879032;250;239.3366;1;0
12851;129;1;0.8;0.5;51;101;0.525641;239;238.3564;1;0
12852;129;1;0.8;0.5;52;101;0.5336134;228;238.0792;1;0
12853;129;1;0.8;0.5;53;102;0.5783133;239;237.7549;1;1
12854;129;1;0.8;0.5;54;101;0.4956522;245;236.7426;1;0
12855;129;1;0.8;0.5;55;101;0.4723404;251;237.505;1;0
12856;129;1;0.8;0.5;56;101;0.4922481;228;236.8119;1;0
12857;129;1;0.8;0.5;57;101;0.5213675;252;237.0396;1;0
12858;129;1;0.8;0.5;58;102;0.5254237;234;236.0882;1;1
12859;129;1;0.8;0.5;59;103;0.5390947;250;237.3689;1;2
12860;129;1;0.8;0.5;60;103;0.4912281;257;236.0777;1;2
12861;129;1;0.8;0.5;61;101;0.5188285;243;236.198;1;0
12862;129;1;0.8;0.5;62;101;0.4700461;260;236.901;1;0
12863;129;1;0.8;0.5;63;103;0.4516129;240;236.9417;1;2
12864;129;1;0.8;0.5;64;101;0.4918033;226;239.7921;1;0
12865;129;1;0.8;0.5;65;101;0.4594595;231;237.7525;1;0
12866;129;1;0.8;0.5;66;101;0.5019763;216;236;1;0
12867;129;1;0.8;0.5;67;102;0.5502008;225;237.2451;1;1
12868;129;1;0.8;0.5;68;101;0.5062762;229;236.0198;1;0
12869;129;1;0.8;0.5;69;101;0.4754098;240;235.7921;1;0
12870;129;1;0.8;0.5;70;101;0.4793388;238;236.9307;1;0
12871;129;1;0.8;0.5;71;102;0.5154185;244;235.5686;1;1
12872;129;1;0.8;0.5;72;101;0.5316456;221;236.4158;1;0
12873;129;1;0.8;0.5;73;101;0.4632035;237;235.6733;1;0
12874;129;1;0.8;0.5;74;103;0.5396825;206;237.9709;1;2
12875;129;1;0.8;0.5;75;101;0.5194805;232;236.4752;1;0
12876;129;1;0.8;0.5;76;106;0.4609053;238;236.7264;1;5
12877;129;1;0.8;0.5;77;104;0.5416667;269;238.375;1;3
12878;129;1;0.8;0.5;78;101;0.5204918;225;236.4851;1;0
12879;129;1;0.8;0.5;79;101;0.4690265;244;235.6436;1;0
12880;129;1;0.8;0.5;80;102;0.556962;221;237.1765;1;1
12881;129;1;0.8;0.5;81;102;0.4767442;233;235.951;1;1
12882;129;1;0.8;0.5;82;101;0.4705882;218;237.1584;1;0
12883;129;1;0.8;0.5;83;102;0.5483871;247;237.1765;1;1
12884;129;1;0.8;0.5;84;102;0.495098;246;236.5882;1;1
12885;129;1;0.8;0.5;85;102;0.5645161;247;236.5294;1;1
12886;129;1;0.8;0.5;86;101;0.4933921;239;236.297;1;0
12887;129;1;0.8;0.5;87;102;0.4938776;231;236.8627;1;1
12888;129;1;0.8;0.5;88;104;0.4859438;248;238.8173;1;3
12889;129;1;0.8;0.5;89;101;0.5132743;235;237.1683;1;0
12890;129;1;0.8;0.5;90;106;0.4911504;247;236.4717;1;5
12891;129;1;0.8;0.5;91;104;0.5286885;244;236.8269;1;3
12892;129;1;0.8;0.5;92;102;0.5238095;225;236.902;1;1
12893;129;1;0.8;0.5;93;101;0.5;227;237.8515;1;0
12894;129;1;0.8;0.5;94;105;0.487395;240;236.7143;1;4
12895;129;1;0.8;0.5;95;102;0.5296443;228;233.7941;1;1
12896;129;1;0.8;0.5;96;101;0.4875;223;236.3267;1;0
12897;129;1;0.8;0.5;97;101;0.4875;239;237.0891;1;0
12898;129;1;0.8;0.5;98;102;0.5091743;246;236.6373;1;1
12899;129;1;0.8;0.5;99;101;0.5373832;266;237.5644;1;0
12900;129;1;0.8;0.5;100;103;0.5068493;240;237.2621;1;2
12901;130;3;0.8;0.5;1;101;0.5128205;232;236.5941;3;0
12902;130;3;0.8;0.5;2;102;0.5100402;253;238.1275;3;1
12903;130;3;0.8;0.5;3;101;0.4810127;230;236.5248;3;0
12904;130;3;0.8;0.5;4;105;0.4497608;216;235.981;3;4
12905;130;3;0.8;0.5;5;101;0.4830508;245;237.2574;3;0
12906;130;3;0.8;0.5;6;101;0.4957265;205;236.9109;3;0
12907;130;3;0.8;0.5;7;103;0.5079365;230;238.4272;3;2
12908;130;3;0.8;0.5;8;104;0.4957983;221;235.4519;3;3
12909;130;3;0.8;0.5;9;106;0.4628821;233;236.9434;3;5
12910;130;3;0.8;0.5;10;101;0.5102881;240;236.3861;3;0
12911;130;3;0.8;0.5;11;102;0.5086207;250;237.8725;3;1
12912;130;3;0.8;0.5;12;101;0.480315;235;237.3564;3;0
12913;130;3;0.8;0.5;13;101;0.487395;251;238.7723;3;0
12914;130;3;0.8;0.5;14;101;0.4693878;236;236.7426;3;0
12915;130;3;0.8;0.5;15;102;0.4592275;234;237.049;3;1
12916;130;3;0.8;0.5;16;101;0.4453782;252;236.5842;3;0
12917;130;3;0.8;0.5;17;101;0.4862385;254;237.4455;3;0
12918;130;3;0.8;0.5;18;101;0.5042373;240;236.9109;3;0
12919;130;3;0.8;0.5;19;102;0.4590909;236;236.5882;3;1
12920;130;3;0.8;0.5;20;103;0.4941634;232;237.9515;3;2
12921;130;3;0.8;0.5;21;101;0.512605;234;236.6139;3;0
12922;130;3;0.8;0.5;22;101;0.531746;228;236.6634;3;0
12923;130;3;0.8;0.5;23;101;0.4961832;219;236.5842;3;0
12924;130;3;0.8;0.5;24;101;0.5183673;240;236.0099;3;0
12925;130;3;0.8;0.5;25;112;0.465587;250;237.2589;3;11
12926;130;3;0.8;0.5;26;101;0.4938272;234;233.7129;3;0
12927;130;3;0.8;0.5;27;102;0.5394191;217;235.4412;3;1
12928;130;3;0.8;0.5;28;102;0.5042017;246;238.8039;3;1
12929;130;3;0.8;0.5;29;101;0.4345992;221;236.396;3;0
12930;130;3;0.8;0.5;30;101;0.4434389;246;236.802;3;0
12931;130;3;0.8;0.5;31;103;0.5;254;236.3495;3;2
12932;130;3;0.8;0.5;32;101;0.4977578;268;236.3465;3;0
12933;130;3;0.8;0.5;33;105;0.4732143;255;236.7905;3;4
12934;130;3;0.8;0.5;34;102;0.4638783;224;238.5;3;1
12935;130;3;0.8;0.5;35;102;0.4618834;234;237.3333;3;1
12936;130;3;0.8;0.5;36;102;0.5107296;244;238.3333;3;1
12937;130;3;0.8;0.5;37;101;0.5338983;225;236.2772;3;0
12938;130;3;0.8;0.5;38;101;0.454918;224;234.5743;3;0
12939;130;3;0.8;0.5;39;101;0.5627706;250;239.1683;3;0
12940;130;3;0.8;0.5;40;102;0.4910714;232;235.5294;3;1
12941;130;3;0.8;0.5;41;103;0.5217391;219;235.4272;3;2
12942;130;3;0.8;0.5;42;105;0.501992;257;236.9238;3;4
12943;130;3;0.8;0.5;43;102;0.4556452;241;234.8627;3;1
12944;130;3;0.8;0.5;44;101;0.4663866;262;237.9406;3;0
12945;130;3;0.8;0.5;45;101;0.5314961;247;235.7228;3;0
12946;130;3;0.8;0.5;46;103;0.5411765;245;237.8641;3;2
12947;130;3;0.8;0.5;47;105;0.5103734;239;236.7714;3;4
12948;130;3;0.8;0.5;48;102;0.5022831;228;236.1961;3;1
12949;130;3;0.8;0.5;49;105;0.4867257;219;238.019;3;4
12950;130;3;0.8;0.5;50;101;0.5069124;226;235.5446;3;0
12951;130;3;0.8;0.5;51;101;0.5020243;244;238.3465;3;0
12952;130;3;0.8;0.5;52;101;0.4962121;224;237.5446;3;0
12953;130;3;0.8;0.5;53;102;0.5316456;241;237.0784;3;1
12954;130;3;0.8;0.5;54;101;0.5619469;221;235.2574;3;0
12955;130;3;0.8;0.5;55;101;0.5193798;230;234.5347;3;0
12956;130;3;0.8;0.5;56;102;0.4879227;269;237.5294;3;1
12957;130;3;0.8;0.5;57;102;0.5655738;230;235.7255;3;1
12958;130;3;0.8;0.5;58;101;0.4936709;252;237.4554;3;0
12959;130;3;0.8;0.5;59;101;0.5169492;236;237.802;3;0
12960;130;3;0.8;0.5;60;101;0.5508475;221;236.3663;3;0
12961;130;3;0.8;0.5;61;101;0.4912281;254;237.8317;3;0
12962;130;3;0.8;0.5;62;104;0.4678112;233;238.0481;3;3
12963;130;3;0.8;0.5;63;101;0.4732824;250;235.2475;3;0
12964;130;3;0.8;0.5;64;102;0.4612245;233;237.4804;3;1
12965;130;3;0.8;0.5;65;101;0.4883721;238;236.7822;3;0
12966;130;3;0.8;0.5;66;103;0.4860558;216;236.8447;3;2
12967;130;3;0.8;0.5;67;102;0.5311203;248;236.2647;3;1
12968;130;3;0.8;0.5;68;103;0.5546559;231;236.2621;3;2
12969;130;3;0.8;0.5;69;101;0.4732143;248;236.2376;3;0
12970;130;3;0.8;0.5;70;101;0.4723404;234;236.4356;3;0
12971;130;3;0.8;0.5;71;101;0.5095238;237;237.5842;3;0
12972;130;3;0.8;0.5;72;101;0.482906;243;237.5347;3;0
12973;130;3;0.8;0.5;73;101;0.4784483;236;236.9505;3;0
12974;130;3;0.8;0.5;74;101;0.5;228;235.8713;3;0
12975;130;3;0.8;0.5;75;105;0.5228216;221;237.1333;3;4
12976;130;3;0.8;0.5;76;103;0.5069767;236;236.8155;3;2
12977;130;3;0.8;0.5;77;102;0.5123967;239;235.6373;3;1
12978;130;3;0.8;0.5;78;105;0.4851485;262;237.8571;3;4
12979;130;3;0.8;0.5;79;102;0.5254237;246;237;3;1
12980;130;3;0.8;0.5;80;103;0.5596708;242;238.3107;3;2
12981;130;3;0.8;0.5;81;102;0.5;265;236.3137;3;1
12982;130;3;0.8;0.5;82;101;0.5236052;237;234.8812;3;0
12983;130;3;0.8;0.5;83;101;0.5039062;232;235.5248;3;0
12984;130;3;0.8;0.5;84;103;0.5107296;236;236.7476;3;2
12985;130;3;0.8;0.5;85;104;0.5351562;231;236.0769;3;3
12986;130;3;0.8;0.5;86;101;0.522449;237;235.1287;3;0
12987;130;3;0.8;0.5;87;103;0.5158371;227;236.8252;3;2
12988;130;3;0.8;0.5;88;102;0.5131579;261;236.9804;3;1
12989;130;3;0.8;0.5;89;101;0.5507246;240;237.4257;3;0
12990;130;3;0.8;0.5;90;101;0.5104603;239;236.5941;3;0
12991;130;3;0.8;0.5;91;101;0.495935;229;235.5842;3;0
12992;130;3;0.8;0.5;92;102;0.5294118;236;237.8137;3;1
12993;130;3;0.8;0.5;93;103;0.4625551;245;237.5631;3;2
12994;130;3;0.8;0.5;94;101;0.4927007;225;236.4752;3;0
12995;130;3;0.8;0.5;95;106;0.4813084;234;236.4434;3;5
12996;130;3;0.8;0.5;96;105;0.5;252;235.3143;3;4
12997;130;3;0.8;0.5;97;101;0.525;223;237.3069;3;0
12998;130;3;0.8;0.5;98;102;0.4894515;257;235.1176;3;1
12999;130;3;0.8;0.5;99;101;0.4773663;235;237.9802;3;0
13000;130;3;0.8;0.5;100;101;0.4723404;251;237.1782;3;0
13001;131;5;0.8;0.5;1;104;0.5021459;247;237.2885;5;3
13002;131;5;0.8;0.5;2;103;0.4796748;230;235.3495;5;2
13003;131;5;0.8;0.5;3;101;0.456;242;236.6733;5;0
13004;131;5;0.8;0.5;4;101;0.5206612;219;237.2079;5;0
13005;131;5;0.8;0.5;5;102;0.4677419;217;236.8431;5;1
13006;131;5;0.8;0.5;6;104;0.5062241;219;235.5769;5;3
13007;131;5;0.8;0.5;7;105;0.5333333;209;234.2762;5;4
13008;131;5;0.8;0.5;8;101;0.528;228;236.9802;5;0
13009;131;5;0.8;0.5;9;101;0.5327511;244;235.4752;5;0
13010;131;5;0.8;0.5;10;102;0.520362;253;236.1471;5;1
13011;131;5;0.8;0.5;11;102;0.4893617;246;237.5;5;1
13012;131;5;0.8;0.5;12;101;0.4628821;239;236.8218;5;0
13013;131;5;0.8;0.5;13;102;0.5263158;233;235.6765;5;1
13014;131;5;0.8;0.5;14;101;0.4331984;219;236.4653;5;0
13015;131;5;0.8;0.5;15;101;0.5045872;223;236.495;5;0
13016;131;5;0.8;0.5;16;102;0.506383;232;237.1078;5;1
13017;131;5;0.8;0.5;17;102;0.4681818;252;237.3137;5;1
13018;131;5;0.8;0.5;18;101;0.502008;239;236.9703;5;0
13019;131;5;0.8;0.5;19;102;0.4788136;217;236.0882;5;1
13020;131;5;0.8;0.5;20;101;0.4605809;209;237.3861;5;0
13021;131;5;0.8;0.5;21;101;0.5707965;249;238.2574;5;0
13022;131;5;0.8;0.5;22;101;0.479638;235;236.6634;5;0
13023;131;5;0.8;0.5;23;101;0.4823529;212;237.297;5;0
13024;131;5;0.8;0.5;24;102;0.522449;236;236.3922;5;1
13025;131;5;0.8;0.5;25;101;0.5;240;236.198;5;0
13026;131;5;0.8;0.5;26;102;0.4958678;237;236.0882;5;1
13027;131;5;0.8;0.5;27;101;0.554717;254;237;5;0
13028;131;5;0.8;0.5;28;101;0.5075188;220;237.3564;5;0
13029;131;5;0.8;0.5;29;101;0.4683544;232;236.3762;5;0
13030;131;5;0.8;0.5;30;103;0.5119048;207;237.5825;5;2
13031;131;5;0.8;0.5;31;102;0.4353448;226;239.0882;5;1
13032;131;5;0.8;0.5;32;102;0.5521739;244;235.7745;5;1
13033;131;5;0.8;0.5;33;102;0.5498008;219;236.3824;5;1
13034;131;5;0.8;0.5;34;106;0.5283843;236;236.8113;5;5
13035;131;5;0.8;0.5;35;102;0.4759825;239;235.6275;5;1
13036;131;5;0.8;0.5;36;101;0.5021834;246;238.9505;5;0
13037;131;5;0.8;0.5;37;101;0.4792453;232;238.2178;5;0
13038;131;5;0.8;0.5;38;104;0.496;223;235.3942;5;3
13039;131;5;0.8;0.5;39;101;0.535865;244;235.3762;5;0
13040;131;5;0.8;0.5;40;102;0.4885845;246;236.1275;5;1
13041;131;5;0.8;0.5;41;102;0.5;222;236.1961;5;1
13042;131;5;0.8;0.5;42;101;0.5811966;237;235.9505;5;0
13043;131;5;0.8;0.5;43;109;0.5062762;223;236.3303;5;8
13044;131;5;0.8;0.5;44;102;0.427907;250;236.0784;5;1
13045;131;5;0.8;0.5;45;101;0.5198238;232;237.2079;5;0
13046;131;5;0.8;0.5;46;102;0.4979424;238;237.3627;5;1
13047;131;5;0.8;0.5;47;101;0.5316456;242;235.0099;5;0
13048;131;5;0.8;0.5;48;104;0.5434783;230;235.4231;5;3
13049;131;5;0.8;0.5;49;103;0.5829787;218;235.699;5;2
13050;131;5;0.8;0.5;50;102;0.4649123;249;237.6765;5;1
13051;131;5;0.8;0.5;51;106;0.5559567;251;238.3019;5;5
13052;131;5;0.8;0.5;52;101;0.4889868;246;236.2178;5;0
13053;131;5;0.8;0.5;53;102;0.5059289;227;236.4804;5;1
13054;131;5;0.8;0.5;54;106;0.4770992;198;238.6415;5;5
13055;131;5;0.8;0.5;55;101;0.4910714;257;237.8416;5;0
13056;131;5;0.8;0.5;56;101;0.4794521;261;238.3663;5;0
13057;131;5;0.8;0.5;57;102;0.5103734;236;238.9608;5;1
13058;131;5;0.8;0.5;58;101;0.546875;241;235.6139;5;0
13059;131;5;0.8;0.5;59;101;0.5120968;248;236.3267;5;0
13060;131;5;0.8;0.5;60;102;0.5127119;250;236.4608;5;1
13061;131;5;0.8;0.5;61;101;0.5201613;234;235.8713;5;0
13062;131;5;0.8;0.5;62;101;0.5512821;233;236.3564;5;0
13063;131;5;0.8;0.5;63;101;0.4869565;222;236.703;5;0
13064;131;5;0.8;0.5;64;101;0.5240175;237;236.3465;5;0
13065;131;5;0.8;0.5;65;103;0.4738956;238;237.6117;5;2
13066;131;5;0.8;0.5;66;102;0.4695652;227;235.549;5;1
13067;131;5;0.8;0.5;67;102;0.5236052;236;236.4608;5;1
13068;131;5;0.8;0.5;68;102;0.464135;271;236.6961;5;1
13069;131;5;0.8;0.5;69;103;0.5244444;235;236.9903;5;2
13070;131;5;0.8;0.5;70;101;0.512;239;235.9109;5;0
13071;131;5;0.8;0.5;71;101;0.5079365;201;237.1386;5;0
13072;131;5;0.8;0.5;72;103;0.5020243;221;239.8447;5;2
13073;131;5;0.8;0.5;73;102;0.5206612;238;238.0882;5;1
13074;131;5;0.8;0.5;74;102;0.5238095;248;236.1373;5;1
13075;131;5;0.8;0.5;75;102;0.4896266;229;235.3039;5;1
13076;131;5;0.8;0.5;76;101;0.4705882;218;235.0495;5;0
13077;131;5;0.8;0.5;77;102;0.5252101;220;235.6569;5;1
13078;131;5;0.8;0.5;78;101;0.5418327;233;238.0396;5;0
13079;131;5;0.8;0.5;79;103;0.4462151;231;234.1456;5;2
13080;131;5;0.8;0.5;80;101;0.5384615;244;237.2475;5;0
13081;131;5;0.8;0.5;81;101;0.5;237;236.2673;5;0
13082;131;5;0.8;0.5;82;102;0.4899598;217;236.4216;5;1
13083;131;5;0.8;0.5;83;101;0.4420601;245;235.9802;5;0
13084;131;5;0.8;0.5;84;101;0.5064935;215;235.3069;5;0
13085;131;5;0.8;0.5;85;102;0.5;233;236.1569;5;1
13086;131;5;0.8;0.5;86;101;0.4979424;252;237.5149;5;0
13087;131;5;0.8;0.5;87;102;0.5454545;246;237.8824;5;1
13088;131;5;0.8;0.5;88;103;0.4788136;230;236.0291;5;2
13089;131;5;0.8;0.5;89;101;0.5354331;215;234.1782;5;0
13090;131;5;0.8;0.5;90;102;0.4588235;216;234.9804;5;1
13091;131;5;0.8;0.5;91;102;0.4941634;226;235.1471;5;1
13092;131;5;0.8;0.5;92;102;0.4380165;247;238.1667;5;1
13093;131;5;0.8;0.5;93;104;0.5720165;229;235.3365;5;3
13094;131;5;0.8;0.5;94;103;0.4849624;212;236.8544;5;2
13095;131;5;0.8;0.5;95;103;0.4683544;210;237.3883;5;2
13096;131;5;0.8;0.5;96;103;0.4915254;228;238.7087;5;2
13097;131;5;0.8;0.5;97;104;0.4844444;268;237.5769;5;3
13098;131;5;0.8;0.5;98;103;0.4081633;260;235.8544;5;2
13099;131;5;0.8;0.5;99;101;0.504386;247;238.8317;5;0
13100;131;5;0.8;0.5;100;104;0.506383;248;236.7692;5;3
13101;132;7;0.8;0.5;1;106;0.4888889;217;238.8302;7;5
13102;132;7;0.8;0.5;2;102;0.4823529;243;237.7157;7;1
13103;132;7;0.8;0.5;3;102;0.5062762;210;237.598;7;1
13104;132;7;0.8;0.5;4;101;0.516129;235;236.2673;7;0
13105;132;7;0.8;0.5;5;102;0.5228216;246;235.6078;7;1
13106;132;7;0.8;0.5;6;101;0.4722222;232;237.099;7;0
13107;132;7;0.8;0.5;7;101;0.5450644;233;234.5644;7;0
13108;132;7;0.8;0.5;8;101;0.5483871;248;236.2475;7;0
13109;132;7;0.8;0.5;9;101;0.467128;235;237.396;7;0
13110;132;7;0.8;0.5;10;101;0.486692;238;237.5347;7;0
13111;132;7;0.8;0.5;11;101;0.534188;233;236.901;7;0
13112;132;7;0.8;0.5;12;101;0.5022422;255;235.0099;7;0
13113;132;7;0.8;0.5;13;103;0.5082645;220;236.0485;7;2
13114;132;7;0.8;0.5;14;101;0.5062762;253;237.0594;7;0
13115;132;7;0.8;0.5;15;102;0.5041322;236;237.2157;7;1
13116;132;7;0.8;0.5;16;105;0.4553191;245;237.2571;7;4
13117;132;7;0.8;0.5;17;102;0.5194805;241;236.7353;7;1
13118;132;7;0.8;0.5;18;101;0.4843049;240;237.3069;7;0
13119;132;7;0.8;0.5;19;104;0.4655172;216;236.9519;7;3
13120;132;7;0.8;0.5;20;101;0.4700461;225;235.5248;7;0
13121;132;7;0.8;0.5;21;101;0.4771784;234;237.8119;7;0
13122;132;7;0.8;0.5;22;104;0.5151515;240;237.0481;7;3
13123;132;7;0.8;0.5;23;104;0.4955752;244;237.2019;7;3
13124;132;7;0.8;0.5;24;101;0.483871;237;234.4356;7;0
13125;132;7;0.8;0.5;25;101;0.5144033;234;237.5248;7;0
13126;132;7;0.8;0.5;26;101;0.5146444;242;237.8812;7;0
13127;132;7;0.8;0.5;27;103;0.4414414;229;235.1456;7;2
13128;132;7;0.8;0.5;28;101;0.4484127;229;236.0495;7;0
13129;132;7;0.8;0.5;29;101;0.520362;235;240.0594;7;0
13130;132;7;0.8;0.5;30;102;0.4495798;232;236.6765;7;1
13131;132;7;0.8;0.5;31;102;0.4888889;231;236.8333;7;1
13132;132;7;0.8;0.5;32;102;0.490991;263;237.5098;7;1
13133;132;7;0.8;0.5;33;103;0.5042373;218;236.5049;7;2
13134;132;7;0.8;0.5;34;102;0.4351464;225;234.7745;7;1
13135;132;7;0.8;0.5;35;102;0.4939759;235;237.0784;7;1
13136;132;7;0.8;0.5;36;103;0.4918699;239;236;7;2
13137;132;7;0.8;0.5;37;104;0.5416667;254;238.1154;7;3
13138;132;7;0.8;0.5;38;102;0.4915966;217;237.0392;7;1
13139;132;7;0.8;0.5;39;101;0.4285714;258;237.2277;7;0
13140;132;7;0.8;0.5;40;104;0.5039062;242;237.25;7;3
13141;132;7;0.8;0.5;41;102;0.5064935;251;236.3922;7;1
13142;132;7;0.8;0.5;42;101;0.5701357;260;235.3564;7;0
13143;132;7;0.8;0.5;43;102;0.5;253;235.6275;7;1
13144;132;7;0.8;0.5;44;102;0.5;249;237.1765;7;1
13145;132;7;0.8;0.5;45;104;0.5800866;247;235.5962;7;3
13146;132;7;0.8;0.5;46;101;0.5249042;242;238.3762;7;0
13147;132;7;0.8;0.5;47;101;0.4979424;230;234.1188;7;0
13148;132;7;0.8;0.5;48;101;0.5179283;254;239.2673;7;0
13149;132;7;0.8;0.5;49;103;0.4931507;211;237.5631;7;2
13150;132;7;0.8;0.5;50;101;0.5;216;237.495;7;0
13151;132;7;0.8;0.5;51;101;0.5172414;241;238.297;7;0
13152;132;7;0.8;0.5;52;103;0.4770642;233;235.699;7;2
13153;132;7;0.8;0.5;53;101;0.5193133;239;237.604;7;0
13154;132;7;0.8;0.5;54;102;0.4590164;248;237.451;7;1
13155;132;7;0.8;0.5;55;101;0.5336134;245;235.9802;7;0
13156;132;7;0.8;0.5;56;103;0.4871795;254;236.6699;7;2
13157;132;7;0.8;0.5;57;101;0.4793388;253;235.2178;7;0
13158;132;7;0.8;0.5;58;101;0.4497817;256;236.7228;7;0
13159;132;7;0.8;0.5;59;102;0.4906542;246;235.4608;7;1
13160;132;7;0.8;0.5;60;105;0.4980989;220;236.019;7;4
13161;132;7;0.8;0.5;61;103;0.5219298;256;237.9903;7;2
13162;132;7;0.8;0.5;62;101;0.4897959;240;236.1188;7;0
13163;132;7;0.8;0.5;63;102;0.5108225;259;235.4706;7;1
13164;132;7;0.8;0.5;64;102;0.4752066;224;236.1373;7;1
13165;132;7;0.8;0.5;65;101;0.4915254;238;237.1782;7;0
13166;132;7;0.8;0.5;66;101;0.4863636;223;236.8515;7;0
13167;132;7;0.8;0.5;67;101;0.5086957;226;238.1485;7;0
13168;132;7;0.8;0.5;68;101;0.4831933;226;236.7822;7;0
13169;132;7;0.8;0.5;69;101;0.5188285;243;236.9307;7;0
13170;132;7;0.8;0.5;70;102;0.511811;218;235.4412;7;1
13171;132;7;0.8;0.5;71;103;0.4952381;241;236.3786;7;2
13172;132;7;0.8;0.5;72;102;0.5245902;231;236.6373;7;1
13173;132;7;0.8;0.5;73;102;0.4886364;229;237.0294;7;1
13174;132;7;0.8;0.5;74;102;0.4741036;218;236.2647;7;1
13175;132;7;0.8;0.5;75;101;0.497561;241;235.505;7;0
13176;132;7;0.8;0.5;76;102;0.4732824;211;238.5196;7;1
13177;132;7;0.8;0.5;77;101;0.5100402;227;233.1782;7;0
13178;132;7;0.8;0.5;78;101;0.4680851;243;236.7525;7;0
13179;132;7;0.8;0.5;79;102;0.518018;252;235.6176;7;1
13180;132;7;0.8;0.5;80;104;0.5469388;233;235.9615;7;3
13181;132;7;0.8;0.5;81;101;0.5198238;235;238.0792;7;0
13182;132;7;0.8;0.5;82;101;0.4595745;238;236.0198;7;0
13183;132;7;0.8;0.5;83;102;0.5305164;249;237.3333;7;1
13184;132;7;0.8;0.5;84;101;0.5145228;243;237.802;7;0
13185;132;7;0.8;0.5;85;104;0.5152838;235;235.7308;7;3
13186;132;7;0.8;0.5;86;103;0.5439331;247;235.2621;7;2
13187;132;7;0.8;0.5;87;101;0.5021277;230;234.9505;7;0
13188;132;7;0.8;0.5;88;101;0.5396825;243;235.8317;7;0
13189;132;7;0.8;0.5;89;102;0.5318182;244;236.3137;7;1
13190;132;7;0.8;0.5;90;101;0.5132743;232;236.2772;7;0
13191;132;7;0.8;0.5;91;101;0.4522822;218;238.7822;7;0
13192;132;7;0.8;0.5;92;101;0.5291667;236;237.2277;7;0
13193;132;7;0.8;0.5;93;103;0.488189;214;234.3495;7;2
13194;132;7;0.8;0.5;94;102;0.5084746;248;238.4804;7;1
13195;132;7;0.8;0.5;95;101;0.5;233;237.9406;7;0
13196;132;7;0.8;0.5;96;101;0.5982533;242;236.5149;7;0
13197;132;7;0.8;0.5;97;101;0.4464286;251;236.3267;7;0
13198;132;7;0.8;0.5;98;101;0.4560669;243;237.3465;7;0
13199;132;7;0.8;0.5;99;101;0.496063;216;236.5446;7;0
13200;132;7;0.8;0.5;100;103;0.4723404;214;234.3107;7;2
13201;133;9;0.8;0.5;1;101;0.5020243;228;234.9703;9;0
13202;133;9;0.8;0.5;2;106;0.4390244;244;237.3679;9;5
13203;133;9;0.8;0.5;3;103;0.4978541;223;236.0194;9;2
13204;133;9;0.8;0.5;4;103;0.4956897;256;237.9709;9;2
13205;133;9;0.8;0.5;5;102;0.5578512;253;237.2255;9;1
13206;133;9;0.8;0.5;6;103;0.5378486;228;235.4951;9;2
13207;133;9;0.8;0.5;7;101;0.4717742;242;237.1584;9;0
13208;133;9;0.8;0.5;8;101;0.4913793;240;238.0297;9;0
13209;133;9;0.8;0.5;9;101;0.5428571;241;236.2178;9;0
13210;133;9;0.8;0.5;10;102;0.473029;225;237.9706;9;1
13211;133;9;0.8;0.5;11;105;0.5498008;224;236.3238;9;4
13212;133;9;0.8;0.5;12;101;0.4834711;223;236.6931;9;0
13213;133;9;0.8;0.5;13;103;0.556;225;236.1456;9;2
13214;133;9;0.8;0.5;14;102;0.5234375;233;236.1667;9;1
13215;133;9;0.8;0.5;15;104;0.5;237;235.6538;9;3
13216;133;9;0.8;0.5;16;101;0.5044643;244;238.1584;9;0
13217;133;9;0.8;0.5;17;101;0.4853556;232;237.901;9;0
13218;133;9;0.8;0.5;18;101;0.4913793;236;236.0891;9;0
13219;133;9;0.8;0.5;19;101;0.4774775;232;237.7822;9;0
13220;133;9;0.8;0.5;20;105;0.512605;252;236.7429;9;4
13221;133;9;0.8;0.5;21;101;0.4449761;241;237.0792;9;0
13222;133;9;0.8;0.5;22;101;0.5420168;225;235.3069;9;0
13223;133;9;0.8;0.5;23;101;0.5059289;233;237.1683;9;0
13224;133;9;0.8;0.5;24;104;0.498008;252;238.5769;9;3
13225;133;9;0.8;0.5;25;101;0.5153846;216;238.3564;9;0
13226;133;9;0.8;0.5;26;102;0.4596774;244;236.8137;9;1
13227;133;9;0.8;0.5;27;101;0.4833333;244;235.9703;9;0
13228;133;9;0.8;0.5;28;102;0.534188;218;236.2745;9;1
13229;133;9;0.8;0.5;29;101;0.4565217;229;235.7723;9;0
13230;133;9;0.8;0.5;30;103;0.4896266;250;236.4272;9;2
13231;133;9;0.8;0.5;31;102;0.535865;209;237.0882;9;1
13232;133;9;0.8;0.5;32;103;0.5196507;230;234.9903;9;2
13233;133;9;0.8;0.5;33;102;0.4375;229;236.3137;9;1
13234;133;9;0.8;0.5;34;101;0.5043478;248;237.3663;9;0
13235;133;9;0.8;0.5;35;102;0.4343891;238;237.0588;9;1
13236;133;9;0.8;0.5;36;102;0.5580357;251;236.2255;9;1
13237;133;9;0.8;0.5;37;103;0.5283843;243;237.7573;9;2
13238;133;9;0.8;0.5;38;101;0.5234375;249;239.099;9;0
13239;133;9;0.8;0.5;39;102;0.4366812;245;236.098;9;1
13240;133;9;0.8;0.5;40;102;0.5276753;206;234.6569;9;1
13241;133;9;0.8;0.5;41;103;0.4579832;241;235.3981;9;2
13242;133;9;0.8;0.5;42;102;0.5083333;217;237.4412;9;1
13243;133;9;0.8;0.5;43;102;0.4671815;214;236.4706;9;1
13244;133;9;0.8;0.5;44;101;0.5;238;237.2673;9;0
13245;133;9;0.8;0.5;45;106;0.4795082;238;236.0377;9;5
13246;133;9;0.8;0.5;46;101;0.4939759;237;236.297;9;0
13247;133;9;0.8;0.5;47;102;0.4895397;243;236.451;9;1
13248;133;9;0.8;0.5;48;102;0.4476987;242;236.5294;9;1
13249;133;9;0.8;0.5;49;102;0.4590164;222;237.4412;9;1
13250;133;9;0.8;0.5;50;101;0.5227273;237;236.198;9;0
13251;133;9;0.8;0.5;51;101;0.5341365;245;236.8713;9;0
13252;133;9;0.8;0.5;52;101;0.4587156;248;237.1584;9;0
13253;133;9;0.8;0.5;53;101;0.5321888;240;235.9802;9;0
13254;133;9;0.8;0.5;54;102;0.526749;228;237.1471;9;1
13255;133;9;0.8;0.5;55;102;0.5062762;210;238.0588;9;1
13256;133;9;0.8;0.5;56;102;0.4599156;255;236.8431;9;1
13257;133;9;0.8;0.5;57;102;0.4728033;212;236.9412;9;1
13258;133;9;0.8;0.5;58;102;0.5420168;230;235.1961;9;1
13259;133;9;0.8;0.5;59;101;0.4866071;222;234.495;9;0
13260;133;9;0.8;0.5;60;101;0.4879032;226;235.0495;9;0
13261;133;9;0.8;0.5;61;101;0.5546559;223;236.4554;9;0
13262;133;9;0.8;0.5;62;101;0.5423729;245;236.8713;9;0
13263;133;9;0.8;0.5;63;102;0.489083;243;237.3725;9;1
13264;133;9;0.8;0.5;64;101;0.4553191;252;237.7624;9;0
13265;133;9;0.8;0.5;65;101;0.5155556;217;235.6436;9;0
13266;133;9;0.8;0.5;66;103;0.4653061;247;236.3592;9;2
13267;133;9;0.8;0.5;67;101;0.4913043;254;237.3267;9;0
13268;133;9;0.8;0.5;68;102;0.4420601;246;238.1078;9;1
13269;133;9;0.8;0.5;69;106;0.4813278;226;237.0943;9;5
13270;133;9;0.8;0.5;70;101;0.4625551;216;235.7426;9;0
13271;133;9;0.8;0.5;71;101;0.4979424;227;236.7525;9;0
13272;133;9;0.8;0.5;72;101;0.5041667;251;236.5941;9;0
13273;133;9;0.8;0.5;73;101;0.5277778;234;235.5446;9;0
13274;133;9;0.8;0.5;74;103;0.5089286;252;235.8932;9;2
13275;133;9;0.8;0.5;75;103;0.4807692;261;236.1359;9;2
13276;133;9;0.8;0.5;76;101;0.5114155;239;235.6337;9;0
13277;133;9;0.8;0.5;77;102;0.5238095;232;235.3824;9;1
13278;133;9;0.8;0.5;78;101;0.4837209;267;236.8614;9;0
13279;133;9;0.8;0.5;79;101;0.502008;230;237.0396;9;0
13280;133;9;0.8;0.5;80;102;0.4813278;245;237.7157;9;1
13281;133;9;0.8;0.5;81;102;0.4716157;232;235.7255;9;1
13282;133;9;0.8;0.5;82;103;0.4941176;237;236.9903;9;2
13283;133;9;0.8;0.5;83;102;0.5091743;265;236.6961;9;1
13284;133;9;0.8;0.5;84;102;0.5020921;217;236.4314;9;1
13285;133;9;0.8;0.5;85;101;0.4537037;251;238.6238;9;0
13286;133;9;0.8;0.5;86;101;0.4435146;250;239.1287;9;0
13287;133;9;0.8;0.5;87;101;0.4653061;233;236.8515;9;0
13288;133;9;0.8;0.5;88;105;0.4663866;239;235.1238;9;4
13289;133;9;0.8;0.5;89;103;0.5159817;241;237.7184;9;2
13290;133;9;0.8;0.5;90;101;0.5302326;247;236.5941;9;0
13291;133;9;0.8;0.5;91;102;0.4380165;217;235.4216;9;1
13292;133;9;0.8;0.5;92;101;0.476378;236;238.3861;9;0
13293;133;9;0.8;0.5;93;103;0.5384615;239;234.835;9;2
13294;133;9;0.8;0.5;94;101;0.5518868;234;236.7426;9;0
13295;133;9;0.8;0.5;95;101;0.4370079;222;237.8911;9;0
13296;133;9;0.8;0.5;96;101;0.512605;239;237.099;9;0
13297;133;9;0.8;0.5;97;101;0.4979757;240;237.4356;9;0
13298;133;9;0.8;0.5;98;101;0.4458333;245;238.2277;9;0
13299;133;9;0.8;0.5;99;101;0.4408163;251;238.3168;9;0
13300;133;9;0.8;0.5;100;101;0.4935622;263;237.3465;9;0
13301;134;11;0.8;0.5;1;103;0.4958333;229;236.3786;11;2
13302;134;11;0.8;0.5;2;110;0.5043478;249;238.0273;11;9
13303;134;11;0.8;0.5;3;102;0.4844961;233;237.6961;11;1
13304;134;11;0.8;0.5;4;102;0.4691358;215;235.9314;11;1
13305;134;11;0.8;0.5;5;102;0.506383;235;235.2745;11;1
13306;134;11;0.8;0.5;6;101;0.4745098;240;235.1386;11;0
13307;134;11;0.8;0.5;7;104;0.6;247;236.9327;11;3
13308;134;11;0.8;0.5;8;101;0.4937759;239;238.2079;11;0
13309;134;11;0.8;0.5;9;101;0.5363636;232;236.4158;11;0
13310;134;11;0.8;0.5;10;101;0.4821429;242;236.7822;11;0
13311;134;11;0.8;0.5;11;101;0.4316239;252;237.1287;11;0
13312;134;11;0.8;0.5;12;102;0.4919355;233;240.1373;11;1
13313;134;11;0.8;0.5;13;108;0.4909091;240;237.8519;11;7
13314;134;11;0.8;0.5;14;107;0.5088496;249;235.5607;11;6
13315;134;11;0.8;0.5;15;102;0.470852;245;238.7647;11;1
13316;134;11;0.8;0.5;16;101;0.443038;249;237.0693;11;0
13317;134;11;0.8;0.5;17;101;0.5215517;245;238.3168;11;0
13318;134;11;0.8;0.5;18;102;0.4541667;235;235.6275;11;1
13319;134;11;0.8;0.5;19;104;0.4780702;244;236.5192;11;3
13320;134;11;0.8;0.5;20;102;0.4674797;239;238.4314;11;1
13321;134;11;0.8;0.5;21;102;0.5046729;270;236.4706;11;1
13322;134;11;0.8;0.5;22;101;0.5240175;235;237.2079;11;0
13323;134;11;0.8;0.5;23;102;0.4862385;231;237.5098;11;1
13324;134;11;0.8;0.5;24;101;0.5105485;252;238.7624;11;0
13325;134;11;0.8;0.5;25;101;0.4831933;262;237.3069;11;0
13326;134;11;0.8;0.5;26;102;0.4723404;229;236.8235;11;1
13327;134;11;0.8;0.5;27;101;0.5438596;232;234.4752;11;0
13328;134;11;0.8;0.5;28;101;0.5208333;231;237.6139;11;0
13329;134;11;0.8;0.5;29;102;0.5165289;213;235.6373;11;1
13330;134;11;0.8;0.5;30;103;0.4889868;215;237.0194;11;2
13331;134;11;0.8;0.5;31;101;0.5020576;220;235.7624;11;0
13332;134;11;0.8;0.5;32;101;0.4471545;225;235.9604;11;0
13333;134;11;0.8;0.5;33;102;0.5022026;247;238.3529;11;1
13334;134;11;0.8;0.5;34;101;0.4570136;241;237.4059;11;0
13335;134;11;0.8;0.5;35;102;0.532567;231;237.6078;11;1
13336;134;11;0.8;0.5;36;102;0.5683761;231;235.3627;11;1
13337;134;11;0.8;0.5;37;102;0.5525114;255;237.8333;11;1
13338;134;11;0.8;0.5;38;101;0.5;246;235.5149;11;0
13339;134;11;0.8;0.5;39;105;0.5039062;231;237.2476;11;4
13340;134;11;0.8;0.5;40;101;0.5111111;233;236.3168;11;0
13341;134;11;0.8;0.5;41;102;0.487069;229;236.451;11;1
13342;134;11;0.8;0.5;42;101;0.4980237;226;236.5743;11;0
13343;134;11;0.8;0.5;43;101;0.4162896;244;235.6139;11;0
13344;134;11;0.8;0.5;44;101;0.5330739;226;236.802;11;0
13345;134;11;0.8;0.5;45;101;0.4923077;244;236.3267;11;0
13346;134;11;0.8;0.5;46;102;0.4804688;214;236.7255;11;1
13347;134;11;0.8;0.5;47;101;0.5125;220;236.2772;11;0
13348;134;11;0.8;0.5;48;103;0.5193133;236;238.7767;11;2
13349;134;11;0.8;0.5;49;101;0.4915966;248;237.6634;11;0
13350;134;11;0.8;0.5;50;104;0.5188285;243;234.4327;11;3
13351;134;11;0.8;0.5;51;102;0.465812;245;236.2549;11;1
13352;134;11;0.8;0.5;52;104;0.4819277;225;238.7596;11;3
13353;134;11;0.8;0.5;53;102;0.4541667;248;237.951;11;1
13354;134;11;0.8;0.5;54;104;0.4880952;240;236.6731;11;3
13355;134;11;0.8;0.5;55;101;0.5274262;227;237;11;0
13356;134;11;0.8;0.5;56;102;0.4957627;203;234.8627;11;1
13357;134;11;0.8;0.5;57;101;0.4793388;223;238.1683;11;0
13358;134;11;0.8;0.5;58;101;0.4741036;227;238.3564;11;0
13359;134;11;0.8;0.5;59;104;0.5083333;217;235.4231;11;3
13360;134;11;0.8;0.5;60;103;0.4789916;255;237.1456;11;2
13361;134;11;0.8;0.5;61;101;0.5708502;225;238.8713;11;0
13362;134;11;0.8;0.5;62;103;0.5381356;257;237.7282;11;2
13363;134;11;0.8;0.5;63;104;0.4901186;240;234.9904;11;3
13364;134;11;0.8;0.5;64;102;0.4848485;228;235.9118;11;1
13365;134;11;0.8;0.5;65;101;0.5366972;254;237.6436;11;0
13366;134;11;0.8;0.5;66;101;0.4375;228;237.4455;11;0
13367;134;11;0.8;0.5;67;101;0.5198413;235;237.4752;11;0
13368;134;11;0.8;0.5;68;101;0.5036765;240;238.0495;11;0
13369;134;11;0.8;0.5;69;101;0.5148936;223;237.3168;11;0
13370;134;11;0.8;0.5;70;101;0.5641026;240;238.7426;11;0
13371;134;11;0.8;0.5;71;102;0.5064378;253;236.6176;11;1
13372;134;11;0.8;0.5;72;102;0.4680851;232;235.0588;11;1
13373;134;11;0.8;0.5;73;101;0.5381526;257;235.7624;11;0
13374;134;11;0.8;0.5;74;101;0.4769874;238;237.9307;11;0
13375;134;11;0.8;0.5;75;101;0.5489362;205;235.9505;11;0
13376;134;11;0.8;0.5;76;101;0.5304348;261;235.7228;11;0
13377;134;11;0.8;0.5;77;101;0.4642857;229;238.1881;11;0
13378;134;11;0.8;0.5;78;101;0.5173913;237;236.9901;11;0
13379;134;11;0.8;0.5;79;102;0.4938776;243;238.5588;11;1
13380;134;11;0.8;0.5;80;101;0.4787645;223;238.802;11;0
13381;134;11;0.8;0.5;81;102;0.5230769;232;236.8235;11;1
13382;134;11;0.8;0.5;82;104;0.512605;234;235.1346;11;3
13383;134;11;0.8;0.5;83;101;0.4343891;261;238.0198;11;0
13384;134;11;0.8;0.5;84;101;0.5357143;239;235.4257;11;0
13385;134;11;0.8;0.5;85;101;0.5324675;246;235.7723;11;0
13386;134;11;0.8;0.5;86;102;0.4710425;249;235.7451;11;1
13387;134;11;0.8;0.5;87;101;0.4801762;250;236.3366;11;0
13388;134;11;0.8;0.5;88;101;0.4583333;259;236.7921;11;0
13389;134;11;0.8;0.5;89;101;0.4779116;222;236.7525;11;0
13390;134;11;0.8;0.5;90;101;0.5322581;226;236.8317;11;0
13391;134;11;0.8;0.5;91;101;0.4816327;228;234.1881;11;0
13392;134;11;0.8;0.5;92;103;0.502008;236;236.9515;11;2
13393;134;11;0.8;0.5;93;101;0.5555556;241;236.3762;11;0
13394;134;11;0.8;0.5;94;102;0.583691;226;235.8529;11;1
13395;134;11;0.8;0.5;95;104;0.473029;250;236.2885;11;3
13396;134;11;0.8;0.5;96;101;0.4713656;225;235.3663;11;0
13397;134;11;0.8;0.5;97;102;0.5242291;228;237.4804;11;1
13398;134;11;0.8;0.5;98;104;0.5058824;226;238.8269;11;3
13399;134;11;0.8;0.5;99;102;0.5731707;234;239.4608;11;1
13400;134;11;0.8;0.5;100;101;0.5022222;253;238.802;11;0
13401;135;13;0.8;0.5;1;101;0.465587;224;234.099;13;0
13402;135;13;0.8;0.5;2;102;0.5271967;233;234.5;13;1
13403;135;13;0.8;0.5;3;102;0.5366972;247;236.4902;13;1
13404;135;13;0.8;0.5;4;103;0.5307018;274;236.3689;13;2
13405;135;13;0.8;0.5;5;105;0.4831933;249;237.0571;13;4
13406;135;13;0.8;0.5;6;101;0.510917;229;237.8416;13;0
13407;135;13;0.8;0.5;7;104;0.5375494;264;238.1731;13;3
13408;135;13;0.8;0.5;8;102;0.5127119;228;236.8137;13;1
13409;135;13;0.8;0.5;9;101;0.5095057;219;236.4158;13;0
13410;135;13;0.8;0.5;10;101;0.4726562;235;238.8515;13;0
13411;135;13;0.8;0.5;11;102;0.5213675;236;236.4412;13;1
13412;135;13;0.8;0.5;12;101;0.5669643;238;236.505;13;0
13413;135;13;0.8;0.5;13;107;0.4867257;234;235.1308;13;6
13414;135;13;0.8;0.5;14;101;0.4698795;222;237.099;13;0
13415;135;13;0.8;0.5;15;102;0.4863813;226;236.3529;13;1
13416;135;13;0.8;0.5;16;101;0.5212766;217;238.5743;13;0
13417;135;13;0.8;0.5;17;102;0.5374449;250;237.2941;13;1
13418;135;13;0.8;0.5;18;101;0.4390244;250;235.5347;13;0
13419;135;13;0.8;0.5;19;101;0.4977778;217;235.7129;13;0
13420;135;13;0.8;0.5;20;101;0.5162602;226;234.5941;13;0
13421;135;13;0.8;0.5;21;102;0.5020243;215;237.7157;13;1
13422;135;13;0.8;0.5;22;102;0.5068493;243;236.5196;13;1
13423;135;13;0.8;0.5;23;101;0.5169492;227;235.7228;13;0
13424;135;13;0.8;0.5;24;102;0.5140562;209;236.2549;13;1
13425;135;13;0.8;0.5;25;101;0.4913043;228;238.6535;13;0
13426;135;13;0.8;0.5;26;102;0.4722222;245;237.6176;13;1
13427;135;13;0.8;0.5;27;106;0.4537815;217;233.9906;13;5
13428;135;13;0.8;0.5;28;101;0.5443548;215;235.5644;13;0
13429;135;13;0.8;0.5;29;101;0.504065;226;236.8119;13;0
13430;135;13;0.8;0.5;30;103;0.4930233;271;237.9612;13;2
13431;135;13;0.8;0.5;31;101;0.4756098;261;238.6634;13;0
13432;135;13;0.8;0.5;32;105;0.5166667;231;236.9238;13;4
13433;135;13;0.8;0.5;33;105;0.5042373;229;237.3524;13;4
13434;135;13;0.8;0.5;34;105;0.5172414;224;236.619;13;4
13435;135;13;0.8;0.5;35;102;0.5234043;236;237.8039;13;1
13436;135;13;0.8;0.5;36;101;0.5483871;216;237.4158;13;0
13437;135;13;0.8;0.5;37;109;0.4663677;252;238.1101;13;8
13438;135;13;0.8;0.5;38;102;0.5123967;210;236.8627;13;1
13439;135;13;0.8;0.5;39;102;0.5214008;226;235.6569;13;1
13440;135;13;0.8;0.5;40;101;0.5175439;213;234.7822;13;0
13441;135;13;0.8;0.5;41;103;0.5098814;229;237.6796;13;2
13442;135;13;0.8;0.5;42;101;0.5104603;241;235.4158;13;0
13443;135;13;0.8;0.5;43;101;0.540856;234;235.9604;13;0
13444;135;13;0.8;0.5;44;101;0.5165289;237;238.4356;13;0
13445;135;13;0.8;0.5;45;101;0.4573991;254;237.5149;13;0
13446;135;13;0.8;0.5;46;102;0.4555556;225;235.5098;13;1
13447;135;13;0.8;0.5;47;101;0.4819277;226;237.4257;13;0
13448;135;13;0.8;0.5;48;102;0.4686192;240;237.9118;13;1
13449;135;13;0.8;0.5;49;102;0.504717;244;236.3922;13;1
13450;135;13;0.8;0.5;50;101;0.4939271;233;234.8911;13;0
13451;135;13;0.8;0.5;51;101;0.5388128;215;235.6832;13;0
13452;135;13;0.8;0.5;52;105;0.4650206;242;239.2;13;4
13453;135;13;0.8;0.5;53;101;0.5524194;245;237.9406;13;0
13454;135;13;0.8;0.5;54;102;0.4529148;249;235.0294;13;1
13455;135;13;0.8;0.5;55;101;0.5324675;255;236.8317;13;0
13456;135;13;0.8;0.5;56;103;0.4808511;240;235.9903;13;2
13457;135;13;0.8;0.5;57;101;0.4878049;247;238.9307;13;0
13458;135;13;0.8;0.5;58;102;0.4868421;246;236.5882;13;1
13459;135;13;0.8;0.5;59;101;0.4844444;231;236.4752;13;0
13460;135;13;0.8;0.5;60;104;0.5594714;219;236.9423;13;3
13461;135;13;0.8;0.5;61;101;0.5608696;229;236.5644;13;0
13462;135;13;0.8;0.5;62;101;0.5324675;248;237.8713;13;0
13463;135;13;0.8;0.5;63;101;0.4808511;263;236.3762;13;0
13464;135;13;0.8;0.5;64;101;0.5967742;243;237.6832;13;0
13465;135;13;0.8;0.5;65;101;0.4892704;249;235.1485;13;0
13466;135;13;0.8;0.5;66;101;0.5438596;232;236.1485;13;0
13467;135;13;0.8;0.5;67;103;0.5142857;240;237.1456;13;2
13468;135;13;0.8;0.5;68;101;0.4533333;226;238.0891;13;0
13469;135;13;0.8;0.5;69;103;0.5648536;223;236.2136;13;2
13470;135;13;0.8;0.5;70;101;0.4716981;230;236.9307;13;0
13471;135;13;0.8;0.5;71;101;0.4402985;221;236.0891;13;0
13472;135;13;0.8;0.5;72;101;0.5110132;253;234.9802;13;0
13473;135;13;0.8;0.5;73;101;0.4414062;244;236.802;13;0
13474;135;13;0.8;0.5;74;101;0.5092593;254;236.8713;13;0
13475;135;13;0.8;0.5;75;101;0.5532787;255;236.2475;13;0
13476;135;13;0.8;0.5;76;101;0.482906;224;237.901;13;0
13477;135;13;0.8;0.5;77;103;0.48;235;236.1359;13;2
13478;135;13;0.8;0.5;78;104;0.4672489;246;237.4038;13;3
13479;135;13;0.8;0.5;79;102;0.454902;231;234.7647;13;1
13480;135;13;0.8;0.5;80;104;0.5196078;250;235.2212;13;3
13481;135;13;0.8;0.5;81;101;0.5625;241;236.0792;13;0
13482;135;13;0.8;0.5;82;102;0.4666667;237;235.2451;13;1
13483;135;13;0.8;0.5;83;105;0.4439834;253;233.8762;13;4
13484;135;13;0.8;0.5;84;101;0.5238095;208;236.5347;13;0
13485;135;13;0.8;0.5;85;104;0.5373832;246;234.5;13;3
13486;135;13;0.8;0.5;86;101;0.5231481;249;237.3366;13;0
13487;135;13;0.8;0.5;87;104;0.5242291;255;236.3846;13;3
13488;135;13;0.8;0.5;88;102;0.5934579;249;235.1667;13;1
13489;135;13;0.8;0.5;89;102;0.5;220;236.6471;13;1
13490;135;13;0.8;0.5;90;101;0.5162602;237;236.2376;13;0
13491;135;13;0.8;0.5;91;102;0.4657534;239;235.8529;13;1
13492;135;13;0.8;0.5;92;102;0.5198238;257;237.7549;13;1
13493;135;13;0.8;0.5;93;101;0.4598214;227;238.9307;13;0
13494;135;13;0.8;0.5;94;101;0.4491525;212;235.505;13;0
13495;135;13;0.8;0.5;95;104;0.4824561;228;237.2885;13;3
13496;135;13;0.8;0.5;96;104;0.4959016;230;236.1442;13;3
13497;135;13;0.8;0.5;97;102;0.460076;231;237.6275;13;1
13498;135;13;0.8;0.5;98;101;0.5189873;242;235.9802;13;0
13499;135;13;0.8;0.5;99;101;0.4956897;245;234.2673;13;0
13500;135;13;0.8;0.5;100;101;0.4824903;231;235.8119;13;0
13501;136;15;0.8;0.5;1;101;0.5;251;237.5545;15;0
13502;136;15;0.8;0.5;2;104;0.5066079;220;236.8173;15;3
13503;136;15;0.8;0.5;3;101;0.5;249;234.1089;15;0
13504;136;15;0.8;0.5;4;101;0.5434783;223;237.5545;15;0
13505;136;15;0.8;0.5;5;102;0.5105485;240;237.0588;15;1
13506;136;15;0.8;0.5;6;106;0.4935622;223;235.3585;15;5
13507;136;15;0.8;0.5;7;102;0.5254237;237;237.5196;15;1
13508;136;15;0.8;0.5;8;101;0.5102881;234;236.0099;15;0
13509;136;15;0.8;0.5;9;102;0.490566;245;237.7843;15;1
13510;136;15;0.8;0.5;10;101;0.5169492;244;236.3465;15;0
13511;136;15;0.8;0.5;11;101;0.5489362;236;236.802;15;0
13512;136;15;0.8;0.5;12;101;0.465812;237;236.9208;15;0
13513;136;15;0.8;0.5;13;104;0.5361702;231;235.6058;15;3
13514;136;15;0.8;0.5;14;101;0.5774059;240;237.1386;15;0
13515;136;15;0.8;0.5;15;103;0.5342466;242;236.0291;15;2
13516;136;15;0.8;0.5;16;103;0.4678899;277;237.0874;15;2
13517;136;15;0.8;0.5;17;101;0.4734694;223;237.0792;15;0
13518;136;15;0.8;0.5;18;102;0.4957265;215;235.9412;15;1
13519;136;15;0.8;0.5;19;101;0.472973;258;236.2475;15;0
13520;136;15;0.8;0.5;20;102;0.4603175;237;235.5294;15;1
13521;136;15;0.8;0.5;21;101;0.545082;235;235.5842;15;0
13522;136;15;0.8;0.5;22;101;0.4938272;233;238.5644;15;0
13523;136;15;0.8;0.5;23;104;0.5062241;234;236.3365;15;3
13524;136;15;0.8;0.5;24;101;0.4844444;225;237.6931;15;0
13525;136;15;0.8;0.5;25;103;0.5425101;216;238.7864;15;2
13526;136;15;0.8;0.5;26;106;0.4567901;223;236.8679;15;5
13527;136;15;0.8;0.5;27;102;0.4813278;227;235.6078;15;1
13528;136;15;0.8;0.5;28;103;0.4977376;245;236.4563;15;2
13529;136;15;0.8;0.5;29;101;0.4939271;232;236.5149;15;0
13530;136;15;0.8;0.5;30;101;0.4819277;238;238.4059;15;0
13531;136;15;0.8;0.5;31;101;0.4688797;223;237.2079;15;0
13532;136;15;0.8;0.5;32;101;0.5;230;239.2673;15;0
13533;136;15;0.8;0.5;33;101;0.5;243;239.0297;15;0
13534;136;15;0.8;0.5;34;103;0.4612245;212;235.3689;15;2
13535;136;15;0.8;0.5;35;101;0.504386;258;238.4554;15;0
13536;136;15;0.8;0.5;36;101;0.5491071;241;236.8614;15;0
13537;136;15;0.8;0.5;37;102;0.4913043;238;236.4804;15;1
13538;136;15;0.8;0.5;38;106;0.4637097;238;237.7358;15;5
13539;136;15;0.8;0.5;39;101;0.5021459;250;236.2376;15;0
13540;136;15;0.8;0.5;40;106;0.4219409;240;235.9528;15;5
13541;136;15;0.8;0.5;41;101;0.5309735;255;237.9505;15;0
13542;136;15;0.8;0.5;42;102;0.5128205;237;235.8627;15;1
13543;136;15;0.8;0.5;43;101;0.5117188;227;235.396;15;0
13544;136;15;0.8;0.5;44;101;0.4739336;250;237.1683;15;0
13545;136;15;0.8;0.5;45;107;0.5176471;233;236.4393;15;6
13546;136;15;0.8;0.5;46;101;0.486692;226;237.0693;15;0
13547;136;15;0.8;0.5;47;103;0.5303644;226;235.1553;15;2
13548;136;15;0.8;0.5;48;102;0.4377682;253;239.0686;15;1
13549;136;15;0.8;0.5;49;102;0.5019608;235;235.2157;15;1
13550;136;15;0.8;0.5;50;102;0.48;229;236.5196;15;1
13551;136;15;0.8;0.5;51;101;0.5526316;229;236.1386;15;0
13552;136;15;0.8;0.5;52;101;0.4980545;200;236.9307;15;0
13553;136;15;0.8;0.5;53;101;0.562753;215;236.5446;15;0
13554;136;15;0.8;0.5;54;101;0.4875;217;235.8218;15;0
13555;136;15;0.8;0.5;55;101;0.4959016;204;239.2277;15;0
13556;136;15;0.8;0.5;56;102;0.5173913;233;234.3039;15;1
13557;136;15;0.8;0.5;57;101;0.4718615;218;237.3366;15;0
13558;136;15;0.8;0.5;58;103;0.4814815;243;238.9709;15;2
13559;136;15;0.8;0.5;59;102;0.4878049;220;236.5196;15;1
13560;136;15;0.8;0.5;60;102;0.5229358;246;236.6078;15;1
13561;136;15;0.8;0.5;61;101;0.5167464;243;237.1485;15;0
13562;136;15;0.8;0.5;62;103;0.4795082;219;237.4757;15;2
13563;136;15;0.8;0.5;63;102;0.490566;249;239.1176;15;1
13564;136;15;0.8;0.5;64;102;0.4878049;212;235.8922;15;1
13565;136;15;0.8;0.5;65;101;0.5100402;214;237.5149;15;0
13566;136;15;0.8;0.5;66;101;0.5219124;233;234.8911;15;0
13567;136;15;0.8;0.5;67;102;0.5219298;215;236.6176;15;1
13568;136;15;0.8;0.5;68;101;0.4761905;246;237.8713;15;0
13569;136;15;0.8;0.5;69;102;0.4724409;241;237.8431;15;1
13570;136;15;0.8;0.5;70;105;0.4939759;224;236.7429;15;4
13571;136;15;0.8;0.5;71;101;0.5316456;235;235.6931;15;0
13572;136;15;0.8;0.5;72;102;0.5209125;250;234.6961;15;1
13573;136;15;0.8;0.5;73;101;0.4510638;243;236.5347;15;0
13574;136;15;0.8;0.5;74;101;0.4605809;247;236.4257;15;0
13575;136;15;0.8;0.5;75;101;0.5183673;228;238.3663;15;0
13576;136;15;0.8;0.5;76;101;0.497992;232;237.2376;15;0
13577;136;15;0.8;0.5;77;101;0.5313808;221;237.505;15;0
13578;136;15;0.8;0.5;78;102;0.5355649;249;236.6373;15;1
13579;136;15;0.8;0.5;79;101;0.491453;251;236.9406;15;0
13580;136;15;0.8;0.5;80;101;0.5;229;237.495;15;0
13581;136;15;0.8;0.5;81;101;0.5660377;259;235.0297;15;0
13582;136;15;0.8;0.5;82;101;0.4956522;232;237.2376;15;0
13583;136;15;0.8;0.5;83;102;0.5388128;246;237.0588;15;1
13584;136;15;0.8;0.5;84;101;0.4516129;262;236.3465;15;0
13585;136;15;0.8;0.5;85;101;0.4646018;217;236.0396;15;0
13586;136;15;0.8;0.5;86;102;0.4564315;256;238.3333;15;1
13587;136;15;0.8;0.5;87;103;0.4758065;235;237.5437;15;2
13588;136;15;0.8;0.5;88;101;0.5384615;234;235.6931;15;0
13589;136;15;0.8;0.5;89;103;0.5088496;227;236.9612;15;2
13590;136;15;0.8;0.5;90;104;0.5391705;225;237.8269;15;3
13591;136;15;0.8;0.5;91;105;0.465;262;238.4667;15;4
13592;136;15;0.8;0.5;92;101;0.520362;254;235.8218;15;0
13593;136;15;0.8;0.5;93;102;0.5192308;235;234.6667;15;1
13594;136;15;0.8;0.5;94;101;0.4976744;228;235.4257;15;0
13595;136;15;0.8;0.5;95;102;0.5641026;245;238.3431;15;1
13596;136;15;0.8;0.5;96;102;0.5228216;236;238.0098;15;1
13597;136;15;0.8;0.5;97;102;0.4816327;258;236.7549;15;1
13598;136;15;0.8;0.5;98;101;0.4463519;242;235.8713;15;0
13599;136;15;0.8;0.5;99;101;0.4635193;235;236.7525;15;0
13600;136;15;0.8;0.5;100;103;0.5421687;241;237.7573;15;2
13601;137;17;0.8;0.5;1;102;0.5188285;231;237.7745;17;1
13602;137;17;0.8;0.5;2;101;0.5163934;239;238.7822;17;0
13603;137;17;0.8;0.5;3;101;0.5568627;237;237.2376;17;0
13604;137;17;0.8;0.5;4;101;0.5210084;249;235.8416;17;0
13605;137;17;0.8;0.5;5;101;0.4736842;212;235.3564;17;0
13606;137;17;0.8;0.5;6;101;0.4858491;222;235.2574;17;0
13607;137;17;0.8;0.5;7;105;0.4913793;223;236.7619;17;4
13608;137;17;0.8;0.5;8;101;0.522449;218;237.5842;17;0
13609;137;17;0.8;0.5;9;101;0.5144231;241;239.3168;17;0
13610;137;17;0.8;0.5;10;101;0.474359;233;234.9703;17;0
13611;137;17;0.8;0.5;11;101;0.508547;241;236.6139;17;0
13612;137;17;0.8;0.5;12;102;0.4957265;238;236.3039;17;1
13613;137;17;0.8;0.5;13;101;0.5191489;232;237.495;17;0
13614;137;17;0.8;0.5;14;101;0.5183486;247;236.9505;17;0
13615;137;17;0.8;0.5;15;101;0.4977376;271;237.8713;17;0
13616;137;17;0.8;0.5;16;102;0.4420601;241;236.098;17;1
13617;137;17;0.8;0.5;17;102;0.4695652;247;234.8824;17;1
13618;137;17;0.8;0.5;18;102;0.5208333;231;236.549;17;1
13619;137;17;0.8;0.5;19;103;0.4633205;206;235.5922;17;2
13620;137;17;0.8;0.5;20;101;0.5504587;245;236.9307;17;0
13621;137;17;0.8;0.5;21;101;0.4814815;218;236.4257;17;0
13622;137;17;0.8;0.5;22;105;0.5148936;248;235.9143;17;4
13623;137;17;0.8;0.5;23;102;0.5088496;217;236.1863;17;1
13624;137;17;0.8;0.5;24;102;0.4628099;220;236.6373;17;1
13625;137;17;0.8;0.5;25;102;0.5130435;231;239.402;17;1
13626;137;17;0.8;0.5;26;103;0.5019608;221;237.4272;17;2
13627;137;17;0.8;0.5;27;101;0.4834711;228;236.7228;17;0
13628;137;17;0.8;0.5;28;103;0.4434783;222;235.7379;17;2
13629;137;17;0.8;0.5;29;103;0.5217391;267;238.5825;17;2
13630;137;17;0.8;0.5;30;101;0.5377358;230;236.2772;17;0
13631;137;17;0.8;0.5;31;102;0.5059289;226;235.9216;17;1
13632;137;17;0.8;0.5;32;102;0.4826087;258;235.6765;17;1
13633;137;17;0.8;0.5;33;102;0.5066667;228;236;17;1
13634;137;17;0.8;0.5;34;102;0.4959016;235;237.8529;17;1
13635;137;17;0.8;0.5;35;101;0.5789474;232;237.2772;17;0
13636;137;17;0.8;0.5;36;102;0.5193133;231;236.4706;17;1
13637;137;17;0.8;0.5;37;102;0.559633;247;235.1667;17;1
13638;137;17;0.8;0.5;38;102;0.4878049;245;238.2941;17;1
13639;137;17;0.8;0.5;39;101;0.4832714;226;236;17;0
13640;137;17;0.8;0.5;40;105;0.472973;221;237.2381;17;4
13641;137;17;0.8;0.5;41;101;0.5308642;233;235.198;17;0
13642;137;17;0.8;0.5;42;101;0.4581498;207;233.9307;17;0
13643;137;17;0.8;0.5;43;102;0.5020747;221;238.7745;17;1
13644;137;17;0.8;0.5;44;102;0.5084746;211;237.5;17;1
13645;137;17;0.8;0.5;45;101;0.5240175;250;238.099;17;0
13646;137;17;0.8;0.5;46;102;0.4980237;231;237.5784;17;1
13647;137;17;0.8;0.5;47;103;0.4475806;252;239.068;17;2
13648;137;17;0.8;0.5;48;101;0.5580357;251;237.1287;17;0
13649;137;17;0.8;0.5;49;102;0.4909091;238;236.4412;17;1
13650;137;17;0.8;0.5;50;101;0.5081967;237;238.8812;17;0
13651;137;17;0.8;0.5;51;102;0.5118483;268;236.7255;17;1
13652;137;17;0.8;0.5;52;103;0.473913;246;237.3689;17;2
13653;137;17;0.8;0.5;53;102;0.5373832;256;237.6569;17;1
13654;137;17;0.8;0.5;54;101;0.4938776;235;236.0198;17;0
13655;137;17;0.8;0.5;55;103;0.4798387;231;236.7573;17;2
13656;137;17;0.8;0.5;56;103;0.5702811;227;236.3883;17;2
13657;137;17;0.8;0.5;57;105;0.5;239;236.4476;17;4
13658;137;17;0.8;0.5;58;101;0.4439462;237;238.7723;17;0
13659;137;17;0.8;0.5;59;102;0.5769231;235;237.1765;17;1
13660;137;17;0.8;0.5;60;105;0.5066667;225;235.3524;17;4
13661;137;17;0.8;0.5;61;103;0.4649123;259;239.3689;17;2
13662;137;17;0.8;0.5;62;101;0.4899598;264;237.5248;17;0
13663;137;17;0.8;0.5;63;101;0.4959677;228;236.7723;17;0
13664;137;17;0.8;0.5;64;102;0.560166;231;235.5294;17;1
13665;137;17;0.8;0.5;65;101;0.5517241;243;237.6931;17;0
13666;137;17;0.8;0.5;66;102;0.515873;246;236.5392;17;1
13667;137;17;0.8;0.5;67;103;0.5238095;246;236.4757;17;2
13668;137;17;0.8;0.5;68;101;0.5142857;208;236.6832;17;0
13669;137;17;0.8;0.5;69;102;0.4459459;230;238.4216;17;1
13670;137;17;0.8;0.5;70;106;0.5315315;213;236.3585;17;5
13671;137;17;0.8;0.5;71;103;0.5041322;206;237.1165;17;2
13672;137;17;0.8;0.5;72;102;0.4892704;243;237.8137;17;1
13673;137;17;0.8;0.5;73;101;0.5151515;252;236.9406;17;0
13674;137;17;0.8;0.5;74;101;0.5040984;239;239.6634;17;0
13675;137;17;0.8;0.5;75;104;0.5780591;268;236.8173;17;3
13676;137;17;0.8;0.5;76;101;0.4649123;253;236.5347;17;0
13677;137;17;0.8;0.5;77;105;0.5324675;240;235.981;17;4
13678;137;17;0.8;0.5;78;101;0.5021277;238;235.0891;17;0
13679;137;17;0.8;0.5;79;103;0.498008;250;237.7767;17;2
13680;137;17;0.8;0.5;80;101;0.5475285;236;236.4158;17;0
13681;137;17;0.8;0.5;81;101;0.4405286;268;236.7228;17;0
13682;137;17;0.8;0.5;82;102;0.5196507;230;238.3529;17;1
13683;137;17;0.8;0.5;83;103;0.5164319;243;236.9806;17;2
13684;137;17;0.8;0.5;84;101;0.495935;232;236.2079;17;0
13685;137;17;0.8;0.5;85;102;0.5188285;254;234.6078;17;1
13686;137;17;0.8;0.5;86;101;0.545082;216;236.6139;17;0
13687;137;17;0.8;0.5;87;101;0.5203252;231;235.802;17;0
13688;137;17;0.8;0.5;88;103;0.4658635;239;239.3689;17;2
13689;137;17;0.8;0.5;89;104;0.5273438;245;236.0769;17;3
13690;137;17;0.8;0.5;90;101;0.5;216;236.7723;17;0
13691;137;17;0.8;0.5;91;101;0.5421687;247;237.505;17;0
13692;137;17;0.8;0.5;92;101;0.4840183;249;236.7129;17;0
13693;137;17;0.8;0.5;93;101;0.4559387;220;236.7129;17;0
13694;137;17;0.8;0.5;94;103;0.5021834;230;235.9417;17;2
13695;137;17;0.8;0.5;95;101;0.4915966;223;236.3861;17;0
13696;137;17;0.8;0.5;96;103;0.5185185;239;237.9612;17;2
13697;137;17;0.8;0.5;97;101;0.4874372;259;235.4059;17;0
13698;137;17;0.8;0.5;98;103;0.4513274;258;235.2816;17;2
13699;137;17;0.8;0.5;99;101;0.5155556;241;236.8515;17;0
13700;137;17;0.8;0.5;100;101;0.5;211;236.8119;17;0
13701;138;19;0.8;0.5;1;102;0.5043103;262;235.1667;19;1
13702;138;19;0.8;0.5;2;101;0.495935;245;236.7426;19;0
13703;138;19;0.8;0.5;3;102;0.5676856;248;237.1765;19;1
13704;138;19;0.8;0.5;4;101;0.4644351;233;233.9802;19;0
13705;138;19;0.8;0.5;5;102;0.4892704;243;238.1667;19;1
13706;138;19;0.8;0.5;6;101;0.4899598;218;238.1782;19;0
13707;138;19;0.8;0.5;7;101;0.5617021;222;236.1683;19;0
13708;138;19;0.8;0.5;8;101;0.472;213;236.0396;19;0
13709;138;19;0.8;0.5;9;101;0.4978541;236;238.1584;19;0
13710;138;19;0.8;0.5;10;101;0.4394619;236;236.0792;19;0
13711;138;19;0.8;0.5;11;101;0.4789272;225;237.0693;19;0
13712;138;19;0.8;0.5;12;101;0.5205479;251;237.5644;19;0
13713;138;19;0.8;0.5;13;101;0.4621212;222;237.4257;19;0
13714;138;19;0.8;0.5;14;101;0.5232068;216;237.4158;19;0
13715;138;19;0.8;0.5;15;101;0.5622318;226;236.6238;19;0
13716;138;19;0.8;0.5;16;102;0.5159817;230;236.598;19;1
13717;138;19;0.8;0.5;17;101;0.5252101;243;236.4752;19;0
13718;138;19;0.8;0.5;18;102;0.5619469;249;236.8333;19;1
13719;138;19;0.8;0.5;19;102;0.4935065;254;237.7353;19;1
13720;138;19;0.8;0.5;20;101;0.4722222;226;236.8218;19;0
13721;138;19;0.8;0.5;21;102;0.4978355;240;237.0196;19;1
13722;138;19;0.8;0.5;22;103;0.4810127;245;237.3592;19;2
13723;138;19;0.8;0.5;23;101;0.4871795;263;236.7525;19;0
13724;138;19;0.8;0.5;24;101;0.4979079;249;236.9505;19;0
13725;138;19;0.8;0.5;25;102;0.4794521;233;237.3235;19;1
13726;138;19;0.8;0.5;26;101;0.4814815;216;237.4455;19;0
13727;138;19;0.8;0.5;27;102;0.5794393;230;237.3137;19;1
13728;138;19;0.8;0.5;28;101;0.5418327;230;236.3069;19;0
13729;138;19;0.8;0.5;29;102;0.439834;219;235.2941;19;1
13730;138;19;0.8;0.5;30;101;0.4786325;233;237.1782;19;0
13731;138;19;0.8;0.5;31;101;0.493617;224;236.495;19;0
13732;138;19;0.8;0.5;32;103;0.526971;240;235.3981;19;2
13733;138;19;0.8;0.5;33;101;0.4598214;218;233.4059;19;0
13734;138;19;0.8;0.5;34;106;0.4462151;230;236.6698;19;5
13735;138;19;0.8;0.5;35;101;0.5318182;233;236.8713;19;0
13736;138;19;0.8;0.5;36;103;0.4918033;224;236.9515;19;2
13737;138;19;0.8;0.5;37;101;0.5274262;232;236.8119;19;0
13738;138;19;0.8;0.5;38;101;0.4806867;222;237.0594;19;0
13739;138;19;0.8;0.5;39;101;0.4600939;256;236.4455;19;0
13740;138;19;0.8;0.5;40;101;0.5458515;228;236.1089;19;0
13741;138;19;0.8;0.5;41;104;0.535865;231;236.1635;19;3
13742;138;19;0.8;0.5;42;102;0.4472574;239;235.8627;19;1
13743;138;19;0.8;0.5;43;102;0.5299145;234;238.2451;19;1
13744;138;19;0.8;0.5;44;102;0.5120968;238;236.5588;19;1
13745;138;19;0.8;0.5;45;102;0.4757709;243;238.7549;19;1
13746;138;19;0.8;0.5;46;101;0.5327869;222;235.7624;19;0
13747;138;19;0.8;0.5;47;104;0.5152838;242;236.2115;19;3
13748;138;19;0.8;0.5;48;101;0.5107296;259;237.495;19;0
13749;138;19;0.8;0.5;49;102;0.439834;228;238.6373;19;1
13750;138;19;0.8;0.5;50;101;0.4913793;249;235.5743;19;0
13751;138;19;0.8;0.5;51;104;0.5375494;223;238.1731;19;3
13752;138;19;0.8;0.5;52;102;0.4979592;241;236.5882;19;1
13753;138;19;0.8;0.5;53;101;0.4833333;232;238.5941;19;0
13754;138;19;0.8;0.5;54;102;0.5148936;236;236.8922;19;1
13755;138;19;0.8;0.5;55;101;0.4955752;227;235.9505;19;0
13756;138;19;0.8;0.5;56;102;0.4622222;253;236.6961;19;1
13757;138;19;0.8;0.5;57;101;0.4771784;233;238.0198;19;0
13758;138;19;0.8;0.5;58;101;0.4823009;247;237.2574;19;0
13759;138;19;0.8;0.5;59;101;0.5209125;241;237.3267;19;0
13760;138;19;0.8;0.5;60;103;0.4867257;232;236.9709;19;2
13761;138;19;0.8;0.5;61;103;0.4683544;241;238.1262;19;2
13762;138;19;0.8;0.5;62;101;0.4936709;209;235.3762;19;0
13763;138;19;0.8;0.5;63;102;0.486166;242;235.7157;19;1
13764;138;19;0.8;0.5;64;101;0.473913;238;236.6436;19;0
13765;138;19;0.8;0.5;65;101;0.513834;228;236.4158;19;0
13766;138;19;0.8;0.5;66;101;0.4855967;249;234.6832;19;0
13767;138;19;0.8;0.5;67;104;0.5043103;241;238.4135;19;3
13768;138;19;0.8;0.5;68;103;0.472973;258;235.4369;19;2
13769;138;19;0.8;0.5;69;101;0.515873;248;238.9505;19;0
13770;138;19;0.8;0.5;70;101;0.518018;242;236.8713;19;0
13771;138;19;0.8;0.5;71;101;0.518018;235;236.2772;19;0
13772;138;19;0.8;0.5;72;102;0.5339806;236;237.3824;19;1
13773;138;19;0.8;0.5;73;102;0.5136187;254;237.0392;19;1
13774;138;19;0.8;0.5;74;101;0.5338983;257;235.3663;19;0
13775;138;19;0.8;0.5;75;101;0.4253394;227;236.2673;19;0
13776;138;19;0.8;0.5;76;101;0.443038;231;237.2079;19;0
13777;138;19;0.8;0.5;77;105;0.516;240;236.3619;19;4
13778;138;19;0.8;0.5;78;104;0.4597701;207;238.9712;19;3
13779;138;19;0.8;0.5;79;104;0.4908257;239;236.6346;19;3
13780;138;19;0.8;0.5;80;102;0.3744292;253;237.5;19;1
13781;138;19;0.8;0.5;81;101;0.5;256;238.1584;19;0
13782;138;19;0.8;0.5;82;102;0.5482456;271;239.2059;19;1
13783;138;19;0.8;0.5;83;103;0.4858491;225;236.8932;19;2
13784;138;19;0.8;0.5;84;103;0.5;242;235.0777;19;2
13785;138;19;0.8;0.5;85;102;0.4804688;243;237.0588;19;1
13786;138;19;0.8;0.5;86;102;0.5276596;219;236.049;19;1
13787;138;19;0.8;0.5;87;101;0.5242291;245;235.1782;19;0
13788;138;19;0.8;0.5;88;101;0.465;251;235.297;19;0
13789;138;19;0.8;0.5;89;102;0.5531915;236;239.0882;19;1
13790;138;19;0.8;0.5;90;105;0.5132075;225;236.0667;19;4
13791;138;19;0.8;0.5;91;101;0.5081301;231;235.901;19;0
13792;138;19;0.8;0.5;92;101;0.4942966;259;238.9901;19;0
13793;138;19;0.8;0.5;93;101;0.4902724;235;236.2475;19;0
13794;138;19;0.8;0.5;94;103;0.5082645;241;238.6214;19;2
13795;138;19;0.8;0.5;95;102;0.4637681;245;236.1961;19;1
13796;138;19;0.8;0.5;96;102;0.5021097;233;235.8824;19;1
13797;138;19;0.8;0.5;97;102;0.4383562;257;237.4608;19;1
13798;138;19;0.8;0.5;98;101;0.5207373;235;237.2673;19;0
13799;138;19;0.8;0.5;99;101;0.524;265;235.5842;19;0
13800;138;19;0.8;0.5;100;101;0.473251;221;237.1584;19;0
13801;139;21;0.8;0.5;1;102;0.4324324;245;236.6275;21;1
13802;139;21;0.8;0.5;2;101;0.5273438;214;237.5743;21;0
13803;139;21;0.8;0.5;3;103;0.5061728;218;235.0388;21;2
13804;139;21;0.8;0.5;4;101;0.5069124;218;235.6733;21;0
13805;139;21;0.8;0.5;5;102;0.5;234;236.098;21;1
13806;139;21;0.8;0.5;6;102;0.5117188;219;237.2745;21;1
13807;139;21;0.8;0.5;7;102;0.4902724;226;237.6765;21;1
13808;139;21;0.8;0.5;8;102;0.5123967;234;237.8333;21;1
13809;139;21;0.8;0.5;9;105;0.4801587;256;238.1333;21;4
13810;139;21;0.8;0.5;10;101;0.4510638;223;237.2871;21;0
13811;139;21;0.8;0.5;11;102;0.4977974;233;236.5392;21;1
13812;139;21;0.8;0.5;12;101;0.4527559;226;236.4752;21;0
13813;139;21;0.8;0.5;13;102;0.4686192;238;236.1471;21;1
13814;139;21;0.8;0.5;14;102;0.5145228;259;238.4314;21;1
13815;139;21;0.8;0.5;15;101;0.4680851;232;236.703;21;0
13816;139;21;0.8;0.5;16;102;0.5236052;266;239.1667;21;1
13817;139;21;0.8;0.5;17;104;0.4771784;239;236.7308;21;3
13818;139;21;0.8;0.5;18;102;0.4712644;252;236.5294;21;1
13819;139;21;0.8;0.5;19;101;0.5294118;242;236.2079;21;0
13820;139;21;0.8;0.5;20;103;0.5560166;234;236.7961;21;2
13821;139;21;0.8;0.5;21;102;0.4696356;240;235.902;21;1
13822;139;21;0.8;0.5;22;102;0.5363636;215;236.9118;21;1
13823;139;21;0.8;0.5;23;104;0.558952;240;236.9615;21;3
13824;139;21;0.8;0.5;24;101;0.5123967;222;235.2376;21;0
13825;139;21;0.8;0.5;25;104;0.4661017;243;237.9327;21;3
13826;139;21;0.8;0.5;26;101;0.4793388;244;234.9307;21;0
13827;139;21;0.8;0.5;27;101;0.5022222;242;236.0693;21;0
13828;139;21;0.8;0.5;28;101;0.4675325;243;236.3465;21;0
13829;139;21;0.8;0.5;29;103;0.5022026;224;237.6893;21;2
13830;139;21;0.8;0.5;30;105;0.509009;220;236.8952;21;4
13831;139;21;0.8;0.5;31;103;0.5084746;253;236.534;21;2
13832;139;21;0.8;0.5;32;102;0.4935622;250;237.902;21;1
13833;139;21;0.8;0.5;33;101;0.4230769;203;237.3069;21;0
13834;139;21;0.8;0.5;34;101;0.480315;250;237.9208;21;0
13835;139;21;0.8;0.5;35;102;0.4615385;244;238.8137;21;1
13836;139;21;0.8;0.5;36;102;0.5333333;220;235.6275;21;1
13837;139;21;0.8;0.5;37;101;0.5022222;245;236.5941;21;0
13838;139;21;0.8;0.5;38;101;0.5185185;239;238.8614;21;0
13839;139;21;0.8;0.5;39;103;0.5062762;251;236.932;21;2
13840;139;21;0.8;0.5;40;101;0.5150376;227;235.9505;21;0
13841;139;21;0.8;0.5;41;101;0.4409091;230;236.4059;21;0
13842;139;21;0.8;0.5;42;110;0.4595745;233;237.7545;21;9
13843;139;21;0.8;0.5;43;101;0.5565217;258;237.7426;21;0
13844;139;21;0.8;0.5;44;101;0.5201613;247;235.0396;21;0
13845;139;21;0.8;0.5;45;103;0.5169811;219;237.1165;21;2
13846;139;21;0.8;0.5;46;102;0.4688797;215;235.1765;21;1
13847;139;21;0.8;0.5;47;101;0.4913793;261;237.2574;21;0
13848;139;21;0.8;0.5;48;101;0.5654008;236;236.3465;21;0
13849;139;21;0.8;0.5;49;101;0.5128205;232;236.1287;21;0
13850;139;21;0.8;0.5;50;102;0.5215517;238;237.8137;21;1
13851;139;21;0.8;0.5;51;102;0.4672131;222;236.8627;21;1
13852;139;21;0.8;0.5;52;103;0.4545455;236;236.1262;21;2
13853;139;21;0.8;0.5;53;102;0.5186722;247;236.8137;21;1
13854;139;21;0.8;0.5;54;102;0.4759825;243;238.9314;21;1
13855;139;21;0.8;0.5;55;101;0.522449;226;239.1089;21;0
13856;139;21;0.8;0.5;56;102;0.496063;212;235.7941;21;1
13857;139;21;0.8;0.5;57;103;0.5462555;236;235.1942;21;2
13858;139;21;0.8;0.5;58;101;0.5;243;238.3663;21;0
13859;139;21;0.8;0.5;59;101;0.5219298;264;236.5149;21;0
13860;139;21;0.8;0.5;60;101;0.5357143;243;237.703;21;0
13861;139;21;0.8;0.5;61;101;0.4932735;214;236.1881;21;0
13862;139;21;0.8;0.5;62;102;0.526749;234;234.8137;21;1
13863;139;21;0.8;0.5;63;101;0.5021645;245;235.6139;21;0
13864;139;21;0.8;0.5;64;101;0.4692982;230;236.6337;21;0
13865;139;21;0.8;0.5;65;101;0.4417671;236;236.0693;21;0
13866;139;21;0.8;0.5;66;102;0.5022831;207;235.6667;21;1
13867;139;21;0.8;0.5;67;102;0.4398148;250;237.951;21;1
13868;139;21;0.8;0.5;68;101;0.4959677;251;236.1188;21;0
13869;139;21;0.8;0.5;69;101;0.4958333;237;238.4356;21;0
13870;139;21;0.8;0.5;70;102;0.5059761;227;236.2353;21;1
13871;139;21;0.8;0.5;71;103;0.4778761;204;238.165;21;2
13872;139;21;0.8;0.5;72;103;0.4130435;264;236.9417;21;2
13873;139;21;0.8;0.5;73;101;0.5099602;229;236.5941;21;0
13874;139;21;0.8;0.5;74;101;0.4611872;242;235.9901;21;0
13875;139;21;0.8;0.5;75;102;0.5155039;225;237.9412;21;1
13876;139;21;0.8;0.5;76;102;0.4557522;253;236.3725;21;1
13877;139;21;0.8;0.5;77;101;0.4122449;233;236.9505;21;0
13878;139;21;0.8;0.5;78;103;0.4801587;265;238.3398;21;2
13879;139;21;0.8;0.5;79;101;0.5485232;227;235.4851;21;0
13880;139;21;0.8;0.5;80;102;0.5525114;239;236.902;21;1
13881;139;21;0.8;0.5;81;101;0.5061224;215;236.6436;21;0
13882;139;21;0.8;0.5;82;102;0.506383;221;236.2549;21;1
13883;139;21;0.8;0.5;83;101;0.5082645;245;236.703;21;0
13884;139;21;0.8;0.5;84;101;0.4814815;232;237.2376;21;0
13885;139;21;0.8;0.5;85;101;0.516129;245;237.8713;21;0
13886;139;21;0.8;0.5;86;106;0.4958678;248;237.2358;21;5
13887;139;21;0.8;0.5;87;102;0.5069767;233;236.1765;21;1
13888;139;21;0.8;0.5;88;106;0.4713656;228;235.6698;21;5
13889;139;21;0.8;0.5;89;101;0.5165289;241;238.3564;21;0
13890;139;21;0.8;0.5;90;101;0.5238095;233;236.8713;21;0
13891;139;21;0.8;0.5;91;101;0.5338983;238;235.9505;21;0
13892;139;21;0.8;0.5;92;105;0.5127119;238;237.6095;21;4
13893;139;21;0.8;0.5;93;101;0.5466667;254;237.9505;21;0
13894;139;21;0.8;0.5;94;102;0.5151515;255;236.5882;21;1
13895;139;21;0.8;0.5;95;101;0.5088496;230;235.7228;21;0
13896;139;21;0.8;0.5;96;104;0.4493392;245;237.5192;21;3
13897;139;21;0.8;0.5;97;101;0.4871795;244;236.198;21;0
13898;139;21;0.8;0.5;98;102;0.5185185;214;236.0294;21;1
13899;139;21;0.8;0.5;99;102;0.5189873;222;236.5294;21;1
13900;139;21;0.8;0.5;100;103;0.4863636;264;238.165;21;2
13901;140;23;0.8;0.5;1;101;0.468254;259;237.3465;23;0
13902;140;23;0.8;0.5;2;101;0.4573991;240;236.3861;23;0
13903;140;23;0.8;0.5;3;101;0.4479638;260;237.7426;23;0
13904;140;23;0.8;0.5;4;101;0.470339;252;236.8713;23;0
13905;140;23;0.8;0.5;5;101;0.501992;219;237.297;23;0
13906;140;23;0.8;0.5;6;102;0.5368852;232;236.4216;23;1
13907;140;23;0.8;0.5;7;101;0.5080645;251;237.9505;23;0
13908;140;23;0.8;0.5;8;102;0.4363636;239;237.3235;23;1
13909;140;23;0.8;0.5;9;102;0.5;241;237.9216;23;1
13910;140;23;0.8;0.5;10;104;0.5592417;229;238.9808;23;3
13911;140;23;0.8;0.5;11;101;0.5429688;247;238.1881;23;0
13912;140;23;0.8;0.5;12;102;0.5465587;224;236.1765;23;1
13913;140;23;0.8;0.5;13;101;0.4980545;221;237.3762;23;0
13914;140;23;0.8;0.5;14;101;0.5466102;225;237.297;23;0
13915;140;23;0.8;0.5;15;102;0.4581498;251;235.7647;23;1
13916;140;23;0.8;0.5;16;109;0.4674797;240;236.3028;23;8
13917;140;23;0.8;0.5;17;101;0.5254902;249;236.5446;23;0
13918;140;23;0.8;0.5;18;101;0.5069767;217;234.3168;23;0
13919;140;23;0.8;0.5;19;102;0.5189394;230;237.549;23;1
13920;140;23;0.8;0.5;20;101;0.5413223;224;238.3465;23;0
13921;140;23;0.8;0.5;21;103;0.5;258;238.7379;23;2
13922;140;23;0.8;0.5;22;101;0.5;242;234.6337;23;0
13923;140;23;0.8;0.5;23;101;0.4789916;235;235.0792;23;0
13924;140;23;0.8;0.5;24;101;0.4977376;234;236.3465;23;0
13925;140;23;0.8;0.5;25;101;0.5466667;235;234.1188;23;0
13926;140;23;0.8;0.5;26;101;0.4078947;221;235.8416;23;0
13927;140;23;0.8;0.5;27;101;0.4163265;235;236.5347;23;0
13928;140;23;0.8;0.5;28;101;0.5226337;248;236.3564;23;0
13929;140;23;0.8;0.5;29;102;0.5243902;225;237.1373;23;1
13930;140;23;0.8;0.5;30;101;0.496124;228;237.9802;23;0
13931;140;23;0.8;0.5;31;102;0.5087719;249;235.5294;23;1
13932;140;23;0.8;0.5;32;102;0.4956897;230;237;23;1
13933;140;23;0.8;0.5;33;101;0.5189873;234;237.1782;23;0
13934;140;23;0.8;0.5;34;102;0.4251012;245;237.2353;23;1
13935;140;23;0.8;0.5;35;101;0.5183673;226;236.6931;23;0
13936;140;23;0.8;0.5;36;101;0.5381526;237;236.8614;23;0
13937;140;23;0.8;0.5;37;103;0.4872881;226;236.6505;23;2
13938;140;23;0.8;0.5;38;101;0.51417;238;236.8614;23;0
13939;140;23;0.8;0.5;39;102;0.5020747;249;237.2745;23;1
13940;140;23;0.8;0.5;40;101;0.5745614;225;236.3069;23;0
13941;140;23;0.8;0.5;41;102;0.4859438;227;236.902;23;1
13942;140;23;0.8;0.5;42;101;0.5150215;247;237.1386;23;0
13943;140;23;0.8;0.5;43;104;0.5242291;258;237.0865;23;3
13944;140;23;0.8;0.5;44;101;0.4758065;222;236.8515;23;0
13945;140;23;0.8;0.5;45;104;0.4823529;216;238.2115;23;3
13946;140;23;0.8;0.5;46;104;0.5594714;243;236.0962;23;3
13947;140;23;0.8;0.5;47;102;0.560166;225;235.7255;23;1
13948;140;23;0.8;0.5;48;102;0.4893617;244;236.2451;23;1
13949;140;23;0.8;0.5;49;101;0.4979253;229;236.198;23;0
13950;140;23;0.8;0.5;50;102;0.5336134;241;234.098;23;1
13951;140;23;0.8;0.5;51;101;0.4978723;235;236.9109;23;0
13952;140;23;0.8;0.5;52;103;0.4717742;212;236.835;23;2
13953;140;23;0.8;0.5;53;101;0.4724409;249;238.6238;23;0
13954;140;23;0.8;0.5;54;101;0.5236052;223;237.9307;23;0
13955;140;23;0.8;0.5;55;102;0.5140562;222;238.5196;23;1
13956;140;23;0.8;0.5;56;101;0.4854772;245;237.5347;23;0
13957;140;23;0.8;0.5;57;101;0.4391304;234;236.297;23;0
13958;140;23;0.8;0.5;58;101;0.5;230;238.1089;23;0
13959;140;23;0.8;0.5;59;101;0.509434;241;234.6931;23;0
13960;140;23;0.8;0.5;60;103;0.508547;240;236.0485;23;2
13961;140;23;0.8;0.5;61;104;0.4831933;251;237.0385;23;3
13962;140;23;0.8;0.5;62;102;0.5162602;226;237.3725;23;1
13963;140;23;0.8;0.5;63;103;0.4778761;237;237.3107;23;2
13964;140;23;0.8;0.5;64;101;0.5364807;246;236.3366;23;0
13965;140;23;0.8;0.5;65;102;0.4877049;240;235.4608;23;1
13966;140;23;0.8;0.5;66;102;0.5260664;221;236.5784;23;1
13967;140;23;0.8;0.5;67;102;0.4913043;252;237.7353;23;1
13968;140;23;0.8;0.5;68;101;0.4684685;256;237.495;23;0
13969;140;23;0.8;0.5;69;103;0.4827586;238;238.0194;23;2
13970;140;23;0.8;0.5;70;101;0.4899598;214;237.1386;23;0
13971;140;23;0.8;0.5;71;101;0.4938272;241;239.396;23;0
13972;140;23;0.8;0.5;72;101;0.5083333;227;236.9802;23;0
13973;140;23;0.8;0.5;73;102;0.4488889;233;237.3333;23;1
13974;140;23;0.8;0.5;74;101;0.4981685;205;237.7327;23;0
13975;140;23;0.8;0.5;75;102;0.512605;231;237.2255;23;1
13976;140;23;0.8;0.5;76;101;0.5098814;262;238.0594;23;0
13977;140;23;0.8;0.5;77;101;0.5342466;238;236.4653;23;0
13978;140;23;0.8;0.5;78;101;0.4739336;252;235.2277;23;0
13979;140;23;0.8;0.5;79;102;0.5363985;227;237.3137;23;1
13980;140;23;0.8;0.5;80;104;0.4557522;223;235.0865;23;3
13981;140;23;0.8;0.5;81;107;0.4901961;231;236.243;23;6
13982;140;23;0.8;0.5;82;104;0.5367965;241;235.4615;23;3
13983;140;23;0.8;0.5;83;101;0.5333333;220;237.1386;23;0
13984;140;23;0.8;0.5;84;102;0.5208333;231;237.9412;23;1
13985;140;23;0.8;0.5;85;101;0.5044643;237;236.9406;23;0
13986;140;23;0.8;0.5;86;108;0.4875;241;238.3333;23;7
13987;140;23;0.8;0.5;87;102;0.4435146;223;236.402;23;1
13988;140;23;0.8;0.5;88;105;0.4734513;234;237.6286;23;4
13989;140;23;0.8;0.5;89;102;0.5061728;227;234.5686;23;1
13990;140;23;0.8;0.5;90;101;0.4896266;222;237.5842;23;0
13991;140;23;0.8;0.5;91;101;0.4715447;225;236.4257;23;0
13992;140;23;0.8;0.5;92;102;0.4855967;249;235.7451;23;1
13993;140;23;0.8;0.5;93;101;0.5062762;223;236.1287;23;0
13994;140;23;0.8;0.5;94;101;0.5208333;229;237;23;0
13995;140;23;0.8;0.5;95;102;0.5396825;216;237.5588;23;1
13996;140;23;0.8;0.5;96;101;0.516;226;239.7921;23;0
13997;140;23;0.8;0.5;97;103;0.4481328;211;237.6602;23;2
13998;140;23;0.8;0.5;98;102;0.4356846;225;236.8922;23;1
13999;140;23;0.8;0.5;99;102;0.5020243;229;236.7157;23;1
14000;140;23;0.8;0.5;100;101;0.4565217;225;236.6436;23;0
14001;141;25;0.8;0.5;1;102;0.5263158;254;236.4118;25;1
14002;141;25;0.8;0.5;2;101;0.4444444;223;235.5545;25;0
14003;141;25;0.8;0.5;3;101;0.5212355;222;236.0792;25;0
14004;141;25;0.8;0.5;4;102;0.534188;231;237.1667;25;1
14005;141;25;0.8;0.5;5;102;0.5238095;238;236.1078;25;1
14006;141;25;0.8;0.5;6;101;0.5254237;238;235.4158;25;0
14007;141;25;0.8;0.5;7;101;0.4834123;255;237.3861;25;0
14008;141;25;0.8;0.5;8;101;0.56;269;238.3663;25;0
14009;141;25;0.8;0.5;9;102;0.4977778;224;236.8725;25;1
14010;141;25;0.8;0.5;10;101;0.4897119;249;236.1386;25;0
14011;141;25;0.8;0.5;11;101;0.4517544;228;236.1089;25;0
14012;141;25;0.8;0.5;12;103;0.4827586;240;236.2136;25;2
14013;141;25;0.8;0.5;13;101;0.5189873;241;239.0792;25;0
14014;141;25;0.8;0.5;14;101;0.4977169;228;236.4059;25;0
14015;141;25;0.8;0.5;15;104;0.4638298;248;238.4423;25;3
14016;141;25;0.8;0.5;16;104;0.5298805;224;236.1442;25;3
14017;141;25;0.8;0.5;17;102;0.4705882;224;236.8824;25;1
14018;141;25;0.8;0.5;18;102;0.4615385;267;237.8431;25;1
14019;141;25;0.8;0.5;19;103;0.5042735;232;236.5631;25;2
14020;141;25;0.8;0.5;20;101;0.5435685;248;236.2079;25;0
14021;141;25;0.8;0.5;21;101;0.5204918;222;235.6139;25;0
14022;141;25;0.8;0.5;22;104;0.4886878;246;235.5;25;3
14023;141;25;0.8;0.5;23;101;0.4478261;255;237.4059;25;0
14024;141;25;0.8;0.5;24;101;0.51417;218;236.5743;25;0
14025;141;25;0.8;0.5;25;103;0.4612069;239;236.3398;25;2
14026;141;25;0.8;0.5;26;101;0.4976744;253;236.1386;25;0
14027;141;25;0.8;0.5;27;101;0.5116279;248;236.4455;25;0
14028;141;25;0.8;0.5;28;102;0.5227273;227;236.5784;25;1
14029;141;25;0.8;0.5;29;101;0.4938272;241;235.6139;25;0
14030;141;25;0.8;0.5;30;102;0.503876;229;238.1961;25;1
14031;141;25;0.8;0.5;31;106;0.5353982;250;237.3962;25;5
14032;141;25;0.8;0.5;32;102;0.4776786;233;237.8824;25;1
14033;141;25;0.8;0.5;33;103;0.4822134;255;238.0874;25;2
14034;141;25;0.8;0.5;34;102;0.4957627;224;238.9804;25;1
14035;141;25;0.8;0.5;35;102;0.464;200;237.0196;25;1
14036;141;25;0.8;0.5;36;105;0.5059761;241;235.2762;25;4
14037;141;25;0.8;0.5;37;101;0.436;253;236.3267;25;0
14038;141;25;0.8;0.5;38;104;0.5245902;233;235.5865;25;3
14039;141;25;0.8;0.5;39;101;0.4959016;245;235.8713;25;0
14040;141;25;0.8;0.5;40;102;0.5419847;219;236.6765;25;1
14041;141;25;0.8;0.5;41;102;0.4674797;229;236.5784;25;1
14042;141;25;0.8;0.5;42;101;0.5731225;247;237.1386;25;0
14043;141;25;0.8;0.5;43;101;0.4858491;250;237.0693;25;0
14044;141;25;0.8;0.5;44;101;0.531746;258;238.7327;25;0
14045;141;25;0.8;0.5;45;101;0.5384615;228;235.3564;25;0
14046;141;25;0.8;0.5;46;104;0.4758065;249;237.6635;25;3
14047;141;25;0.8;0.5;47;103;0.4741379;220;234.3301;25;2
14048;141;25;0.8;0.5;48;101;0.4632035;235;236.9307;25;0
14049;141;25;0.8;0.5;49;103;0.510917;235;236.1456;25;2
14050;141;25;0.8;0.5;50;101;0.5021459;251;237.3366;25;0
14051;141;25;0.8;0.5;51;101;0.5289256;236;238.8713;25;0
14052;141;25;0.8;0.5;52;101;0.5321888;233;236.7129;25;0
14053;141;25;0.8;0.5;53;101;0.4803493;246;237.3762;25;0
14054;141;25;0.8;0.5;54;102;0.4959677;231;238.1275;25;1
14055;141;25;0.8;0.5;55;102;0.5159817;225;236.902;25;1
14056;141;25;0.8;0.5;56;101;0.5100402;245;235.6436;25;0
14057;141;25;0.8;0.5;57;103;0.5384615;240;237.1845;25;2
14058;141;25;0.8;0.5;58;104;0.4695652;242;235.6442;25;3
14059;141;25;0.8;0.5;59;105;0.4937238;257;236.381;25;4
14060;141;25;0.8;0.5;60;102;0.4664032;236;238.2059;25;1
14061;141;25;0.8;0.5;61;104;0.4421488;212;235.1731;25;3
14062;141;25;0.8;0.5;62;101;0.4435146;216;236.9109;25;0
14063;141;25;0.8;0.5;63;104;0.5144033;222;238.3365;25;3
14064;141;25;0.8;0.5;64;101;0.3852459;251;235;25;0
14065;141;25;0.8;0.5;65;102;0.553719;238;237.1078;25;1
14066;141;25;0.8;0.5;66;102;0.4977974;258;237.0784;25;1
14067;141;25;0.8;0.5;67;101;0.4877049;246;233.2178;25;0
14068;141;25;0.8;0.5;68;102;0.4958333;235;237.2157;25;1
14069;141;25;0.8;0.5;69;103;0.5070423;237;236.8641;25;2
14070;141;25;0.8;0.5;70;102;0.5346939;252;237.9216;25;1
14071;141;25;0.8;0.5;71;101;0.4586466;222;237.7624;25;0
14072;141;25;0.8;0.5;72;102;0.5454545;244;238.7059;25;1
14073;141;25;0.8;0.5;73;101;0.4412955;215;236.0693;25;0
14074;141;25;0.8;0.5;74;105;0.4847162;245;235.981;25;4
14075;141;25;0.8;0.5;75;103;0.5093458;251;235.301;25;2
14076;141;25;0.8;0.5;76;102;0.4458333;246;235.8137;25;1
14077;141;25;0.8;0.5;77;102;0.4418605;230;235.9412;25;1
14078;141;25;0.8;0.5;78;101;0.5098039;243;237.9901;25;0
14079;141;25;0.8;0.5;79;103;0.5139442;250;236.8252;25;2
14080;141;25;0.8;0.5;80;101;0.5374449;251;235.604;25;0
14081;141;25;0.8;0.5;81;101;0.5339806;250;236.2871;25;0
14082;141;25;0.8;0.5;82;101;0.4857143;235;238.396;25;0
14083;141;25;0.8;0.5;83;103;0.5219298;226;236.0194;25;2
14084;141;25;0.8;0.5;84;103;0.5254237;229;236.4369;25;2
14085;141;25;0.8;0.5;85;103;0.4976959;252;235.7184;25;2
14086;141;25;0.8;0.5;86;102;0.5219298;228;237.0294;25;1
14087;141;25;0.8;0.5;87;101;0.5103734;221;238.0594;25;0
14088;141;25;0.8;0.5;88;103;0.516129;237;236.7864;25;2
14089;141;25;0.8;0.5;89;101;0.4811715;260;237.4752;25;0
14090;141;25;0.8;0.5;90;103;0.5098814;237;236.6602;25;2
14091;141;25;0.8;0.5;91;103;0.4837398;212;236.7184;25;2
14092;141;25;0.8;0.5;92;101;0.5080645;228;234.6337;25;0
14093;141;25;0.8;0.5;93;104;0.5174129;236;237.0385;25;3
14094;141;25;0.8;0.5;94;110;0.5120968;253;235.1636;25;9
14095;141;25;0.8;0.5;95;102;0.5158371;250;235.2157;25;1
14096;141;25;0.8;0.5;96;101;0.5491803;239;238.0495;25;0
14097;141;25;0.8;0.5;97;101;0.4672131;219;236.2079;25;0
14098;141;25;0.8;0.5;98;101;0.4385965;238;235.5941;25;0
14099;141;25;0.8;0.5;99;103;0.5046296;228;236.1359;25;2
14100;141;25;0.8;0.5;100;102;0.4474886;274;237.4118;25;1
14101;142;27;0.8;0.5;1;103;0.4939271;227;237.5437;27;2
14102;142;27;0.8;0.5;2;101;0.4938272;231;237.6436;27;0
14103;142;27;0.8;0.5;3;102;0.5086207;257;237.2451;27;1
14104;142;27;0.8;0.5;4;102;0.4915254;233;236;27;1
14105;142;27;0.8;0.5;5;101;0.5493562;215;234.0495;27;0
14106;142;27;0.8;0.5;6;101;0.4918699;241;235.0495;27;0
14107;142;27;0.8;0.5;7;101;0.516129;232;235.5149;27;0
14108;142;27;0.8;0.5;8;101;0.4538462;235;237.0891;27;0
14109;142;27;0.8;0.5;9;101;0.5132743;259;237.3465;27;0
14110;142;27;0.8;0.5;10;101;0.4861111;238;236.9901;27;0
14111;142;27;0.8;0.5;11;102;0.4848485;244;236.3627;27;1
14112;142;27;0.8;0.5;12;101;0.5020747;249;236.1584;27;0
14113;142;27;0.8;0.5;13;101;0.4821429;235;235.7327;27;0
14114;142;27;0.8;0.5;14;101;0.5064935;254;237.2178;27;0
14115;142;27;0.8;0.5;15;101;0.4421488;221;237.3564;27;0
14116;142;27;0.8;0.5;16;101;0.5425101;253;238.4554;27;0
14117;142;27;0.8;0.5;17;104;0.4818182;270;237.0769;27;3
14118;142;27;0.8;0.5;18;102;0.5193133;202;236.8922;27;1
14119;142;27;0.8;0.5;19;106;0.4541667;215;237.0189;27;5
14120;142;27;0.8;0.5;20;103;0.465812;238;236.3204;27;2
14121;142;27;0.8;0.5;21;101;0.4837398;231;235.5149;27;0
14122;142;27;0.8;0.5;22;104;0.4727273;248;234.8654;27;3
14123;142;27;0.8;0.5;23;101;0.5021834;232;238.3663;27;0
14124;142;27;0.8;0.5;24;102;0.4415584;248;236.3039;27;1
14125;142;27;0.8;0.5;25;102;0.5210084;225;236.5294;27;1
14126;142;27;0.8;0.5;26;102;0.4980695;220;237.5882;27;1
14127;142;27;0.8;0.5;27;101;0.5753425;254;235.9703;27;0
14128;142;27;0.8;0.5;28;103;0.5117371;238;236.0485;27;2
14129;142;27;0.8;0.5;29;104;0.4918699;229;238.1538;27;3
14130;142;27;0.8;0.5;30;101;0.5271318;209;236.099;27;0
14131;142;27;0.8;0.5;31;101;0.4257028;231;235.1287;27;0
14132;142;27;0.8;0.5;32;103;0.4135021;261;237.0777;27;2
14133;142;27;0.8;0.5;33;104;0.4691358;230;235.6442;27;3
14134;142;27;0.8;0.5;34;103;0.5147679;243;237.5825;27;2
14135;142;27;0.8;0.5;35;101;0.541502;235;236.6733;27;0
14136;142;27;0.8;0.5;36;101;0.426087;252;236.396;27;0
14137;142;27;0.8;0.5;37;101;0.4669261;221;237.1881;27;0
14138;142;27;0.8;0.5;38;102;0.503937;232;235.6176;27;1
14139;142;27;0.8;0.5;39;102;0.5515695;238;236.9412;27;1
14140;142;27;0.8;0.5;40;101;0.4979424;232;235.6238;27;0
14141;142;27;0.8;0.5;41;103;0.4695652;250;238.3786;27;2
14142;142;27;0.8;0.5;42;102;0.5371901;214;234.9412;27;1
14143;142;27;0.8;0.5;43;102;0.5104603;245;236.2647;27;1
14144;142;27;0.8;0.5;44;101;0.4732824;235;236.8911;27;0
14145;142;27;0.8;0.5;45;101;0.5209302;235;237.0891;27;0
14146;142;27;0.8;0.5;46;101;0.4938272;233;234.8218;27;0
14147;142;27;0.8;0.5;47;103;0.5021277;234;239.1359;27;2
14148;142;27;0.8;0.5;48;101;0.5081301;218;237.0594;27;0
14149;142;27;0.8;0.5;49;102;0.5043103;250;236.8333;27;1
14150;142;27;0.8;0.5;50;103;0.4796748;238;236.8835;27;2
14151;142;27;0.8;0.5;51;103;0.4677419;236;235.6019;27;2
14152;142;27;0.8;0.5;52;103;0.4705882;254;236.8447;27;2
14153;142;27;0.8;0.5;53;104;0.515748;244;237.7212;27;3
14154;142;27;0.8;0.5;54;102;0.5412844;251;236.2059;27;1
14155;142;27;0.8;0.5;55;101;0.5037594;223;237.7525;27;0
14156;142;27;0.8;0.5;56;104;0.4703196;243;237.4135;27;3
14157;142;27;0.8;0.5;57;103;0.488;233;236.7476;27;2
14158;142;27;0.8;0.5;58;101;0.5206612;232;237.6733;27;0
14159;142;27;0.8;0.5;59;101;0.5254237;231;237.7723;27;0
14160;142;27;0.8;0.5;60;101;0.5271967;267;238.0396;27;0
14161;142;27;0.8;0.5;61;103;0.4672489;243;237.1262;27;2
14162;142;27;0.8;0.5;62;103;0.5261044;238;238.8447;27;2
14163;142;27;0.8;0.5;63;101;0.4571429;224;235.495;27;0
14164;142;27;0.8;0.5;64;102;0.5594714;251;235.6863;27;1
14165;142;27;0.8;0.5;65;101;0.4960938;240;238.8218;27;0
14166;142;27;0.8;0.5;66;102;0.5720339;245;235.9118;27;1
14167;142;27;0.8;0.5;67;102;0.5431034;241;236.2843;27;1
14168;142;27;0.8;0.5;68;101;0.4586777;221;236.8614;27;0
14169;142;27;0.8;0.5;69;102;0.4847162;268;236.5196;27;1
14170;142;27;0.8;0.5;70;101;0.4977578;237;236.495;27;0
14171;142;27;0.8;0.5;71;101;0.4449339;252;237.2277;27;0
14172;142;27;0.8;0.5;72;103;0.4893617;253;237.9709;27;2
14173;142;27;0.8;0.5;73;103;0.4745763;270;238.0485;27;2
14174;142;27;0.8;0.5;74;103;0.5;240;237.7087;27;2
14175;142;27;0.8;0.5;75;103;0.4435484;219;236.0194;27;2
14176;142;27;0.8;0.5;76;101;0.4912281;251;235.2475;27;0
14177;142;27;0.8;0.5;77;105;0.4636364;235;236.2;27;4
14178;142;27;0.8;0.5;78;103;0.4955752;246;237.0485;27;2
14179;142;27;0.8;0.5;79;101;0.4885845;240;236.6337;27;0
14180;142;27;0.8;0.5;80;101;0.4913793;242;237.4752;27;0
14181;142;27;0.8;0.5;81;101;0.437788;244;238.8812;27;0
14182;142;27;0.8;0.5;82;104;0.516129;227;236.7788;27;3
14183;142;27;0.8;0.5;83;101;0.5324074;237;237.9406;27;0
14184;142;27;0.8;0.5;84;101;0.4860558;238;237.5248;27;0
14185;142;27;0.8;0.5;85;102;0.4382979;250;236.6078;27;1
14186;142;27;0.8;0.5;86;104;0.4621514;230;236.9615;27;3
14187;142;27;0.8;0.5;87;102;0.4200743;263;236.6961;27;1
14188;142;27;0.8;0.5;88;102;0.5097276;214;238.0098;27;1
14189;142;27;0.8;0.5;89;103;0.4649123;227;237.1553;27;2
14190;142;27;0.8;0.5;90;102;0.4725738;240;237.4314;27;1
14191;142;27;0.8;0.5;91;101;0.4744186;280;237.9604;27;0
14192;142;27;0.8;0.5;92;101;0.545082;220;235.7723;27;0
14193;142;27;0.8;0.5;93;101;0.496124;229;236.2871;27;0
14194;142;27;0.8;0.5;94;101;0.4669421;220;236.1386;27;0
14195;142;27;0.8;0.5;95;101;0.4435146;244;236.9208;27;0
14196;142;27;0.8;0.5;96;103;0.5;239;237.9126;27;2
14197;142;27;0.8;0.5;97;101;0.4919355;243;236.6931;27;0
14198;142;27;0.8;0.5;98;102;0.4876033;246;236.6275;27;1
14199;142;27;0.8;0.5;99;104;0.5333333;234;237.1346;27;3
14200;142;27;0.8;0.5;100;102;0.5058824;257;238.4314;27;1
14201;143;29;0.8;0.5;1;103;0.4666667;247;237.1553;29;2
14202;143;29;0.8;0.5;2;102;0.4813278;234;236.1373;29;1
14203;143;29;0.8;0.5;3;101;0.5241935;227;235.9901;29;0
14204;143;29;0.8;0.5;4;104;0.4734848;230;237.0192;29;3
14205;143;29;0.8;0.5;5;101;0.5112782;215;238.1881;29;0
14206;143;29;0.8;0.5;6;101;0.4421488;253;234.4356;29;0
14207;143;29;0.8;0.5;7;102;0.4843049;230;237.2843;29;1
14208;143;29;0.8;0.5;8;101;0.4827586;231;236.4059;29;0
14209;143;29;0.8;0.5;9;104;0.5271318;235;234.8558;29;3
14210;143;29;0.8;0.5;10;101;0.5280374;243;235.5149;29;0
14211;143;29;0.8;0.5;11;101;0.505618;213;236.6931;29;0
14212;143;29;0.8;0.5;12;103;0.4876033;236;237.9417;29;2
14213;143;29;0.8;0.5;13;102;0.5550459;253;236.4216;29;1
14214;143;29;0.8;0.5;14;101;0.5136364;235;234.1188;29;0
14215;143;29;0.8;0.5;15;101;0.493617;235;236.3564;29;0
14216;143;29;0.8;0.5;16;101;0.5384615;250;237.1188;29;0
14217;143;29;0.8;0.5;17;101;0.5265487;250;237.9406;29;0
14218;143;29;0.8;0.5;18;101;0.5769231;261;237.4257;29;0
14219;143;29;0.8;0.5;19;101;0.5106383;256;236.5743;29;0
14220;143;29;0.8;0.5;20;104;0.5576208;238;238.9135;29;3
14221;143;29;0.8;0.5;21;102;0.5096525;237;236.5882;29;1
14222;143;29;0.8;0.5;22;103;0.4895397;242;235.3107;29;2
14223;143;29;0.8;0.5;23;102;0.5086957;236;236.1863;29;1
14224;143;29;0.8;0.5;24;101;0.5045045;227;236.7327;29;0
14225;143;29;0.8;0.5;25;102;0.5384615;233;236.8922;29;1
14226;143;29;0.8;0.5;26;102;0.540856;252;236.1373;29;1
14227;143;29;0.8;0.5;27;103;0.5023697;265;237.301;29;2
14228;143;29;0.8;0.5;28;105;0.4853556;233;238.4952;29;4
14229;143;29;0.8;0.5;29;102;0.4675325;219;235.7059;29;1
14230;143;29;0.8;0.5;30;104;0.4444444;250;236.6442;29;3
14231;143;29;0.8;0.5;31;101;0.4897119;225;237.8218;29;0
14232;143;29;0.8;0.5;32;103;0.4932735;219;236.3786;29;2
14233;143;29;0.8;0.5;33;106;0.573913;207;235.6321;29;5
14234;143;29;0.8;0.5;34;101;0.4876033;217;236.1386;29;0
14235;143;29;0.8;0.5;35;102;0.5491803;230;237.9902;29;1
14236;143;29;0.8;0.5;36;102;0.4565217;220;235.2549;29;1
14237;143;29;0.8;0.5;37;101;0.46875;250;236.6832;29;0
14238;143;29;0.8;0.5;38;102;0.5231481;246;235.3529;29;1
14239;143;29;0.8;0.5;39;101;0.4322034;225;236.2376;29;0
14240;143;29;0.8;0.5;40;104;0.5122951;247;236.2212;29;3
14241;143;29;0.8;0.5;41;108;0.4585153;244;234.8611;29;7
14242;143;29;0.8;0.5;42;103;0.4935622;223;237.3786;29;2
14243;143;29;0.8;0.5;43;102;0.4847162;238;237.0294;29;1
14244;143;29;0.8;0.5;44;101;0.4811715;231;237.1683;29;0
14245;143;29;0.8;0.5;45;101;0.5307018;204;235.703;29;0
14246;143;29;0.8;0.5;46;101;0.4594595;234;238.4356;29;0
14247;143;29;0.8;0.5;47;101;0.4980237;221;238.1683;29;0
14248;143;29;0.8;0.5;48;103;0.4647303;238;237.2913;29;2
14249;143;29;0.8;0.5;49;101;0.5154185;219;235.4257;29;0
14250;143;29;0.8;0.5;50;101;0.5442478;236;237.099;29;0
14251;143;29;0.8;0.5;51;101;0.5371179;257;237.4059;29;0
14252;143;29;0.8;0.5;52;107;0.4552846;244;236.2523;29;6
14253;143;29;0.8;0.5;53;102;0.4978355;244;237.1471;29;1
14254;143;29;0.8;0.5;54;101;0.5242291;217;236.4059;29;0
14255;143;29;0.8;0.5;55;105;0.51417;228;237.4952;29;4
14256;143;29;0.8;0.5;56;102;0.5308642;247;239.4412;29;1
14257;143;29;0.8;0.5;57;101;0.4888889;234;237.604;29;0
14258;143;29;0.8;0.5;58;102;0.5291667;238;235.6471;29;1
14259;143;29;0.8;0.5;59;101;0.5350877;251;236.3861;29;0
14260;143;29;0.8;0.5;60;101;0.496;233;236.4158;29;0
14261;143;29;0.8;0.5;61;105;0.5434783;233;236.6381;29;4
14262;143;29;0.8;0.5;62;103;0.4897119;272;236.5437;29;2
14263;143;29;0.8;0.5;63;101;0.4769874;242;237.3069;29;0
14264;143;29;0.8;0.5;64;101;0.487395;226;237.6436;29;0
14265;143;29;0.8;0.5;65;101;0.5059289;232;237.6238;29;0
14266;143;29;0.8;0.5;66;101;0.5702128;233;235.6436;29;0
14267;143;29;0.8;0.5;67;102;0.4545455;227;233.7647;29;1
14268;143;29;0.8;0.5;68;101;0.5617021;242;234.5743;29;0
14269;143;29;0.8;0.5;69;101;0.5067873;235;236.901;29;0
14270;143;29;0.8;0.5;70;102;0.5755102;231;236.6961;29;1
14271;143;29;0.8;0.5;71;101;0.540146;222;236.505;29;0
14272;143;29;0.8;0.5;72;102;0.4649123;230;236.5196;29;1
14273;143;29;0.8;0.5;73;102;0.529148;237;235.6373;29;1
14274;143;29;0.8;0.5;74;102;0.5491803;243;238.4118;29;1
14275;143;29;0.8;0.5;75;103;0.5183673;225;236.5922;29;2
14276;143;29;0.8;0.5;76;103;0.4600939;231;234.835;29;2
14277;143;29;0.8;0.5;77;101;0.4915966;253;235.3762;29;0
14278;143;29;0.8;0.5;78;101;0.4715447;243;235.7822;29;0
14279;143;29;0.8;0.5;79;101;0.4875;219;238.2079;29;0
14280;143;29;0.8;0.5;80;101;0.5166667;246;239.198;29;0
14281;143;29;0.8;0.5;81;103;0.4497817;245;236.6796;29;2
14282;143;29;0.8;0.5;82;101;0.4857143;226;238.3267;29;0
14283;143;29;0.8;0.5;83;102;0.4661654;229;237.7647;29;1
14284;143;29;0.8;0.5;84;107;0.5166667;245;234.2804;29;6
14285;143;29;0.8;0.5;85;101;0.5405405;220;235.9604;29;0
14286;143;29;0.8;0.5;86;101;0.5;227;237.297;29;0
14287;143;29;0.8;0.5;87;101;0.4484305;247;235.3861;29;0
14288;143;29;0.8;0.5;88;104;0.5106383;258;236.6538;29;3
14289;143;29;0.8;0.5;89;101;0.4920635;210;237.3564;29;0
14290;143;29;0.8;0.5;90;101;0.5546559;225;236.505;29;0
14291;143;29;0.8;0.5;91;101;0.4919355;249;237.1089;29;0
14292;143;29;0.8;0.5;92;101;0.5617021;243;236.6733;29;0
14293;143;29;0.8;0.5;93;101;0.5108225;235;236.0693;29;0
14294;143;29;0.8;0.5;94;101;0.441048;228;237.4158;29;0
14295;143;29;0.8;0.5;95;102;0.4697674;245;236.549;29;1
14296;143;29;0.8;0.5;96;107;0.4880952;231;235.9907;29;6
14297;143;29;0.8;0.5;97;101;0.4525862;224;236.8911;29;0
14298;143;29;0.8;0.5;98;101;0.5219298;208;235.4257;29;0
14299;143;29;0.8;0.5;99;102;0.5258621;251;238.1176;29;1
14300;143;29;0.8;0.5;100;101;0.4790698;239;235.1782;29;0
14301;144;224;0.8;0.5;1;102;0.486166;193;237.598;222.7647;1
14302;144;224;0.8;0.5;2;101;0.4915966;230;237.8614;223.099;0
14303;144;224;0.8;0.5;3;101;0.526749;249;235.9901;223.2178;0
14304;144;224;0.8;0.5;4;101;0.5189873;241;237.3564;223.4257;0
14305;144;224;0.8;0.5;5;101;0.508;212;235.3465;222.198;0
14306;144;224;0.8;0.5;6;101;0.5322581;251;237.7624;223.0198;0
14307;144;224;0.8;0.5;7;105;0.512931;245;236.6667;222.6286;4
14308;144;224;0.8;0.5;8;101;0.4868421;245;238.0396;221.8614;0
14309;144;224;0.8;0.5;9;101;0.4140969;260;236.5248;222.8713;0
14310;144;224;0.8;0.5;10;101;0.4767442;224;238.6436;222.8713;0
14311;144;224;0.8;0.5;11;102;0.5261194;240;236.5392;222.4412;1
14312;144;224;0.8;0.5;12;101;0.4937759;249;237.198;222.7327;0
14313;144;224;0.8;0.5;13;101;0.5;255;240.5842;223.3465;0
14314;144;224;0.8;0.5;14;101;0.4744186;233;237.4257;221.9901;0
14315;144;224;0.8;0.5;15;102;0.491453;219;237.2255;223.402;1
14316;144;224;0.8;0.5;16;104;0.513834;231;236.8654;223.0288;3
14317;144;224;0.8;0.5;17;103;0.4755556;233;235.301;222.835;2
14318;144;224;0.8;0.5;18;101;0.5082645;247;237.4059;222.6931;0
14319;144;224;0.8;0.5;19;102;0.4502165;263;237.2941;222.2157;1
14320;144;224;0.8;0.5;20;102;0.4824903;213;236.4412;221.8824;1
14321;144;224;0.8;0.5;21;101;0.5172414;255;238.0396;222.8812;0
14322;144;224;0.8;0.5;22;104;0.4744186;226;236.5096;222.5096;3
14323;144;224;0.8;0.5;23;101;0.5208333;244;238;221.9208;0
14324;144;224;0.8;0.5;24;101;0.507874;246;239.5644;222.9802;0
14325;144;224;0.8;0.5;25;103;0.4358974;255;236.9709;223.4175;2
14326;144;224;0.8;0.5;26;104;0.543379;227;236.7019;222.6346;3
14327;144;224;0.8;0.5;27;102;0.5485232;232;235.4118;222.6961;1
14328;144;224;0.8;0.5;28;101;0.5387931;233;235.7525;222.4059;0
14329;144;224;0.8;0.5;29;101;0.48583;232;235.8218;222.8416;0
14330;144;224;0.8;0.5;30;101;0.4789916;242;235.9208;222.5248;0
14331;144;224;0.8;0.5;31;106;0.5307018;260;236;223.1604;5
14332;144;224;0.8;0.5;32;105;0.4717742;233;237.0571;222.8571;4
14333;144;224;0.8;0.5;33;101;0.4356846;226;237.2574;223.2277;0
14334;144;224;0.8;0.5;34;104;0.4618644;249;236.8558;222.6154;3
14335;144;224;0.8;0.5;35;101;0.5023474;251;234.7129;222.1386;0
14336;144;224;0.8;0.5;36;103;0.5046296;253;238.1165;222.5922;2
14337;144;224;0.8;0.5;37;101;0.5230769;240;237.3366;222.9208;0
14338;144;224;0.8;0.5;38;103;0.4761905;247;237.0485;223.0971;2
14339;144;224;0.8;0.5;39;102;0.4472574;259;239.0098;222.8039;1
14340;144;224;0.8;0.5;40;102;0.5;244;236.2647;222.5882;1
14341;144;224;0.8;0.5;41;103;0.4849785;238;235.932;222.4854;2
14342;144;224;0.8;0.5;42;102;0.492;225;235.8039;222.598;1
14343;144;224;0.8;0.5;43;101;0.5267857;218;235.1386;222.3465;0
14344;144;224;0.8;0.5;44;101;0.484;232;236.9802;222.6832;0
14345;144;224;0.8;0.5;45;102;0.4718615;220;237.6961;222.8922;1
14346;144;224;0.8;0.5;46;103;0.4934498;247;236.7087;221.767;2
14347;144;224;0.8;0.5;47;103;0.5154185;239;235.9126;222.3883;2
14348;144;224;0.8;0.5;48;102;0.4930233;247;237.3627;222.3039;1
14349;144;224;0.8;0.5;49;102;0.5221239;248;237.7843;223.0294;1
14350;144;224;0.8;0.5;50;101;0.4423077;212;237.0396;222.8911;0
14351;144;224;0.8;0.5;51;101;0.4608696;200;237.0297;222.9208;0
14352;144;224;0.8;0.5;52;101;0.5107296;250;236.4356;222;0
14353;144;224;0.8;0.5;53;102;0.482906;225;235.9706;222.4804;1
14354;144;224;0.8;0.5;54;102;0.5491071;253;237.3824;222.5784;1
14355;144;224;0.8;0.5;55;104;0.476;236;237.0577;222.7692;3
14356;144;224;0.8;0.5;56;103;0.4822134;223;234.9126;221.699;2
14357;144;224;0.8;0.5;57;102;0.4701195;232;236.5882;222.2157;1
14358;144;224;0.8;0.5;58;102;0.5088496;224;237.6961;223.1471;1
14359;144;224;0.8;0.5;59;102;0.4980545;241;236.2549;223.0588;1
14360;144;224;0.8;0.5;60;102;0.5671642;238;237.3333;222.8627;1
14361;144;224;0.8;0.5;61;104;0.4832536;218;235.1538;222.4231;3
14362;144;224;0.8;0.5;62;101;0.4795082;226;236.8317;223.0891;0
14363;144;224;0.8;0.5;63;101;0.4823009;259;237.5347;223.0594;0
14364;144;224;0.8;0.5;64;104;0.4703557;218;237.7019;222.4615;3
14365;144;224;0.8;0.5;65;101;0.5140187;245;236.0495;222.0495;0
14366;144;224;0.8;0.5;66;101;0.4752066;258;236.5644;223.2178;0
14367;144;224;0.8;0.5;67;101;0.4869565;241;236.6634;222.9208;0
14368;144;224;0.8;0.5;68;102;0.4650206;268;237.1471;223.2353;1
14369;144;224;0.8;0.5;69;101;0.4816514;268;236.3762;222.7822;0
14370;144;224;0.8;0.5;70;101;0.4267782;250;234.0099;222.7624;0
14371;144;224;0.8;0.5;71;101;0.4474886;209;236.099;222.2376;0
14372;144;224;0.8;0.5;72;101;0.5040323;233;236.9109;222.9307;0
14373;144;224;0.8;0.5;73;104;0.4576271;238;236;223.2308;3
14374;144;224;0.8;0.5;74;101;0.5;242;235;222.1287;0
14375;144;224;0.8;0.5;75;101;0.5324675;240;236.6337;222.6634;0
14376;144;224;0.8;0.5;76;101;0.4957265;225;236.8416;222.6931;0
14377;144;224;0.8;0.5;77;101;0.4608696;236;235.8317;222.9307;0
14378;144;224;0.8;0.5;78;102;0.5067265;265;237.6275;223.2451;1
14379;144;224;0.8;0.5;79;101;0.4954955;255;237.3366;223.2574;0
14380;144;224;0.8;0.5;80;101;0.441048;224;237.1188;222.6733;0
14381;144;224;0.8;0.5;81;101;0.5540541;228;235.4455;222.2475;0
14382;144;224;0.8;0.5;82;101;0.5042373;243;235.6436;221.8317;0
14383;144;224;0.8;0.5;83;101;0.4723404;231;235.901;222.7129;0
14384;144;224;0.8;0.5;84;101;0.4552846;250;238.0693;223.0495;0
14385;144;224;0.8;0.5;85;101;0.5226337;262;236.9901;223.1089;0
14386;144;224;0.8;0.5;86;102;0.4725738;259;235.8529;222.8725;1
14387;144;224;0.8;0.5;87;103;0.512931;248;236.0097;222.9806;2
14388;144;224;0.8;0.5;88;102;0.4761905;252;236.1667;222.4608;1
14389;144;224;0.8;0.5;89;103;0.5123967;217;235.2621;222.8835;2
14390;144;224;0.8;0.5;90;102;0.4650206;222;236.5686;222.7353;1
14391;144;224;0.8;0.5;91;102;0.4911504;280;236.7941;222.2647;1
14392;144;224;0.8;0.5;92;107;0.5093458;247;235.8411;222.4393;6
14393;144;224;0.8;0.5;93;103;0.5;249;237.6408;222.6699;2
14394;144;224;0.8;0.5;94;101;0.4979079;231;236.7921;222.9307;0
14395;144;224;0.8;0.5;95;105;0.5102881;224;238.4381;223.1333;4
14396;144;224;0.8;0.5;96;102;0.5087719;246;236.3922;222.402;1
14397;144;224;0.8;0.5;97;103;0.4891775;243;235.0485;222.5922;2
14398;144;224;0.8;0.5;98;101;0.5201794;237;237.3168;222.7426;0
14399;144;224;0.8;0.5;99;102;0.5038462;227;236.0588;222.2745;1
14400;144;224;0.8;0.5;100;103;0.5189873;213;238.6117;223.0194;2
14401;145;1;0.9;0.5;1;103;0.5186722;234;237.1845;1;2
14402;145;1;0.9;0.5;2;102;0.5226337;254;235.8725;1;1
14403;145;1;0.9;0.5;3;107;0.5555556;242;235.8505;1;6
14404;145;1;0.9;0.5;4;101;0.4780876;223;237.3861;1;0
14405;145;1;0.9;0.5;5;102;0.5261044;249;237.0686;1;1
14406;145;1;0.9;0.5;6;101;0.4719101;214;238.4653;1;0
14407;145;1;0.9;0.5;7;102;0.5108225;225;236.5686;1;1
14408;145;1;0.9;0.5;8;101;0.4576923;229;236.9109;1;0
14409;145;1;0.9;0.5;9;101;0.5042735;214;237;1;0
14410;145;1;0.9;0.5;10;102;0.5238095;239;235.7745;1;1
14411;145;1;0.9;0.5;11;102;0.5180723;200;236.8431;1;1
14412;145;1;0.9;0.5;12;101;0.4615385;232;237.2178;1;0
14413;145;1;0.9;0.5;13;101;0.4871795;243;236.8218;1;0
14414;145;1;0.9;0.5;14;101;0.4898785;218;235.2574;1;0
14415;145;1;0.9;0.5;15;101;0.4824561;236;236.7129;1;0
14416;145;1;0.9;0.5;16;103;0.4636364;228;235.6408;1;2
14417;145;1;0.9;0.5;17;102;0.5040984;221;237.7745;1;1
14418;145;1;0.9;0.5;18;101;0.4901186;232;237.0693;1;0
14419;145;1;0.9;0.5;19;101;0.5515873;235;236.9505;1;0
14420;145;1;0.9;0.5;20;101;0.5104603;242;237.7129;1;0
14421;145;1;0.9;0.5;21;102;0.5108225;225;234.8824;1;1
14422;145;1;0.9;0.5;22;102;0.4770992;220;237.0588;1;1
14423;145;1;0.9;0.5;23;106;0.4739336;254;235.1981;1;5
14424;145;1;0.9;0.5;24;102;0.4333333;233;236.3922;1;1
14425;145;1;0.9;0.5;25;101;0.5426009;221;237.5149;1;0
14426;145;1;0.9;0.5;26;103;0.4875;220;236.4854;1;2
14427;145;1;0.9;0.5;27;103;0.5091575;232;238.9029;1;2
14428;145;1;0.9;0.5;28;103;0.4268293;251;237.3398;1;2
14429;145;1;0.9;0.5;29;106;0.4913043;239;236.2642;1;5
14430;145;1;0.9;0.5;30;103;0.5633188;240;234.1553;1;2
14431;145;1;0.9;0.5;31;101;0.5024631;227;235.6238;1;0
14432;145;1;0.9;0.5;32;101;0.4331797;239;237.6238;1;0
14433;145;1;0.9;0.5;33;101;0.580786;251;235.7327;1;0
14434;145;1;0.9;0.5;34;101;0.5042017;213;238.1485;1;0
14435;145;1;0.9;0.5;35;104;0.5368852;216;237;1;3
14436;145;1;0.9;0.5;36;101;0.5627706;244;236.2079;1;0
14437;145;1;0.9;0.5;37;103;0.4468085;258;239.0194;1;2
14438;145;1;0.9;0.5;38;103;0.4806867;242;235.6699;1;2
14439;145;1;0.9;0.5;39;102;0.4849785;247;235.1373;1;1
14440;145;1;0.9;0.5;40;101;0.5263158;252;235.7327;1;0
14441;145;1;0.9;0.5;41;102;0.4618644;269;237.6765;1;1
14442;145;1;0.9;0.5;42;101;0.5418719;251;237.6139;1;0
14443;145;1;0.9;0.5;43;102;0.4814815;245;237.5392;1;1
14444;145;1;0.9;0.5;44;104;0.5065502;232;235.8942;1;3
14445;145;1;0.9;0.5;45;105;0.4780876;224;236.0667;1;4
14446;145;1;0.9;0.5;46;102;0.475;252;237.1569;1;1
14447;145;1;0.9;0.5;47;102;0.5176471;252;237.8039;1;1
14448;145;1;0.9;0.5;48;104;0.4864865;235;237.2788;1;3
14449;145;1;0.9;0.5;49;101;0.4669811;240;237.0198;1;0
14450;145;1;0.9;0.5;50;101;0.5515695;259;236.6931;1;0
14451;145;1;0.9;0.5;51;102;0.5462185;241;237.9412;1;1
14452;145;1;0.9;0.5;52;101;0.4840183;270;236.7129;1;0
14453;145;1;0.9;0.5;53;103;0.4872881;246;235.7476;1;2
14454;145;1;0.9;0.5;54;101;0.5142857;252;236.802;1;0
14455;145;1;0.9;0.5;55;101;0.527027;239;236.1485;1;0
14456;145;1;0.9;0.5;56;102;0.5194175;270;235.598;1;1
14457;145;1;0.9;0.5;57;107;0.527897;248;238.8131;1;6
14458;145;1;0.9;0.5;58;102;0.4659091;233;238.2549;1;1
14459;145;1;0.9;0.5;59;101;0.4696356;214;236.3564;1;0
14460;145;1;0.9;0.5;60;101;0.525;236;239.2178;1;0
14461;145;1;0.9;0.5;61;101;0.4956522;231;236;1;0
14462;145;1;0.9;0.5;62;102;0.5630252;226;236.9608;1;1
14463;145;1;0.9;0.5;63;101;0.5234375;220;237.8911;1;0
14464;145;1;0.9;0.5;64;101;0.477551;219;237.1584;1;0
14465;145;1;0.9;0.5;65;104;0.5301724;251;236.7404;1;3
14466;145;1;0.9;0.5;66;101;0.4654378;259;236.4356;1;0
14467;145;1;0.9;0.5;67;102;0.5288889;265;238.3529;1;1
14468;145;1;0.9;0.5;68;101;0.4672131;224;238.0396;1;0
14469;145;1;0.9;0.5;69;101;0.5246637;252;236.4752;1;0
14470;145;1;0.9;0.5;70;102;0.5571429;223;237.8235;1;1
14471;145;1;0.9;0.5;71;104;0.4789916;207;237.8077;1;3
14472;145;1;0.9;0.5;72;106;0.4857143;242;235.3396;1;5
14473;145;1;0.9;0.5;73;103;0.5040984;211;237.9612;1;2
14474;145;1;0.9;0.5;74;101;0.5318182;261;235.7921;1;0
14475;145;1;0.9;0.5;75;101;0.5477178;237;237.0891;1;0
14476;145;1;0.9;0.5;76;101;0.468599;249;237.3762;1;0
14477;145;1;0.9;0.5;77;102;0.5088496;241;237.0098;1;1
14478;145;1;0.9;0.5;78;108;0.556;250;238.1944;1;7
14479;145;1;0.9;0.5;79;101;0.5047619;240;234.9208;1;0
14480;145;1;0.9;0.5;80;102;0.4853556;207;235.049;1;1
14481;145;1;0.9;0.5;81;104;0.4612069;242;237.0192;1;3
14482;145;1;0.9;0.5;82;101;0.4823009;233;237.495;1;0
14483;145;1;0.9;0.5;83;102;0.4303797;234;235.7647;1;1
14484;145;1;0.9;0.5;84;101;0.530303;225;235.1386;1;0
14485;145;1;0.9;0.5;85;102;0.5136187;247;235.0882;1;1
14486;145;1;0.9;0.5;86;102;0.5084746;244;236.3431;1;1
14487;145;1;0.9;0.5;87;101;0.4420601;252;237.3366;1;0
14488;145;1;0.9;0.5;88;104;0.4770992;240;235.6731;1;3
14489;145;1;0.9;0.5;89;101;0.5265487;234;233.7624;1;0
14490;145;1;0.9;0.5;90;101;0.5252101;246;236.3663;1;0
14491;145;1;0.9;0.5;91;101;0.4658635;225;235.901;1;0
14492;145;1;0.9;0.5;92;101;0.4586777;240;234.9307;1;0
14493;145;1;0.9;0.5;93;101;0.4059829;247;237.505;1;0
14494;145;1;0.9;0.5;94;101;0.4761905;231;236.6535;1;0
14495;145;1;0.9;0.5;95;101;0.498008;242;236.7426;1;0
14496;145;1;0.9;0.5;96;102;0.5102881;238;235.5098;1;1
14497;145;1;0.9;0.5;97;101;0.4609053;236;235.1089;1;0
14498;145;1;0.9;0.5;98;101;0.4937238;218;236.0594;1;0
14499;145;1;0.9;0.5;99;103;0.5192308;207;238.1942;1;2
14500;145;1;0.9;0.5;100;101;0.5152838;246;236.6436;1;0
14501;146;3;0.9;0.5;1;101;0.5243902;229;238.5743;3;0
14502;146;3;0.9;0.5;2;101;0.473251;233;236.5248;3;0
14503;146;3;0.9;0.5;3;101;0.4329004;231;237.1683;3;0
14504;146;3;0.9;0.5;4;102;0.4907407;239;236.2745;3;1
14505;146;3;0.9;0.5;5;101;0.4663677;209;235.6535;3;0
14506;146;3;0.9;0.5;6;101;0.5162602;230;236.604;3;0
14507;146;3;0.9;0.5;7;103;0.4625;235;236.8738;3;2
14508;146;3;0.9;0.5;8;102;0.4932127;242;237.3137;3;1
14509;146;3;0.9;0.5;9;102;0.5045455;269;234.6373;3;1
14510;146;3;0.9;0.5;10;101;0.5098814;224;237.4356;3;0
14511;146;3;0.9;0.5;11;101;0.5043103;214;236.5446;3;0
14512;146;3;0.9;0.5;12;101;0.5338983;237;236.3465;3;0
14513;146;3;0.9;0.5;13;101;0.4692308;228;237.505;3;0
14514;146;3;0.9;0.5;14;102;0.5112108;238;237.8627;3;1
14515;146;3;0.9;0.5;15;101;0.4367816;239;235.6535;3;0
14516;146;3;0.9;0.5;16;101;0.4612069;230;236.2574;3;0
14517;146;3;0.9;0.5;17;102;0.483871;207;237.8627;3;1
14518;146;3;0.9;0.5;18;101;0.4898785;217;236.3465;3;0
14519;146;3;0.9;0.5;19;101;0.5346939;226;236.505;3;0
14520;146;3;0.9;0.5;20;101;0.4430894;253;237.6733;3;0
14521;146;3;0.9;0.5;21;101;0.5299145;249;239.1881;3;0
14522;146;3;0.9;0.5;22;107;0.5040984;230;237.4019;3;6
14523;146;3;0.9;0.5;23;101;0.4816327;240;237.7822;3;0
14524;146;3;0.9;0.5;24;101;0.4813278;256;238.0396;3;0
14525;146;3;0.9;0.5;25;101;0.504386;249;236.198;3;0
14526;146;3;0.9;0.5;26;101;0.502008;213;236.6733;3;0
14527;146;3;0.9;0.5;27;101;0.4961832;256;238.6436;3;0
14528;146;3;0.9;0.5;28;106;0.4605809;234;235.0094;3;5
14529;146;3;0.9;0.5;29;101;0.5176471;221;236.1584;3;0
14530;146;3;0.9;0.5;30;101;0.5136364;231;237.604;3;0
14531;146;3;0.9;0.5;31;101;0.4672489;238;236.2871;3;0
14532;146;3;0.9;0.5;32;102;0.5022422;243;236.8431;3;1
14533;146;3;0.9;0.5;33;101;0.5111111;248;236.9307;3;0
14534;146;3;0.9;0.5;34;101;0.4736842;250;236.3267;3;0
14535;146;3;0.9;0.5;35;101;0.523622;219;235.4752;3;0
14536;146;3;0.9;0.5;36;105;0.4416667;250;235.9619;3;4
14537;146;3;0.9;0.5;37;104;0.5504202;241;235.9423;3;3
14538;146;3;0.9;0.5;38;101;0.5163934;224;237.4851;3;0
14539;146;3;0.9;0.5;39;101;0.5152838;241;237.099;3;0
14540;146;3;0.9;0.5;40;105;0.473913;239;235.3238;3;4
14541;146;3;0.9;0.5;41;101;0.4541667;239;236.3069;3;0
14542;146;3;0.9;0.5;42;101;0.5689655;229;234.9109;3;0
14543;146;3;0.9;0.5;43;101;0.4855967;242;237.099;3;0
14544;146;3;0.9;0.5;44;101;0.4897119;232;237.2574;3;0
14545;146;3;0.9;0.5;45;105;0.4913043;220;235.7429;3;4
14546;146;3;0.9;0.5;46;101;0.5425101;233;237.2673;3;0
14547;146;3;0.9;0.5;47;102;0.5596708;234;238.3333;3;1
14548;146;3;0.9;0.5;48;107;0.5096154;227;236.4112;3;6
14549;146;3;0.9;0.5;49;101;0.5219298;240;236.2475;3;0
14550;146;3;0.9;0.5;50;103;0.5173745;230;239.6019;3;2
14551;146;3;0.9;0.5;51;103;0.503937;242;238.7184;3;2
14552;146;3;0.9;0.5;52;104;0.4765957;237;237.0192;3;3
14553;146;3;0.9;0.5;53;102;0.5104603;231;235.3922;3;1
14554;146;3;0.9;0.5;54;101;0.4869565;249;236.901;3;0
14555;146;3;0.9;0.5;55;101;0.497992;220;239.8416;3;0
14556;146;3;0.9;0.5;56;102;0.4853556;238;235.1765;3;1
14557;146;3;0.9;0.5;57;101;0.5246637;230;234.9307;3;0
14558;146;3;0.9;0.5;58;101;0.52;240;238.297;3;0
14559;146;3;0.9;0.5;59;101;0.4895397;219;235.8218;3;0
14560;146;3;0.9;0.5;60;102;0.5076336;204;238.6373;3;1
14561;146;3;0.9;0.5;61;101;0.5081301;251;236.099;3;0
14562;146;3;0.9;0.5;62;102;0.5042735;241;236.5882;3;1
14563;146;3;0.9;0.5;63;101;0.4430894;225;235.9901;3;0
14564;146;3;0.9;0.5;64;101;0.4801762;255;237.3168;3;0
14565;146;3;0.9;0.5;65;103;0.5242291;230;237;3;2
14566;146;3;0.9;0.5;66;104;0.468254;230;235.5288;3;3
14567;146;3;0.9;0.5;67;102;0.4979253;241;238.2941;3;1
14568;146;3;0.9;0.5;68;104;0.5222222;237;234.1827;3;3
14569;146;3;0.9;0.5;69;101;0.5273438;235;237.198;3;0
14570;146;3;0.9;0.5;70;102;0.5113636;213;236.1373;3;1
14571;146;3;0.9;0.5;71;103;0.504;229;236.6505;3;2
14572;146;3;0.9;0.5;72;101;0.5338983;238;237.5941;3;0
14573;146;3;0.9;0.5;73;101;0.4932735;232;237.802;3;0
14574;146;3;0.9;0.5;74;101;0.4676617;233;237.6634;3;0
14575;146;3;0.9;0.5;75;101;0.5062762;217;237.2376;3;0
14576;146;3;0.9;0.5;76;101;0.5433071;225;235.4455;3;0
14577;146;3;0.9;0.5;77;103;0.53125;202;235.1942;3;2
14578;146;3;0.9;0.5;78;104;0.5221239;260;238.0385;3;3
14579;146;3;0.9;0.5;79;101;0.4778761;247;238.6634;3;0
14580;146;3;0.9;0.5;80;103;0.5568627;245;237.5243;3;2
14581;146;3;0.9;0.5;81;101;0.4355556;233;237.4257;3;0
14582;146;3;0.9;0.5;82;101;0.5542169;220;235.1485;3;0
14583;146;3;0.9;0.5;83;102;0.6106557;229;236.4804;3;1
14584;146;3;0.9;0.5;84;101;0.5409091;251;237.9307;3;0
14585;146;3;0.9;0.5;85;102;0.4417671;233;238.4902;3;1
14586;146;3;0.9;0.5;86;101;0.5321888;249;236.5248;3;0
14587;146;3;0.9;0.5;87;101;0.5261044;244;238.2079;3;0
14588;146;3;0.9;0.5;88;101;0.5088496;251;235.297;3;0
14589;146;3;0.9;0.5;89;101;0.5045455;229;237.8713;3;0
14590;146;3;0.9;0.5;90;107;0.4666667;238;238;3;6
14591;146;3;0.9;0.5;91;102;0.5039683;232;236.4412;3;1
14592;146;3;0.9;0.5;92;102;0.495098;273;238.4412;3;1
14593;146;3;0.9;0.5;93;101;0.4846154;239;237.7624;3;0
14594;146;3;0.9;0.5;94;103;0.5064935;259;236.3204;3;2
14595;146;3;0.9;0.5;95;101;0.5163934;227;235.5545;3;0
14596;146;3;0.9;0.5;96;103;0.4790875;227;236.932;3;2
14597;146;3;0.9;0.5;97;103;0.526971;255;237.068;3;2
14598;146;3;0.9;0.5;98;101;0.4961538;205;234.3762;3;0
14599;146;3;0.9;0.5;99;101;0.5309735;219;236.6139;3;0
14600;146;3;0.9;0.5;100;102;0.4564315;226;236.0196;3;1
14601;147;5;0.9;0.5;1;102;0.5327511;229;235.2255;5;1
14602;147;5;0.9;0.5;2;101;0.5021097;221;235.6337;5;0
14603;147;5;0.9;0.5;3;104;0.5263158;243;237.6923;5;3
14604;147;5;0.9;0.5;4;101;0.5105485;234;236.7624;5;0
14605;147;5;0.9;0.5;5;101;0.4898785;237;237.9604;5;0
14606;147;5;0.9;0.5;6;103;0.5165289;222;237.5437;5;2
14607;147;5;0.9;0.5;7;103;0.487069;225;235.9126;5;2
14608;147;5;0.9;0.5;8;103;0.4958333;272;238.8252;5;2
14609;147;5;0.9;0.5;9;102;0.4583333;236;235.4902;5;1
14610;147;5;0.9;0.5;10;101;0.4773663;241;236.4455;5;0
14611;147;5;0.9;0.5;11;103;0.4779116;228;239.3301;5;2
14612;147;5;0.9;0.5;12;102;0.5169492;249;237.3725;5;1
14613;147;5;0.9;0.5;13;102;0.536;255;237.9608;5;1
14614;147;5;0.9;0.5;14;101;0.4655172;245;236.703;5;0
14615;147;5;0.9;0.5;15;102;0.4439834;218;236.8333;5;1
14616;147;5;0.9;0.5;16;101;0.4777328;239;234.5545;5;0
14617;147;5;0.9;0.5;17;102;0.4810127;248;236.3725;5;1
14618;147;5;0.9;0.5;18;106;0.5188285;246;237.3962;5;5
14619;147;5;0.9;0.5;19;101;0.5307018;241;236.4554;5;0
14620;147;5;0.9;0.5;20;101;0.4672131;242;237.396;5;0
14621;147;5;0.9;0.5;21;101;0.5171103;240;236.7327;5;0
14622;147;5;0.9;0.5;22;102;0.5040984;232;239.3333;5;1
14623;147;5;0.9;0.5;23;101;0.497992;237;236.3267;5;0
14624;147;5;0.9;0.5;24;104;0.5;231;236.7404;5;3
14625;147;5;0.9;0.5;25;104;0.4922481;225;236.6635;5;3
14626;147;5;0.9;0.5;26;105;0.524;215;236.0476;5;4
14627;147;5;0.9;0.5;27;102;0.462406;219;238.3039;5;1
14628;147;5;0.9;0.5;28;102;0.5215517;244;237.3235;5;1
14629;147;5;0.9;0.5;29;108;0.4885496;234;237.4259;5;7
14630;147;5;0.9;0.5;30;102;0.5666667;234;237;5;1
14631;147;5;0.9;0.5;31;101;0.4753363;255;237.5842;5;0
14632;147;5;0.9;0.5;32;103;0.5075377;267;235.4272;5;2
14633;147;5;0.9;0.5;33;102;0.5022222;232;236.049;5;1
14634;147;5;0.9;0.5;34;102;0.4957627;238;237.8824;5;1
14635;147;5;0.9;0.5;35;101;0.55;253;237.6238;5;0
14636;147;5;0.9;0.5;36;102;0.5081967;200;236.3627;5;1
14637;147;5;0.9;0.5;37;101;0.5394191;228;236.0594;5;0
14638;147;5;0.9;0.5;38;101;0.4979079;225;235.297;5;0
14639;147;5;0.9;0.5;39;101;0.4911504;227;238.0396;5;0
14640;147;5;0.9;0.5;40;104;0.4696356;230;236.2019;5;3
14641;147;5;0.9;0.5;41;101;0.5465116;228;238.1782;5;0
14642;147;5;0.9;0.5;42;101;0.4863813;242;238.3861;5;0
14643;147;5;0.9;0.5;43;102;0.4751131;251;236.1176;5;1
14644;147;5;0.9;0.5;44;102;0.4635193;243;235.6765;5;1
14645;147;5;0.9;0.5;45;102;0.4504505;243;235.8431;5;1
14646;147;5;0.9;0.5;46;103;0.4977974;230;236.0777;5;2
14647;147;5;0.9;0.5;47;102;0.5105485;273;238.2647;5;1
14648;147;5;0.9;0.5;48;101;0.5042017;229;234.9406;5;0
14649;147;5;0.9;0.5;49;104;0.465812;237;237.9135;5;3
14650;147;5;0.9;0.5;50;101;0.4959016;242;236.495;5;0
14651;147;5;0.9;0.5;51;101;0.5215517;250;237.2178;5;0
14652;147;5;0.9;0.5;52;102;0.5201794;223;236.2549;5;1
14653;147;5;0.9;0.5;53;101;0.4869565;236;238;5;0
14654;147;5;0.9;0.5;54;102;0.4816327;230;235.4412;5;1
14655;147;5;0.9;0.5;55;101;0.4844444;218;236.2376;5;0
14656;147;5;0.9;0.5;56;101;0.5219124;251;237.0693;5;0
14657;147;5;0.9;0.5;57;102;0.4851064;248;236.1078;5;1
14658;147;5;0.9;0.5;58;101;0.5113122;240;236.6931;5;0
14659;147;5;0.9;0.5;59;107;0.5128205;212;237.1495;5;6
14660;147;5;0.9;0.5;60;102;0.5265306;237;236.6078;5;1
14661;147;5;0.9;0.5;61;102;0.5421245;241;238.3725;5;1
14662;147;5;0.9;0.5;62;103;0.5358852;256;235.0971;5;2
14663;147;5;0.9;0.5;63;101;0.4504505;244;236.6733;5;0
14664;147;5;0.9;0.5;64;101;0.5669291;237;236.9505;5;0
14665;147;5;0.9;0.5;65;101;0.4872881;237;235.2871;5;0
14666;147;5;0.9;0.5;66;102;0.5147679;227;237.5392;5;1
14667;147;5;0.9;0.5;67;101;0.4691358;251;238.703;5;0
14668;147;5;0.9;0.5;68;101;0.5707965;244;236.3663;5;0
14669;147;5;0.9;0.5;69;104;0.5319149;231;237.8558;5;3
14670;147;5;0.9;0.5;70;103;0.4898785;227;237.3398;5;2
14671;147;5;0.9;0.5;71;102;0.5;253;235.0882;5;1
14672;147;5;0.9;0.5;72;104;0.4405286;255;236.1058;5;3
14673;147;5;0.9;0.5;73;108;0.5327511;234;238.0556;5;7
14674;147;5;0.9;0.5;74;101;0.536;232;237.604;5;0
14675;147;5;0.9;0.5;75;106;0.5042017;246;237.8396;5;5
14676;147;5;0.9;0.5;76;101;0.4840183;255;236.8911;5;0
14677;147;5;0.9;0.5;77;102;0.5069124;273;238.6373;5;1
14678;147;5;0.9;0.5;78;103;0.5119048;234;235.5728;5;2
14679;147;5;0.9;0.5;79;101;0.4590164;210;240.297;5;0
14680;147;5;0.9;0.5;80;110;0.5390947;217;236.3818;5;9
14681;147;5;0.9;0.5;81;101;0.4236641;245;236.6931;5;0
14682;147;5;0.9;0.5;82;101;0.4933921;257;236.9505;5;0
14683;147;5;0.9;0.5;83;102;0.4804688;220;236.049;5;1
14684;147;5;0.9;0.5;84;101;0.4853556;233;236.1089;5;0
14685;147;5;0.9;0.5;85;101;0.5412844;249;238.3564;5;0
14686;147;5;0.9;0.5;86;101;0.4957627;233;235.9505;5;0
14687;147;5;0.9;0.5;87;102;0.512;218;236.1275;5;1
14688;147;5;0.9;0.5;88;102;0.4891775;240;237.1373;5;1
14689;147;5;0.9;0.5;89;103;0.4854772;236;237.5146;5;2
14690;147;5;0.9;0.5;90;102;0.5089286;232;235.9706;5;1
14691;147;5;0.9;0.5;91;102;0.5530973;224;235.7059;5;1
14692;147;5;0.9;0.5;92;103;0.4852321;231;235.7573;5;2
14693;147;5;0.9;0.5;93;102;0.5023697;267;236.8333;5;1
14694;147;5;0.9;0.5;94;101;0.5195312;233;236.8119;5;0
14695;147;5;0.9;0.5;95;101;0.5019305;227;237.9604;5;0
14696;147;5;0.9;0.5;96;102;0.5;229;237.2255;5;1
14697;147;5;0.9;0.5;97;101;0.4916667;249;236.7723;5;0
14698;147;5;0.9;0.5;98;101;0.5063291;227;236.7426;5;0
14699;147;5;0.9;0.5;99;101;0.4725738;208;234.8713;5;0
14700;147;5;0.9;0.5;100;101;0.4901186;231;234.9307;5;0
14701;148;7;0.9;0.5;1;101;0.51417;232;235.7129;7;0
14702;148;7;0.9;0.5;2;101;0.4862745;229;236.1089;7;0
14703;148;7;0.9;0.5;3;101;0.5044643;220;239.1386;7;0
14704;148;7;0.9;0.5;4;101;0.5595238;225;235.6139;7;0
14705;148;7;0.9;0.5;5;103;0.5418502;230;236.4078;7;2
14706;148;7;0.9;0.5;6;101;0.5;258;235.0792;7;0
14707;148;7;0.9;0.5;7;101;0.4705882;228;237.7228;7;0
14708;148;7;0.9;0.5;8;103;0.5619835;222;236.1359;7;2
14709;148;7;0.9;0.5;9;101;0.4805195;229;238.2178;7;0
14710;148;7;0.9;0.5;10;104;0.4889868;242;237.7019;7;3
14711;148;7;0.9;0.5;11;101;0.5062241;243;235.8812;7;0
14712;148;7;0.9;0.5;12;101;0.4642857;229;236.396;7;0
14713;148;7;0.9;0.5;13;101;0.5662651;241;236.3861;7;0
14714;148;7;0.9;0.5;14;103;0.4826255;220;236.9223;7;2
14715;148;7;0.9;0.5;15;103;0.508547;239;237.1748;7;2
14716;148;7;0.9;0.5;16;102;0.5275591;232;234.6569;7;1
14717;148;7;0.9;0.5;17;101;0.4817814;238;236.0396;7;0
14718;148;7;0.9;0.5;18;101;0.5;204;236.3465;7;0
14719;148;7;0.9;0.5;19;104;0.4375;246;236.125;7;3
14720;148;7;0.9;0.5;20;102;0.4857143;229;234.4314;7;1
14721;148;7;0.9;0.5;21;101;0.5089286;243;236.8812;7;0
14722;148;7;0.9;0.5;22;102;0.5315315;235;237.2843;7;1
14723;148;7;0.9;0.5;23;102;0.5112782;228;236.5784;7;1
14724;148;7;0.9;0.5;24;101;0.4977169;260;237.6139;7;0
14725;148;7;0.9;0.5;25;102;0.5058824;236;235.8725;7;1
14726;148;7;0.9;0.5;26;101;0.4521739;252;234.2673;7;0
14727;148;7;0.9;0.5;27;102;0.5365854;221;236.7843;7;1
14728;148;7;0.9;0.5;28;101;0.5213675;230;237.1089;7;0
14729;148;7;0.9;0.5;29;101;0.4831933;218;235.9109;7;0
14730;148;7;0.9;0.5;30;103;0.521327;245;235.3981;7;2
14731;148;7;0.9;0.5;31;101;0.512931;227;236.1881;7;0
14732;148;7;0.9;0.5;32;102;0.4818182;246;236.2451;7;1
14733;148;7;0.9;0.5;33;102;0.5113122;262;236.9118;7;1
14734;148;7;0.9;0.5;34;104;0.5144033;252;238.0577;7;3
14735;148;7;0.9;0.5;35;102;0.4718615;239;237.2157;7;1
14736;148;7;0.9;0.5;36;101;0.5267857;246;236.8515;7;0
14737;148;7;0.9;0.5;37;101;0.5043478;237;236.6436;7;0
14738;148;7;0.9;0.5;38;101;0.4466403;237;235.9802;7;0
14739;148;7;0.9;0.5;39;102;0.5324675;256;238.3137;7;1
14740;148;7;0.9;0.5;40;101;0.4380531;243;237.5743;7;0
14741;148;7;0.9;0.5;41;102;0.4476987;228;238.5686;7;1
14742;148;7;0.9;0.5;42;101;0.4955357;250;237.2277;7;0
14743;148;7;0.9;0.5;43;102;0.4745763;251;235.3725;7;1
14744;148;7;0.9;0.5;44;101;0.4635193;233;235.3861;7;0
14745;148;7;0.9;0.5;45;106;0.489083;223;236.5849;7;5
14746;148;7;0.9;0.5;46;101;0.473251;229;235.6832;7;0
14747;148;7;0.9;0.5;47;104;0.4618644;246;235.6635;7;3
14748;148;7;0.9;0.5;48;101;0.4977974;226;237.6733;7;0
14749;148;7;0.9;0.5;49;106;0.5;224;235.5943;7;5
14750;148;7;0.9;0.5;50;102;0.5066079;229;237.1275;7;1
14751;148;7;0.9;0.5;51;101;0.4980237;215;236.1089;7;0
14752;148;7;0.9;0.5;52;101;0.4581673;214;236.3663;7;0
14753;148;7;0.9;0.5;53;102;0.5275229;256;236.4118;7;1
14754;148;7;0.9;0.5;54;102;0.4716981;242;235.2255;7;1
14755;148;7;0.9;0.5;55;101;0.458498;248;238.2376;7;0
14756;148;7;0.9;0.5;56;101;0.4331984;241;236.198;7;0
14757;148;7;0.9;0.5;57;103;0.4464286;253;236.2913;7;2
14758;148;7;0.9;0.5;58;101;0.5043103;243;236.8614;7;0
14759;148;7;0.9;0.5;59;102;0.4778761;243;236.3529;7;1
14760;148;7;0.9;0.5;60;102;0.4959677;241;238.1471;7;1
14761;148;7;0.9;0.5;61;102;0.4421488;250;236.2353;7;1
14762;148;7;0.9;0.5;62;102;0.4916667;231;236.9902;7;1
14763;148;7;0.9;0.5;63;102;0.5244444;253;237.0294;7;1
14764;148;7;0.9;0.5;64;101;0.5123967;222;235.3465;7;0
14765;148;7;0.9;0.5;65;102;0.479638;253;235.6373;7;1
14766;148;7;0.9;0.5;66;104;0.4863636;264;237.0192;7;3
14767;148;7;0.9;0.5;67;101;0.5186722;235;237.6931;7;0
14768;148;7;0.9;0.5;68;101;0.4830508;237;236.2475;7;0
14769;148;7;0.9;0.5;69;101;0.526087;245;236.505;7;0
14770;148;7;0.9;0.5;70;102;0.5021277;232;237.8725;7;1
14771;148;7;0.9;0.5;71;102;0.4627451;269;236.598;7;1
14772;148;7;0.9;0.5;72;101;0.5327511;217;234.7327;7;0
14773;148;7;0.9;0.5;73;101;0.4483986;210;237.604;7;0
14774;148;7;0.9;0.5;74;102;0.5021277;226;237.4216;7;1
14775;148;7;0.9;0.5;75;101;0.4876033;230;238.5941;7;0
14776;148;7;0.9;0.5;76;102;0.5545852;238;236.1373;7;1
14777;148;7;0.9;0.5;77;102;0.4909091;247;236.5784;7;1
14778;148;7;0.9;0.5;78;101;0.4223108;222;236.7921;7;0
14779;148;7;0.9;0.5;79;106;0.516;229;236.3208;7;5
14780;148;7;0.9;0.5;80;106;0.5375;212;238.2358;7;5
14781;148;7;0.9;0.5;81;101;0.4933333;233;235.9901;7;0
14782;148;7;0.9;0.5;82;102;0.5316456;239;237.3039;7;1
14783;148;7;0.9;0.5;83;101;0.4747899;230;235.9109;7;0
14784;148;7;0.9;0.5;84;101;0.5311203;241;235.396;7;0
14785;148;7;0.9;0.5;85;101;0.4767932;252;237.9208;7;0
14786;148;7;0.9;0.5;86;102;0.4889868;222;235.2745;7;1
14787;148;7;0.9;0.5;87;101;0.5116279;228;237.802;7;0
14788;148;7;0.9;0.5;88;102;0.5064378;235;234.6667;7;1
14789;148;7;0.9;0.5;89;101;0.5374449;267;238.0396;7;0
14790;148;7;0.9;0.5;90;103;0.4638783;228;235.534;7;2
14791;148;7;0.9;0.5;91;102;0.4932127;237;235.1961;7;1
14792;148;7;0.9;0.5;92;102;0.4927536;258;237.5392;7;1
14793;148;7;0.9;0.5;93;101;0.4978541;233;235.6535;7;0
14794;148;7;0.9;0.5;94;101;0.455814;238;237.0396;7;0
14795;148;7;0.9;0.5;95;101;0.5131579;240;234.7129;7;0
14796;148;7;0.9;0.5;96;104;0.4893617;240;237.5385;7;3
14797;148;7;0.9;0.5;97;101;0.5116279;243;236.4257;7;0
14798;148;7;0.9;0.5;98;102;0.5315315;214;236.0686;7;1
14799;148;7;0.9;0.5;99;101;0.4798387;230;236.3366;7;0
14800;148;7;0.9;0.5;100;101;0.5;238;238.4455;7;0
14801;149;9;0.9;0.5;1;103;0.4885845;242;235.2621;9;2
14802;149;9;0.9;0.5;2;101;0.47343;255;236.4257;9;0
14803;149;9;0.9;0.5;3;101;0.516129;237;236.8812;9;0
14804;149;9;0.9;0.5;4;101;0.5108225;247;237.4554;9;0
14805;149;9;0.9;0.5;5;101;0.540636;218;237.7426;9;0
14806;149;9;0.9;0.5;6;103;0.5020408;249;237.6019;9;2
14807;149;9;0.9;0.5;7;105;0.4718615;238;237.6381;9;4
14808;149;9;0.9;0.5;8;102;0.5258621;265;237.4412;9;1
14809;149;9;0.9;0.5;9;101;0.5443548;237;237.4752;9;0
14810;149;9;0.9;0.5;10;101;0.4855967;250;235.9307;9;0
14811;149;9;0.9;0.5;11;101;0.5086957;248;239.495;9;0
14812;149;9;0.9;0.5;12;103;0.5333333;237;234.9515;9;2
14813;149;9;0.9;0.5;13;101;0.4956522;226;236.5347;9;0
14814;149;9;0.9;0.5;14;101;0.4510638;244;236.802;9;0
14815;149;9;0.9;0.5;15;102;0.480315;261;236.7059;9;1
14816;149;9;0.9;0.5;16;101;0.5707965;233;238.1881;9;0
14817;149;9;0.9;0.5;17;101;0.4497817;224;236.9604;9;0
14818;149;9;0.9;0.5;18;101;0.4830508;231;236.802;9;0
14819;149;9;0.9;0.5;19;103;0.5039683;222;236.6311;9;2
14820;149;9;0.9;0.5;20;104;0.5313808;249;236.5865;9;3
14821;149;9;0.9;0.5;21;101;0.531746;212;236.1386;9;0
14822;149;9;0.9;0.5;22;101;0.4449153;250;236.8218;9;0
14823;149;9;0.9;0.5;23;104;0.5;255;238.5385;9;3
14824;149;9;0.9;0.5;24;104;0.4980545;253;236.5385;9;3
14825;149;9;0.9;0.5;25;101;0.4955752;233;236.2475;9;0
14826;149;9;0.9;0.5;26;106;0.4803493;248;236;9;5
14827;149;9;0.9;0.5;27;101;0.4658635;240;236.7228;9;0
14828;149;9;0.9;0.5;28;101;0.5204918;242;238.6139;9;0
14829;149;9;0.9;0.5;29;101;0.5062762;243;237.1782;9;0
14830;149;9;0.9;0.5;30;103;0.4655172;241;237.5728;9;2
14831;149;9;0.9;0.5;31;102;0.4594595;240;235.1471;9;1
14832;149;9;0.9;0.5;32;104;0.4700461;225;236.3269;9;3
14833;149;9;0.9;0.5;33;106;0.4734694;221;234.7925;9;5
14834;149;9;0.9;0.5;34;102;0.4757709;250;236.5098;9;1
14835;149;9;0.9;0.5;35;101;0.5040323;231;238.396;9;0
14836;149;9;0.9;0.5;36;102;0.5255814;251;239.6569;9;1
14837;149;9;0.9;0.5;37;103;0.516;250;235.699;9;2
14838;149;9;0.9;0.5;38;101;0.5020243;248;237.1386;9;0
14839;149;9;0.9;0.5;39;103;0.4383562;233;236.3495;9;2
14840;149;9;0.9;0.5;40;101;0.5044248;239;235.297;9;0
14841;149;9;0.9;0.5;41;103;0.5303644;241;237.3301;9;2
14842;149;9;0.9;0.5;42;102;0.5;234;236.8137;9;1
14843;149;9;0.9;0.5;43;101;0.4891775;225;236.9208;9;0
14844;149;9;0.9;0.5;44;113;0.504717;234;236.4956;9;12
14845;149;9;0.9;0.5;45;103;0.4736842;244;234.1262;9;2
14846;149;9;0.9;0.5;46;101;0.4880952;229;236.6733;9;0
14847;149;9;0.9;0.5;47;101;0.5531915;214;236.4851;9;0
14848;149;9;0.9;0.5;48;101;0.4487179;232;236.2376;9;0
14849;149;9;0.9;0.5;49;102;0.4722222;223;236.2941;9;1
14850;149;9;0.9;0.5;50;101;0.4493927;224;237.5842;9;0
14851;149;9;0.9;0.5;51;101;0.5037594;202;237.0792;9;0
14852;149;9;0.9;0.5;52;101;0.5084034;206;235.5446;9;0
14853;149;9;0.9;0.5;53;102;0.523622;236;236.8824;9;1
14854;149;9;0.9;0.5;54;101;0.5220884;217;236.5941;9;0
14855;149;9;0.9;0.5;55;102;0.4508929;235;236.4608;9;1
14856;149;9;0.9;0.5;56;103;0.4939759;222;238.5146;9;2
14857;149;9;0.9;0.5;57;101;0.4745763;246;239.3564;9;0
14858;149;9;0.9;0.5;58;101;0.512;239;238.396;9;0
14859;149;9;0.9;0.5;59;102;0.516129;257;239.5098;9;1
14860;149;9;0.9;0.5;60;101;0.4778761;222;236.1881;9;0
14861;149;9;0.9;0.5;61;101;0.4882812;222;238.7822;9;0
14862;149;9;0.9;0.5;62;101;0.4789916;235;235.0594;9;0
14863;149;9;0.9;0.5;63;106;0.4979424;263;236.8208;9;5
14864;149;9;0.9;0.5;64;104;0.5565611;247;236.4808;9;3
14865;149;9;0.9;0.5;65;106;0.5418502;228;238.4717;9;5
14866;149;9;0.9;0.5;66;101;0.5022026;242;237.099;9;0
14867;149;9;0.9;0.5;67;105;0.5491803;254;237.1714;9;4
14868;149;9;0.9;0.5;68;102;0.4626168;246;233.7549;9;1
14869;149;9;0.9;0.5;69;101;0.465812;244;236.2376;9;0
14870;149;9;0.9;0.5;70;102;0.5214008;207;236.5098;9;1
14871;149;9;0.9;0.5;71;101;0.5189873;242;235.3267;9;0
14872;149;9;0.9;0.5;72;101;0.5192308;221;238.3465;9;0
14873;149;9;0.9;0.5;73;104;0.5168067;267;237.0865;9;3
14874;149;9;0.9;0.5;74;104;0.5813953;251;236.8846;9;3
14875;149;9;0.9;0.5;75;101;0.5491803;240;236.7723;9;0
14876;149;9;0.9;0.5;76;104;0.4820717;243;236.1346;9;3
14877;149;9;0.9;0.5;77;103;0.4728033;233;237.068;9;2
14878;149;9;0.9;0.5;78;101;0.4541985;234;236.7624;9;0
14879;149;9;0.9;0.5;79;101;0.560166;247;237.2079;9;0
14880;149;9;0.9;0.5;80;101;0.4979424;238;236.0792;9;0
14881;149;9;0.9;0.5;81;101;0.4628821;236;235.5743;9;0
14882;149;9;0.9;0.5;82;102;0.4755556;250;238.6667;9;1
14883;149;9;0.9;0.5;83;103;0.4747899;216;235.8835;9;2
14884;149;9;0.9;0.5;84;104;0.4708333;193;237.75;9;3
14885;149;9;0.9;0.5;85;102;0.536036;252;235.0294;9;1
14886;149;9;0.9;0.5;86;103;0.497992;242;236.6505;9;2
14887;149;9;0.9;0.5;87;101;0.5327869;231;236.9208;9;0
14888;149;9;0.9;0.5;88;103;0.542735;237;236;9;2
14889;149;9;0.9;0.5;89;101;0.5064935;260;239.703;9;0
14890;149;9;0.9;0.5;90;102;0.5566038;242;236.1471;9;1
14891;149;9;0.9;0.5;91;104;0.509009;236;236.9327;9;3
14892;149;9;0.9;0.5;92;102;0.5081301;250;238.4118;9;1
14893;149;9;0.9;0.5;93;102;0.5458333;244;237.0882;9;1
14894;149;9;0.9;0.5;94;104;0.5439331;214;237.7885;9;3
14895;149;9;0.9;0.5;95;101;0.4962963;224;236.5446;9;0
14896;149;9;0.9;0.5;96;105;0.4938776;254;237.3429;9;4
14897;149;9;0.9;0.5;97;102;0.493617;237;236.598;9;1
14898;149;9;0.9;0.5;98;101;0.469697;229;235.6535;9;0
14899;149;9;0.9;0.5;99;101;0.4354067;244;236.5545;9;0
14900;149;9;0.9;0.5;100;102;0.4745098;249;236;9;1
14901;150;11;0.9;0.5;1;102;0.5;227;237.3529;11;1
14902;150;11;0.9;0.5;2;101;0.5744681;203;235.1782;11;0
14903;150;11;0.9;0.5;3;101;0.4566038;219;238.8614;11;0
14904;150;11;0.9;0.5;4;102;0.4895397;230;236.8235;11;1
14905;150;11;0.9;0.5;5;102;0.5462185;227;237.2059;11;1
14906;150;11;0.9;0.5;6;101;0.4755556;240;237.5545;11;0
14907;150;11;0.9;0.5;7;101;0.5234375;216;239.198;11;0
14908;150;11;0.9;0.5;8;103;0.526749;237;237.7184;11;2
14909;150;11;0.9;0.5;9;101;0.4758364;228;237.6436;11;0
14910;150;11;0.9;0.5;10;101;0.5330396;240;236.9109;11;0
14911;150;11;0.9;0.5;11;103;0.5540541;240;236.8641;11;2
14912;150;11;0.9;0.5;12;101;0.5296443;219;237.1584;11;0
14913;150;11;0.9;0.5;13;101;0.5021834;238;234.8614;11;0
14914;150;11;0.9;0.5;14;101;0.4734513;250;236.8713;11;0
14915;150;11;0.9;0.5;15;101;0.5084746;226;237.5941;11;0
14916;150;11;0.9;0.5;16;101;0.4915966;246;236.6832;11;0
14917;150;11;0.9;0.5;17;101;0.4718615;229;234.8515;11;0
14918;150;11;0.9;0.5;18;101;0.4934498;237;236;11;0
14919;150;11;0.9;0.5;19;103;0.4861111;222;234.1262;11;2
14920;150;11;0.9;0.5;20;101;0.5560345;247;237.7327;11;0
14921;150;11;0.9;0.5;21;101;0.5039062;224;238.0198;11;0
14922;150;11;0.9;0.5;22;101;0.5652174;231;235.802;11;0
14923;150;11;0.9;0.5;23;103;0.5304348;245;236.4563;11;2
14924;150;11;0.9;0.5;24;101;0.542735;238;237.0693;11;0
14925;150;11;0.9;0.5;25;101;0.4440154;240;236.2079;11;0
14926;150;11;0.9;0.5;26;103;0.4912281;216;235.6602;11;2
14927;150;11;0.9;0.5;27;101;0.472103;234;236.2079;11;0
14928;150;11;0.9;0.5;28;101;0.4917355;224;235.7228;11;0
14929;150;11;0.9;0.5;29;102;0.5107296;212;236.7059;11;1
14930;150;11;0.9;0.5;30;103;0.5082645;233;237.233;11;2
14931;150;11;0.9;0.5;31;101;0.526087;247;236.2277;11;0
14932;150;11;0.9;0.5;32;102;0.475;235;234.2941;11;1
14933;150;11;0.9;0.5;33;102;0.5084034;238;236.0784;11;1
14934;150;11;0.9;0.5;34;101;0.4698276;245;239.0198;11;0
14935;150;11;0.9;0.5;35;103;0.5147679;232;238.301;11;2
14936;150;11;0.9;0.5;36;101;0.5502183;244;235.9802;11;0
14937;150;11;0.9;0.5;37;101;0.5106383;233;235.8713;11;0
14938;150;11;0.9;0.5;38;102;0.527897;224;236.6667;11;1
14939;150;11;0.9;0.5;39;102;0.4754098;245;236.8529;11;1
14940;150;11;0.9;0.5;40;102;0.4770642;244;234;11;1
14941;150;11;0.9;0.5;41;101;0.5043103;256;238.3366;11;0
14942;150;11;0.9;0.5;42;101;0.4669604;239;236.2277;11;0
14943;150;11;0.9;0.5;43;102;0.4786325;238;238.0294;11;1
14944;150;11;0.9;0.5;44;103;0.4713656;245;237.1748;11;2
14945;150;11;0.9;0.5;45;104;0.4538153;237;237.9231;11;3
14946;150;11;0.9;0.5;46;101;0.5175439;232;236.4059;11;0
14947;150;11;0.9;0.5;47;102;0.4941176;219;236.5;11;1
14948;150;11;0.9;0.5;48;102;0.4773663;206;236.1667;11;1
14949;150;11;0.9;0.5;49;102;0.5428571;245;237.4118;11;1
14950;150;11;0.9;0.5;50;101;0.4435146;260;237.7525;11;0
14951;150;11;0.9;0.5;51;101;0.4690265;242;235.6832;11;0
14952;150;11;0.9;0.5;52;107;0.482906;249;237.0467;11;6
14953;150;11;0.9;0.5;53;103;0.490566;219;235.0291;11;2
14954;150;11;0.9;0.5;54;105;0.4748858;242;237.7048;11;4
14955;150;11;0.9;0.5;55;106;0.5;235;237.8019;11;5
14956;150;11;0.9;0.5;56;104;0.5198238;238;235.9808;11;3
14957;150;11;0.9;0.5;57;105;0.484;220;236.9429;11;4
14958;150;11;0.9;0.5;58;101;0.5550847;244;235.8416;11;0
14959;150;11;0.9;0.5;59;101;0.4663677;262;237.1287;11;0
14960;150;11;0.9;0.5;60;101;0.5479452;243;237.7822;11;0
14961;150;11;0.9;0.5;61;101;0.4429224;226;237.4851;11;0
14962;150;11;0.9;0.5;62;101;0.5063291;220;236.0495;11;0
14963;150;11;0.9;0.5;63;104;0.448;243;237.6731;11;3
14964;150;11;0.9;0.5;64;102;0.5041667;232;235.3431;11;1
14965;150;11;0.9;0.5;65;104;0.4979757;241;237.3269;11;3
14966;150;11;0.9;0.5;66;101;0.508547;252;236.7723;11;0
14967;150;11;0.9;0.5;67;101;0.5145228;255;239.1584;11;0
14968;150;11;0.9;0.5;68;101;0.5104603;225;236.7921;11;0
14969;150;11;0.9;0.5;69;101;0.5338645;220;236.2673;11;0
14970;150;11;0.9;0.5;70;101;0.5342466;232;236.2574;11;0
14971;150;11;0.9;0.5;71;101;0.5564516;241;237.8218;11;0
14972;150;11;0.9;0.5;72;101;0.5196507;246;236.7822;11;0
14973;150;11;0.9;0.5;73;101;0.4072398;240;238.2772;11;0
14974;150;11;0.9;0.5;74;102;0.4958678;219;237.2647;11;1
14975;150;11;0.9;0.5;75;101;0.5378788;237;236.1287;11;0
14976;150;11;0.9;0.5;76;101;0.44;241;237.3465;11;0
14977;150;11;0.9;0.5;77;101;0.4661017;231;237.0495;11;0
14978;150;11;0.9;0.5;78;101;0.4892704;235;236.2178;11;0
14979;150;11;0.9;0.5;79;102;0.4916667;229;237.4608;11;1
14980;150;11;0.9;0.5;80;101;0.454918;233;236.8119;11;0
14981;150;11;0.9;0.5;81;102;0.5378151;244;236.6765;11;1
14982;150;11;0.9;0.5;82;103;0.4767932;245;237.5631;11;2
14983;150;11;0.9;0.5;83;101;0.5412844;236;235.9703;11;0
14984;150;11;0.9;0.5;84;101;0.5493562;217;236.0099;11;0
14985;150;11;0.9;0.5;85;101;0.494382;231;235.9208;11;0
14986;150;11;0.9;0.5;86;101;0.5236052;247;237.2376;11;0
14987;150;11;0.9;0.5;87;102;0.5021097;227;237.4314;11;1
14988;150;11;0.9;0.5;88;101;0.4698795;236;235.4653;11;0
14989;150;11;0.9;0.5;89;102;0.4343891;239;236.5294;11;1
14990;150;11;0.9;0.5;90;101;0.46875;243;235.3861;11;0
14991;150;11;0.9;0.5;91;101;0.4634146;236;236.6931;11;0
14992;150;11;0.9;0.5;92;102;0.4581498;235;237.2059;11;1
14993;150;11;0.9;0.5;93;103;0.5286344;238;235.9029;11;2
14994;150;11;0.9;0.5;94;102;0.5158371;224;237.1569;11;1
14995;150;11;0.9;0.5;95;101;0.4789916;236;234.6733;11;0
14996;150;11;0.9;0.5;96;102;0.5388128;240;236.7843;11;1
14997;150;11;0.9;0.5;97;104;0.4734848;214;237.0577;11;3
14998;150;11;0.9;0.5;98;102;0.4747899;244;238.4608;11;1
14999;150;11;0.9;0.5;99;101;0.4496124;211;237.6931;11;0
15000;150;11;0.9;0.5;100;101;0.5131086;236;237.4356;11;0
15001;151;13;0.9;0.5;1;102;0.4556962;251;237.5686;13;1
15002;151;13;0.9;0.5;2;103;0.5537849;242;235.2621;13;2
15003;151;13;0.9;0.5;3;101;0.5;221;237.4158;13;0
15004;151;13;0.9;0.5;4;102;0.5394191;246;236.2647;13;1
15005;151;13;0.9;0.5;5;102;0.463964;237;235.6765;13;1
15006;151;13;0.9;0.5;6;103;0.4342105;229;237.4563;13;2
15007;151;13;0.9;0.5;7;102;0.4938776;225;233.2353;13;1
15008;151;13;0.9;0.5;8;102;0.456621;247;237.7451;13;1
15009;151;13;0.9;0.5;9;101;0.48659;228;236.2178;13;0
15010;151;13;0.9;0.5;10;105;0.5301724;245;235.9619;13;4
15011;151;13;0.9;0.5;11;101;0.5691057;244;238.3762;13;0
15012;151;13;0.9;0.5;12;104;0.5550847;240;236.7308;13;3
15013;151;13;0.9;0.5;13;104;0.4930876;242;238.9038;13;3
15014;151;13;0.9;0.5;14;109;0.490991;253;237.0183;13;8
15015;151;13;0.9;0.5;15;101;0.5384615;235;236.0891;13;0
15016;151;13;0.9;0.5;16;101;0.4977974;236;235.3564;13;0
15017;151;13;0.9;0.5;17;106;0.4978355;218;236.8396;13;5
15018;151;13;0.9;0.5;18;101;0.4836066;211;237.505;13;0
15019;151;13;0.9;0.5;19;103;0.4773663;249;236.7379;13;2
15020;151;13;0.9;0.5;20;105;0.5646552;230;236.4381;13;4
15021;151;13;0.9;0.5;21;101;0.5405405;239;236.8812;13;0
15022;151;13;0.9;0.5;22;101;0.4823529;243;237.6733;13;0
15023;151;13;0.9;0.5;23;102;0.5245902;250;236.8039;13;1
15024;151;13;0.9;0.5;24;101;0.4758065;247;236.0693;13;0
15025;151;13;0.9;0.5;25;101;0.5060241;222;236.6634;13;0
15026;151;13;0.9;0.5;26;101;0.5307018;237;235.1188;13;0
15027;151;13;0.9;0.5;27;105;0.4848485;272;236.2476;13;4
15028;151;13;0.9;0.5;28;101;0.5588235;264;234.802;13;0
15029;151;13;0.9;0.5;29;101;0.4632035;234;235.3366;13;0
15030;151;13;0.9;0.5;30;101;0.4715447;228;235.9208;13;0
15031;151;13;0.9;0.5;31;101;0.4403292;225;236.3564;13;0
15032;151;13;0.9;0.5;32;101;0.5020921;236;233.6337;13;0
15033;151;13;0.9;0.5;33;102;0.5338983;233;234.9902;13;1
15034;151;13;0.9;0.5;34;103;0.5125;225;235.8447;13;2
15035;151;13;0.9;0.5;35;106;0.520362;247;236.1132;13;5
15036;151;13;0.9;0.5;36;101;0.4835681;258;237.5545;13;0
15037;151;13;0.9;0.5;37;101;0.5411765;215;235.1881;13;0
15038;151;13;0.9;0.5;38;104;0.4649123;231;238.2596;13;3
15039;151;13;0.9;0.5;39;101;0.5258964;234;237.0891;13;0
15040;151;13;0.9;0.5;40;101;0.4537037;238;237.7426;13;0
15041;151;13;0.9;0.5;41;102;0.4657534;222;238.0588;13;1
15042;151;13;0.9;0.5;42;102;0.5081301;249;236.902;13;1
15043;151;13;0.9;0.5;43;101;0.5021097;216;235.7228;13;0
15044;151;13;0.9;0.5;44;103;0.5330579;215;235.9515;13;2
15045;151;13;0.9;0.5;45;101;0.4747899;238;239.4158;13;0
15046;151;13;0.9;0.5;46;101;0.5205479;239;235.9901;13;0
15047;151;13;0.9;0.5;47;103;0.5;236;236.6019;13;2
15048;151;13;0.9;0.5;48;103;0.5037313;236;237.8544;13;2
15049;151;13;0.9;0.5;49;103;0.5478261;227;234.4272;13;2
15050;151;13;0.9;0.5;50;101;0.513834;226;234.7624;13;0
15051;151;13;0.9;0.5;51;104;0.5422222;255;237.4615;13;3
15052;151;13;0.9;0.5;52;102;0.487395;225;235.2157;13;1
15053;151;13;0.9;0.5;53;101;0.4497608;233;234.8911;13;0
15054;151;13;0.9;0.5;54;102;0.5286344;236;235.7843;13;1
15055;151;13;0.9;0.5;55;103;0.4784483;248;237.5825;13;2
15056;151;13;0.9;0.5;56;101;0.460177;229;237.703;13;0
15057;151;13;0.9;0.5;57;101;0.4715447;244;236.8911;13;0
15058;151;13;0.9;0.5;58;101;0.5211864;236;237.0495;13;0
15059;151;13;0.9;0.5;59;101;0.4793388;234;236.8713;13;0
15060;151;13;0.9;0.5;60;104;0.5;251;237.3846;13;3
15061;151;13;0.9;0.5;61;101;0.472103;225;235.297;13;0
15062;151;13;0.9;0.5;62;101;0.4803493;251;237.7129;13;0
15063;151;13;0.9;0.5;63;101;0.4794007;232;235.6139;13;0
15064;151;13;0.9;0.5;64;106;0.5432099;234;235.7642;13;5
15065;151;13;0.9;0.5;65;101;0.5432099;258;236.4158;13;0
15066;151;13;0.9;0.5;66;101;0.5;228;235.5149;13;0
15067;151;13;0.9;0.5;67;101;0.4618834;228;237.2178;13;0
15068;151;13;0.9;0.5;68;104;0.5035971;233;236.2596;13;3
15069;151;13;0.9;0.5;69;104;0.5247934;233;237.1058;13;3
15070;151;13;0.9;0.5;70;102;0.5373134;222;233.7941;13;1
15071;151;13;0.9;0.5;71;104;0.508547;248;236.8462;13;3
15072;151;13;0.9;0.5;72;104;0.5;252;235.8846;13;3
15073;151;13;0.9;0.5;73;104;0.4736842;236;236;13;3
15074;151;13;0.9;0.5;74;103;0.4859813;259;237.5631;13;2
15075;151;13;0.9;0.5;75;102;0.544;245;236.7941;13;1
15076;151;13;0.9;0.5;76;101;0.5439331;209;236.8713;13;0
15077;151;13;0.9;0.5;77;104;0.534413;228;236.4615;13;3
15078;151;13;0.9;0.5;78;104;0.5226131;260;235.3654;13;3
15079;151;13;0.9;0.5;79;103;0.5;220;235.1456;13;2
15080;151;13;0.9;0.5;80;101;0.5183673;234;235.604;13;0
15081;151;13;0.9;0.5;81;104;0.4913043;244;237.8365;13;3
15082;151;13;0.9;0.5;82;102;0.4759825;239;237.1765;13;1
15083;151;13;0.9;0.5;83;102;0.4913793;242;237.1471;13;1
15084;151;13;0.9;0.5;84;101;0.5139442;240;236.0891;13;0
15085;151;13;0.9;0.5;85;101;0.5374449;215;236.7426;13;0
15086;151;13;0.9;0.5;86;101;0.4978903;239;235.9505;13;0
15087;151;13;0.9;0.5;87;102;0.4459459;254;236.1765;13;1
15088;151;13;0.9;0.5;88;105;0.5462555;241;236.3238;13;4
15089;151;13;0.9;0.5;89;101;0.4844444;213;236.5842;13;0
15090;151;13;0.9;0.5;90;103;0.4367816;237;238.0971;13;2
15091;151;13;0.9;0.5;91;101;0.534188;242;238.0198;13;0
15092;151;13;0.9;0.5;92;103;0.4708333;225;236.3495;13;2
15093;151;13;0.9;0.5;93;102;0.5021459;230;236.3529;13;1
15094;151;13;0.9;0.5;94;101;0.5137615;234;236.6733;13;0
15095;151;13;0.9;0.5;95;101;0.5041667;214;236.3069;13;0
15096;151;13;0.9;0.5;96;101;0.4840183;249;236.0891;13;0
15097;151;13;0.9;0.5;97;102;0.4743083;236;235.598;13;1
15098;151;13;0.9;0.5;98;101;0.5123967;237;237.8614;13;0
15099;151;13;0.9;0.5;99;102;0.5564516;237;233.9314;13;1
15100;151;13;0.9;0.5;100;103;0.4916667;231;237.4466;13;2
15101;152;15;0.9;0.5;1;101;0.4695652;229;236.8911;15;0
15102;152;15;0.9;0.5;2;102;0.5062241;223;238.5;15;1
15103;152;15;0.9;0.5;3;101;0.5163934;234;237.4158;15;0
15104;152;15;0.9;0.5;4;103;0.5358852;240;239.534;15;2
15105;152;15;0.9;0.5;5;101;0.5425101;228;236.8218;15;0
15106;152;15;0.9;0.5;6;101;0.4803922;251;233.4554;15;0
15107;152;15;0.9;0.5;7;101;0.4603175;245;236.6634;15;0
15108;152;15;0.9;0.5;8;103;0.4805825;253;236.7573;15;2
15109;152;15;0.9;0.5;9;101;0.4724771;242;237.7525;15;0
15110;152;15;0.9;0.5;10;101;0.5140187;232;236.6634;15;0
15111;152;15;0.9;0.5;11;102;0.5040323;235;237.5098;15;1
15112;152;15;0.9;0.5;12;103;0.503937;236;237.2039;15;2
15113;152;15;0.9;0.5;13;101;0.4823009;239;238.0792;15;0
15114;152;15;0.9;0.5;14;110;0.5648148;260;236.3818;15;9
15115;152;15;0.9;0.5;15;102;0.4734513;251;237.4608;15;1
15116;152;15;0.9;0.5;16;102;0.5282258;238;236.0196;15;1
15117;152;15;0.9;0.5;17;101;0.4766355;251;237.3861;15;0
15118;152;15;0.9;0.5;18;103;0.5147679;240;237.4369;15;2
15119;152;15;0.9;0.5;19;105;0.4977578;263;237.3714;15;4
15120;152;15;0.9;0.5;20;101;0.5104603;223;236.7327;15;0
15121;152;15;0.9;0.5;21;101;0.5688889;229;235.2871;15;0
15122;152;15;0.9;0.5;22;101;0.5217391;237;236.6634;15;0
15123;152;15;0.9;0.5;23;101;0.5022422;236;234.7624;15;0
15124;152;15;0.9;0.5;24;101;0.5211268;233;236.1188;15;0
15125;152;15;0.9;0.5;25;102;0.539749;251;236.1961;15;1
15126;152;15;0.9;0.5;26;101;0.5041667;242;237.1188;15;0
15127;152;15;0.9;0.5;27;102;0.5147679;215;237.4216;15;1
15128;152;15;0.9;0.5;28;111;0.4533333;212;236.1351;15;10
15129;152;15;0.9;0.5;29;104;0.5176991;242;237.9615;15;3
15130;152;15;0.9;0.5;30;101;0.4908425;225;236.703;15;0
15131;152;15;0.9;0.5;31;105;0.5064378;254;237.2;15;4
15132;152;15;0.9;0.5;32;105;0.4529915;233;236.181;15;4
15133;152;15;0.9;0.5;33;102;0.5063291;246;237.5196;15;1
15134;152;15;0.9;0.5;34;102;0.4961832;236;237.1078;15;1
15135;152;15;0.9;0.5;35;102;0.5447154;240;238.1176;15;1
15136;152;15;0.9;0.5;36;101;0.5231481;227;237.0792;15;0
15137;152;15;0.9;0.5;37;102;0.5040984;253;236.902;15;1
15138;152;15;0.9;0.5;38;104;0.5454545;230;237.9808;15;3
15139;152;15;0.9;0.5;39;101;0.5679012;227;235.7723;15;0
15140;152;15;0.9;0.5;40;101;0.444;223;238.8911;15;0
15141;152;15;0.9;0.5;41;102;0.4517544;235;235.1667;15;1
15142;152;15;0.9;0.5;42;101;0.437751;248;239.1782;15;0
15143;152;15;0.9;0.5;43;101;0.4979079;217;235.5248;15;0
15144;152;15;0.9;0.5;44;101;0.5339367;261;238.3069;15;0
15145;152;15;0.9;0.5;45;102;0.5229358;249;237.1471;15;1
15146;152;15;0.9;0.5;46;107;0.539823;237;236.1121;15;6
15147;152;15;0.9;0.5;47;101;0.5041667;234;236.6139;15;0
15148;152;15;0.9;0.5;48;101;0.5234375;248;237.6832;15;0
15149;152;15;0.9;0.5;49;113;0.4813084;252;236.9115;15;12
15150;152;15;0.9;0.5;50;101;0.5524194;258;239.1188;15;0
15151;152;15;0.9;0.5;51;101;0.4843049;227;236.5941;15;0
15152;152;15;0.9;0.5;52;101;0.4779116;213;235.9109;15;0
15153;152;15;0.9;0.5;53;103;0.5067873;250;238.5631;15;2
15154;152;15;0.9;0.5;54;101;0.5110132;241;238.2376;15;0
15155;152;15;0.9;0.5;55;108;0.4644351;223;236.3241;15;7
15156;152;15;0.9;0.5;56;103;0.5301724;226;235.5437;15;2
15157;152;15;0.9;0.5;57;101;0.5191489;237;237.3267;15;0
15158;152;15;0.9;0.5;58;101;0.5150215;230;238.0594;15;0
15159;152;15;0.9;0.5;59;101;0.477551;232;237.6733;15;0
15160;152;15;0.9;0.5;60;101;0.4961832;225;238.604;15;0
15161;152;15;0.9;0.5;61;101;0.5119048;226;237.1881;15;0
15162;152;15;0.9;0.5;62;102;0.4774775;261;236.8922;15;1
15163;152;15;0.9;0.5;63;101;0.4736842;238;236.505;15;0
15164;152;15;0.9;0.5;64;102;0.4754902;267;236.3922;15;1
15165;152;15;0.9;0.5;65;102;0.5701357;241;236.6078;15;1
15166;152;15;0.9;0.5;66;101;0.5243902;215;236.6337;15;0
15167;152;15;0.9;0.5;67;101;0.5347826;206;235.7327;15;0
15168;152;15;0.9;0.5;68;102;0.4955357;241;238.3922;15;1
15169;152;15;0.9;0.5;69;104;0.4525862;234;235.3942;15;3
15170;152;15;0.9;0.5;70;101;0.4922481;206;238.7228;15;0
15171;152;15;0.9;0.5;71;102;0.5;212;238.451;15;1
15172;152;15;0.9;0.5;72;101;0.5101215;230;237.3168;15;0
15173;152;15;0.9;0.5;73;101;0.5578512;260;237.703;15;0
15174;152;15;0.9;0.5;74;102;0.4941176;241;235.8627;15;1
15175;152;15;0.9;0.5;75;101;0.5060729;248;235.802;15;0
15176;152;15;0.9;0.5;76;102;0.5110132;241;236.2157;15;1
15177;152;15;0.9;0.5;77;104;0.4708333;240;235.4519;15;3
15178;152;15;0.9;0.5;78;101;0.4979079;232;235.2871;15;0
15179;152;15;0.9;0.5;79;104;0.5180723;232;235.2308;15;3
15180;152;15;0.9;0.5;80;101;0.4877049;256;236.2772;15;0
15181;152;15;0.9;0.5;81;101;0.4528302;269;237.901;15;0
15182;152;15;0.9;0.5;82;102;0.5206612;214;237.8627;15;1
15183;152;15;0.9;0.5;83;103;0.4474886;240;236.6602;15;2
15184;152;15;0.9;0.5;84;102;0.4779116;240;237.6275;15;1
15185;152;15;0.9;0.5;85;101;0.4782609;254;237.1881;15;0
15186;152;15;0.9;0.5;86;101;0.4869565;236;238.0297;15;0
15187;152;15;0.9;0.5;87;102;0.5244444;257;237.2059;15;1
15188;152;15;0.9;0.5;88;101;0.5568182;238;236.3168;15;0
15189;152;15;0.9;0.5;89;101;0.487395;258;236.4257;15;0
15190;152;15;0.9;0.5;90;102;0.5188285;269;237.1078;15;1
15191;152;15;0.9;0.5;91;103;0.4897119;232;235.7184;15;2
15192;152;15;0.9;0.5;92;101;0.5130435;238;234.9604;15;0
15193;152;15;0.9;0.5;93;101;0.4636015;234;237.5644;15;0
15194;152;15;0.9;0.5;94;101;0.5341365;226;235.7525;15;0
15195;152;15;0.9;0.5;95;101;0.5242291;264;236.6733;15;0
15196;152;15;0.9;0.5;96;104;0.5303644;231;235.7115;15;3
15197;152;15;0.9;0.5;97;101;0.4595745;224;236.8119;15;0
15198;152;15;0.9;0.5;98;101;0.5022026;245;237.099;15;0
15199;152;15;0.9;0.5;99;104;0.470852;220;235.4327;15;3
15200;152;15;0.9;0.5;100;101;0.4285714;230;237.9703;15;0
15201;153;17;0.9;0.5;1;102;0.4592275;254;239.2647;17;1
15202;153;17;0.9;0.5;2;103;0.5215517;227;238.0388;17;2
15203;153;17;0.9;0.5;3;104;0.4655172;261;236.7981;17;3
15204;153;17;0.9;0.5;4;103;0.5509434;237;236.9029;17;2
15205;153;17;0.9;0.5;5;101;0.5019305;219;237.5842;17;0
15206;153;17;0.9;0.5;6;102;0.4803493;236;236.1078;17;1
15207;153;17;0.9;0.5;7;101;0.5330739;231;238.0198;17;0
15208;153;17;0.9;0.5;8;101;0.4274194;254;240.0198;17;0
15209;153;17;0.9;0.5;9;101;0.5342466;269;237.703;17;0
15210;153;17;0.9;0.5;10;101;0.5110132;244;236.0693;17;0
15211;153;17;0.9;0.5;11;101;0.5091743;245;237.1683;17;0
15212;153;17;0.9;0.5;12;102;0.4561404;242;237.6471;17;1
15213;153;17;0.9;0.5;13;101;0.5323194;230;238.0198;17;0
15214;153;17;0.9;0.5;14;101;0.5041667;238;236.8416;17;0
15215;153;17;0.9;0.5;15;101;0.4767932;241;236.5644;17;0
15216;153;17;0.9;0.5;16;101;0.5585586;228;236.7228;17;0
15217;153;17;0.9;0.5;17;104;0.5493562;231;238.5673;17;3
15218;153;17;0.9;0.5;18;102;0.5141509;254;236.6373;17;1
15219;153;17;0.9;0.5;19;101;0.4481328;234;237.3465;17;0
15220;153;17;0.9;0.5;20;101;0.5676856;246;237.3465;17;0
15221;153;17;0.9;0.5;21;101;0.4956897;229;237.6832;17;0
15222;153;17;0.9;0.5;22;104;0.4669421;228;237.4231;17;3
15223;153;17;0.9;0.5;23;101;0.5020576;236;236.1584;17;0
15224;153;17;0.9;0.5;24;103;0.5087719;233;237.5243;17;2
15225;153;17;0.9;0.5;25;101;0.4581673;225;236;17;0
15226;153;17;0.9;0.5;26;101;0.5173913;243;237.8416;17;0
15227;153;17;0.9;0.5;27;101;0.5086207;213;237.604;17;0
15228;153;17;0.9;0.5;28;108;0.483871;225;238.1389;17;7
15229;153;17;0.9;0.5;29;102;0.48;230;237.1275;17;1
15230;153;17;0.9;0.5;30;101;0.5215686;229;234.8317;17;0
15231;153;17;0.9;0.5;31;102;0.4666667;246;237.6863;17;1
15232;153;17;0.9;0.5;32;101;0.5145228;230;236.396;17;0
15233;153;17;0.9;0.5;33;102;0.5291667;231;235.7843;17;1
15234;153;17;0.9;0.5;34;101;0.4595745;224;236.4653;17;0
15235;153;17;0.9;0.5;35;103;0.5380952;228;237.2233;17;2
15236;153;17;0.9;0.5;36;101;0.4827586;262;236.7921;17;0
15237;153;17;0.9;0.5;37;101;0.5084034;242;237.9307;17;0
15238;153;17;0.9;0.5;38;101;0.5381356;221;235.9604;17;0
15239;153;17;0.9;0.5;39;101;0.5;243;236.4554;17;0
15240;153;17;0.9;0.5;40;101;0.516;220;237.4554;17;0
15241;153;17;0.9;0.5;41;101;0.5793991;233;237.0792;17;0
15242;153;17;0.9;0.5;42;103;0.4774775;245;236.0874;17;2
15243;153;17;0.9;0.5;43;101;0.5304348;220;237.8515;17;0
15244;153;17;0.9;0.5;44;108;0.5222672;194;236.6296;17;7
15245;153;17;0.9;0.5;45;101;0.5381526;222;236.3564;17;0
15246;153;17;0.9;0.5;46;102;0.5041322;230;237.8922;17;1
15247;153;17;0.9;0.5;47;103;0.5254237;251;235.3883;17;2
15248;153;17;0.9;0.5;48;102;0.4837398;239;238.3725;17;1
15249;153;17;0.9;0.5;49;101;0.515873;239;234.4158;17;0
15250;153;17;0.9;0.5;50;101;0.4808511;227;236.4455;17;0
15251;153;17;0.9;0.5;51;102;0.5219124;261;238.098;17;1
15252;153;17;0.9;0.5;52;102;0.4453782;237;237.3529;17;1
15253;153;17;0.9;0.5;53;101;0.5220884;239;237.3069;17;0
15254;153;17;0.9;0.5;54;101;0.4896266;229;237.0792;17;0
15255;153;17;0.9;0.5;55;104;0.4919355;226;236.0288;17;3
15256;153;17;0.9;0.5;56;101;0.4791667;245;238.5248;17;0
15257;153;17;0.9;0.5;57;101;0.5139442;236;236.4158;17;0
15258;153;17;0.9;0.5;58;103;0.5;253;236.7961;17;2
15259;153;17;0.9;0.5;59;101;0.4403292;258;236.1485;17;0
15260;153;17;0.9;0.5;60;102;0.529661;241;235.8824;17;1
15261;153;17;0.9;0.5;61;105;0.4848485;231;237.1905;17;4
15262;153;17;0.9;0.5;62;101;0.511811;221;239.0396;17;0
15263;153;17;0.9;0.5;63;102;0.5112108;225;236.4412;17;1
15264;153;17;0.9;0.5;64;101;0.5240175;254;237.0495;17;0
15265;153;17;0.9;0.5;65;101;0.5021645;237;237.7426;17;0
15266;153;17;0.9;0.5;66;102;0.512931;259;238.0882;17;1
15267;153;17;0.9;0.5;67;101;0.4625;246;237.3267;17;0
15268;153;17;0.9;0.5;68;102;0.4876033;250;237.0784;17;1
15269;153;17;0.9;0.5;69;105;0.4585153;241;235.3238;17;4
15270;153;17;0.9;0.5;70;102;0.5308642;224;238.1078;17;1
15271;153;17;0.9;0.5;71;104;0.5131579;241;236.6923;17;3
15272;153;17;0.9;0.5;72;101;0.491453;223;234.4059;17;0
15273;153;17;0.9;0.5;73;101;0.5021277;251;239.0099;17;0
15274;153;17;0.9;0.5;74;101;0.4212766;213;237.1188;17;0
15275;153;17;0.9;0.5;75;101;0.5373134;265;236;17;0
15276;153;17;0.9;0.5;76;103;0.5142857;242;238.9223;17;2
15277;153;17;0.9;0.5;77;103;0.4734513;226;236.3495;17;2
15278;153;17;0.9;0.5;78;101;0.4365079;230;237.4257;17;0
15279;153;17;0.9;0.5;79;101;0.5327511;231;237.2772;17;0
15280;153;17;0.9;0.5;80;101;0.5118483;260;239.1881;17;0
15281;153;17;0.9;0.5;81;103;0.4888889;228;235.466;17;2
15282;153;17;0.9;0.5;82;101;0.482906;212;236.4554;17;0
15283;153;17;0.9;0.5;83;102;0.5095057;234;236.6569;17;1
15284;153;17;0.9;0.5;84;101;0.5098814;258;237.9307;17;0
15285;153;17;0.9;0.5;85;104;0.5081301;206;236.0769;17;3
15286;153;17;0.9;0.5;86;103;0.4745098;244;238.5631;17;2
15287;153;17;0.9;0.5;87;103;0.5447154;216;236.0194;17;2
15288;153;17;0.9;0.5;88;104;0.5158371;239;236.2788;17;3
15289;153;17;0.9;0.5;89;103;0.5429864;251;236.0194;17;2
15290;153;17;0.9;0.5;90;104;0.5086207;249;237.8365;17;3
15291;153;17;0.9;0.5;91;106;0.5673469;248;237.3679;17;5
15292;153;17;0.9;0.5;92;101;0.536;250;238.6238;17;0
15293;153;17;0.9;0.5;93;101;0.4959016;246;236.9604;17;0
15294;153;17;0.9;0.5;94;104;0.4372294;232;238.5096;17;3
15295;153;17;0.9;0.5;95;103;0.5119048;216;235.9223;17;2
15296;153;17;0.9;0.5;96;102;0.5022422;235;236.5294;17;1
15297;153;17;0.9;0.5;97;101;0.5145228;212;235.6436;17;0
15298;153;17;0.9;0.5;98;101;0.4773663;226;235.3267;17;0
15299;153;17;0.9;0.5;99;104;0.5080645;217;237.5385;17;3
15300;153;17;0.9;0.5;100;102;0.4872881;218;240.2745;17;1
15301;154;19;0.9;0.5;1;103;0.5090909;260;235.3786;19;2
15302;154;19;0.9;0.5;2;102;0.545082;232;237.3235;19;1
15303;154;19;0.9;0.5;3;101;0.4904762;225;237.1881;19;0
15304;154;19;0.9;0.5;4;104;0.5234375;219;237.0385;19;3
15305;154;19;0.9;0.5;5;103;0.5327511;250;238.1942;19;2
15306;154;19;0.9;0.5;6;101;0.5061224;211;236.4752;19;0
15307;154;19;0.9;0.5;7;102;0.4526749;254;239.8333;19;1
15308;154;19;0.9;0.5;8;102;0.5233645;229;237.1373;19;1
15309;154;19;0.9;0.5;9;101;0.4429224;246;238.5644;19;0
15310;154;19;0.9;0.5;10;103;0.5487805;204;235.7282;19;2
15311;154;19;0.9;0.5;11;103;0.5485232;232;236.1845;19;2
15312;154;19;0.9;0.5;12;102;0.4776786;231;236.9314;19;1
15313;154;19;0.9;0.5;13;101;0.5021645;225;236.8614;19;0
15314;154;19;0.9;0.5;14;102;0.5;241;236.1471;19;1
15315;154;19;0.9;0.5;15;101;0.5118483;234;235.1089;19;0
15316;154;19;0.9;0.5;16;101;0.5125;231;235.6535;19;0
15317;154;19;0.9;0.5;17;102;0.516129;235;235.0784;19;1
15318;154;19;0.9;0.5;18;101;0.5565217;225;235.297;19;0
15319;154;19;0.9;0.5;19;104;0.4612245;235;235.7212;19;3
15320;154;19;0.9;0.5;20;102;0.4911504;227;237.2451;19;1
15321;154;19;0.9;0.5;21;103;0.4435146;239;237.1845;19;2
15322;154;19;0.9;0.5;22;101;0.4843049;227;236.2673;19;0
15323;154;19;0.9;0.5;23;106;0.4774775;228;237.5755;19;5
15324;154;19;0.9;0.5;24;101;0.4859438;260;236.2376;19;0
15325;154;19;0.9;0.5;25;106;0.5;248;236.3113;19;5
15326;154;19;0.9;0.5;26;101;0.5135135;238;238.6832;19;0
15327;154;19;0.9;0.5;27;101;0.4932735;247;234.9307;19;0
15328;154;19;0.9;0.5;28;103;0.5437788;237;235.3786;19;2
15329;154;19;0.9;0.5;29;102;0.5022222;244;236.4216;19;1
15330;154;19;0.9;0.5;30;103;0.5789474;242;235.3204;19;2
15331;154;19;0.9;0.5;31;102;0.4752066;235;237.1765;19;1
15332;154;19;0.9;0.5;32;103;0.5254237;235;236.5146;19;2
15333;154;19;0.9;0.5;33;102;0.48583;205;235.9216;19;1
15334;154;19;0.9;0.5;34;101;0.5156951;241;236.6535;19;0
15335;154;19;0.9;0.5;35;103;0.4385246;243;237.4563;19;2
15336;154;19;0.9;0.5;36;101;0.4919355;219;235.9604;19;0
15337;154;19;0.9;0.5;37;101;0.4980843;234;236.8713;19;0
15338;154;19;0.9;0.5;38;102;0.5412844;224;236;19;1
15339;154;19;0.9;0.5;39;103;0.4943396;218;234.2718;19;2
15340;154;19;0.9;0.5;40;104;0.5393701;233;237.6827;19;3
15341;154;19;0.9;0.5;41;101;0.4571429;242;237.1782;19;0
15342;154;19;0.9;0.5;42;102;0.5247934;243;235.951;19;1
15343;154;19;0.9;0.5;43;101;0.473913;230;237.2673;19;0
15344;154;19;0.9;0.5;44;101;0.4347826;241;239.9307;19;0
15345;154;19;0.9;0.5;45;101;0.4405286;227;237.099;19;0
15346;154;19;0.9;0.5;46;101;0.47343;242;235.7327;19;0
15347;154;19;0.9;0.5;47;110;0.5040984;250;235.9455;19;9
15348;154;19;0.9;0.5;48;101;0.5057471;214;238.0495;19;0
15349;154;19;0.9;0.5;49;101;0.5;240;236.604;19;0
15350;154;19;0.9;0.5;50;102;0.4484127;240;237.6275;19;1
15351;154;19;0.9;0.5;51;104;0.4813084;256;236.2692;19;3
15352;154;19;0.9;0.5;52;101;0.5505618;247;236.6337;19;0
15353;154;19;0.9;0.5;53;103;0.4392523;259;235.2816;19;2
15354;154;19;0.9;0.5;54;101;0.5210084;231;237.3465;19;0
15355;154;19;0.9;0.5;55;101;0.4894515;238;238.3267;19;0
15356;154;19;0.9;0.5;56;101;0.4715447;235;238.0099;19;0
15357;154;19;0.9;0.5;57;104;0.460177;270;237.0481;19;3
15358;154;19;0.9;0.5;58;103;0.4824561;223;235.2233;19;2
15359;154;19;0.9;0.5;59;101;0.5381679;238;236.8119;19;0
15360;154;19;0.9;0.5;60;103;0.5088496;245;234.9806;19;2
15361;154;19;0.9;0.5;61;101;0.4941634;240;236.6337;19;0
15362;154;19;0.9;0.5;62;104;0.5125;230;237.4808;19;3
15363;154;19;0.9;0.5;63;101;0.4848485;242;235.9406;19;0
15364;154;19;0.9;0.5;64;101;0.5103734;236;237.4752;19;0
15365;154;19;0.9;0.5;65;101;0.504386;240;237.5842;19;0
15366;154;19;0.9;0.5;66;101;0.5491803;222;236.9406;19;0
15367;154;19;0.9;0.5;67;102;0.4978166;232;236.7157;19;1
15368;154;19;0.9;0.5;68;102;0.4722222;244;235.8235;19;1
15369;154;19;0.9;0.5;69;101;0.5384615;210;235.0099;19;0
15370;154;19;0.9;0.5;70;101;0.5079365;233;236.8119;19;0
15371;154;19;0.9;0.5;71;101;0.4853556;225;236.5842;19;0
15372;154;19;0.9;0.5;72;101;0.5260664;231;237.0297;19;0
15373;154;19;0.9;0.5;73;101;0.5813008;245;237.6535;19;0
15374;154;19;0.9;0.5;74;101;0.4805195;243;234.4752;19;0
15375;154;19;0.9;0.5;75;102;0.523622;239;237.2941;19;1
15376;154;19;0.9;0.5;76;101;0.5446809;260;236.8515;19;0
15377;154;19;0.9;0.5;77;101;0.5803571;240;236.4356;19;0
15378;154;19;0.9;0.5;78;101;0.4915966;222;235.6832;19;0
15379;154;19;0.9;0.5;79;105;0.5227273;252;235.3714;19;4
15380;154;19;0.9;0.5;80;102;0.5079365;229;237.0196;19;1
15381;154;19;0.9;0.5;81;102;0.4779116;231;235.6275;19;1
15382;154;19;0.9;0.5;82;102;0.5234043;230;237.6373;19;1
15383;154;19;0.9;0.5;83;101;0.5349794;224;237.3762;19;0
15384;154;19;0.9;0.5;84;101;0.4956522;226;239.2376;19;0
15385;154;19;0.9;0.5;85;102;0.5320755;257;237.5588;19;1
15386;154;19;0.9;0.5;86;101;0.5606695;236;237.6832;19;0
15387;154;19;0.9;0.5;87;101;0.5511111;238;236.5644;19;0
15388;154;19;0.9;0.5;88;101;0.5409836;231;236.5743;19;0
15389;154;19;0.9;0.5;89;103;0.5493562;234;238.8544;19;2
15390;154;19;0.9;0.5;90;101;0.5112108;273;238.7426;19;0
15391;154;19;0.9;0.5;91;102;0.473029;243;238.8137;19;1
15392;154;19;0.9;0.5;92;101;0.5531915;223;237.1485;19;0
15393;154;19;0.9;0.5;93;101;0.4578313;216;237.9802;19;0
15394;154;19;0.9;0.5;94;102;0.4901186;218;236.5882;19;1
15395;154;19;0.9;0.5;95;101;0.4977169;233;237.8515;19;0
15396;154;19;0.9;0.5;96;101;0.5409836;242;236.5446;19;0
15397;154;19;0.9;0.5;97;101;0.5234043;244;237.9307;19;0
15398;154;19;0.9;0.5;98;102;0.5066667;231;235.049;19;1
15399;154;19;0.9;0.5;99;103;0.4849624;229;235.6699;19;2
15400;154;19;0.9;0.5;100;103;0.5235849;249;237.6893;19;2
15401;155;21;0.9;0.5;1;101;0.5555556;238;236.1188;21;0
15402;155;21;0.9;0.5;2;106;0.4896266;240;237.3302;21;5
15403;155;21;0.9;0.5;3;104;0.5829384;231;237.7885;21;3
15404;155;21;0.9;0.5;4;101;0.5070423;253;237.6634;21;0
15405;155;21;0.9;0.5;5;104;0.5211268;265;237.5096;21;3
15406;155;21;0.9;0.5;6;103;0.4810127;238;238.0097;21;2
15407;155;21;0.9;0.5;7;101;0.5;239;236.6634;21;0
15408;155;21;0.9;0.5;8;102;0.5;246;238.1275;21;1
15409;155;21;0.9;0.5;9;103;0.5105485;211;235.4757;21;2
15410;155;21;0.9;0.5;10;102;0.4476987;226;237.2059;21;1
15411;155;21;0.9;0.5;11;102;0.4895397;244;237.7745;21;1
15412;155;21;0.9;0.5;12;102;0.4728033;224;238.3627;21;1
15413;155;21;0.9;0.5;13;101;0.5390947;223;236.6337;21;0
15414;155;21;0.9;0.5;14;104;0.5603448;260;237.9327;21;3
15415;155;21;0.9;0.5;15;103;0.4976077;240;237.1068;21;2
15416;155;21;0.9;0.5;16;106;0.5580357;246;236.8868;21;5
15417;155;21;0.9;0.5;17;101;0.5181818;238;237.7822;21;0
15418;155;21;0.9;0.5;18;101;0.4796748;243;235.4851;21;0
15419;155;21;0.9;0.5;19;101;0.5232068;235;236.9901;21;0
15420;155;21;0.9;0.5;20;101;0.5321888;245;236.4554;21;0
15421;155;21;0.9;0.5;21;103;0.4940239;247;238.2524;21;2
15422;155;21;0.9;0.5;22;101;0.4806867;230;233.5446;21;0
15423;155;21;0.9;0.5;23;101;0.5695652;249;235.3564;21;0
15424;155;21;0.9;0.5;24;101;0.4565217;214;235.1881;21;0
15425;155;21;0.9;0.5;25;102;0.4937238;237;236.1176;21;1
15426;155;21;0.9;0.5;26;104;0.5527426;230;236.9808;21;3
15427;155;21;0.9;0.5;27;101;0.572;246;235.8911;21;0
15428;155;21;0.9;0.5;28;102;0.5367965;232;237.0882;21;1
15429;155;21;0.9;0.5;29;104;0.5173913;232;235.7019;21;3
15430;155;21;0.9;0.5;30;101;0.473913;246;237.901;21;0
15431;155;21;0.9;0.5;31;104;0.4810127;250;235.7212;21;3
15432;155;21;0.9;0.5;32;101;0.486166;232;236.396;21;0
15433;155;21;0.9;0.5;33;101;0.4811715;235;234.7228;21;0
15434;155;21;0.9;0.5;34;106;0.5043478;252;235.4717;21;5
15435;155;21;0.9;0.5;35;101;0.534413;254;237.7822;21;0
15436;155;21;0.9;0.5;36;101;0.5186722;219;235.6931;21;0
15437;155;21;0.9;0.5;37;101;0.4;221;237.4158;21;0
15438;155;21;0.9;0.5;38;103;0.4796748;252;237.835;21;2
15439;155;21;0.9;0.5;39;104;0.4779116;226;235.9423;21;3
15440;155;21;0.9;0.5;40;102;0.5726872;252;237.8333;21;1
15441;155;21;0.9;0.5;41;101;0.4711111;225;235.9307;21;0
15442;155;21;0.9;0.5;42;101;0.4338843;230;236.1188;21;0
15443;155;21;0.9;0.5;43;103;0.4900398;240;236.8932;21;2
15444;155;21;0.9;0.5;44;101;0.48;248;237.1881;21;0
15445;155;21;0.9;0.5;45;103;0.5114155;244;236.9515;21;2
15446;155;21;0.9;0.5;46;101;0.468254;219;238.099;21;0
15447;155;21;0.9;0.5;47;102;0.5435685;237;236.3235;21;1
15448;155;21;0.9;0.5;48;102;0.5245902;235;236.6863;21;1
15449;155;21;0.9;0.5;49;101;0.5022422;234;237.6832;21;0
15450;155;21;0.9;0.5;50;105;0.4607843;240;237.0476;21;4
15451;155;21;0.9;0.5;51;101;0.5;223;237.1188;21;0
15452;155;21;0.9;0.5;52;101;0.4106464;247;235.7426;21;0
15453;155;21;0.9;0.5;53;102;0.4109589;254;238.0882;21;1
15454;155;21;0.9;0.5;54;101;0.5115385;238;235.5743;21;0
15455;155;21;0.9;0.5;55;101;0.5338645;227;239.0396;21;0
15456;155;21;0.9;0.5;56;101;0.5181818;254;237.8614;21;0
15457;155;21;0.9;0.5;57;103;0.5037594;220;237.1068;21;2
15458;155;21;0.9;0.5;58;102;0.4758065;214;235.6863;21;1
15459;155;21;0.9;0.5;59;104;0.5252101;247;233.7692;21;3
15460;155;21;0.9;0.5;60;101;0.5206612;258;237.4455;21;0
15461;155;21;0.9;0.5;61;103;0.5080645;232;235.5922;21;2
15462;155;21;0.9;0.5;62;108;0.5083333;235;235.8056;21;7
15463;155;21;0.9;0.5;63;101;0.5219124;219;236.2277;21;0
15464;155;21;0.9;0.5;64;101;0.489083;246;237.2277;21;0
15465;155;21;0.9;0.5;65;102;0.4646018;240;237.7451;21;1
15466;155;21;0.9;0.5;66;102;0.5330189;243;237.2451;21;1
15467;155;21;0.9;0.5;67;103;0.487395;215;236.9223;21;2
15468;155;21;0.9;0.5;68;101;0.4854369;269;236.4851;21;0
15469;155;21;0.9;0.5;69;102;0.4847328;256;236.1765;21;1
15470;155;21;0.9;0.5;70;101;0.5234043;226;236.9505;21;0
15471;155;21;0.9;0.5;71;102;0.5798319;215;237.3725;21;1
15472;155;21;0.9;0.5;72;104;0.4579832;218;236.7212;21;3
15473;155;21;0.9;0.5;73;106;0.5650407;246;237.1509;21;5
15474;155;21;0.9;0.5;74;101;0.5136187;238;238.9505;21;0
15475;155;21;0.9;0.5;75;101;0.5442478;254;236.3663;21;0
15476;155;21;0.9;0.5;76;101;0.527881;225;236.3069;21;0
15477;155;21;0.9;0.5;77;101;0.4937759;231;237.6436;21;0
15478;155;21;0.9;0.5;78;103;0.5180723;215;236.3495;21;2
15479;155;21;0.9;0.5;79;104;0.4932735;234;235.1154;21;3
15480;155;21;0.9;0.5;80;106;0.5144033;234;238.566;21;5
15481;155;21;0.9;0.5;81;101;0.4892704;228;238.1386;21;0
15482;155;21;0.9;0.5;82;101;0.5387931;233;235.2772;21;0
15483;155;21;0.9;0.5;83;104;0.4900398;208;234.8558;21;3
15484;155;21;0.9;0.5;84;111;0.5645933;244;236.5586;21;10
15485;155;21;0.9;0.5;85;101;0.4913793;240;235.6238;21;0
15486;155;21;0.9;0.5;86;102;0.4622222;239;236.7451;21;1
15487;155;21;0.9;0.5;87;101;0.5269231;234;237.7624;21;0
15488;155;21;0.9;0.5;88;103;0.501992;233;236.5825;21;2
15489;155;21;0.9;0.5;89;101;0.5974576;243;237.2871;21;0
15490;155;21;0.9;0.5;90;102;0.5648536;227;238.3333;21;1
15491;155;21;0.9;0.5;91;101;0.5140562;236;236.5347;21;0
15492;155;21;0.9;0.5;92;105;0.4700855;211;234.4381;21;4
15493;155;21;0.9;0.5;93;102;0.4915966;236;237.7647;21;1
15494;155;21;0.9;0.5;94;101;0.503876;232;238.1782;21;0
15495;155;21;0.9;0.5;95;102;0.488;223;236.6667;21;1
15496;155;21;0.9;0.5;96;101;0.4916667;238;236.1485;21;0
15497;155;21;0.9;0.5;97;101;0.4913043;246;234.9604;21;0
15498;155;21;0.9;0.5;98;102;0.5042373;255;237.0098;21;1
15499;155;21;0.9;0.5;99;102;0.4625;246;235.2451;21;1
15500;155;21;0.9;0.5;100;101;0.4841629;257;236.5842;21;0
15501;156;23;0.9;0.5;1;101;0.5;210;234.802;23;0
15502;156;23;0.9;0.5;2;104;0.5177866;250;238.1346;23;3
15503;156;23;0.9;0.5;3;101;0.4580153;229;237.1782;23;0
15504;156;23;0.9;0.5;4;102;0.5286344;219;236;23;1
15505;156;23;0.9;0.5;5;101;0.5019305;219;235.6634;23;0
15506;156;23;0.9;0.5;6;101;0.4522822;249;237.1188;23;0
15507;156;23;0.9;0.5;7;101;0.5486726;263;237.5347;23;0
15508;156;23;0.9;0.5;8;103;0.5222672;218;236.3204;23;2
15509;156;23;0.9;0.5;9;102;0.5241935;230;236.8235;23;1
15510;156;23;0.9;0.5;10;106;0.5;258;237.2358;23;5
15511;156;23;0.9;0.5;11;103;0.5446809;224;232.4175;23;2
15512;156;23;0.9;0.5;12;101;0.4666667;233;238.3168;23;0
15513;156;23;0.9;0.5;13;103;0.4425532;236;236.7087;23;2
15514;156;23;0.9;0.5;14;101;0.5092593;272;236.2871;23;0
15515;156;23;0.9;0.5;15;102;0.5875486;230;235.1471;23;1
15516;156;23;0.9;0.5;16;101;0.4861111;252;236.7426;23;0
15517;156;23;0.9;0.5;17;101;0.5305344;220;235.9604;23;0
15518;156;23;0.9;0.5;18;101;0.5291829;237;236.6931;23;0
15519;156;23;0.9;0.5;19;101;0.4866071;236;235.901;23;0
15520;156;23;0.9;0.5;20;101;0.5111111;267;236.3069;23;0
15521;156;23;0.9;0.5;21;102;0.4713115;243;236.2745;23;1
15522;156;23;0.9;0.5;22;101;0.5454545;226;237.6337;23;0
15523;156;23;0.9;0.5;23;101;0.5022422;229;236.9505;23;0
15524;156;23;0.9;0.5;24;101;0.5367965;234;238.0396;23;0
15525;156;23;0.9;0.5;25;104;0.5204918;229;237.2596;23;3
15526;156;23;0.9;0.5;26;101;0.4077253;228;238.5644;23;0
15527;156;23;0.9;0.5;27;101;0.504;225;235.4356;23;0
15528;156;23;0.9;0.5;28;102;0.5;248;237.3824;23;1
15529;156;23;0.9;0.5;29;102;0.3991031;258;237.1373;23;1
15530;156;23;0.9;0.5;30;101;0.4937238;239;237.4158;23;0
15531;156;23;0.9;0.5;31;103;0.5458167;239;236.3786;23;2
15532;156;23;0.9;0.5;32;104;0.507177;266;235.9904;23;3
15533;156;23;0.9;0.5;33;103;0.5132743;254;235.2233;23;2
15534;156;23;0.9;0.5;34;101;0.5744681;262;236.7228;23;0
15535;156;23;0.9;0.5;35;101;0.4897959;244;237.6634;23;0
15536;156;23;0.9;0.5;36;101;0.4458333;241;236.3564;23;0
15537;156;23;0.9;0.5;37;101;0.4678112;213;238.5644;23;0
15538;156;23;0.9;0.5;38;102;0.5;246;237.7549;23;1
15539;156;23;0.9;0.5;39;109;0.4844444;242;238.1468;23;8
15540;156;23;0.9;0.5;40;102;0.5365854;228;237.9902;23;1
15541;156;23;0.9;0.5;41;101;0.5221239;243;235.6634;23;0
15542;156;23;0.9;0.5;42;102;0.5145228;213;236.0882;23;1
15543;156;23;0.9;0.5;43;103;0.4351852;250;235.6408;23;2
15544;156;23;0.9;0.5;44;101;0.4516129;237;234.3267;23;0
15545;156;23;0.9;0.5;45;102;0.5086207;245;236.6863;23;1
15546;156;23;0.9;0.5;46;103;0.4814815;232;235.5049;23;2
15547;156;23;0.9;0.5;47;101;0.5104603;237;236.7723;23;0
15548;156;23;0.9;0.5;48;101;0.480916;241;236.8317;23;0
15549;156;23;0.9;0.5;49;101;0.460251;238;237.0099;23;0
15550;156;23;0.9;0.5;50;101;0.4933333;226;236.0891;23;0
15551;156;23;0.9;0.5;51;102;0.4776119;243;236.2255;23;1
15552;156;23;0.9;0.5;52;103;0.4977376;248;236.4272;23;2
15553;156;23;0.9;0.5;53;102;0.4561404;235;235.1471;23;1
15554;156;23;0.9;0.5;54;103;0.4957627;239;237.7087;23;2
15555;156;23;0.9;0.5;55;101;0.5084034;236;237.8515;23;0
15556;156;23;0.9;0.5;56;102;0.5130435;252;236.402;23;1
15557;156;23;0.9;0.5;57;103;0.4810127;254;236.767;23;2
15558;156;23;0.9;0.5;58;101;0.4471545;242;236.901;23;0
15559;156;23;0.9;0.5;59;101;0.5165877;238;235.1683;23;0
15560;156;23;0.9;0.5;60;101;0.5086957;224;236.7129;23;0
15561;156;23;0.9;0.5;61;102;0.5083333;246;236.098;23;1
15562;156;23;0.9;0.5;62;104;0.4625;215;237.0385;23;3
15563;156;23;0.9;0.5;63;101;0.5169492;249;237.9802;23;0
15564;156;23;0.9;0.5;64;105;0.5114155;220;235.0667;23;4
15565;156;23;0.9;0.5;65;101;0.4904215;208;235.8515;23;0
15566;156;23;0.9;0.5;66;101;0.5219124;231;237.0297;23;0
15567;156;23;0.9;0.5;67;101;0.5384615;258;236.703;23;0
15568;156;23;0.9;0.5;68;101;0.5844749;242;235.9505;23;0
15569;156;23;0.9;0.5;69;103;0.5183673;236;237.7184;23;2
15570;156;23;0.9;0.5;70;103;0.5381166;234;236.1748;23;2
15571;156;23;0.9;0.5;71;101;0.624;229;235.6733;23;0
15572;156;23;0.9;0.5;72;101;0.5265306;257;237.1287;23;0
15573;156;23;0.9;0.5;73;103;0.4934498;262;237.8252;23;2
15574;156;23;0.9;0.5;74;105;0.489083;232;239.3714;23;4
15575;156;23;0.9;0.5;75;105;0.5043478;240;237.6;23;4
15576;156;23;0.9;0.5;76;101;0.4978723;241;235.297;23;0
15577;156;23;0.9;0.5;77;102;0.4692308;260;236.598;23;1
15578;156;23;0.9;0.5;78;101;0.5603113;220;237.7822;23;0
15579;156;23;0.9;0.5;79;103;0.5;241;237.1553;23;2
15580;156;23;0.9;0.5;80;101;0.5111111;239;236.297;23;0
15581;156;23;0.9;0.5;81;101;0.4466403;248;235.9703;23;0
15582;156;23;0.9;0.5;82;102;0.5391705;250;236.098;23;1
15583;156;23;0.9;0.5;83;106;0.4642857;251;235.3868;23;5
15584;156;23;0.9;0.5;84;103;0.4593496;236;236.1456;23;2
15585;156;23;0.9;0.5;85;102;0.5252101;234;238.6569;23;1
15586;156;23;0.9;0.5;86;101;0.502008;238;238.7228;23;0
15587;156;23;0.9;0.5;87;101;0.4612069;262;238.2376;23;0
15588;156;23;0.9;0.5;88;102;0.4508929;259;235.2941;23;1
15589;156;23;0.9;0.5;89;101;0.4779116;239;233.396;23;0
15590;156;23;0.9;0.5;90;101;0.5321101;242;237.7624;23;0
15591;156;23;0.9;0.5;91;101;0.5021097;251;236.7228;23;0
15592;156;23;0.9;0.5;92;101;0.4977974;226;234.4455;23;0
15593;156;23;0.9;0.5;93;101;0.4650206;238;236.3168;23;0
15594;156;23;0.9;0.5;94;101;0.4628099;220;235.2277;23;0
15595;156;23;0.9;0.5;95;101;0.4724409;238;236.6337;23;0
15596;156;23;0.9;0.5;96;103;0.5108696;224;237.0583;23;2
15597;156;23;0.9;0.5;97;101;0.4886878;242;238.3762;23;0
15598;156;23;0.9;0.5;98;103;0.5127119;243;237.0583;23;2
15599;156;23;0.9;0.5;99;102;0.5310078;230;237.2353;23;1
15600;156;23;0.9;0.5;100;101;0.4978723;238;235.8812;23;0
15601;157;25;0.9;0.5;1;101;0.5058366;246;236.1188;25;0
15602;157;25;0.9;0.5;2;102;0.5583333;247;237.4412;25;1
15603;157;25;0.9;0.5;3;101;0.4767025;236;235.7129;25;0
15604;157;25;0.9;0.5;4;103;0.4761905;235;236.8641;25;2
15605;157;25;0.9;0.5;5;101;0.472103;228;237.9307;25;0
15606;157;25;0.9;0.5;6;101;0.5473251;233;235.9307;25;0
15607;157;25;0.9;0.5;7;101;0.5791667;221;235.5743;25;0
15608;157;25;0.9;0.5;8;102;0.5021834;238;236.6078;25;1
15609;157;25;0.9;0.5;9;101;0.5172414;246;237.0891;25;0
15610;157;25;0.9;0.5;10;103;0.4824561;245;237.1748;25;2
15611;157;25;0.9;0.5;11;101;0.5113636;249;237.5248;25;0
15612;157;25;0.9;0.5;12;102;0.489083;216;235.8039;25;1
15613;157;25;0.9;0.5;13;102;0.4655172;222;235.7451;25;1
15614;157;25;0.9;0.5;14;101;0.532;233;235.8812;25;0
15615;157;25;0.9;0.5;15;103;0.4070796;234;236.8738;25;2
15616;157;25;0.9;0.5;16;102;0.5546218;229;234.4314;25;1
15617;157;25;0.9;0.5;17;101;0.5182186;223;235.8317;25;0
15618;157;25;0.9;0.5;18;108;0.4843049;253;237.8241;25;7
15619;157;25;0.9;0.5;19;102;0.5100402;232;237.2745;25;1
15620;157;25;0.9;0.5;20;101;0.5088496;226;236.2277;25;0
15621;157;25;0.9;0.5;21;106;0.4686192;250;238.3019;25;5
15622;157;25;0.9;0.5;22;101;0.5214008;235;238.1089;25;0
15623;157;25;0.9;0.5;23;101;0.5261044;238;238.4851;25;0
15624;157;25;0.9;0.5;24;103;0.45;240;236.3495;25;2
15625;157;25;0.9;0.5;25;101;0.4854772;244;234.0297;25;0
15626;157;25;0.9;0.5;26;101;0.546875;238;237.7723;25;0
15627;157;25;0.9;0.5;27;101;0.5205479;245;234.5446;25;0
15628;157;25;0.9;0.5;28;103;0.4859813;244;235.8155;25;2
15629;157;25;0.9;0.5;29;101;0.4912281;259;238.6337;25;0
15630;157;25;0.9;0.5;30;101;0.5178571;240;239.0792;25;0
15631;157;25;0.9;0.5;31;103;0.4647887;222;236.0194;25;2
15632;157;25;0.9;0.5;32;101;0.5136187;219;237.4653;25;0
15633;157;25;0.9;0.5;33;101;0.4541667;240;236.6931;25;0
15634;157;25;0.9;0.5;34;103;0.4784483;239;236.2039;25;2
15635;157;25;0.9;0.5;35;101;0.5245283;200;236.198;25;0
15636;157;25;0.9;0.5;36;102;0.5608696;237;236.3725;25;1
15637;157;25;0.9;0.5;37;101;0.4604651;248;235.396;25;0
15638;157;25;0.9;0.5;38;101;0.531746;216;237.4356;25;0
15639;157;25;0.9;0.5;39;103;0.4843049;244;236.4272;25;2
15640;157;25;0.9;0.5;40;101;0.4899598;226;236.4257;25;0
15641;157;25;0.9;0.5;41;102;0.502008;228;236.8137;25;1
15642;157;25;0.9;0.5;42;102;0.4495798;243;237.2843;25;1
15643;157;25;0.9;0.5;43;101;0.5213675;233;237.1386;25;0
15644;157;25;0.9;0.5;44;101;0.4497817;232;238;25;0
15645;157;25;0.9;0.5;45;101;0.477551;216;237.7822;25;0
15646;157;25;0.9;0.5;46;104;0.5;235;238.0192;25;3
15647;157;25;0.9;0.5;47;101;0.527897;221;237.1386;25;0
15648;157;25;0.9;0.5;48;101;0.5;226;235.3069;25;0
15649;157;25;0.9;0.5;49;108;0.4693878;209;236.8426;25;7
15650;157;25;0.9;0.5;50;101;0.4957627;254;236.5644;25;0
15651;157;25;0.9;0.5;51;101;0.5021277;210;235.9109;25;0
15652;157;25;0.9;0.5;52;101;0.4541667;230;236.1089;25;0
15653;157;25;0.9;0.5;53;101;0.4872881;238;236.2871;25;0
15654;157;25;0.9;0.5;54;101;0.5565217;222;237.5545;25;0
15655;157;25;0.9;0.5;55;102;0.4508197;218;234.9412;25;1
15656;157;25;0.9;0.5;56;102;0.5525292;250;236.2451;25;1
15657;157;25;0.9;0.5;57;101;0.441048;240;236.6139;25;0
15658;157;25;0.9;0.5;58;101;0.5495868;244;237.396;25;0
15659;157;25;0.9;0.5;59;101;0.4909091;242;236.2574;25;0
15660;157;25;0.9;0.5;60;101;0.4708333;256;238.5644;25;0
15661;157;25;0.9;0.5;61;102;0.5361702;232;237.8627;25;1
15662;157;25;0.9;0.5;62;102;0.5439331;246;238.6176;25;1
15663;157;25;0.9;0.5;63;102;0.4366812;250;236.9706;25;1
15664;157;25;0.9;0.5;64;101;0.5;218;236.1188;25;0
15665;157;25;0.9;0.5;65;102;0.46875;224;235.598;25;1
15666;157;25;0.9;0.5;66;101;0.5282258;232;238.1188;25;0
15667;157;25;0.9;0.5;67;102;0.463964;225;237.0882;25;1
15668;157;25;0.9;0.5;68;106;0.4821429;250;238.8208;25;5
15669;157;25;0.9;0.5;69;101;0.4854772;230;234.7327;25;0
15670;157;25;0.9;0.5;70;104;0.5095785;213;236.4038;25;3
15671;157;25;0.9;0.5;71;101;0.5090909;231;233.6139;25;0
15672;157;25;0.9;0.5;72;103;0.5614754;220;235.7476;25;2
15673;157;25;0.9;0.5;73;102;0.542735;242;238.5098;25;1
15674;157;25;0.9;0.5;74;101;0.4674797;231;237.8614;25;0
15675;157;25;0.9;0.5;75;102;0.4577778;228;237.3627;25;1
15676;157;25;0.9;0.5;76;102;0.5581395;261;236.8824;25;1
15677;157;25;0.9;0.5;77;101;0.4917355;222;237.0594;25;0
15678;157;25;0.9;0.5;78;102;0.5137615;258;235.8529;25;1
15679;157;25;0.9;0.5;79;101;0.5058366;241;237.3861;25;0
15680;157;25;0.9;0.5;80;108;0.4880952;237;234.963;25;7
15681;157;25;0.9;0.5;81;101;0.539749;226;237.6535;25;0
15682;157;25;0.9;0.5;82;101;0.4541284;238;236.2178;25;0
15683;157;25;0.9;0.5;83;101;0.5021834;237;236.9604;25;0
15684;157;25;0.9;0.5;84;103;0.5765766;246;236.8155;25;2
15685;157;25;0.9;0.5;85;101;0.5642202;244;236.1881;25;0
15686;157;25;0.9;0.5;86;101;0.4918033;213;237.6832;25;0
15687;157;25;0.9;0.5;87;101;0.4541833;218;236.1089;25;0
15688;157;25;0.9;0.5;88;101;0.5656109;266;236.5743;25;0
15689;157;25;0.9;0.5;89;101;0.5107296;242;237.7129;25;0
15690;157;25;0.9;0.5;90;101;0.4904215;232;237.9406;25;0
15691;157;25;0.9;0.5;91;101;0.4669604;235;236.7822;25;0
15692;157;25;0.9;0.5;92;101;0.5232068;240;236.0099;25;0
15693;157;25;0.9;0.5;93;101;0.5041322;211;236.8614;25;0
15694;157;25;0.9;0.5;94;101;0.4683544;244;235.9208;25;0
15695;157;25;0.9;0.5;95;101;0.512931;250;237.5644;25;0
15696;157;25;0.9;0.5;96;101;0.505618;249;237.7822;25;0
15697;157;25;0.9;0.5;97;101;0.5062762;234;236.9109;25;0
15698;157;25;0.9;0.5;98;103;0.4752066;228;235.3689;25;2
15699;157;25;0.9;0.5;99;102;0.5114155;248;235.6176;25;1
15700;157;25;0.9;0.5;100;101;0.5305164;265;237.0891;25;0
15701;158;27;0.9;0.5;1;101;0.5059289;252;235.7723;27;0
15702;158;27;0.9;0.5;2;104;0.520362;243;236.5096;27;3
15703;158;27;0.9;0.5;3;101;0.5066667;251;237.6733;27;0
15704;158;27;0.9;0.5;4;101;0.5023041;244;236.0594;27;0
15705;158;27;0.9;0.5;5;105;0.4579439;234;234.981;27;4
15706;158;27;0.9;0.5;6;101;0.5117188;231;236.7723;27;0
15707;158;27;0.9;0.5;7;103;0.4849624;246;239.4175;27;2
15708;158;27;0.9;0.5;8;101;0.4752066;243;237.1188;27;0
15709;158;27;0.9;0.5;9;104;0.4957627;255;236.3942;27;3
15710;158;27;0.9;0.5;10;101;0.5454545;241;234.7822;27;0
15711;158;27;0.9;0.5;11;101;0.496124;239;236.901;27;0
15712;158;27;0.9;0.5;12;102;0.4780876;248;235.5294;27;1
15713;158;27;0.9;0.5;13;103;0.5194805;228;238.1262;27;2
15714;158;27;0.9;0.5;14;102;0.5086207;230;237.402;27;1
15715;158;27;0.9;0.5;15;102;0.5065502;233;236.7647;27;1
15716;158;27;0.9;0.5;16;102;0.487395;247;234.7255;27;1
15717;158;27;0.9;0.5;17;101;0.5532787;234;237.6832;27;0
15718;158;27;0.9;0.5;18;102;0.5069124;232;236.5784;27;1
15719;158;27;0.9;0.5;19;101;0.5381356;245;237.2277;27;0
15720;158;27;0.9;0.5;20;102;0.5474138;239;235.7059;27;1
15721;158;27;0.9;0.5;21;101;0.4918033;227;236.5347;27;0
15722;158;27;0.9;0.5;22;101;0.5042735;254;237.0396;27;0
15723;158;27;0.9;0.5;23;101;0.5335968;228;236.7921;27;0
15724;158;27;0.9;0.5;24;103;0.4976959;263;236.9029;27;2
15725;158;27;0.9;0.5;25;101;0.4678112;232;237.5941;27;0
15726;158;27;0.9;0.5;26;101;0.508;230;236.8515;27;0
15727;158;27;0.9;0.5;27;102;0.4247788;235;234.4706;27;1
15728;158;27;0.9;0.5;28;103;0.516129;237;235.7864;27;2
15729;158;27;0.9;0.5;29;101;0.472973;247;236.0198;27;0
15730;158;27;0.9;0.5;30;101;0.4976077;228;238.5149;27;0
15731;158;27;0.9;0.5;31;101;0.4915254;247;235.9604;27;0
15732;158;27;0.9;0.5;32;102;0.5381356;234;236.4118;27;1
15733;158;27;0.9;0.5;33;102;0.526971;246;236.549;27;1
15734;158;27;0.9;0.5;34;103;0.4652174;248;236.7864;27;2
15735;158;27;0.9;0.5;35;102;0.5532787;226;236.1471;27;1
15736;158;27;0.9;0.5;36;101;0.4804688;234;236.4158;27;0
15737;158;27;0.9;0.5;37;102;0.4851064;209;236.2353;27;1
15738;158;27;0.9;0.5;38;101;0.4899598;234;236.6931;27;0
15739;158;27;0.9;0.5;39;101;0.5162602;230;236.2673;27;0
15740;158;27;0.9;0.5;40;101;0.525641;230;237.2178;27;0
15741;158;27;0.9;0.5;41;102;0.5265487;241;237.8529;27;1
15742;158;27;0.9;0.5;42;102;0.4567901;230;234.5784;27;1
15743;158;27;0.9;0.5;43;103;0.4266055;236;237.0291;27;2
15744;158;27;0.9;0.5;44;102;0.5022422;231;236.0098;27;1
15745;158;27;0.9;0.5;45;101;0.4545455;211;235.1584;27;0
15746;158;27;0.9;0.5;46;102;0.5;230;235.3725;27;1
15747;158;27;0.9;0.5;47;104;0.472973;233;234.875;27;3
15748;158;27;0.9;0.5;48;102;0.4749035;225;237.7353;27;1
15749;158;27;0.9;0.5;49;103;0.4385246;235;237.0874;27;2
15750;158;27;0.9;0.5;50;102;0.4859438;241;236.0686;27;1
15751;158;27;0.9;0.5;51;101;0.5101215;237;237.9406;27;0
15752;158;27;0.9;0.5;52;102;0.4958678;230;235.6373;27;1
15753;158;27;0.9;0.5;53;101;0.5303644;226;237.2475;27;0
15754;158;27;0.9;0.5;54;101;0.4592275;240;235.3267;27;0
15755;158;27;0.9;0.5;55;102;0.5155039;233;235.8922;27;1
15756;158;27;0.9;0.5;56;101;0.4692982;246;236.5347;27;0
15757;158;27;0.9;0.5;57;103;0.4439655;244;236.165;27;2
15758;158;27;0.9;0.5;58;101;0.4935065;234;235.5248;27;0
15759;158;27;0.9;0.5;59;102;0.4715447;247;236.5098;27;1
15760;158;27;0.9;0.5;60;101;0.4723618;253;236.8119;27;0
15761;158;27;0.9;0.5;61;102;0.4960938;249;239.3431;27;1
15762;158;27;0.9;0.5;62;101;0.5066667;243;237.7228;27;0
15763;158;27;0.9;0.5;63;103;0.5368852;240;236.6796;27;2
15764;158;27;0.9;0.5;64;101;0.5336323;244;238.4455;27;0
15765;158;27;0.9;0.5;65;101;0.4466403;234;237.0792;27;0
15766;158;27;0.9;0.5;66;102;0.5066079;233;235.098;27;1
15767;158;27;0.9;0.5;67;102;0.5081967;219;237.402;27;1
15768;158;27;0.9;0.5;68;102;0.5576923;233;235.6569;27;1
15769;158;27;0.9;0.5;69;106;0.4963768;236;236.8962;27;5
15770;158;27;0.9;0.5;70;103;0.472973;234;236.466;27;2
15771;158;27;0.9;0.5;71;104;0.4693878;256;239.25;27;3
15772;158;27;0.9;0.5;72;101;0.5209302;259;234.4059;27;0
15773;158;27;0.9;0.5;73;105;0.5169492;236;236.2571;27;4
15774;158;27;0.9;0.5;74;102;0.4669811;231;238.1373;27;1
15775;158;27;0.9;0.5;75;101;0.5283843;244;240.1485;27;0
15776;158;27;0.9;0.5;76;102;0.5044643;244;237.9706;27;1
15777;158;27;0.9;0.5;77;102;0.5307018;231;237.0392;27;1
15778;158;27;0.9;0.5;78;102;0.5;218;235.5882;27;1
15779;158;27;0.9;0.5;79;102;0.490991;251;238.0196;27;1
15780;158;27;0.9;0.5;80;102;0.452381;210;237.2059;27;1
15781;158;27;0.9;0.5;81;102;0.517094;220;234.4804;27;1
15782;158;27;0.9;0.5;82;101;0.4734694;257;235.1386;27;0
15783;158;27;0.9;0.5;83;101;0.5583333;214;236.3267;27;0
15784;158;27;0.9;0.5;84;102;0.4382979;238;235.049;27;1
15785;158;27;0.9;0.5;85;101;0.5247934;252;238.3564;27;0
15786;158;27;0.9;0.5;86;101;0.4417671;252;236.3663;27;0
15787;158;27;0.9;0.5;87;102;0.4549356;228;236.2745;27;1
15788;158;27;0.9;0.5;88;101;0.5;259;236.9604;27;0
15789;158;27;0.9;0.5;89;109;0.440367;227;239.2385;27;8
15790;158;27;0.9;0.5;90;101;0.4978166;226;236;27;0
15791;158;27;0.9;0.5;91;101;0.465587;242;236.1881;27;0
15792;158;27;0.9;0.5;92;101;0.4727273;251;238.0693;27;0
15793;158;27;0.9;0.5;93;101;0.4560669;225;235.3168;27;0
15794;158;27;0.9;0.5;94;101;0.4717742;249;237.0594;27;0
15795;158;27;0.9;0.5;95;101;0.4751131;250;235.505;27;0
15796;158;27;0.9;0.5;96;106;0.5555556;237;237.0377;27;5
15797;158;27;0.9;0.5;97;101;0.4930233;260;236.4752;27;0
15798;158;27;0.9;0.5;98;101;0.5;250;236.8515;27;0
15799;158;27;0.9;0.5;99;101;0.5335821;232;237.2574;27;0
15800;158;27;0.9;0.5;100;101;0.4903475;243;236.1089;27;0
15801;159;29;0.9;0.5;1;101;0.5363636;241;237.6139;29;0
15802;159;29;0.9;0.5;2;101;0.5213675;226;235.8119;29;0
15803;159;29;0.9;0.5;3;101;0.4827586;226;237.0297;29;0
15804;159;29;0.9;0.5;4;104;0.5019608;236;235.9808;29;3
15805;159;29;0.9;0.5;5;102;0.4780702;257;238.6078;29;1
15806;159;29;0.9;0.5;6;104;0.4924242;225;235.2596;29;3
15807;159;29;0.9;0.5;7;103;0.4848485;232;237.4757;29;2
15808;159;29;0.9;0.5;8;101;0.5133929;231;236.6436;29;0
15809;159;29;0.9;0.5;9;101;0.4345992;250;237.6733;29;0
15810;159;29;0.9;0.5;10;101;0.4814815;239;236.7327;29;0
15811;159;29;0.9;0.5;11;101;0.4808511;240;237.1188;29;0
15812;159;29;0.9;0.5;12;101;0.5194805;217;235.8713;29;0
15813;159;29;0.9;0.5;13;104;0.495935;222;235.8558;29;3
15814;159;29;0.9;0.5;14;101;0.4553571;220;237.4653;29;0
15815;159;29;0.9;0.5;15;101;0.5081967;225;238.1782;29;0
15816;159;29;0.9;0.5;16;102;0.484252;229;236.3529;29;1
15817;159;29;0.9;0.5;17;101;0.5186722;225;237.0396;29;0
15818;159;29;0.9;0.5;18;102;0.4930233;248;237.951;29;1
15819;159;29;0.9;0.5;19;102;0.5;262;235.0784;29;1
15820;159;29;0.9;0.5;20;101;0.4833333;238;236.3267;29;0
15821;159;29;0.9;0.5;21;101;0.5150376;226;236.9901;29;0
15822;159;29;0.9;0.5;22;102;0.4375;246;235.3627;29;1
15823;159;29;0.9;0.5;23;104;0.5236052;255;236.1442;29;3
15824;159;29;0.9;0.5;24;101;0.4594595;238;237.1782;29;0
15825;159;29;0.9;0.5;25;101;0.5414847;255;238.099;29;0
15826;159;29;0.9;0.5;26;101;0.5127119;242;236.9703;29;0
15827;159;29;0.9;0.5;27;102;0.5042735;238;237.5;29;1
15828;159;29;0.9;0.5;28;101;0.536;268;235.4554;29;0
15829;159;29;0.9;0.5;29;102;0.5363636;223;236.1765;29;1
15830;159;29;0.9;0.5;30;103;0.5206612;248;236;29;2
15831;159;29;0.9;0.5;31;102;0.5226337;233;238.7549;29;1
15832;159;29;0.9;0.5;32;103;0.4222222;268;235.9223;29;2
15833;159;29;0.9;0.5;33;103;0.518018;223;237.0388;29;2
15834;159;29;0.9;0.5;34;101;0.4898785;228;236.9703;29;0
15835;159;29;0.9;0.5;35;101;0.4806867;227;235.6238;29;0
15836;159;29;0.9;0.5;36;104;0.4342105;252;237.3077;29;3
15837;159;29;0.9;0.5;37;101;0.4745763;253;235.8812;29;0
15838;159;29;0.9;0.5;38;101;0.5040323;241;236.2079;29;0
15839;159;29;0.9;0.5;39;102;0.4647303;240;238.2941;29;1
15840;159;29;0.9;0.5;40;102;0.5406699;230;237.3039;29;1
15841;159;29;0.9;0.5;41;101;0.5342466;219;235.5941;29;0
15842;159;29;0.9;0.5;42;101;0.4690265;248;238.396;29;0
15843;159;29;0.9;0.5;43;103;0.4889868;235;237.0194;29;2
15844;159;29;0.9;0.5;44;101;0.4415584;234;237.2079;29;0
15845;159;29;0.9;0.5;45;101;0.5349794;247;236.5842;29;0
15846;159;29;0.9;0.5;46;106;0.5737705;236;236.5189;29;5
15847;159;29;0.9;0.5;47;103;0.5021459;249;237.4369;29;2
15848;159;29;0.9;0.5;48;103;0.4822134;271;237.6505;29;2
15849;159;29;0.9;0.5;49;102;0.5173913;223;235.6078;29;1
15850;159;29;0.9;0.5;50;101;0.4724409;215;236.6733;29;0
15851;159;29;0.9;0.5;51;101;0.5164319;234;235.9406;29;0
15852;159;29;0.9;0.5;52;103;0.4958678;218;237.6602;29;2
15853;159;29;0.9;0.5;53;101;0.4574899;250;236.2574;29;0
15854;159;29;0.9;0.5;54;101;0.5394737;253;236.6634;29;0
15855;159;29;0.9;0.5;55;101;0.4663866;236;234.7129;29;0
15856;159;29;0.9;0.5;56;102;0.4933921;227;235.2647;29;1
15857;159;29;0.9;0.5;57;102;0.4854772;232;236.1863;29;1
15858;159;29;0.9;0.5;58;102;0.465587;224;236.3824;29;1
15859;159;29;0.9;0.5;59;101;0.5;254;236.6238;29;0
15860;159;29;0.9;0.5;60;102;0.5490196;249;237.4118;29;1
15861;159;29;0.9;0.5;61;102;0.534188;238;236.1667;29;1
15862;159;29;0.9;0.5;62;101;0.5952381;231;239.1782;29;0
15863;159;29;0.9;0.5;63;102;0.5019763;249;234.9314;29;1
15864;159;29;0.9;0.5;64;101;0.4789916;234;237.0693;29;0
15865;159;29;0.9;0.5;65;101;0.4608696;237;236.7327;29;0
15866;159;29;0.9;0.5;66;105;0.512931;247;238.5429;29;4
15867;159;29;0.9;0.5;67;101;0.4680851;241;238.2277;29;0
15868;159;29;0.9;0.5;68;102;0.4747899;227;236.0784;29;1
15869;159;29;0.9;0.5;69;101;0.5;229;237.7525;29;0
15870;159;29;0.9;0.5;70;101;0.4659091;232;237.7723;29;0
15871;159;29;0.9;0.5;71;102;0.4777328;237;237.0392;29;1
15872;159;29;0.9;0.5;72;102;0.5265152;220;236.4706;29;1
15873;159;29;0.9;0.5;73;101;0.4655172;230;235.8119;29;0
15874;159;29;0.9;0.5;74;102;0.4822134;220;236.7059;29;1
15875;159;29;0.9;0.5;75;102;0.4910714;243;237.9902;29;1
15876;159;29;0.9;0.5;76;101;0.5066079;233;235.5644;29;0
15877;159;29;0.9;0.5;77;104;0.5219298;246;237.2404;29;3
15878;159;29;0.9;0.5;78;102;0.5258964;246;237.9902;29;1
15879;159;29;0.9;0.5;79;103;0.5159817;227;236.466;29;2
15880;159;29;0.9;0.5;80;104;0.4810127;241;234.9231;29;3
15881;159;29;0.9;0.5;81;101;0.5222222;230;236.4455;29;0
15882;159;29;0.9;0.5;82;101;0.5;253;238.0495;29;0
15883;159;29;0.9;0.5;83;103;0.4918699;241;237.9223;29;2
15884;159;29;0.9;0.5;84;103;0.4581673;245;238.3107;29;2
15885;159;29;0.9;0.5;85;101;0.5107296;230;237.5644;29;0
15886;159;29;0.9;0.5;86;101;0.4979079;236;238.4851;29;0
15887;159;29;0.9;0.5;87;101;0.5061728;220;234.9703;29;0
15888;159;29;0.9;0.5;88;104;0.5125;224;236.6923;29;3
15889;159;29;0.9;0.5;89;101;0.5213675;230;235.7426;29;0
15890;159;29;0.9;0.5;90;104;0.4493392;237;235.5769;29;3
15891;159;29;0.9;0.5;91;102;0.4625;235;237.0588;29;1
15892;159;29;0.9;0.5;92;103;0.4940711;221;238.1553;29;2
15893;159;29;0.9;0.5;93;101;0.4632035;230;234.9208;29;0
15894;159;29;0.9;0.5;94;101;0.4844444;276;237.4752;29;0
15895;159;29;0.9;0.5;95;101;0.484127;239;235.7822;29;0
15896;159;29;0.9;0.5;96;102;0.5;245;235.8039;29;1
15897;159;29;0.9;0.5;97;102;0.5155556;224;237.9804;29;1
15898;159;29;0.9;0.5;98;102;0.4590164;235;238.598;29;1
15899;159;29;0.9;0.5;99;102;0.4769231;232;238.0294;29;1
15900;159;29;0.9;0.5;100;101;0.5086957;231;236.3366;29;0
15901;160;224;0.9;0.5;1;101;0.4761905;246;237.198;222.8515;0
15902;160;224;0.9;0.5;2;101;0.5099602;211;237.5842;222.7921;0
15903;160;224;0.9;0.5;3;102;0.5073171;241;236.5098;222.5098;1
15904;160;224;0.9;0.5;4;101;0.4891775;227;234;222.8317;0
15905;160;224;0.9;0.5;5;102;0.4882812;218;237.0392;222.8725;1
15906;160;224;0.9;0.5;6;102;0.5205479;246;237.8824;222.8235;1
15907;160;224;0.9;0.5;7;101;0.532;244;236.1386;222.3762;0
15908;160;224;0.9;0.5;8;102;0.4893617;225;236.2745;222.4216;1
15909;160;224;0.9;0.5;9;102;0.5598291;223;235.8235;222.5196;1
15910;160;224;0.9;0.5;10;105;0.4502165;259;236.1524;222.6286;4
15911;160;224;0.9;0.5;11;101;0.5082645;229;235.7525;222.1683;0
15912;160;224;0.9;0.5;12;101;0.5234375;232;237.9109;222.6238;0
15913;160;224;0.9;0.5;13;101;0.5;227;235.5545;222.3168;0
15914;160;224;0.9;0.5;14;102;0.4529915;241;236.451;222.8235;1
15915;160;224;0.9;0.5;15;101;0.5541667;225;235.7525;222.4752;0
15916;160;224;0.9;0.5;16;101;0.4713115;233;235.2673;222.7129;0
15917;160;224;0.9;0.5;17;101;0.5215517;245;237.5248;222.7426;0
15918;160;224;0.9;0.5;18;102;0.5357143;251;237.2353;222.3235;1
15919;160;224;0.9;0.5;19;104;0.4976077;273;236.6538;222.9135;3
15920;160;224;0.9;0.5;20;105;0.4611872;221;237.5333;222.3905;4
15921;160;224;0.9;0.5;21;101;0.5387597;255;236.9802;222.7525;0
15922;160;224;0.9;0.5;22;102;0.4497817;227;238.5686;223.2353;1
15923;160;224;0.9;0.5;23;101;0.5390625;228;235.8416;222.2475;0
15924;160;224;0.9;0.5;24;106;0.4736842;225;237.0189;223.0283;5
15925;160;224;0.9;0.5;25;107;0.5;231;237.1869;222.3738;6
15926;160;224;0.9;0.5;26;102;0.5322581;236;236.7059;222.6078;1
15927;160;224;0.9;0.5;27;101;0.5458333;233;235.1287;222.9901;0
15928;160;224;0.9;0.5;28;101;0.5275229;239;234;222.0198;0
15929;160;224;0.9;0.5;29;101;0.4453125;215;236.604;222.1386;0
15930;160;224;0.9;0.5;30;102;0.5806452;253;237.3529;223.0392;1
15931;160;224;0.9;0.5;31;103;0.5429688;217;236.466;222.9515;2
15932;160;224;0.9;0.5;32;102;0.5166667;217;236.1275;223.0196;1
15933;160;224;0.9;0.5;33;102;0.4889868;239;237.5;223.3137;1
15934;160;224;0.9;0.5;34;102;0.4926471;224;235.9902;222.5;1
15935;160;224;0.9;0.5;35;101;0.4497817;229;238.3267;222.9604;0
15936;160;224;0.9;0.5;36;103;0.5062241;231;235.0388;223.1068;2
15937;160;224;0.9;0.5;37;105;0.5023697;238;235.8952;222.6952;4
15938;160;224;0.9;0.5;38;101;0.5093458;250;235.9406;222.0495;0
15939;160;224;0.9;0.5;39;102;0.4590909;233;238.0196;223;1
15940;160;224;0.9;0.5;40;101;0.5877551;216;237.2277;223.1089;0
15941;160;224;0.9;0.5;41;101;0.502008;261;237.505;221.8713;0
15942;160;224;0.9;0.5;42;104;0.5188285;248;236.8173;223.3365;3
15943;160;224;0.9;0.5;43;104;0.5084746;232;239.4615;223.2308;3
15944;160;224;0.9;0.5;44;102;0.4625551;243;236.2353;222.7451;1
15945;160;224;0.9;0.5;45;101;0.4634146;248;238.1089;223.4455;0
15946;160;224;0.9;0.5;46;101;0.5193798;218;236.0495;222.8317;0
15947;160;224;0.9;0.5;47;103;0.4811715;233;237.0583;223;2
15948;160;224;0.9;0.5;48;102;0.5;228;238.2059;222.7255;1
15949;160;224;0.9;0.5;49;101;0.4323144;234;237.297;222.7327;0
15950;160;224;0.9;0.5;50;101;0.4788732;240;237.703;222.8218;0
15951;160;224;0.9;0.5;51;103;0.4700461;253;236.3883;222.2816;2
15952;160;224;0.9;0.5;52;101;0.5077519;221;238.0099;222.9802;0
15953;160;224;0.9;0.5;53;102;0.5180723;245;236.6471;223;1
15954;160;224;0.9;0.5;54;101;0.5509259;251;236.0693;223.1683;0
15955;160;224;0.9;0.5;55;103;0.4759825;230;235.8155;222.6019;2
15956;160;224;0.9;0.5;56;101;0.4979253;229;235.9208;222.8614;0
15957;160;224;0.9;0.5;57;101;0.4903475;205;235.1287;223.0396;0
15958;160;224;0.9;0.5;58;101;0.51417;210;238.8713;222.9901;0
15959;160;224;0.9;0.5;59;101;0.4960317;246;235.2673;223;0
15960;160;224;0.9;0.5;60;101;0.5;252;238.198;223.396;0
15961;160;224;0.9;0.5;61;102;0.5217391;227;237.1176;223.1373;1
15962;160;224;0.9;0.5;62;102;0.508;219;237.8922;222.7843;1
15963;160;224;0.9;0.5;63;101;0.5059761;238;235.297;223.0396;0
15964;160;224;0.9;0.5;64;101;0.4312796;233;236.8515;222.3069;0
15965;160;224;0.9;0.5;65;105;0.4520548;236;236.6;222.5048;4
15966;160;224;0.9;0.5;66;101;0.5458167;212;238.8416;223.4653;0
15967;160;224;0.9;0.5;67;101;0.5066079;229;237;223.0693;0
15968;160;224;0.9;0.5;68;103;0.4933921;218;236.6408;222.5728;2
15969;160;224;0.9;0.5;69;102;0.5227273;247;236.8922;223.2843;1
15970;160;224;0.9;0.5;70;101;0.4489796;247;239.4455;223.2178;0
15971;160;224;0.9;0.5;71;101;0.5083333;237;237.4653;223.1188;0
15972;160;224;0.9;0.5;72;101;0.4599156;216;235.198;222.4653;0
15973;160;224;0.9;0.5;73;102;0.5378151;216;237.5294;222.2549;1
15974;160;224;0.9;0.5;74;103;0.5860656;201;237.0583;222.8058;2
15975;160;224;0.9;0.5;75;101;0.4875;257;237.6832;223.0198;0
15976;160;224;0.9;0.5;76;102;0.4593496;237;236.2059;222.902;1
15977;160;224;0.9;0.5;77;103;0.5081301;243;236.1165;222.4175;2
15978;160;224;0.9;0.5;78;103;0.5327869;256;237.466;222.4078;2
15979;160;224;0.9;0.5;79;101;0.5125;247;236.0198;222.7129;0
15980;160;224;0.9;0.5;80;102;0.5140562;228;238.2549;222.8039;1
15981;160;224;0.9;0.5;81;101;0.5238095;251;236.5446;223.1782;0
15982;160;224;0.9;0.5;82;101;0.5130435;250;236.8911;222.9406;0
15983;160;224;0.9;0.5;83;104;0.4954128;245;236.3942;223.2212;3
15984;160;224;0.9;0.5;84;103;0.529148;248;237.1845;222.8447;2
15985;160;224;0.9;0.5;85;102;0.4941176;220;235.4706;222.098;1
15986;160;224;0.9;0.5;86;101;0.5130435;229;236.9901;222.604;0
15987;160;224;0.9;0.5;87;101;0.4688797;243;235.5248;222.495;0
15988;160;224;0.9;0.5;88;104;0.4777328;230;237.7885;222.8942;3
15989;160;224;0.9;0.5;89;101;0.4792627;225;234.7525;222.7426;0
15990;160;224;0.9;0.5;90;102;0.5515873;249;237.5686;222.0882;1
15991;160;224;0.9;0.5;91;101;0.5144033;224;238.0396;223.4059;0
15992;160;224;0.9;0.5;92;103;0.5208333;202;236.5922;222.7282;2
15993;160;224;0.9;0.5;93;104;0.4520548;237;235.0865;222.4904;3
15994;160;224;0.9;0.5;94;102;0.5412844;258;236.2745;222.4412;1
15995;160;224;0.9;0.5;95;101;0.4739336;240;237.0297;222.7723;0
15996;160;224;0.9;0.5;96;103;0.4466403;224;235.8641;222.4466;2
15997;160;224;0.9;0.5;97;101;0.5131579;230;236.4257;222.3267;0
15998;160;224;0.9;0.5;98;102;0.512931;258;237.0098;222.7255;1
15999;160;224;0.9;0.5;99;101;0.503876;236;235.4653;222.9109;0
16000;160;224;0.9;0.5;100;101;0.5508475;222;235.5545;222.703;0
16001;161;1;1;0.5;1;101;0.4884793;234;238.0297;1;0
16002;161;1;1;0.5;2;102;0.4886878;250;239.2451;1;1
16003;161;1;1;0.5;3;101;0.5066667;236;238.3564;1;0
16004;161;1;1;0.5;4;102;0.5368852;237;237.5098;1;1
16005;161;1;1;0.5;5;102;0.4693878;238;237.9804;1;1
16006;161;1;1;0.5;6;101;0.5195312;244;236.9505;1;0
16007;161;1;1;0.5;7;101;0.5435685;240;235.6139;1;0
16008;161;1;1;0.5;8;106;0.4585153;241;238.4057;1;5
16009;161;1;1;0.5;9;102;0.4625551;225;236.6176;1;1
16010;161;1;1;0.5;10;102;0.5338983;222;236.3824;1;1
16011;161;1;1;0.5;11;101;0.5684647;216;236.495;1;0
16012;161;1;1;0.5;12;101;0.5047619;254;237.0594;1;0
16013;161;1;1;0.5;13;101;0.4765957;215;235.495;1;0
16014;161;1;1;0.5;14;101;0.5201613;249;236.901;1;0
16015;161;1;1;0.5;15;103;0.436;231;238.4078;1;2
16016;161;1;1;0.5;16;105;0.4934498;239;234.1238;1;4
16017;161;1;1;0.5;17;103;0.5067873;257;236.466;1;2
16018;161;1;1;0.5;18;103;0.513834;228;235.0874;1;2
16019;161;1;1;0.5;19;105;0.4913793;240;237.3333;1;4
16020;161;1;1;0.5;20;102;0.4892704;227;237.0294;1;1
16021;161;1;1;0.5;21;101;0.495614;226;234.7822;1;0
16022;161;1;1;0.5;22;101;0.484127;246;237.1584;1;0
16023;161;1;1;0.5;23;101;0.4468085;223;235.9802;1;0
16024;161;1;1;0.5;24;101;0.4593496;232;237.8317;1;0
16025;161;1;1;0.5;25;101;0.4959016;223;235.7525;1;0
16026;161;1;1;0.5;26;101;0.4747899;228;236.7723;1;0
16027;161;1;1;0.5;27;101;0.4817814;238;238.0198;1;0
16028;161;1;1;0.5;28;101;0.5086957;230;236.604;1;0
16029;161;1;1;0.5;29;101;0.5531915;233;236.2673;1;0
16030;161;1;1;0.5;30;101;0.5069767;257;235.9406;1;0
16031;161;1;1;0.5;31;105;0.495283;245;237.6667;1;4
16032;161;1;1;0.5;32;101;0.525641;225;236.5644;1;0
16033;161;1;1;0.5;33;101;0.4864865;238;237.6832;1;0
16034;161;1;1;0.5;34;101;0.4977778;221;234.7327;1;0
16035;161;1;1;0.5;35;101;0.4557522;243;237.3465;1;0
16036;161;1;1;0.5;36;101;0.5062241;233;236.9604;1;0
16037;161;1;1;0.5;37;102;0.4577778;253;237.7549;1;1
16038;161;1;1;0.5;38;101;0.4473684;235;235.7525;1;0
16039;161;1;1;0.5;39;106;0.4915254;243;237.3679;1;5
16040;161;1;1;0.5;40;101;0.4960317;231;237.1188;1;0
16041;161;1;1;0.5;41;102;0.432;231;237.3922;1;1
16042;161;1;1;0.5;42;105;0.4605263;229;237.3714;1;4
16043;161;1;1;0.5;43;101;0.4453782;225;237.1386;1;0
16044;161;1;1;0.5;44;104;0.4112554;243;237.2596;1;3
16045;161;1;1;0.5;45;101;0.5477178;261;237.1584;1;0
16046;161;1;1;0.5;46;102;0.4644351;228;236.4412;1;1
16047;161;1;1;0.5;47;103;0.4723404;239;237.2524;1;2
16048;161;1;1;0.5;48;104;0.4979424;236;237.4327;1;3
16049;161;1;1;0.5;49;102;0.5481172;242;235.9706;1;1
16050;161;1;1;0.5;50;101;0.5458515;218;236.6535;1;0
16051;161;1;1;0.5;51;101;0.553719;237;237.4356;1;0
16052;161;1;1;0.5;52;104;0.5210084;205;237.375;1;3
16053;161;1;1;0.5;53;103;0.5044248;234;237.0388;1;2
16054;161;1;1;0.5;54;103;0.4351464;240;236.6602;1;2
16055;161;1;1;0.5;55;102;0.5336538;248;236.8725;1;1
16056;161;1;1;0.5;56;101;0.4910714;250;237.0792;1;0
16057;161;1;1;0.5;57;101;0.5067873;239;235.8416;1;0
16058;161;1;1;0.5;58;104;0.4752066;237;238.8173;1;3
16059;161;1;1;0.5;59;102;0.4101562;225;236.3725;1;1
16060;161;1;1;0.5;60;103;0.509009;238;236.7379;1;2
16061;161;1;1;0.5;61;101;0.4847162;230;238.1584;1;0
16062;161;1;1;0.5;62;103;0.5162602;229;236.5243;1;2
16063;161;1;1;0.5;63;101;0.4487179;239;237.8911;1;0
16064;161;1;1;0.5;64;101;0.4435146;228;237.1188;1;0
16065;161;1;1;0.5;65;103;0.535865;241;236.8252;1;2
16066;161;1;1;0.5;66;101;0.477551;250;238.7624;1;0
16067;161;1;1;0.5;67;104;0.4977578;240;237.1442;1;3
16068;161;1;1;0.5;68;101;0.5169492;243;236.2079;1;0
16069;161;1;1;0.5;69;101;0.5082645;230;238.3564;1;0
16070;161;1;1;0.5;70;101;0.5497835;231;235.9505;1;0
16071;161;1;1;0.5;71;101;0.5061224;246;237.5941;1;0
16072;161;1;1;0.5;72;101;0.4780876;235;236.3267;1;0
16073;161;1;1;0.5;73;101;0.484375;242;239.2277;1;0
16074;161;1;1;0.5;74;101;0.4608696;231;235.8416;1;0
16075;161;1;1;0.5;75;106;0.5275591;227;236.6698;1;5
16076;161;1;1;0.5;76;101;0.4809524;249;237.297;1;0
16077;161;1;1;0.5;77;101;0.5110132;225;237.6535;1;0
16078;161;1;1;0.5;78;109;0.4837398;230;234.6789;1;8
16079;161;1;1;0.5;79;101;0.5;228;238.0792;1;0
16080;161;1;1;0.5;80;101;0.448;207;235.4356;1;0
16081;161;1;1;0.5;81;101;0.5514403;219;235.9505;1;0
16082;161;1;1;0.5;82;102;0.5;227;236.0294;1;1
16083;161;1;1;0.5;83;102;0.4678112;253;236.4314;1;1
16084;161;1;1;0.5;84;101;0.4958678;248;237.5743;1;0
16085;161;1;1;0.5;85;103;0.5086207;243;236.2233;1;2
16086;161;1;1;0.5;86;101;0.4677419;215;239;1;0
16087;161;1;1;0.5;87;101;0.5042735;247;235.5743;1;0
16088;161;1;1;0.5;88;101;0.5387755;247;236.5347;1;0
16089;161;1;1;0.5;89;105;0.5381356;252;236.9429;1;4
16090;161;1;1;0.5;90;103;0.4692982;234;235.3689;1;2
16091;161;1;1;0.5;91;102;0.4929577;260;237.0098;1;1
16092;161;1;1;0.5;92;101;0.487069;249;238.3267;1;0
16093;161;1;1;0.5;93;101;0.4710744;249;237.7228;1;0
16094;161;1;1;0.5;94;101;0.5046729;252;238.8614;1;0
16095;161;1;1;0.5;95;102;0.4960938;225;237.7157;1;1
16096;161;1;1;0.5;96;101;0.5493562;227;236.9307;1;0
16097;161;1;1;0.5;97;103;0.5201613;226;237.9709;1;2
16098;161;1;1;0.5;98;105;0.5020747;231;234.5333;1;4
16099;161;1;1;0.5;99;101;0.4795082;230;235.8812;1;0
16100;161;1;1;0.5;100;101;0.5153846;231;237.8416;1;0
16101;162;3;1;0.5;1;101;0.5021834;250;237.1287;3;0
16102;162;3;1;0.5;2;101;0.4879032;241;236.8218;3;0
16103;162;3;1;0.5;3;101;0.5770751;218;234.6535;3;0
16104;162;3;1;0.5;4;107;0.5062762;231;235.7009;3;6
16105;162;3;1;0.5;5;101;0.5077519;239;237.0297;3;0
16106;162;3;1;0.5;6;103;0.4893617;220;237.534;3;2
16107;162;3;1;0.5;7;101;0.4648438;227;237.7723;3;0
16108;162;3;1;0.5;8;101;0.5636364;234;239.4554;3;0
16109;162;3;1;0.5;9;102;0.4534413;241;238.3627;3;1
16110;162;3;1;0.5;10;101;0.5330579;261;236.396;3;0
16111;162;3;1;0.5;11;101;0.515748;249;235.8713;3;0
16112;162;3;1;0.5;12;101;0.4978723;264;238.4158;3;0
16113;162;3;1;0.5;13;101;0.5207373;224;235.8713;3;0
16114;162;3;1;0.5;14;101;0.4866071;239;236.495;3;0
16115;162;3;1;0.5;15;101;0.5283843;240;238.2574;3;0
16116;162;3;1;0.5;16;102;0.5162602;240;237.2451;3;1
16117;162;3;1;0.5;17;101;0.4754098;228;235.703;3;0
16118;162;3;1;0.5;18;107;0.462963;235;237.1869;3;6
16119;162;3;1;0.5;19;101;0.5042373;238;238.297;3;0
16120;162;3;1;0.5;20;102;0.5498008;241;237.7255;3;1
16121;162;3;1;0.5;21;102;0.5148936;237;235.3529;3;1
16122;162;3;1;0.5;22;102;0.5169492;249;237;3;1
16123;162;3;1;0.5;23;108;0.4650206;260;235.9815;3;7
16124;162;3;1;0.5;24;102;0.5;254;237.7941;3;1
16125;162;3;1;0.5;25;101;0.5105485;229;235.6337;3;0
16126;162;3;1;0.5;26;101;0.5166052;205;235.6139;3;0
16127;162;3;1;0.5;27;101;0.5355649;226;237.4455;3;0
16128;162;3;1;0.5;28;102;0.5301724;235;235.9902;3;1
16129;162;3;1;0.5;29;101;0.5301724;225;234.8713;3;0
16130;162;3;1;0.5;30;101;0.465587;228;236.9703;3;0
16131;162;3;1;0.5;31;101;0.4761905;236;237.297;3;0
16132;162;3;1;0.5;32;101;0.515625;215;236.0396;3;0
16133;162;3;1;0.5;33;102;0.4666667;235;236.1961;3;1
16134;162;3;1;0.5;34;101;0.55;222;237.7129;3;0
16135;162;3;1;0.5;35;103;0.4917355;239;236.7282;3;2
16136;162;3;1;0.5;36;102;0.5446809;233;238.3529;3;1
16137;162;3;1;0.5;37;103;0.4875;248;236.2524;3;2
16138;162;3;1;0.5;38;101;0.4854772;235;236.1188;3;0
16139;162;3;1;0.5;39;105;0.4779116;245;237.5714;3;4
16140;162;3;1;0.5;40;101;0.5401786;241;234.0099;3;0
16141;162;3;1;0.5;41;101;0.5462555;231;237.9307;3;0
16142;162;3;1;0.5;42;105;0.4632035;249;237.219;3;4
16143;162;3;1;0.5;43;104;0.5095785;239;237.0192;3;3
16144;162;3;1;0.5;44;101;0.5021459;241;236.802;3;0
16145;162;3;1;0.5;45;103;0.4939271;232;236.2524;3;2
16146;162;3;1;0.5;46;102;0.4957265;238;236.6078;3;1
16147;162;3;1;0.5;47;101;0.5425101;225;236.1089;3;0
16148;162;3;1;0.5;48;103;0.4696356;216;234.932;3;2
16149;162;3;1;0.5;49;105;0.4769874;228;234.1048;3;4
16150;162;3;1;0.5;50;101;0.5299145;226;236.4455;3;0
16151;162;3;1;0.5;51;101;0.4872881;240;234.8614;3;0
16152;162;3;1;0.5;52;101;0.5019608;253;235.2079;3;0
16153;162;3;1;0.5;53;101;0.5714286;238;237.4554;3;0
16154;162;3;1;0.5;54;101;0.5;256;235.5743;3;0
16155;162;3;1;0.5;55;103;0.4718615;230;238.7087;3;2
16156;162;3;1;0.5;56;106;0.4941634;249;238.0283;3;5
16157;162;3;1;0.5;57;102;0.5541126;241;237.3333;3;1
16158;162;3;1;0.5;58;102;0.5355649;232;237.2941;3;1
16159;162;3;1;0.5;59;104;0.4487179;239;237.0962;3;3
16160;162;3;1;0.5;60;101;0.5;227;237.7723;3;0
16161;162;3;1;0.5;61;101;0.5545852;250;237.802;3;0
16162;162;3;1;0.5;62;103;0.5489362;252;237.1068;3;2
16163;162;3;1;0.5;63;101;0.5363636;256;236.9406;3;0
16164;162;3;1;0.5;64;102;0.5393701;225;236.3725;3;1
16165;162;3;1;0.5;65;106;0.4958678;227;237.3019;3;5
16166;162;3;1;0.5;66;101;0.5524194;217;237.3267;3;0
16167;162;3;1;0.5;67;101;0.5;235;236.505;3;0
16168;162;3;1;0.5;68;101;0.4701493;239;238.4752;3;0
16169;162;3;1;0.5;69;102;0.5545455;227;237.0686;3;1
16170;162;3;1;0.5;70;102;0.5306122;237;237.5588;3;1
16171;162;3;1;0.5;71;101;0.4615385;227;237.4257;3;0
16172;162;3;1;0.5;72;101;0.5104603;217;236.5149;3;0
16173;162;3;1;0.5;73;101;0.482906;228;238.3267;3;0
16174;162;3;1;0.5;74;104;0.4913043;222;236.4423;3;3
16175;162;3;1;0.5;75;102;0.5679012;210;236.1176;3;1
16176;162;3;1;0.5;76;101;0.4701195;227;237.9802;3;0
16177;162;3;1;0.5;77;101;0.5867769;220;237.1584;3;0
16178;162;3;1;0.5;78;101;0.4910714;220;236.8218;3;0
16179;162;3;1;0.5;79;102;0.5145228;227;236.598;3;1
16180;162;3;1;0.5;80;101;0.5;232;236.7723;3;0
16181;162;3;1;0.5;81;104;0.5753425;224;235.8462;3;3
16182;162;3;1;0.5;82;103;0.5019608;251;236.7767;3;2
16183;162;3;1;0.5;83;101;0.5182186;256;236.0396;3;0
16184;162;3;1;0.5;84;101;0.516129;250;236.4356;3;0
16185;162;3;1;0.5;85;101;0.5900901;223;236.1881;3;0
16186;162;3;1;0.5;86;106;0.4586777;244;236.3774;3;5
16187;162;3;1;0.5;87;105;0.5647059;235;236.0381;3;4
16188;162;3;1;0.5;88;102;0.5402844;246;234.7745;3;1
16189;162;3;1;0.5;89;101;0.4976526;252;235.9406;3;0
16190;162;3;1;0.5;90;101;0.5158371;241;237.0891;3;0
16191;162;3;1;0.5;91;101;0.5136364;253;236.1089;3;0
16192;162;3;1;0.5;92;107;0.5203252;231;235.0654;3;6
16193;162;3;1;0.5;93;102;0.5387931;247;236.2941;3;1
16194;162;3;1;0.5;94;101;0.4789916;226;235.4455;3;0
16195;162;3;1;0.5;95;107;0.5128205;215;236.4579;3;6
16196;162;3;1;0.5;96;101;0.5533597;238;234.6337;3;0
16197;162;3;1;0.5;97;102;0.5210728;242;237.8235;3;1
16198;162;3;1;0.5;98;101;0.4609053;236;237.0297;3;0
16199;162;3;1;0.5;99;102;0.4593301;263;235.4412;3;1
16200;162;3;1;0.5;100;101;0.4894515;246;234.5545;3;0
16201;163;5;1;0.5;1;101;0.5120773;253;235.9604;5;0
16202;163;5;1;0.5;2;101;0.41841;229;237;5;0
16203;163;5;1;0.5;3;102;0.4734513;247;236.598;5;1
16204;163;5;1;0.5;4;101;0.5319149;233;236.1287;5;0
16205;163;5;1;0.5;5;101;0.4893617;233;235.0396;5;0
16206;163;5;1;0.5;6;101;0.5128205;227;235.8812;5;0
16207;163;5;1;0.5;7;103;0.4367347;225;236.0291;5;2
16208;163;5;1;0.5;8;101;0.488;218;235.4554;5;0
16209;163;5;1;0.5;9;101;0.5102041;242;236.6931;5;0
16210;163;5;1;0.5;10;101;0.5421687;237;240.2178;5;0
16211;163;5;1;0.5;11;101;0.4959016;223;236.0693;5;0
16212;163;5;1;0.5;12;101;0.4833333;240;237.1881;5;0
16213;163;5;1;0.5;13;104;0.4467213;225;236.5385;5;3
16214;163;5;1;0.5;14;101;0.5503876;235;237.8218;5;0
16215;163;5;1;0.5;15;101;0.5641026;244;237.7921;5;0
16216;163;5;1;0.5;16;102;0.472973;244;236.9118;5;1
16217;163;5;1;0.5;17;102;0.5222672;250;236.7353;5;1
16218;163;5;1;0.5;18;102;0.5067265;250;238.2843;5;1
16219;163;5;1;0.5;19;102;0.5381166;239;237.1275;5;1
16220;163;5;1;0.5;20;101;0.501992;248;237.6238;5;0
16221;163;5;1;0.5;21;101;0.5322581;205;235.3663;5;0
16222;163;5;1;0.5;22;101;0.4651163;252;235.5743;5;0
16223;163;5;1;0.5;23;102;0.5529412;210;234.6667;5;1
16224;163;5;1;0.5;24;102;0.4761905;226;237.9608;5;1
16225;163;5;1;0.5;25;102;0.5806452;228;234.6275;5;1
16226;163;5;1;0.5;26;104;0.5130435;246;235.8942;5;3
16227;163;5;1;0.5;27;102;0.4511628;255;237.4314;5;1
16228;163;5;1;0.5;28;103;0.4892704;240;237.3592;5;2
16229;163;5;1;0.5;29;101;0.5375;230;235.5347;5;0
16230;163;5;1;0.5;30;101;0.5221675;253;236.8911;5;0
16231;163;5;1;0.5;31;105;0.5165289;228;235.9333;5;4
16232;163;5;1;0.5;32;102;0.5201794;248;238.2941;5;1
16233;163;5;1;0.5;33;101;0.4853556;251;236.2871;5;0
16234;163;5;1;0.5;34;102;0.4843049;250;235.098;5;1
16235;163;5;1;0.5;35;101;0.5135135;242;237.5842;5;0
16236;163;5;1;0.5;36;101;0.4823009;230;237.2673;5;0
16237;163;5;1;0.5;37;101;0.4958333;229;236.7426;5;0
16238;163;5;1;0.5;38;101;0.4101382;230;233.4554;5;0
16239;163;5;1;0.5;39;101;0.4323144;215;235.802;5;0
16240;163;5;1;0.5;40;101;0.5067873;228;237.0891;5;0
16241;163;5;1;0.5;41;101;0.508547;243;236.7129;5;0
16242;163;5;1;0.5;42;101;0.5242291;234;240.3762;5;0
16243;163;5;1;0.5;43;101;0.4615385;262;236.4356;5;0
16244;163;5;1;0.5;44;101;0.5271967;241;236.2772;5;0
16245;163;5;1;0.5;45;101;0.495935;231;235.4158;5;0
16246;163;5;1;0.5;46;101;0.4876033;243;235.7327;5;0
16247;163;5;1;0.5;47;101;0.5140562;235;237.2673;5;0
16248;163;5;1;0.5;48;102;0.5346535;261;235.3137;5;1
16249;163;5;1;0.5;49;101;0.5232068;225;237.1683;5;0
16250;163;5;1;0.5;50;107;0.4382979;229;236.8785;5;6
16251;163;5;1;0.5;51;101;0.4475806;254;235.7525;5;0
16252;163;5;1;0.5;52;101;0.4893617;243;237.4059;5;0
16253;163;5;1;0.5;53;102;0.504;238;236.4608;5;1
16254;163;5;1;0.5;54;101;0.4954545;230;234.9208;5;0
16255;163;5;1;0.5;55;102;0.45;240;237.1176;5;1
16256;163;5;1;0.5;56;103;0.5407725;245;234.4466;5;2
16257;163;5;1;0.5;57;102;0.4693878;244;238.549;5;1
16258;163;5;1;0.5;58;101;0.5252101;269;236.7723;5;0
16259;163;5;1;0.5;59;102;0.5387454;221;233.8824;5;1
16260;163;5;1;0.5;60;101;0.4806867;222;238.4851;5;0
16261;163;5;1;0.5;61;101;0.4206349;228;237.9901;5;0
16262;163;5;1;0.5;62;102;0.5829596;225;237.2059;5;1
16263;163;5;1;0.5;63;101;0.5400844;231;234.901;5;0
16264;163;5;1;0.5;64;101;0.4678899;267;235.7525;5;0
16265;163;5;1;0.5;65;101;0.511811;234;235.8218;5;0
16266;163;5;1;0.5;66;101;0.498008;263;237.0297;5;0
16267;163;5;1;0.5;67;101;0.5276596;241;235.2772;5;0
16268;163;5;1;0.5;68;104;0.4741379;257;237.9038;5;3
16269;163;5;1;0.5;69;101;0.4918033;224;236.2178;5;0
16270;163;5;1;0.5;70;101;0.4806867;252;236.4455;5;0
16271;163;5;1;0.5;71;103;0.4977169;254;235.0971;5;2
16272;163;5;1;0.5;72;102;0.48;227;235.8235;5;1
16273;163;5;1;0.5;73;101;0.4669421;238;238.7822;5;0
16274;163;5;1;0.5;74;101;0.473251;232;236.0297;5;0
16275;163;5;1;0.5;75;101;0.4689922;228;237.0495;5;0
16276;163;5;1;0.5;76;102;0.5424528;242;237.2647;5;1
16277;163;5;1;0.5;77;104;0.5215517;236;238.6827;5;3
16278;163;5;1;0.5;78;101;0.5;219;237.7426;5;0
16279;163;5;1;0.5;79;103;0.5097276;228;236.5146;5;2
16280;163;5;1;0.5;80;102;0.4567901;243;236.8922;5;1
16281;163;5;1;0.5;81;102;0.5149254;241;237.1373;5;1
16282;163;5;1;0.5;82;104;0.4587156;246;235.2788;5;3
16283;163;5;1;0.5;83;103;0.4845815;252;237.3301;5;2
16284;163;5;1;0.5;84;101;0.4267782;234;237.4059;5;0
16285;163;5;1;0.5;85;105;0.5175439;264;235.4095;5;4
16286;163;5;1;0.5;86;102;0.4902724;227;236.0882;5;1
16287;163;5;1;0.5;87;101;0.4867257;232;235.7921;5;0
16288;163;5;1;0.5;88;101;0.4669421;227;235.901;5;0
16289;163;5;1;0.5;89;102;0.4835681;249;236.9216;5;1
16290;163;5;1;0.5;90;101;0.4819277;206;236.495;5;0
16291;163;5;1;0.5;91;101;0.4759615;254;236.4059;5;0
16292;163;5;1;0.5;92;103;0.4612245;240;237.8932;5;2
16293;163;5;1;0.5;93;101;0.488189;227;238.6634;5;0
16294;163;5;1;0.5;94;102;0.536036;231;236.8725;5;1
16295;163;5;1;0.5;95;101;0.5594714;223;236.4356;5;0
16296;163;5;1;0.5;96;101;0.5336134;247;238.4158;5;0
16297;163;5;1;0.5;97;101;0.5;217;237.9208;5;0
16298;163;5;1;0.5;98;101;0.5206612;243;237.802;5;0
16299;163;5;1;0.5;99;101;0.4810127;226;237.0792;5;0
16300;163;5;1;0.5;100;105;0.4422311;244;237.9429;5;4
16301;164;7;1;0.5;1;101;0.4663677;239;235.2079;7;0
16302;164;7;1;0.5;2;101;0.4599156;245;237.2574;7;0
16303;164;7;1;0.5;3;101;0.5560748;266;237.3762;7;0
16304;164;7;1;0.5;4;101;0.4745763;236;236.8713;7;0
16305;164;7;1;0.5;5;103;0.552;254;236.9903;7;2
16306;164;7;1;0.5;6;101;0.5215686;251;238.0495;7;0
16307;164;7;1;0.5;7;101;0.4900398;235;237.4851;7;0
16308;164;7;1;0.5;8;101;0.5466667;245;236.8614;7;0
16309;164;7;1;0.5;9;101;0.5545852;254;236.1287;7;0
16310;164;7;1;0.5;10;101;0.4771784;237;238.3762;7;0
16311;164;7;1;0.5;11;101;0.5103734;249;236.0297;7;0
16312;164;7;1;0.5;12;101;0.5;263;238.5941;7;0
16313;164;7;1;0.5;13;107;0.5355649;226;237.7196;7;6
16314;164;7;1;0.5;14;102;0.4940239;246;237.9412;7;1
16315;164;7;1;0.5;15;107;0.4340426;228;234.5514;7;6
16316;164;7;1;0.5;16;101;0.5504202;264;237.5149;7;0
16317;164;7;1;0.5;17;101;0.5207547;225;237.4455;7;0
16318;164;7;1;0.5;18;101;0.473251;245;237.0198;7;0
16319;164;7;1;0.5;19;103;0.5186722;244;236.5922;7;2
16320;164;7;1;0.5;20;101;0.5042373;201;237.3861;7;0
16321;164;7;1;0.5;21;102;0.5529954;245;235.7157;7;1
16322;164;7;1;0.5;22;101;0.5207373;225;237.7228;7;0
16323;164;7;1;0.5;23;105;0.4814815;232;238.6952;7;4
16324;164;7;1;0.5;24;101;0.5037594;218;236.297;7;0
16325;164;7;1;0.5;25;101;0.5564516;230;236.5149;7;0
16326;164;7;1;0.5;26;103;0.4791667;248;236.6893;7;2
16327;164;7;1;0.5;27;107;0.4919355;224;236.5794;7;6
16328;164;7;1;0.5;28;107;0.4784483;263;238.6168;7;6
16329;164;7;1;0.5;29;101;0.465587;223;236.3465;7;0
16330;164;7;1;0.5;30;101;0.4924242;232;236.297;7;0
16331;164;7;1;0.5;31;101;0.5282258;229;237;7;0
16332;164;7;1;0.5;32;102;0.5435685;226;236.3235;7;1
16333;164;7;1;0.5;33;102;0.4897119;243;235.9216;7;1
16334;164;7;1;0.5;34;101;0.4862385;244;236.2277;7;0
16335;164;7;1;0.5;35;104;0.5044643;244;235.2404;7;3
16336;164;7;1;0.5;36;103;0.5234043;234;237.5534;7;2
16337;164;7;1;0.5;37;104;0.5209302;256;237.6346;7;3
16338;164;7;1;0.5;38;101;0.5481172;228;237.4158;7;0
16339;164;7;1;0.5;39;101;0.5215686;225;237.8812;7;0
16340;164;7;1;0.5;40;101;0.5062241;249;236.3366;7;0
16341;164;7;1;0.5;41;102;0.5330396;234;237.8039;7;1
16342;164;7;1;0.5;42;106;0.4955357;228;237.2264;7;5
16343;164;7;1;0.5;43;101;0.4785992;237;235.7228;7;0
16344;164;7;1;0.5;44;102;0.4272727;225;237.3529;7;1
16345;164;7;1;0.5;45;103;0.5466667;238;236.3883;7;2
16346;164;7;1;0.5;46;104;0.5240175;228;236.1635;7;3
16347;164;7;1;0.5;47;105;0.5619469;245;235.4762;7;4
16348;164;7;1;0.5;48;103;0.5102881;217;236.9223;7;2
16349;164;7;1;0.5;49;102;0.4727273;229;234.7843;7;1
16350;164;7;1;0.5;50;101;0.4455446;241;235.5149;7;0
16351;164;7;1;0.5;51;107;0.5620155;233;235.6542;7;6
16352;164;7;1;0.5;52;101;0.4143426;233;237.495;7;0
16353;164;7;1;0.5;53;101;0.4834123;253;236.396;7;0
16354;164;7;1;0.5;54;102;0.4851852;221;235.3529;7;1
16355;164;7;1;0.5;55;101;0.5230126;229;236.4257;7;0
16356;164;7;1;0.5;56;104;0.5041667;233;235.7788;7;3
16357;164;7;1;0.5;57;104;0.5;233;237.625;7;3
16358;164;7;1;0.5;58;101;0.4534413;249;236.5842;7;0
16359;164;7;1;0.5;59;101;0.4764151;235;236.2079;7;0
16360;164;7;1;0.5;60;101;0.5933014;224;235.4257;7;0
16361;164;7;1;0.5;61;104;0.5284553;241;237.4712;7;3
16362;164;7;1;0.5;62;105;0.5185185;230;237.1714;7;4
16363;164;7;1;0.5;63;101;0.5753425;252;237.5842;7;0
16364;164;7;1;0.5;64;102;0.5219124;221;236.5882;7;1
16365;164;7;1;0.5;65;102;0.4380952;244;236.3922;7;1
16366;164;7;1;0.5;66;101;0.4831461;231;236.5743;7;0
16367;164;7;1;0.5;67;105;0.5261044;236;235.6;7;4
16368;164;7;1;0.5;68;101;0.5;246;237.9109;7;0
16369;164;7;1;0.5;69;105;0.52;222;238.2095;7;4
16370;164;7;1;0.5;70;103;0.4837398;234;238.2427;7;2
16371;164;7;1;0.5;71;101;0.5162602;226;236.0891;7;0
16372;164;7;1;0.5;72;101;0.5414847;233;237.5149;7;0
16373;164;7;1;0.5;73;102;0.4674797;249;237.4118;7;1
16374;164;7;1;0.5;74;103;0.4609053;233;237.4466;7;2
16375;164;7;1;0.5;75;101;0.4814815;219;235.3168;7;0
16376;164;7;1;0.5;76;103;0.5;253;238.0583;7;2
16377;164;7;1;0.5;77;101;0.4517544;221;236.6634;7;0
16378;164;7;1;0.5;78;102;0.4763948;252;236.4706;7;1
16379;164;7;1;0.5;79;101;0.504717;240;237.3366;7;0
16380;164;7;1;0.5;80;105;0.516129;257;238.2571;7;4
16381;164;7;1;0.5;81;101;0.5146444;215;235.6436;7;0
16382;164;7;1;0.5;82;103;0.5021277;241;236.2233;7;2
16383;164;7;1;0.5;83;102;0.4819277;231;238.2843;7;1
16384;164;7;1;0.5;84;102;0.5108225;239;238.3824;7;1
16385;164;7;1;0.5;85;101;0.5425101;237;238.0495;7;0
16386;164;7;1;0.5;86;101;0.539924;215;237.6238;7;0
16387;164;7;1;0.5;87;102;0.480916;216;236.7255;7;1
16388;164;7;1;0.5;88;101;0.4338843;241;235.6238;7;0
16389;164;7;1;0.5;89;101;0.4785992;265;236.7426;7;0
16390;164;7;1;0.5;90;103;0.5301724;239;234.6019;7;2
16391;164;7;1;0.5;91;103;0.5039683;230;236.7282;7;2
16392;164;7;1;0.5;92;102;0.5075377;261;236.1569;7;1
16393;164;7;1;0.5;93;103;0.4937238;241;236.8932;7;2
16394;164;7;1;0.5;94;101;0.5102041;252;237.9802;7;0
16395;164;7;1;0.5;95;101;0.5166667;220;236.9307;7;0
16396;164;7;1;0.5;96;104;0.543379;246;237.4135;7;3
16397;164;7;1;0.5;97;101;0.496124;217;235.8218;7;0
16398;164;7;1;0.5;98;101;0.5081301;229;237.4158;7;0
16399;164;7;1;0.5;99;106;0.525;231;237.3491;7;5
16400;164;7;1;0.5;100;104;0.4664032;209;237.8269;7;3
16401;165;9;1;0.5;1;102;0.5211864;224;237.7843;9;1
16402;165;9;1;0.5;2;102;0.4877049;242;236.4902;9;1
16403;165;9;1;0.5;3;106;0.468254;240;236.0472;9;5
16404;165;9;1;0.5;4;101;0.4393305;227;236.2277;9;0
16405;165;9;1;0.5;5;101;0.4900398;235;237.7327;9;0
16406;165;9;1;0.5;6;103;0.5020747;224;238.7767;9;2
16407;165;9;1;0.5;7;101;0.5117188;217;236.3564;9;0
16408;165;9;1;0.5;8;101;0.5042017;251;238.3465;9;0
16409;165;9;1;0.5;9;102;0.4977974;227;235.9118;9;1
16410;165;9;1;0.5;10;102;0.5394737;230;235.9118;9;1
16411;165;9;1;0.5;11;102;0.5136364;257;235.5588;9;1
16412;165;9;1;0.5;12;101;0.5357143;261;236.1485;9;0
16413;165;9;1;0.5;13;101;0.5644444;247;235.901;9;0
16414;165;9;1;0.5;14;105;0.5061224;219;237.8571;9;4
16415;165;9;1;0.5;15;102;0.4912281;251;238.0784;9;1
16416;165;9;1;0.5;16;101;0.4691358;226;238.1485;9;0
16417;165;9;1;0.5;17;101;0.4519231;228;235.198;9;0
16418;165;9;1;0.5;18;101;0.4859813;236;235.3861;9;0
16419;165;9;1;0.5;19;101;0.5307018;266;236.7822;9;0
16420;165;9;1;0.5;20;103;0.4484305;237;236.2913;9;2
16421;165;9;1;0.5;21;103;0.5136364;223;236.4951;9;2
16422;165;9;1;0.5;22;101;0.487395;248;236.6535;9;0
16423;165;9;1;0.5;23;103;0.5247934;238;235.767;9;2
16424;165;9;1;0.5;24;102;0.4586777;225;236.7451;9;1
16425;165;9;1;0.5;25;103;0.464135;250;238.7379;9;2
16426;165;9;1;0.5;26;105;0.5479452;233;234.3048;9;4
16427;165;9;1;0.5;27;104;0.5485437;233;237.0192;9;3
16428;165;9;1;0.5;28;101;0.4955752;248;238.1386;9;0
16429;165;9;1;0.5;29;103;0.4774775;246;236.1262;9;2
16430;165;9;1;0.5;30;101;0.5311203;218;235.9901;9;0
16431;165;9;1;0.5;31;101;0.5084034;239;237.198;9;0
16432;165;9;1;0.5;32;101;0.4765957;232;236.1584;9;0
16433;165;9;1;0.5;33;103;0.5110132;257;237.4951;9;2
16434;165;9;1;0.5;34;102;0.4736842;234;238.1078;9;1
16435;165;9;1;0.5;35;101;0.4773663;238;236.2376;9;0
16436;165;9;1;0.5;36;101;0.5070423;255;237.7228;9;0
16437;165;9;1;0.5;37;104;0.46875;245;238.6346;9;3
16438;165;9;1;0.5;38;102;0.4560669;255;235.4412;9;1
16439;165;9;1;0.5;39;103;0.5039683;222;236.3107;9;2
16440;165;9;1;0.5;40;104;0.4978903;231;237.1538;9;3
16441;165;9;1;0.5;41;101;0.4469027;234;235.8218;9;0
16442;165;9;1;0.5;42;101;0.5193798;219;235.4356;9;0
16443;165;9;1;0.5;43;102;0.4653061;241;235.0392;9;1
16444;165;9;1;0.5;44;104;0.5063291;230;236.9423;9;3
16445;165;9;1;0.5;45;110;0.542735;209;238.2909;9;9
16446;165;9;1;0.5;46;104;0.5090909;233;235.5385;9;3
16447;165;9;1;0.5;47;103;0.4977778;199;235.6796;9;2
16448;165;9;1;0.5;48;101;0.5162791;231;236.5941;9;0
16449;165;9;1;0.5;49;101;0.512931;240;235.9604;9;0
16450;165;9;1;0.5;50;102;0.506383;241;237.2745;9;1
16451;165;9;1;0.5;51;107;0.5151515;247;236.6262;9;6
16452;165;9;1;0.5;52;102;0.4936709;210;235.049;9;1
16453;165;9;1;0.5;53;102;0.4933333;222;237.2059;9;1
16454;165;9;1;0.5;54;102;0.526971;226;235.598;9;1
16455;165;9;1;0.5;55;101;0.4726562;218;237.5941;9;0
16456;165;9;1;0.5;56;103;0.5022026;240;236.7573;9;2
16457;165;9;1;0.5;57;101;0.4651163;248;235.7822;9;0
16458;165;9;1;0.5;58;101;0.5528455;242;238.2178;9;0
16459;165;9;1;0.5;59;101;0.5622318;250;237.1881;9;0
16460;165;9;1;0.5;60;101;0.4646018;230;234.6535;9;0
16461;165;9;1;0.5;61;101;0.4786325;247;237.7624;9;0
16462;165;9;1;0.5;62;102;0.5223214;241;235.402;9;1
16463;165;9;1;0.5;63;101;0.5083333;217;236.7525;9;0
16464;165;9;1;0.5;64;102;0.4444444;254;237.9608;9;1
16465;165;9;1;0.5;65;102;0.5357143;240;237.2157;9;1
16466;165;9;1;0.5;66;101;0.479638;251;237.2475;9;0
16467;165;9;1;0.5;67;101;0.4560669;235;237.8119;9;0
16468;165;9;1;0.5;68;102;0.4878049;235;236.6471;9;1
16469;165;9;1;0.5;69;101;0.4679245;245;236.2871;9;0
16470;165;9;1;0.5;70;104;0.4919355;247;237.2115;9;3
16471;165;9;1;0.5;71;101;0.5105485;233;237.2574;9;0
16472;165;9;1;0.5;72;102;0.4663677;236;236.8824;9;1
16473;165;9;1;0.5;73;103;0.5232068;247;236.8932;9;2
16474;165;9;1;0.5;74;106;0.4879032;246;238.0377;9;5
16475;165;9;1;0.5;75;102;0.5173745;235;239.1667;9;1
16476;165;9;1;0.5;76;101;0.5087719;262;234.7525;9;0
16477;165;9;1;0.5;77;102;0.4903846;253;238.8235;9;1
16478;165;9;1;0.5;78;101;0.4532374;223;237.4554;9;0
16479;165;9;1;0.5;79;101;0.4854772;232;236.703;9;0
16480;165;9;1;0.5;80;102;0.5540541;266;237.8333;9;1
16481;165;9;1;0.5;81;103;0.484252;234;237.3495;9;2
16482;165;9;1;0.5;82;101;0.5020576;233;236.3861;9;0
16483;165;9;1;0.5;83;101;0.4732143;217;236.297;9;0
16484;165;9;1;0.5;84;102;0.4763948;241;237.2157;9;1
16485;165;9;1;0.5;85;103;0.4663866;280;238.9709;9;2
16486;165;9;1;0.5;86;101;0.5233645;246;237.6634;9;0
16487;165;9;1;0.5;87;101;0.5186916;231;236.495;9;0
16488;165;9;1;0.5;88;101;0.504386;232;236.9307;9;0
16489;165;9;1;0.5;89;101;0.47;253;237.1485;9;0
16490;165;9;1;0.5;90;101;0.5021459;237;234.5347;9;0
16491;165;9;1;0.5;91;106;0.4556962;245;237.7547;9;5
16492;165;9;1;0.5;92;104;0.5021834;227;235.1538;9;3
16493;165;9;1;0.5;93;102;0.517094;266;237.9314;9;1
16494;165;9;1;0.5;94;101;0.6032389;237;237.0396;9;0
16495;165;9;1;0.5;95;104;0.4677419;227;235.9615;9;3
16496;165;9;1;0.5;96;101;0.5304348;247;235.1584;9;0
16497;165;9;1;0.5;97;103;0.502008;253;237.3398;9;2
16498;165;9;1;0.5;98;101;0.525641;240;236.4554;9;0
16499;165;9;1;0.5;99;101;0.4787645;223;236.6733;9;0
16500;165;9;1;0.5;100;101;0.470339;243;235.297;9;0
16501;166;11;1;0.5;1;105;0.5021097;246;236.7714;11;4
16502;166;11;1;0.5;2;101;0.5228216;241;238.9307;11;0
16503;166;11;1;0.5;3;101;0.4642857;250;237.0594;11;0
16504;166;11;1;0.5;4;104;0.4852321;248;238.2212;11;3
16505;166;11;1;0.5;5;101;0.4912281;256;237.2673;11;0
16506;166;11;1;0.5;6;102;0.4786325;235;238.5686;11;1
16507;166;11;1;0.5;7;106;0.5172414;246;238.8113;11;5
16508;166;11;1;0.5;8;101;0.5;218;235.0693;11;0
16509;166;11;1;0.5;9;103;0.4957627;223;237.1748;11;2
16510;166;11;1;0.5;10;103;0.4416667;231;237.0971;11;2
16511;166;11;1;0.5;11;102;0.4918699;224;237.098;11;1
16512;166;11;1;0.5;12;101;0.4757709;257;236.3366;11;0
16513;166;11;1;0.5;13;102;0.5506608;258;236.9804;11;1
16514;166;11;1;0.5;14;105;0.4384236;223;236.3048;11;4
16515;166;11;1;0.5;15;103;0.4741036;223;238.2621;11;2
16516;166;11;1;0.5;16;102;0.5497835;248;237.3333;11;1
16517;166;11;1;0.5;17;101;0.480315;228;238.0594;11;0
16518;166;11;1;0.5;18;103;0.4959016;241;237.534;11;2
16519;166;11;1;0.5;19;102;0.4462151;227;236.0392;11;1
16520;166;11;1;0.5;20;101;0.4576271;242;236.3465;11;0
16521;166;11;1;0.5;21;102;0.4690265;238;236.5784;11;1
16522;166;11;1;0.5;22;102;0.4291845;240;236.5196;11;1
16523;166;11;1;0.5;23;102;0.4834711;248;237.4412;11;1
16524;166;11;1;0.5;24;102;0.5165289;203;238.598;11;1
16525;166;11;1;0.5;25;101;0.5045045;239;238.0297;11;0
16526;166;11;1;0.5;26;101;0.4417671;236;237.4653;11;0
16527;166;11;1;0.5;27;101;0.558952;243;237.3267;11;0
16528;166;11;1;0.5;28;101;0.4957983;260;237.3564;11;0
16529;166;11;1;0.5;29;102;0.5060729;223;238.4804;11;1
16530;166;11;1;0.5;30;102;0.5384615;242;235.549;11;1
16531;166;11;1;0.5;31;104;0.5346939;227;235.7788;11;3
16532;166;11;1;0.5;32;103;0.5154185;253;237.6602;11;2
16533;166;11;1;0.5;33;101;0.5;227;237.4653;11;0
16534;166;11;1;0.5;34;101;0.5178571;242;236.703;11;0
16535;166;11;1;0.5;35;102;0.463964;239;237.3333;11;1
16536;166;11;1;0.5;36;101;0.5087719;245;235.8119;11;0
16537;166;11;1;0.5;37;101;0.5378151;255;236.396;11;0
16538;166;11;1;0.5;38;103;0.4932127;241;236.534;11;2
16539;166;11;1;0.5;39;101;0.4705882;249;236.5743;11;0
16540;166;11;1;0.5;40;103;0.5311203;233;236.6505;11;2
16541;166;11;1;0.5;41;101;0.472973;234;237.6634;11;0
16542;166;11;1;0.5;42;102;0.523622;221;237.8627;11;1
16543;166;11;1;0.5;43;101;0.5338645;235;237.2376;11;0
16544;166;11;1;0.5;44;101;0.5044643;225;235.1287;11;0
16545;166;11;1;0.5;45;102;0.5044643;260;238.8431;11;1
16546;166;11;1;0.5;46;101;0.4680851;244;237.4554;11;0
16547;166;11;1;0.5;47;102;0.523622;244;237.4118;11;1
16548;166;11;1;0.5;48;102;0.4940711;245;236.3431;11;1
16549;166;11;1;0.5;49;102;0.486166;252;237.4118;11;1
16550;166;11;1;0.5;50;106;0.503876;228;236.8113;11;5
16551;166;11;1;0.5;51;102;0.5263158;231;235.8627;11;1
16552;166;11;1;0.5;52;102;0.4370079;260;237.0392;11;1
16553;166;11;1;0.5;53;101;0.4588745;237;236.9901;11;0
16554;166;11;1;0.5;54;101;0.4823529;219;235.6337;11;0
16555;166;11;1;0.5;55;101;0.4743083;222;237.0396;11;0
16556;166;11;1;0.5;56;103;0.5381356;235;236.8058;11;2
16557;166;11;1;0.5;57;102;0.5151515;248;238.0882;11;1
16558;166;11;1;0.5;58;101;0.5280374;246;238.3069;11;0
16559;166;11;1;0.5;59;101;0.5083333;238;236.9505;11;0
16560;166;11;1;0.5;60;101;0.4955752;225;237.5347;11;0
16561;166;11;1;0.5;61;106;0.5158371;265;238.0849;11;5
16562;166;11;1;0.5;62;101;0.497992;254;236.0891;11;0
16563;166;11;1;0.5;63;101;0.4934498;245;237.3663;11;0
16564;166;11;1;0.5;64;101;0.522449;223;237.4455;11;0
16565;166;11;1;0.5;65;101;0.4592275;220;236.0198;11;0
16566;166;11;1;0.5;66;101;0.4717742;226;237.2574;11;0
16567;166;11;1;0.5;67;101;0.4759825;236;237.5347;11;0
16568;166;11;1;0.5;68;101;0.4476987;229;235.5446;11;0
16569;166;11;1;0.5;69;101;0.5288462;229;236.4653;11;0
16570;166;11;1;0.5;70;101;0.4915254;234;236.0297;11;0
16571;166;11;1;0.5;71;101;0.4636015;237;236.8614;11;0
16572;166;11;1;0.5;72;101;0.4849785;223;234.3762;11;0
16573;166;11;1;0.5;73;103;0.4765957;247;236.1456;11;2
16574;166;11;1;0.5;74;101;0.4795082;226;236.5842;11;0
16575;166;11;1;0.5;75;102;0.510917;222;238.451;11;1
16576;166;11;1;0.5;76;101;0.5069124;241;234.6733;11;0
16577;166;11;1;0.5;77;103;0.4628099;228;238.233;11;2
16578;166;11;1;0.5;78;103;0.5212355;222;236.2718;11;2
16579;166;11;1;0.5;79;101;0.4909091;246;234.4356;11;0
16580;166;11;1;0.5;80;101;0.4813278;226;235.3663;11;0
16581;166;11;1;0.5;81;103;0.5655738;240;238.0388;11;2
16582;166;11;1;0.5;82;101;0.4768519;245;235.5743;11;0
16583;166;11;1;0.5;83;102;0.460177;224;236.4314;11;1
16584;166;11;1;0.5;84;102;0.5135135;263;236.4118;11;1
16585;166;11;1;0.5;85;102;0.506383;242;235.9314;11;1
16586;166;11;1;0.5;86;102;0.5091743;237;237.2059;11;1
16587;166;11;1;0.5;87;101;0.5250965;250;237.4554;11;0
16588;166;11;1;0.5;88;101;0.4979592;255;236.4653;11;0
16589;166;11;1;0.5;89;102;0.4771784;229;236.4412;11;1
16590;166;11;1;0.5;90;101;0.5022422;238;236.9604;11;0
16591;166;11;1;0.5;91;101;0.4435484;235;236.8416;11;0
16592;166;11;1;0.5;92;101;0.4921875;219;237.5545;11;0
16593;166;11;1;0.5;93;102;0.470339;248;236.7843;11;1
16594;166;11;1;0.5;94;101;0.5536481;233;237.7723;11;0
16595;166;11;1;0.5;95;101;0.4675325;231;237.2673;11;0
16596;166;11;1;0.5;96;101;0.5042017;206;235.099;11;0
16597;166;11;1;0.5;97;102;0.5263158;222;237.3627;11;1
16598;166;11;1;0.5;98;101;0.5115207;252;239.2871;11;0
16599;166;11;1;0.5;99;105;0.4893617;276;236.981;11;4
16600;166;11;1;0.5;100;101;0.5044248;241;236.0198;11;0
16601;167;13;1;0.5;1;102;0.5191489;223;238.549;13;1
16602;167;13;1;0.5;2;107;0.4765957;239;237.5981;13;6
16603;167;13;1;0.5;3;101;0.5530973;241;238.9604;13;0
16604;167;13;1;0.5;4;102;0.5305164;243;236.6667;13;1
16605;167;13;1;0.5;5;103;0.504386;258;237.835;13;2
16606;167;13;1;0.5;6;102;0.5327103;245;236.5;13;1
16607;167;13;1;0.5;7;103;0.4541485;232;237.0291;13;2
16608;167;13;1;0.5;8;103;0.5355649;258;235.1068;13;2
16609;167;13;1;0.5;9;101;0.5725806;239;235.3762;13;0
16610;167;13;1;0.5;10;101;0.4922481;244;235.8713;13;0
16611;167;13;1;0.5;11;102;0.4903475;216;238.0196;13;1
16612;167;13;1;0.5;12;104;0.5580524;250;235.9904;13;3
16613;167;13;1;0.5;13;101;0.5483871;216;237.7822;13;0
16614;167;13;1;0.5;14;105;0.4853556;234;236.2857;13;4
16615;167;13;1;0.5;15;101;0.5058824;240;239.0396;13;0
16616;167;13;1;0.5;16;101;0.498008;247;236.7426;13;0
16617;167;13;1;0.5;17;103;0.4444444;245;236.3301;13;2
16618;167;13;1;0.5;18;102;0.4579832;236;236.5588;13;1
16619;167;13;1;0.5;19;104;0.4565217;226;235.7981;13;3
16620;167;13;1;0.5;20;101;0.5176471;252;238.0198;13;0
16621;167;13;1;0.5;21;102;0.5531915;204;237.1667;13;1
16622;167;13;1;0.5;22;106;0.4977974;232;237.1038;13;5
16623;167;13;1;0.5;23;101;0.5391304;220;234.1188;13;0
16624;167;13;1;0.5;24;101;0.5168067;236;237.2178;13;0
16625;167;13;1;0.5;25;102;0.4917355;238;236.5098;13;1
16626;167;13;1;0.5;26;101;0.5;254;235.4455;13;0
16627;167;13;1;0.5;27;102;0.5695652;233;237.1863;13;1
16628;167;13;1;0.5;28;103;0.4916667;255;236.9612;13;2
16629;167;13;1;0.5;29;102;0.4634146;238;237.6765;13;1
16630;167;13;1;0.5;30;103;0.5168067;248;235.7379;13;2
16631;167;13;1;0.5;31;101;0.5420168;245;235.5842;13;0
16632;167;13;1;0.5;32;104;0.5066079;232;235.8365;13;3
16633;167;13;1;0.5;33;101;0.5638767;242;236.8119;13;0
16634;167;13;1;0.5;34;101;0.473251;206;235.6832;13;0
16635;167;13;1;0.5;35;101;0.4772727;239;238.6139;13;0
16636;167;13;1;0.5;36;102;0.5173913;228;236.2745;13;1
16637;167;13;1;0.5;37;102;0.5342466;260;235.8824;13;1
16638;167;13;1;0.5;38;104;0.5387755;228;235.4231;13;3
16639;167;13;1;0.5;39;101;0.4878049;247;234.5545;13;0
16640;167;13;1;0.5;40;102;0.497992;222;235.8824;13;1
16641;167;13;1;0.5;41;105;0.5670996;217;237.3619;13;4
16642;167;13;1;0.5;42;101;0.5720165;233;235.8614;13;0
16643;167;13;1;0.5;43;103;0.5;248;237.8932;13;2
16644;167;13;1;0.5;44;101;0.5;237;237.0594;13;0
16645;167;13;1;0.5;45;101;0.5;233;235.8713;13;0
16646;167;13;1;0.5;46;105;0.513834;216;235.2095;13;4
16647;167;13;1;0.5;47;103;0.4932127;250;237.7379;13;2
16648;167;13;1;0.5;48;104;0.5;224;237.0769;13;3
16649;167;13;1;0.5;49;104;0.5062762;233;235.3365;13;3
16650;167;13;1;0.5;50;101;0.4193548;236;236.0693;13;0
16651;167;13;1;0.5;51;102;0.536036;238;236.8137;13;1
16652;167;13;1;0.5;52;102;0.506383;206;236.2647;13;1
16653;167;13;1;0.5;53;102;0.5108225;228;236.5784;13;1
16654;167;13;1;0.5;54;102;0.5533597;267;236.4412;13;1
16655;167;13;1;0.5;55;103;0.4933333;243;237.6214;13;2
16656;167;13;1;0.5;56;102;0.4736842;220;236.1373;13;1
16657;167;13;1;0.5;57;103;0.5336323;232;236.9029;13;2
16658;167;13;1;0.5;58;101;0.4854772;238;235.6436;13;0
16659;167;13;1;0.5;59;101;0.5146444;245;237.2178;13;0
16660;167;13;1;0.5;60;103;0.4933921;244;237.4854;13;2
16661;167;13;1;0.5;61;101;0.4680851;240;237.6238;13;0
16662;167;13;1;0.5;62;101;0.5274262;247;235.6931;13;0
16663;167;13;1;0.5;63;101;0.5450644;212;237.3762;13;0
16664;167;13;1;0.5;64;101;0.4285714;249;235.2376;13;0
16665;167;13;1;0.5;65;101;0.5022831;244;238.3663;13;0
16666;167;13;1;0.5;66;101;0.5219298;241;235.8911;13;0
16667;167;13;1;0.5;67;102;0.5577689;223;236.9706;13;1
16668;167;13;1;0.5;68;102;0.537037;263;237.451;13;1
16669;167;13;1;0.5;69;104;0.4690265;244;235.7596;13;3
16670;167;13;1;0.5;70;104;0.4408163;244;237.8077;13;3
16671;167;13;1;0.5;71;101;0.5806452;245;236.7921;13;0
16672;167;13;1;0.5;72;101;0.5772727;232;236.7723;13;0
16673;167;13;1;0.5;73;101;0.4724771;245;235.7723;13;0
16674;167;13;1;0.5;74;101;0.4958678;232;236.0693;13;0
16675;167;13;1;0.5;75;102;0.5912698;220;235.0686;13;1
16676;167;13;1;0.5;76;101;0.4977778;239;237.396;13;0
16677;167;13;1;0.5;77;102;0.4817814;233;237.6275;13;1
16678;167;13;1;0.5;78;104;0.4598214;237;237.8462;13;3
16679;167;13;1;0.5;79;101;0.4208145;257;234.9505;13;0
16680;167;13;1;0.5;80;102;0.5294118;252;235.0588;13;1
16681;167;13;1;0.5;81;102;0.5179283;222;237.1176;13;1
16682;167;13;1;0.5;82;101;0.4803493;237;238.099;13;0
16683;167;13;1;0.5;83;101;0.4247104;238;238.5743;13;0
16684;167;13;1;0.5;84;102;0.525641;217;236.6078;13;1
16685;167;13;1;0.5;85;101;0.4876033;223;236.8218;13;0
16686;167;13;1;0.5;86;102;0.5294118;244;237.2451;13;1
16687;167;13;1;0.5;87;101;0.5371901;232;236.3762;13;0
16688;167;13;1;0.5;88;102;0.5113122;227;235.9118;13;1
16689;167;13;1;0.5;89;101;0.5461538;226;236.7426;13;0
16690;167;13;1;0.5;90;101;0.5594714;242;236.7129;13;0
16691;167;13;1;0.5;91;101;0.543379;234;237.1683;13;0
16692;167;13;1;0.5;92;102;0.5336134;225;237;13;1
16693;167;13;1;0.5;93;101;0.4524887;237;239.6634;13;0
16694;167;13;1;0.5;94;101;0.559633;226;235.4554;13;0
16695;167;13;1;0.5;95;102;0.4414414;243;237.1765;13;1
16696;167;13;1;0.5;96;101;0.5139442;223;237.505;13;0
16697;167;13;1;0.5;97;101;0.5111111;255;235.703;13;0
16698;167;13;1;0.5;98;101;0.5482456;225;236.4059;13;0
16699;167;13;1;0.5;99;101;0.5147679;268;238.5941;13;0
16700;167;13;1;0.5;100;102;0.5098039;224;237.549;13;1
16701;168;15;1;0.5;1;102;0.4439462;269;239.1373;15;1
16702;168;15;1;0.5;2;105;0.5172414;242;237.1429;15;4
16703;168;15;1;0.5;3;102;0.5550661;233;235.7745;15;1
16704;168;15;1;0.5;4;101;0.4910714;232;236.6535;15;0
16705;168;15;1;0.5;5;104;0.4421488;235;234.7981;15;3
16706;168;15;1;0.5;6;101;0.4684015;229;235.7822;15;0
16707;168;15;1;0.5;7;101;0.5486726;223;235.6733;15;0
16708;168;15;1;0.5;8;101;0.5130435;233;236.8911;15;0
16709;168;15;1;0.5;9;101;0.502008;231;236.5941;15;0
16710;168;15;1;0.5;10;101;0.4698795;225;235.8119;15;0
16711;168;15;1;0.5;11;102;0.4653061;222;236.9216;15;1
16712;168;15;1;0.5;12;103;0.5108225;235;236.2913;15;2
16713;168;15;1;0.5;13;102;0.5974576;236;234.6078;15;1
16714;168;15;1;0.5;14;102;0.4900398;240;236.5196;15;1
16715;168;15;1;0.5;15;101;0.4607843;254;235.3069;15;0
16716;168;15;1;0.5;16;101;0.4666667;255;235.8317;15;0
16717;168;15;1;0.5;17;102;0.4672489;243;237.451;15;1
16718;168;15;1;0.5;18;101;0.4599156;253;239.4554;15;0
16719;168;15;1;0.5;19;101;0.5193798;237;237.4059;15;0
16720;168;15;1;0.5;20;103;0.480916;227;237.0971;15;2
16721;168;15;1;0.5;21;102;0.4978541;229;236.6765;15;1
16722;168;15;1;0.5;22;101;0.5242291;238;236.2376;15;0
16723;168;15;1;0.5;23;101;0.4901961;228;236.7228;15;0
16724;168;15;1;0.5;24;102;0.5742188;224;237.4804;15;1
16725;168;15;1;0.5;25;101;0.5384615;224;237.0693;15;0
16726;168;15;1;0.5;26;101;0.4552846;234;236.5545;15;0
16727;168;15;1;0.5;27;101;0.508547;243;234.9505;15;0
16728;168;15;1;0.5;28;101;0.4573991;214;236.0594;15;0
16729;168;15;1;0.5;29;102;0.4524887;231;236.4412;15;1
16730;168;15;1;0.5;30;103;0.5106383;253;236.8641;15;2
16731;168;15;1;0.5;31;101;0.4954955;253;237.5149;15;0
16732;168;15;1;0.5;32;101;0.501992;215;235.3861;15;0
16733;168;15;1;0.5;33;102;0.5321888;258;235.2647;15;1
16734;168;15;1;0.5;34;101;0.5265306;244;237.3861;15;0
16735;168;15;1;0.5;35;102;0.496124;228;238.0784;15;1
16736;168;15;1;0.5;36;102;0.473913;246;237.3529;15;1
16737;168;15;1;0.5;37;101;0.4669421;225;238.297;15;0
16738;168;15;1;0.5;38;101;0.5367965;257;236.8911;15;0
16739;168;15;1;0.5;39;103;0.4713115;237;236.534;15;2
16740;168;15;1;0.5;40;101;0.487069;251;236.2871;15;0
16741;168;15;1;0.5;41;101;0.5416667;213;238.505;15;0
16742;168;15;1;0.5;42;101;0.5086207;254;236.5743;15;0
16743;168;15;1;0.5;43;101;0.58159;222;236.0891;15;0
16744;168;15;1;0.5;44;102;0.4939271;249;236.9216;15;1
16745;168;15;1;0.5;45;102;0.5122951;240;235.5392;15;1
16746;168;15;1;0.5;46;101;0.4924812;225;235.7723;15;0
16747;168;15;1;0.5;47;105;0.496;242;236.5048;15;4
16748;168;15;1;0.5;48;103;0.4961538;250;235.3786;15;2
16749;168;15;1;0.5;49;103;0.5079365;218;237.7087;15;2
16750;168;15;1;0.5;50;101;0.5461847;233;238.1584;15;0
16751;168;15;1;0.5;51;101;0.5313808;240;237.3861;15;0
16752;168;15;1;0.5;52;101;0.3951613;242;236.8911;15;0
16753;168;15;1;0.5;53;103;0.5258964;241;238.1068;15;2
16754;168;15;1;0.5;54;101;0.488;249;237.505;15;0
16755;168;15;1;0.5;55;101;0.5286344;231;235.1584;15;0
16756;168;15;1;0.5;56;101;0.4777328;240;234.6535;15;0
16757;168;15;1;0.5;57;108;0.4593301;242;237.75;15;7
16758;168;15;1;0.5;58;101;0.5614754;232;235.7822;15;0
16759;168;15;1;0.5;59;102;0.4767932;256;235.2745;15;1
16760;168;15;1;0.5;60;102;0.5;228;236.4902;15;1
16761;168;15;1;0.5;61;101;0.4671815;230;236.4257;15;0
16762;168;15;1;0.5;62;103;0.4977974;237;235.767;15;2
16763;168;15;1;0.5;63;101;0.4918033;234;235.9505;15;0
16764;168;15;1;0.5;64;102;0.4254386;238;236.5686;15;1
16765;168;15;1;0.5;65;101;0.4743083;220;237.5644;15;0
16766;168;15;1;0.5;66;101;0.5375;254;236.604;15;0
16767;168;15;1;0.5;67;101;0.5294118;246;237.2871;15;0
16768;168;15;1;0.5;68;101;0.5454545;243;236.396;15;0
16769;168;15;1;0.5;69;101;0.5021645;232;236.5644;15;0
16770;168;15;1;0.5;70;101;0.5241935;229;236.4554;15;0
16771;168;15;1;0.5;71;101;0.5180723;215;235.8218;15;0
16772;168;15;1;0.5;72;103;0.4913043;225;235.9709;15;2
16773;168;15;1;0.5;73;102;0.5057915;209;237.1275;15;1
16774;168;15;1;0.5;74;103;0.469697;227;236.8932;15;2
16775;168;15;1;0.5;75;101;0.5108225;242;237.8119;15;0
16776;168;15;1;0.5;76;101;0.5082645;240;235.7525;15;0
16777;168;15;1;0.5;77;104;0.4957265;210;236.2212;15;3
16778;168;15;1;0.5;78;101;0.490991;259;236.2277;15;0
16779;168;15;1;0.5;79;103;0.5540541;227;236.6214;15;2
16780;168;15;1;0.5;80;102;0.5058366;214;234.8431;15;1
16781;168;15;1;0.5;81;102;0.5346939;217;234.1765;15;1
16782;168;15;1;0.5;82;104;0.5148936;223;234.0577;15;3
16783;168;15;1;0.5;83;102;0.525;224;236.902;15;1
16784;168;15;1;0.5;84;101;0.4827586;260;237.2178;15;0
16785;168;15;1;0.5;85;104;0.5;236;236.375;15;3
16786;168;15;1;0.5;86;104;0.5363636;234;235.5481;15;3
16787;168;15;1;0.5;87;101;0.5084034;234;236.5941;15;0
16788;168;15;1;0.5;88;102;0.4401709;218;237.3529;15;1
16789;168;15;1;0.5;89;101;0.5042373;236;237.0099;15;0
16790;168;15;1;0.5;90;101;0.487069;239;237.1188;15;0
16791;168;15;1;0.5;91;101;0.4494382;225;236.2871;15;0
16792;168;15;1;0.5;92;101;0.4937759;254;236.9604;15;0
16793;168;15;1;0.5;93;101;0.5059761;254;237.396;15;0
16794;168;15;1;0.5;94;104;0.4488889;234;235.9038;15;3
16795;168;15;1;0.5;95;105;0.5132743;239;238.219;15;4
16796;168;15;1;0.5;96;102;0.5281385;238;238.3235;15;1
16797;168;15;1;0.5;97;102;0.5355649;248;236.3137;15;1
16798;168;15;1;0.5;98;101;0.4950495;246;237.5941;15;0
16799;168;15;1;0.5;99;101;0.4574899;250;237.0792;15;0
16800;168;15;1;0.5;100;103;0.5280374;259;235.5146;15;2
16801;169;17;1;0.5;1;101;0.5132743;216;236.6337;17;0
16802;169;17;1;0.5;2;102;0.5244444;217;237.3725;17;1
16803;169;17;1;0.5;3;101;0.526749;220;236.3663;17;0
16804;169;17;1;0.5;4;101;0.5595238;222;235.8218;17;0
16805;169;17;1;0.5;5;101;0.4716157;255;239.0594;17;0
16806;169;17;1;0.5;6;101;0.4728033;255;237.1584;17;0
16807;169;17;1;0.5;7;103;0.5539906;257;236.1942;17;2
16808;169;17;1;0.5;8;101;0.5020921;225;237.802;17;0
16809;169;17;1;0.5;9;102;0.4897959;222;236.6078;17;1
16810;169;17;1;0.5;10;102;0.4646018;245;234.6569;17;1
16811;169;17;1;0.5;11;104;0.4933921;232;236.1538;17;3
16812;169;17;1;0.5;12;101;0.4647887;246;236.1683;17;0
16813;169;17;1;0.5;13;101;0.4957983;242;234.7921;17;0
16814;169;17;1;0.5;14;103;0.4615385;260;236.699;17;2
16815;169;17;1;0.5;15;102;0.4311927;236;237.3529;17;1
16816;169;17;1;0.5;16;101;0.5227273;264;237;17;0
16817;169;17;1;0.5;17;106;0.4588745;225;237.8868;17;5
16818;169;17;1;0.5;18;101;0.4567901;242;237.9802;17;0
16819;169;17;1;0.5;19;101;0.5255814;230;235.7426;17;0
16820;169;17;1;0.5;20;102;0.4495798;235;238.1863;17;1
16821;169;17;1;0.5;21;101;0.4877049;227;236.4257;17;0
16822;169;17;1;0.5;22;102;0.4734513;263;236.9118;17;1
16823;169;17;1;0.5;23;102;0.5155556;223;235.2941;17;1
16824;169;17;1;0.5;24;102;0.4732143;240;236.4608;17;1
16825;169;17;1;0.5;25;101;0.5112108;230;238.8812;17;0
16826;169;17;1;0.5;26;103;0.473251;259;236.5049;17;2
16827;169;17;1;0.5;27;107;0.4568966;223;237.6262;17;6
16828;169;17;1;0.5;28;101;0.419214;257;235.2277;17;0
16829;169;17;1;0.5;29;103;0.536036;243;236.9806;17;2
16830;169;17;1;0.5;30;106;0.483871;256;236.1887;17;5
16831;169;17;1;0.5;31;101;0.5201794;252;238.5149;17;0
16832;169;17;1;0.5;32;101;0.4345992;217;235.8812;17;0
16833;169;17;1;0.5;33;101;0.4700855;220;236.7525;17;0
16834;169;17;1;0.5;34;103;0.465812;224;236.1359;17;2
16835;169;17;1;0.5;35;101;0.4845815;230;234.3663;17;0
16836;169;17;1;0.5;36;101;0.4978166;229;239.1683;17;0
16837;169;17;1;0.5;37;102;0.5102881;258;236.3137;17;1
16838;169;17;1;0.5;38;102;0.5125;239;238.4608;17;1
16839;169;17;1;0.5;39;101;0.508;227;238.1287;17;0
16840;169;17;1;0.5;40;101;0.5086957;231;236;17;0
16841;169;17;1;0.5;41;105;0.5040984;246;236.0952;17;4
16842;169;17;1;0.5;42;101;0.5363985;248;237.6931;17;0
16843;169;17;1;0.5;43;102;0.5286344;204;237.5196;17;1
16844;169;17;1;0.5;44;104;0.5258621;252;237.0673;17;3
16845;169;17;1;0.5;45;102;0.4942529;232;237.7745;17;1
16846;169;17;1;0.5;46;103;0.4777328;217;236.4272;17;2
16847;169;17;1;0.5;47;102;0.4879032;269;235.5294;17;1
16848;169;17;1;0.5;48;103;0.4549356;236;237.0777;17;2
16849;169;17;1;0.5;49;105;0.5252918;240;237.4857;17;4
16850;169;17;1;0.5;50;101;0.5093458;245;236.3069;17;0
16851;169;17;1;0.5;51;101;0.5238095;243;236.3366;17;0
16852;169;17;1;0.5;52;103;0.4907407;220;237.9806;17;2
16853;169;17;1;0.5;53;102;0.4937759;253;237.5882;17;1
16854;169;17;1;0.5;54;102;0.5066079;245;236.4804;17;1
16855;169;17;1;0.5;55;102;0.5205479;235;237.1765;17;1
16856;169;17;1;0.5;56;104;0.4889868;253;238.2212;17;3
16857;169;17;1;0.5;57;101;0.5142857;246;238.5941;17;0
16858;169;17;1;0.5;58;109;0.4631148;237;236.6422;17;8
16859;169;17;1;0.5;59;101;0.530303;249;236.0396;17;0
16860;169;17;1;0.5;60;101;0.5;246;236.3861;17;0
16861;169;17;1;0.5;61;103;0.5489362;249;235.2913;17;2
16862;169;17;1;0.5;62;101;0.4844444;233;236.8614;17;0
16863;169;17;1;0.5;63;101;0.5082645;225;234.6139;17;0
16864;169;17;1;0.5;64;102;0.4741036;232;237.9412;17;1
16865;169;17;1;0.5;65;104;0.4646018;223;237.5865;17;3
16866;169;17;1;0.5;66;101;0.4849785;215;238.1683;17;0
16867;169;17;1;0.5;67;101;0.4788136;253;237.198;17;0
16868;169;17;1;0.5;68;106;0.4866071;228;237.2547;17;5
16869;169;17;1;0.5;69;105;0.4628821;245;238.0286;17;4
16870;169;17;1;0.5;70;102;0.5090909;226;236.9314;17;1
16871;169;17;1;0.5;71;102;0.5826446;219;236.4118;17;1
16872;169;17;1;0.5;72;102;0.5021645;254;234.7941;17;1
16873;169;17;1;0.5;73;103;0.5020921;230;237.3495;17;2
16874;169;17;1;0.5;74;101;0.5065502;247;237.0495;17;0
16875;169;17;1;0.5;75;102;0.5064935;204;234.7647;17;1
16876;169;17;1;0.5;76;103;0.4957265;231;235.0291;17;2
16877;169;17;1;0.5;77;103;0.5118483;272;237.835;17;2
16878;169;17;1;0.5;78;101;0.4633205;252;237.4257;17;0
16879;169;17;1;0.5;79;101;0.5211864;220;238.5446;17;0
16880;169;17;1;0.5;80;102;0.4383562;274;236.7941;17;1
16881;169;17;1;0.5;81;106;0.5156951;257;236.0755;17;5
16882;169;17;1;0.5;82;103;0.448;219;238.8835;17;2
16883;169;17;1;0.5;83;103;0.5288889;240;236.301;17;2
16884;169;17;1;0.5;84;105;0.5064378;258;237.0381;17;4
16885;169;17;1;0.5;85;103;0.5;245;236.5728;17;2
16886;169;17;1;0.5;86;101;0.4958333;238;237.8218;17;0
16887;169;17;1;0.5;87;101;0.5060729;253;236.3168;17;0
16888;169;17;1;0.5;88;101;0.516129;251;236.8317;17;0
16889;169;17;1;0.5;89;101;0.4909091;270;238.3861;17;0
16890;169;17;1;0.5;90;104;0.4777328;235;237.5962;17;3
16891;169;17;1;0.5;91;105;0.5;238;234.9048;17;4
16892;169;17;1;0.5;92;102;0.5298805;229;236.8333;17;1
16893;169;17;1;0.5;93;102;0.5399061;260;236.2157;17;1
16894;169;17;1;0.5;94;103;0.4933921;225;236.2913;17;2
16895;169;17;1;0.5;95;101;0.5193133;248;236.4554;17;0
16896;169;17;1;0.5;96;105;0.444;243;237.1429;17;4
16897;169;17;1;0.5;97;102;0.473029;234;236.8725;17;1
16898;169;17;1;0.5;98;103;0.5425101;225;236.7379;17;2
16899;169;17;1;0.5;99;101;0.4736842;233;237.7723;17;0
16900;169;17;1;0.5;100;102;0.5226337;226;236.7745;17;1
16901;170;19;1;0.5;1;101;0.4541833;257;238.1683;19;0
16902;170;19;1;0.5;2;101;0.4883721;240;236.0792;19;0
16903;170;19;1;0.5;3;101;0.5079365;228;236.9307;19;0
16904;170;19;1;0.5;4;102;0.4872881;227;236.1176;19;1
16905;170;19;1;0.5;5;101;0.5090909;254;236.0396;19;0
16906;170;19;1;0.5;6;101;0.457265;251;235.3564;19;0
16907;170;19;1;0.5;7;104;0.4789916;229;237.0673;19;3
16908;170;19;1;0.5;8;102;0.4568966;251;236.5686;19;1
16909;170;19;1;0.5;9;101;0.4936709;234;236;19;0
16910;170;19;1;0.5;10;103;0.5294118;249;236.4466;19;2
16911;170;19;1;0.5;11;102;0.5116279;233;236.0196;19;1
16912;170;19;1;0.5;12;101;0.5222672;238;237.0693;19;0
16913;170;19;1;0.5;13;103;0.4869888;234;237.5243;19;2
16914;170;19;1;0.5;14;101;0.5172414;235;237.3564;19;0
16915;170;19;1;0.5;15;102;0.4869565;226;236.7059;19;1
16916;170;19;1;0.5;16;104;0.4457831;229;235.6827;19;3
16917;170;19;1;0.5;17;101;0.4753363;233;235.2574;19;0
16918;170;19;1;0.5;18;103;0.5390625;227;236.5631;19;2
16919;170;19;1;0.5;19;105;0.5227273;230;236.6952;19;4
16920;170;19;1;0.5;20;101;0.4357977;221;235.4158;19;0
16921;170;19;1;0.5;21;104;0.4837398;255;237.9808;19;3
16922;170;19;1;0.5;22;101;0.5131579;234;236.6139;19;0
16923;170;19;1;0.5;23;103;0.4634146;256;236.466;19;2
16924;170;19;1;0.5;24;102;0.5168067;240;235.8235;19;1
16925;170;19;1;0.5;25;102;0.5350877;257;235.8922;19;1
16926;170;19;1;0.5;26;101;0.5349794;254;237.099;19;0
16927;170;19;1;0.5;27;102;0.5192308;248;234.5196;19;1
16928;170;19;1;0.5;28;103;0.4848485;215;235.1262;19;2
16929;170;19;1;0.5;29;101;0.4881517;233;235.0099;19;0
16930;170;19;1;0.5;30;103;0.4959016;220;236.3204;19;2
16931;170;19;1;0.5;31;101;0.5318182;247;236.0099;19;0
16932;170;19;1;0.5;32;101;0.5219512;238;236.4455;19;0
16933;170;19;1;0.5;33;101;0.5581395;265;238.0693;19;0
16934;170;19;1;0.5;34;101;0.4331797;229;237.1782;19;0
16935;170;19;1;0.5;35;101;0.5248869;234;236.6436;19;0
16936;170;19;1;0.5;36;103;0.5212355;242;235.8738;19;2
16937;170;19;1;0.5;37;101;0.5040984;243;235.3465;19;0
16938;170;19;1;0.5;38;101;0.4893617;248;236.8317;19;0
16939;170;19;1;0.5;39;101;0.4851064;242;237.9109;19;0
16940;170;19;1;0.5;40;101;0.4609053;226;235.8812;19;0
16941;170;19;1;0.5;41;103;0.4883721;259;238.5631;19;2
16942;170;19;1;0.5;42;101;0.4628099;214;237.4059;19;0
16943;170;19;1;0.5;43;103;0.4871795;219;236.4757;19;2
16944;170;19;1;0.5;44;101;0.482906;251;234.5347;19;0
16945;170;19;1;0.5;45;101;0.5276596;231;233.9307;19;0
16946;170;19;1;0.5;46;101;0.5147679;228;237.7426;19;0
16947;170;19;1;0.5;47;102;0.5774648;229;237.3137;19;1
16948;170;19;1;0.5;48;101;0.5127119;236;238.8911;19;0
16949;170;19;1;0.5;49;101;0.4868421;238;236.8515;19;0
16950;170;19;1;0.5;50;101;0.4233871;245;236.8812;19;0
16951;170;19;1;0.5;51;101;0.4694656;228;235.9208;19;0
16952;170;19;1;0.5;52;102;0.5208333;254;237.0588;19;1
16953;170;19;1;0.5;53;101;0.464;209;235.604;19;0
16954;170;19;1;0.5;54;103;0.5;239;235.9223;19;2
16955;170;19;1;0.5;55;101;0.5061224;234;235.802;19;0
16956;170;19;1;0.5;56;101;0.4854772;235;236.0396;19;0
16957;170;19;1;0.5;57;104;0.5103734;253;237.4712;19;3
16958;170;19;1;0.5;58;102;0.5204918;213;236.5784;19;1
16959;170;19;1;0.5;59;103;0.488189;233;235.3301;19;2
16960;170;19;1;0.5;60;101;0.4618644;230;236.8812;19;0
16961;170;19;1;0.5;61;101;0.5344828;274;236.6337;19;0
16962;170;19;1;0.5;62;106;0.4854772;233;237.2547;19;5
16963;170;19;1;0.5;63;102;0.5125;234;235.5392;19;1
16964;170;19;1;0.5;64;101;0.4913793;256;237.0297;19;0
16965;170;19;1;0.5;65;101;0.5185185;195;238.1881;19;0
16966;170;19;1;0.5;66;102;0.5635593;244;236.049;19;1
16967;170;19;1;0.5;67;101;0.48;249;235.9703;19;0
16968;170;19;1;0.5;68;101;0.462963;239;237.8515;19;0
16969;170;19;1;0.5;69;109;0.527027;262;237.8349;19;8
16970;170;19;1;0.5;70;104;0.5059289;235;235.4423;19;3
16971;170;19;1;0.5;71;102;0.4618644;224;235.2745;19;1
16972;170;19;1;0.5;72;102;0.516;216;235.902;19;1
16973;170;19;1;0.5;73;101;0.4921875;222;234.3366;19;0
16974;170;19;1;0.5;74;102;0.4751131;221;238.6078;19;1
16975;170;19;1;0.5;75;101;0.456;239;239.4257;19;0
16976;170;19;1;0.5;76;101;0.493617;208;238.5644;19;0
16977;170;19;1;0.5;77;102;0.5081301;239;235.3137;19;1
16978;170;19;1;0.5;78;103;0.5;244;237.1262;19;2
16979;170;19;1;0.5;79;101;0.4955752;232;236.6634;19;0
16980;170;19;1;0.5;80;101;0.4843049;254;236.6634;19;0
16981;170;19;1;0.5;81;101;0.5220884;240;234.7426;19;0
16982;170;19;1;0.5;82;101;0.5251142;251;236.3366;19;0
16983;170;19;1;0.5;83;105;0.5123967;255;235.9714;19;4
16984;170;19;1;0.5;84;103;0.4933921;255;235.5146;19;2
16985;170;19;1;0.5;85;101;0.5694444;249;237.9802;19;0
16986;170;19;1;0.5;86;102;0.4594595;259;237.3725;19;1
16987;170;19;1;0.5;87;102;0.4933333;239;236.6569;19;1
16988;170;19;1;0.5;88;103;0.5528455;211;237.0097;19;2
16989;170;19;1;0.5;89;101;0.5791667;243;235.6535;19;0
16990;170;19;1;0.5;90;101;0.4897959;246;236.1287;19;0
16991;170;19;1;0.5;91;101;0.5150215;249;238.1485;19;0
16992;170;19;1;0.5;92;103;0.5186722;254;237.0971;19;2
16993;170;19;1;0.5;93;102;0.486692;224;237.6569;19;1
16994;170;19;1;0.5;94;102;0.4956897;251;236.6471;19;1
16995;170;19;1;0.5;95;103;0.4644351;236;234.0194;19;2
16996;170;19;1;0.5;96;101;0.5309735;234;236.8911;19;0
16997;170;19;1;0.5;97;102;0.4774436;227;237.6765;19;1
16998;170;19;1;0.5;98;104;0.5255474;209;237.8077;19;3
16999;170;19;1;0.5;99;102;0.4631148;209;235.4412;19;1
17000;170;19;1;0.5;100;102;0.5661157;225;234.4706;19;1
17001;171;21;1;0.5;1;101;0.5150215;214;234.8812;21;0
17002;171;21;1;0.5;2;102;0.5;246;237.6275;21;1
17003;171;21;1;0.5;3;109;0.5180723;246;238.4771;21;8
17004;171;21;1;0.5;4;102;0.5201794;253;235.9706;21;1
17005;171;21;1;0.5;5;101;0.5841121;240;235.1386;21;0
17006;171;21;1;0.5;6;101;0.4979592;224;237.0396;21;0
17007;171;21;1;0.5;7;102;0.4978723;242;235.2353;21;1
17008;171;21;1;0.5;8;101;0.496;213;235.6139;21;0
17009;171;21;1;0.5;9;101;0.4938272;240;235.8119;21;0
17010;171;21;1;0.5;10;101;0.4784483;277;237.5842;21;0
17011;171;21;1;0.5;11;101;0.5432099;226;236.2574;21;0
17012;171;21;1;0.5;12;105;0.4956522;246;237.3905;21;4
17013;171;21;1;0.5;13;102;0.4935622;251;235.2941;21;1
17014;171;21;1;0.5;14;102;0.5168067;249;237.8824;21;1
17015;171;21;1;0.5;15;104;0.5090909;225;237.5;21;3
17016;171;21;1;0.5;16;101;0.4756098;230;237.4158;21;0
17017;171;21;1;0.5;17;101;0.4937238;246;234.6436;21;0
17018;171;21;1;0.5;18;101;0.4609053;209;237.7327;21;0
17019;171;21;1;0.5;19;107;0.4711111;246;236.0748;21;6
17020;171;21;1;0.5;20;101;0.525;252;235.1881;21;0
17021;171;21;1;0.5;21;101;0.4816514;247;238.6535;21;0
17022;171;21;1;0.5;22;101;0.4858156;225;235.8812;21;0
17023;171;21;1;0.5;23;101;0.5357143;227;236.6139;21;0
17024;171;21;1;0.5;24;108;0.493617;225;235.5833;21;7
17025;171;21;1;0.5;25;102;0.5316456;219;237.7941;21;1
17026;171;21;1;0.5;26;101;0.4784483;258;237.7228;21;0
17027;171;21;1;0.5;27;102;0.5316456;245;237.4412;21;1
17028;171;21;1;0.5;28;101;0.5057471;208;236.0495;21;0
17029;171;21;1;0.5;29;101;0.4957983;235;238.2673;21;0
17030;171;21;1;0.5;30;101;0.4901961;242;234.9109;21;0
17031;171;21;1;0.5;31;105;0.4932735;209;236.7524;21;4
17032;171;21;1;0.5;32;104;0.4932735;258;235.9519;21;3
17033;171;21;1;0.5;33;102;0.5401786;228;235.4608;21;1
17034;171;21;1;0.5;34;102;0.3902439;225;235.7255;21;1
17035;171;21;1;0.5;35;101;0.4506438;227;235.1386;21;0
17036;171;21;1;0.5;36;101;0.4683544;257;238.0594;21;0
17037;171;21;1;0.5;37;102;0.4854772;236;236.3922;21;1
17038;171;21;1;0.5;38;101;0.4879032;243;237.0495;21;0
17039;171;21;1;0.5;39;101;0.46875;227;237.0099;21;0
17040;171;21;1;0.5;40;101;0.4789916;225;237.198;21;0
17041;171;21;1;0.5;41;101;0.4977376;235;235.4158;21;0
17042;171;21;1;0.5;42;101;0.5454545;247;237.6139;21;0
17043;171;21;1;0.5;43;106;0.5407725;225;235.6038;21;5
17044;171;21;1;0.5;44;102;0.4979253;239;238.2451;21;1
17045;171;21;1;0.5;45;101;0.4344262;230;237.2871;21;0
17046;171;21;1;0.5;46;104;0.5106383;244;238.4423;21;3
17047;171;21;1;0.5;47;101;0.5286344;242;236.6238;21;0
17048;171;21;1;0.5;48;105;0.5082645;260;237.1048;21;4
17049;171;21;1;0.5;49;102;0.5465587;222;235;21;1
17050;171;21;1;0.5;50;102;0.4696356;224;238.3431;21;1
17051;171;21;1;0.5;51;102;0.507874;259;237.3333;21;1
17052;171;21;1;0.5;52;101;0.5400844;233;235.5446;21;0
17053;171;21;1;0.5;53;101;0.4938272;218;235.6931;21;0
17054;171;21;1;0.5;54;101;0.4519231;256;238.396;21;0
17055;171;21;1;0.5;55;101;0.512605;254;237.3168;21;0
17056;171;21;1;0.5;56;105;0.5375494;229;236.3429;21;4
17057;171;21;1;0.5;57;101;0.5;241;237.4851;21;0
17058;171;21;1;0.5;58;101;0.4456929;244;236.0495;21;0
17059;171;21;1;0.5;59;101;0.4726562;240;236.5644;21;0
17060;171;21;1;0.5;60;101;0.5152838;245;237.8911;21;0
17061;171;21;1;0.5;61;103;0.4837398;205;236.8058;21;2
17062;171;21;1;0.5;62;102;0.4910714;261;237.2745;21;1
17063;171;21;1;0.5;63;102;0.4778761;235;236.402;21;1
17064;171;21;1;0.5;64;101;0.4594595;256;236.4851;21;0
17065;171;21;1;0.5;65;102;0.5;242;236.3529;21;1
17066;171;21;1;0.5;66;103;0.4698276;236;236.8058;21;2
17067;171;21;1;0.5;67;101;0.5645933;264;236.6832;21;0
17068;171;21;1;0.5;68;101;0.4789916;251;235.3861;21;0
17069;171;21;1;0.5;69;103;0.4685039;217;236.5631;21;2
17070;171;21;1;0.5;70;102;0.5424528;237;236.8627;21;1
17071;171;21;1;0.5;71;101;0.4710425;227;238.3465;21;0
17072;171;21;1;0.5;72;102;0.547619;213;235.7059;21;1
17073;171;21;1;0.5;73;101;0.5616438;244;236.9703;21;0
17074;171;21;1;0.5;74;101;0.5117188;221;235.4653;21;0
17075;171;21;1;0.5;75;102;0.4763948;267;238.9412;21;1
17076;171;21;1;0.5;76;101;0.5189873;246;238.3366;21;0
17077;171;21;1;0.5;77;101;0.4561404;221;236.5743;21;0
17078;171;21;1;0.5;78;101;0.4581498;248;236.3465;21;0
17079;171;21;1;0.5;79;101;0.5245283;225;237.7624;21;0
17080;171;21;1;0.5;80;102;0.4257028;241;235.9608;21;1
17081;171;21;1;0.5;81;101;0.5133929;247;235.3465;21;0
17082;171;21;1;0.5;82;101;0.5215517;241;235.4257;21;0
17083;171;21;1;0.5;83;101;0.5140187;243;237.6832;21;0
17084;171;21;1;0.5;84;103;0.4845815;234;236.1748;21;2
17085;171;21;1;0.5;85;101;0.5426009;239;237.198;21;0
17086;171;21;1;0.5;86;103;0.4462151;208;237.5146;21;2
17087;171;21;1;0.5;87;101;0.5203252;224;236.8911;21;0
17088;171;21;1;0.5;88;101;0.4628821;247;235.8812;21;0
17089;171;21;1;0.5;89;102;0.4390244;219;236.2941;21;1
17090;171;21;1;0.5;90;101;0.5194805;231;235.0198;21;0
17091;171;21;1;0.5;91;101;0.5504202;241;238.2772;21;0
17092;171;21;1;0.5;92;103;0.4349776;232;236.068;21;2
17093;171;21;1;0.5;93;103;0.4262295;224;235.9029;21;2
17094;171;21;1;0.5;94;101;0.5542169;226;234.604;21;0
17095;171;21;1;0.5;95;101;0.5020747;217;236.8911;21;0
17096;171;21;1;0.5;96;101;0.4913043;233;237.3465;21;0
17097;171;21;1;0.5;97;104;0.501992;221;238.9038;21;3
17098;171;21;1;0.5;98;101;0.4474886;255;237.1089;21;0
17099;171;21;1;0.5;99;103;0.5371179;240;237.7767;21;2
17100;171;21;1;0.5;100;103;0.4472574;240;235.9612;21;2
17101;172;23;1;0.5;1;101;0.5393701;237;237.0594;23;0
17102;172;23;1;0.5;2;102;0.4472574;217;237.2157;23;1
17103;172;23;1;0.5;3;101;0.5060241;238;236.4059;23;0
17104;172;23;1;0.5;4;102;0.526087;234;236.2549;23;1
17105;172;23;1;0.5;5;101;0.4599156;236;236.505;23;0
17106;172;23;1;0.5;6;102;0.5234043;222;237.2059;23;1
17107;172;23;1;0.5;7;101;0.5458333;236;237.2277;23;0
17108;172;23;1;0.5;8;102;0.4772727;227;236.1471;23;1
17109;172;23;1;0.5;9;102;0.4956522;232;238.2353;23;1
17110;172;23;1;0.5;10;102;0.4936709;236;236.6471;23;1
17111;172;23;1;0.5;11;101;0.5346939;248;234.7327;23;0
17112;172;23;1;0.5;12;101;0.5022422;254;237.2673;23;0
17113;172;23;1;0.5;13;101;0.5489362;211;235.3564;23;0
17114;172;23;1;0.5;14;101;0.5232558;237;236.0198;23;0
17115;172;23;1;0.5;15;101;0.5256917;262;239.2277;23;0
17116;172;23;1;0.5;16;101;0.5116279;227;237.2772;23;0
17117;172;23;1;0.5;17;102;0.4916667;232;236.9608;23;1
17118;172;23;1;0.5;18;102;0.5252101;238;239.049;23;1
17119;172;23;1;0.5;19;103;0.4727273;236;237.6214;23;2
17120;172;23;1;0.5;20;101;0.5254237;227;236.9307;23;0
17121;172;23;1;0.5;21;102;0.4493927;222;237.098;23;1
17122;172;23;1;0.5;22;101;0.495935;230;237.4257;23;0
17123;172;23;1;0.5;23;101;0.4681818;259;236.1386;23;0
17124;172;23;1;0.5;24;104;0.4977376;243;238.6731;23;3
17125;172;23;1;0.5;25;102;0.5060241;210;237.0196;23;1
17126;172;23;1;0.5;26;102;0.4380531;232;237.1569;23;1
17127;172;23;1;0.5;27;102;0.5282258;232;236.8137;23;1
17128;172;23;1;0.5;28;103;0.5;254;235.9417;23;2
17129;172;23;1;0.5;29;101;0.5298805;240;237.6832;23;0
17130;172;23;1;0.5;30;103;0.5193798;239;238.7184;23;2
17131;172;23;1;0.5;31;101;0.5407725;231;236.802;23;0
17132;172;23;1;0.5;32;104;0.5333333;218;237.4327;23;3
17133;172;23;1;0.5;33;101;0.4872881;253;237.2673;23;0
17134;172;23;1;0.5;34;101;0.487395;221;238.604;23;0
17135;172;23;1;0.5;35;103;0.5;245;236.835;23;2
17136;172;23;1;0.5;36;101;0.5059761;226;234.505;23;0
17137;172;23;1;0.5;37;104;0.5;229;236.5769;23;3
17138;172;23;1;0.5;38;102;0.4756098;200;238.5784;23;1
17139;172;23;1;0.5;39;102;0.5127119;259;238.6373;23;1
17140;172;23;1;0.5;40;101;0.4684685;231;235.2574;23;0
17141;172;23;1;0.5;41;101;0.4980392;234;236.3465;23;0
17142;172;23;1;0.5;42;102;0.4485597;244;236.3529;23;1
17143;172;23;1;0.5;43;101;0.4782609;228;237.2475;23;0
17144;172;23;1;0.5;44;101;0.5458515;243;237.3762;23;0
17145;172;23;1;0.5;45;103;0.5084746;238;236.1165;23;2
17146;172;23;1;0.5;46;104;0.4803493;257;235.5865;23;3
17147;172;23;1;0.5;47;104;0.4827586;201;237.8654;23;3
17148;172;23;1;0.5;48;102;0.4939271;240;237.7451;23;1
17149;172;23;1;0.5;49;106;0.4897959;219;236.5849;23;5
17150;172;23;1;0.5;50;102;0.5130435;238;237.4118;23;1
17151;172;23;1;0.5;51;101;0.5039062;255;237.3168;23;0
17152;172;23;1;0.5;52;101;0.4268775;247;238.5248;23;0
17153;172;23;1;0.5;53;101;0.503937;219;234.2178;23;0
17154;172;23;1;0.5;54;101;0.5140187;244;235.9802;23;0
17155;172;23;1;0.5;55;101;0.5507812;244;236.5743;23;0
17156;172;23;1;0.5;56;102;0.5;223;236.0098;23;1
17157;172;23;1;0.5;57;101;0.5066079;244;236.5446;23;0
17158;172;23;1;0.5;58;101;0.5217391;240;237.505;23;0
17159;172;23;1;0.5;59;101;0.510917;244;236.4257;23;0
17160;172;23;1;0.5;60;103;0.5;222;237.3689;23;2
17161;172;23;1;0.5;61;101;0.5550847;251;236.7525;23;0
17162;172;23;1;0.5;62;101;0.4553571;224;237.0495;23;0
17163;172;23;1;0.5;63;102;0.4285714;218;234.2843;23;1
17164;172;23;1;0.5;64;103;0.5;247;236.0097;23;2
17165;172;23;1;0.5;65;101;0.4669604;239;237.3069;23;0
17166;172;23;1;0.5;66;102;0.5734597;233;235.8922;23;1
17167;172;23;1;0.5;67;101;0.5137615;250;236.5149;23;0
17168;172;23;1;0.5;68;105;0.4302326;227;238.1048;23;4
17169;172;23;1;0.5;69;102;0.4652174;241;236.9902;23;1
17170;172;23;1;0.5;70;101;0.482906;214;235.9703;23;0
17171;172;23;1;0.5;71;102;0.5277778;256;237.098;23;1
17172;172;23;1;0.5;72;103;0.464;218;236.233;23;2
17173;172;23;1;0.5;73;103;0.5434783;208;236.1845;23;2
17174;172;23;1;0.5;74;103;0.4831933;243;235.6699;23;2
17175;172;23;1;0.5;75;102;0.4938272;221;234.549;23;1
17176;172;23;1;0.5;76;101;0.4588745;245;237.396;23;0
17177;172;23;1;0.5;77;105;0.4778761;246;235.4;23;4
17178;172;23;1;0.5;78;102;0.527027;251;236.2549;23;1
17179;172;23;1;0.5;79;102;0.5269231;191;237.2549;23;1
17180;172;23;1;0.5;80;101;0.5233645;262;236.1782;23;0
17181;172;23;1;0.5;81;102;0.4705882;249;235.3137;23;1
17182;172;23;1;0.5;82;106;0.4899598;233;235.5943;23;5
17183;172;23;1;0.5;83;101;0.5146444;265;237.7426;23;0
17184;172;23;1;0.5;84;101;0.5306122;258;235.0693;23;0
17185;172;23;1;0.5;85;102;0.4725275;222;235.3137;23;1
17186;172;23;1;0.5;86;101;0.5057471;202;237.2673;23;0
17187;172;23;1;0.5;87;103;0.4778325;227;236.6117;23;2
17188;172;23;1;0.5;88;102;0.456;253;238.0098;23;1
17189;172;23;1;0.5;89;104;0.4579832;230;237.6635;23;3
17190;172;23;1;0.5;90;101;0.5775194;231;235.0198;23;0
17191;172;23;1;0.5;91;101;0.5622318;225;234.3069;23;0
17192;172;23;1;0.5;92;101;0.5254237;254;239.3366;23;0
17193;172;23;1;0.5;93;101;0.5267857;228;234.8614;23;0
17194;172;23;1;0.5;94;101;0.5327511;247;238.6436;23;0
17195;172;23;1;0.5;95;103;0.5659574;246;237.2136;23;2
17196;172;23;1;0.5;96;101;0.4901961;248;237.3861;23;0
17197;172;23;1;0.5;97;104;0.5164319;235;236.1538;23;3
17198;172;23;1;0.5;98;111;0.520362;221;235.2342;23;10
17199;172;23;1;0.5;99;104;0.4821429;221;237.2212;23;3
17200;172;23;1;0.5;100;106;0.512931;250;236.9434;23;5
17201;173;25;1;0.5;1;103;0.5974576;252;235.1262;25;2
17202;173;25;1;0.5;2;104;0.491453;254;237.2115;25;3
17203;173;25;1;0.5;3;102;0.5440613;226;235.3922;25;1
17204;173;25;1;0.5;4;101;0.5173913;241;238.9505;25;0
17205;173;25;1;0.5;5;102;0.5193133;230;235.5;25;1
17206;173;25;1;0.5;6;101;0.5128205;233;235.4257;25;0
17207;173;25;1;0.5;7;102;0.5188285;221;237.0098;25;1
17208;173;25;1;0.5;8;101;0.5;224;235.8614;25;0
17209;173;25;1;0.5;9;101;0.4766355;233;237.5248;25;0
17210;173;25;1;0.5;10;102;0.5283843;262;238.3725;25;1
17211;173;25;1;0.5;11;103;0.519685;234;237.5534;25;2
17212;173;25;1;0.5;12;101;0.4545455;238;237.4356;25;0
17213;173;25;1;0.5;13;101;0.5541126;224;236.6238;25;0
17214;173;25;1;0.5;14;102;0.4827586;234;237.4216;25;1
17215;173;25;1;0.5;15;101;0.5;238;236.2079;25;0
17216;173;25;1;0.5;16;103;0.4957983;235;235.0291;25;2
17217;173;25;1;0.5;17;104;0.4937759;236;237.0577;25;3
17218;173;25;1;0.5;18;101;0.5146444;228;234.6931;25;0
17219;173;25;1;0.5;19;101;0.4513274;252;236.8812;25;0
17220;173;25;1;0.5;20;102;0.4782609;234;236.7353;25;1
17221;173;25;1;0.5;21;101;0.539749;246;238.1584;25;0
17222;173;25;1;0.5;22;101;0.5;227;238.3861;25;0
17223;173;25;1;0.5;23;102;0.5122951;233;237.4902;25;1
17224;173;25;1;0.5;24;107;0.5045455;211;237.0654;25;6
17225;173;25;1;0.5;25;104;0.5319149;203;233.8558;25;3
17226;173;25;1;0.5;26;101;0.4784314;233;237.3762;25;0
17227;173;25;1;0.5;27;101;0.4159292;219;236.495;25;0
17228;173;25;1;0.5;28;101;0.542735;217;236.5347;25;0
17229;173;25;1;0.5;29;104;0.5544041;242;236.1731;25;3
17230;173;25;1;0.5;30;105;0.5809524;267;237.0667;25;4
17231;173;25;1;0.5;31;102;0.4939271;223;238.1471;25;1
17232;173;25;1;0.5;32;101;0.4958678;225;235.901;25;0
17233;173;25;1;0.5;33;102;0.5;265;238;25;1
17234;173;25;1;0.5;34;102;0.4761905;244;237.5;25;1
17235;173;25;1;0.5;35;101;0.4824903;240;236.1485;25;0
17236;173;25;1;0.5;36;103;0.5061224;219;236.3689;25;2
17237;173;25;1;0.5;37;101;0.4773663;245;236.3564;25;0
17238;173;25;1;0.5;38;101;0.4761905;230;235.0792;25;0
17239;173;25;1;0.5;39;103;0.4866071;224;236.6117;25;2
17240;173;25;1;0.5;40;101;0.4823009;241;237.3663;25;0
17241;173;25;1;0.5;41;103;0.4827586;224;236.0291;25;2
17242;173;25;1;0.5;42;109;0.544186;254;236.578;25;8
17243;173;25;1;0.5;43;105;0.5394191;243;234.1524;25;4
17244;173;25;1;0.5;44;101;0.4913043;204;237.1287;25;0
17245;173;25;1;0.5;45;101;0.4803493;234;237.2772;25;0
17246;173;25;1;0.5;46;103;0.5346939;218;238.0291;25;2
17247;173;25;1;0.5;47;105;0.508547;241;235.7143;25;4
17248;173;25;1;0.5;48;101;0.5454545;222;236.8614;25;0
17249;173;25;1;0.5;49;101;0.4594595;231;235.3267;25;0
17250;173;25;1;0.5;50;101;0.5282258;214;237.8317;25;0
17251;173;25;1;0.5;51;101;0.5377778;256;237.1881;25;0
17252;173;25;1;0.5;52;101;0.5825688;258;236.2574;25;0
17253;173;25;1;0.5;53;104;0.4429825;224;235.4808;25;3
17254;173;25;1;0.5;54;102;0.52;261;236.4608;25;1
17255;173;25;1;0.5;55;101;0.5503876;230;237;25;0
17256;173;25;1;0.5;56;101;0.4881517;250;236.6436;25;0
17257;173;25;1;0.5;57;102;0.4979253;226;237.1471;25;1
17258;173;25;1;0.5;58;102;0.5377778;263;236.7843;25;1
17259;173;25;1;0.5;59;103;0.4849785;261;237.6019;25;2
17260;173;25;1;0.5;60;101;0.5022026;252;237.7228;25;0
17261;173;25;1;0.5;61;101;0.529661;233;236.0792;25;0
17262;173;25;1;0.5;62;103;0.4879227;275;239.0097;25;2
17263;173;25;1;0.5;63;102;0.4769874;228;237.3431;25;1
17264;173;25;1;0.5;64;102;0.4615385;245;235.4608;25;1
17265;173;25;1;0.5;65;102;0.4853556;231;237.7549;25;1
17266;173;25;1;0.5;66;101;0.4552846;257;234.0396;25;0
17267;173;25;1;0.5;67;103;0.48583;232;237.5243;25;2
17268;173;25;1;0.5;68;105;0.5733945;244;236.7714;25;4
17269;173;25;1;0.5;69;103;0.5283019;253;235.0777;25;2
17270;173;25;1;0.5;70;101;0.5175439;228;237.6634;25;0
17271;173;25;1;0.5;71;101;0.5041322;242;237.3069;25;0
17272;173;25;1;0.5;72;102;0.4844444;246;235.7353;25;1
17273;173;25;1;0.5;73;101;0.5020921;241;237.8218;25;0
17274;173;25;1;0.5;74;102;0.4130435;240;237.1569;25;1
17275;173;25;1;0.5;75;102;0.4664032;256;238.0392;25;1
17276;173;25;1;0.5;76;101;0.520362;236;236;25;0
17277;173;25;1;0.5;77;101;0.516129;242;236.9307;25;0
17278;173;25;1;0.5;78;101;0.4795082;235;236.0198;25;0
17279;173;25;1;0.5;79;101;0.5390947;220;235.2178;25;0
17280;173;25;1;0.5;80;102;0.5080645;268;239.4706;25;1
17281;173;25;1;0.5;81;101;0.4557522;245;238.1683;25;0
17282;173;25;1;0.5;82;103;0.4198473;218;236.2621;25;2
17283;173;25;1;0.5;83;102;0.4653846;222;235.5196;25;1
17284;173;25;1;0.5;84;101;0.4701493;226;237.6337;25;0
17285;173;25;1;0.5;85;102;0.495935;249;236.7549;25;1
17286;173;25;1;0.5;86;101;0.5041667;245;236.6535;25;0
17287;173;25;1;0.5;87;102;0.5;234;238.451;25;1
17288;173;25;1;0.5;88;101;0.4955357;227;237.9802;25;0
17289;173;25;1;0.5;89;101;0.5162602;248;238.2277;25;0
17290;173;25;1;0.5;90;102;0.4860558;246;235.6275;25;1
17291;173;25;1;0.5;91;101;0.4181034;245;236.9901;25;0
17292;173;25;1;0.5;92;105;0.4649123;243;236.3429;25;4
17293;173;25;1;0.5;93;103;0.4879032;225;237.835;25;2
17294;173;25;1;0.5;94;102;0.5068493;271;237.9804;25;1
17295;173;25;1;0.5;95;103;0.5515695;248;235.8544;25;2
17296;173;25;1;0.5;96;101;0.416;216;235.9604;25;0
17297;173;25;1;0.5;97;101;0.5714286;232;238.2673;25;0
17298;173;25;1;0.5;98;103;0.4848485;248;235.7864;25;2
17299;173;25;1;0.5;99;101;0.5210084;219;235.6139;25;0
17300;173;25;1;0.5;100;101;0.5608696;237;235.7921;25;0
17301;174;27;1;0.5;1;102;0.5078125;255;237.1863;27;1
17302;174;27;1;0.5;2;102;0.4810606;239;236.8235;27;1
17303;174;27;1;0.5;3;102;0.477551;246;235.6373;27;1
17304;174;27;1;0.5;4;106;0.5042017;240;235.3113;27;5
17305;174;27;1;0.5;5;102;0.5064378;237;235.8824;27;1
17306;174;27;1;0.5;6;101;0.4672131;241;236.4158;27;0
17307;174;27;1;0.5;7;104;0.5168067;259;237.5481;27;3
17308;174;27;1;0.5;8;102;0.4949495;254;234.4608;27;1
17309;174;27;1;0.5;9;101;0.4957983;221;238.1584;27;0
17310;174;27;1;0.5;10;102;0.4491525;225;235.5294;27;1
17311;174;27;1;0.5;11;101;0.4583333;258;235.8614;27;0
17312;174;27;1;0.5;12;101;0.5321101;245;235.4455;27;0
17313;174;27;1;0.5;13;101;0.4303797;240;237.396;27;0
17314;174;27;1;0.5;14;104;0.5203252;242;237.25;27;3
17315;174;27;1;0.5;15;103;0.4681818;243;236.6019;27;2
17316;174;27;1;0.5;16;109;0.5532787;247;236.7248;27;8
17317;174;27;1;0.5;17;102;0.5142857;252;237.3627;27;1
17318;174;27;1;0.5;18;104;0.495614;242;236.7596;27;3
17319;174;27;1;0.5;19;101;0.5477178;231;237.2871;27;0
17320;174;27;1;0.5;20;102;0.4899598;250;236;27;1
17321;174;27;1;0.5;21;101;0.5114155;233;237.8515;27;0
17322;174;27;1;0.5;22;101;0.5022222;231;234.5743;27;0
17323;174;27;1;0.5;23;106;0.4183267;233;235.2075;27;5
17324;174;27;1;0.5;24;102;0.4784483;261;237.8725;27;1
17325;174;27;1;0.5;25;101;0.4796748;242;236;27;0
17326;174;27;1;0.5;26;101;0.487395;227;236.2574;27;0
17327;174;27;1;0.5;27;101;0.5347826;255;236.7921;27;0
17328;174;27;1;0.5;28;101;0.509009;264;239.8812;27;0
17329;174;27;1;0.5;29;101;0.5322581;227;235.7723;27;0
17330;174;27;1;0.5;30;102;0.5193133;252;238.549;27;1
17331;174;27;1;0.5;31;102;0.5435685;243;238.5784;27;1
17332;174;27;1;0.5;32;101;0.5225225;258;237.4158;27;0
17333;174;27;1;0.5;33;102;0.4941634;222;236.7451;27;1
17334;174;27;1;0.5;34;105;0.4292453;259;236.3905;27;4
17335;174;27;1;0.5;35;102;0.5058824;219;235.6765;27;1
17336;174;27;1;0.5;36;102;0.5195312;226;237.5294;27;1
17337;174;27;1;0.5;37;101;0.46875;258;236.2772;27;0
17338;174;27;1;0.5;38;101;0.497992;237;236.7426;27;0
17339;174;27;1;0.5;39;101;0.5;231;236.8515;27;0
17340;174;27;1;0.5;40;102;0.5352697;216;236.0686;27;1
17341;174;27;1;0.5;41;101;0.4953704;251;235.8218;27;0
17342;174;27;1;0.5;42;101;0.4843049;227;236.1683;27;0
17343;174;27;1;0.5;43;102;0.5151515;237;235.7353;27;1
17344;174;27;1;0.5;44;103;0.4844444;216;235.5049;27;2
17345;174;27;1;0.5;45;101;0.5308057;238;235.1287;27;0
17346;174;27;1;0.5;46;101;0.4808511;228;234.7822;27;0
17347;174;27;1;0.5;47;104;0.5560976;241;236.4615;27;3
17348;174;27;1;0.5;48;107;0.4807692;224;236.9813;27;6
17349;174;27;1;0.5;49;101;0.4463519;251;238.0198;27;0
17350;174;27;1;0.5;50;104;0.4885845;259;236.6923;27;3
17351;174;27;1;0.5;51;103;0.4918699;229;235.3495;27;2
17352;174;27;1;0.5;52;106;0.5139442;242;236.0849;27;5
17353;174;27;1;0.5;53;102;0.541502;220;235.8137;27;1
17354;174;27;1;0.5;54;101;0.489083;243;239.0792;27;0
17355;174;27;1;0.5;55;102;0.4416667;240;237.9314;27;1
17356;174;27;1;0.5;56;101;0.4549356;251;236.5644;27;0
17357;174;27;1;0.5;57;106;0.4875;238;235.8774;27;5
17358;174;27;1;0.5;58;101;0.4940239;248;237.0099;27;0
17359;174;27;1;0.5;59;102;0.5697674;214;237.1176;27;1
17360;174;27;1;0.5;60;103;0.529148;227;238.6505;27;2
17361;174;27;1;0.5;61;105;0.5196507;240;235.2095;27;4
17362;174;27;1;0.5;62;101;0.5018727;212;237.099;27;0
17363;174;27;1;0.5;63;101;0.5365854;247;235.5248;27;0
17364;174;27;1;0.5;64;102;0.4876033;245;238.1863;27;1
17365;174;27;1;0.5;65;103;0.4621212;208;236.9515;27;2
17366;174;27;1;0.5;66;102;0.5355649;248;239.0294;27;1
17367;174;27;1;0.5;67;101;0.5022624;247;237.3069;27;0
17368;174;27;1;0.5;68;101;0.481982;246;236.3762;27;0
17369;174;27;1;0.5;69;103;0.5321888;248;235.9709;27;2
17370;174;27;1;0.5;70;101;0.4859813;265;239.0198;27;0
17371;174;27;1;0.5;71;102;0.5217391;251;239.2157;27;1
17372;174;27;1;0.5;72;101;0.5256917;226;236.5545;27;0
17373;174;27;1;0.5;73;101;0.5362903;250;237.6535;27;0
17374;174;27;1;0.5;74;101;0.56;239;236.099;27;0
17375;174;27;1;0.5;75;101;0.468254;245;237.8713;27;0
17376;174;27;1;0.5;76;101;0.4832714;215;236.901;27;0
17377;174;27;1;0.5;77;101;0.4957265;250;235.7624;27;0
17378;174;27;1;0.5;78;102;0.4977169;236;236.8333;27;1
17379;174;27;1;0.5;79;101;0.526087;230;238.3069;27;0
17380;174;27;1;0.5;80;103;0.5201794;247;235.7961;27;2
17381;174;27;1;0.5;81;101;0.4728033;225;235.4752;27;0
17382;174;27;1;0.5;82;102;0.5042373;225;236.3039;27;1
17383;174;27;1;0.5;83;102;0.5105485;226;236.9314;27;1
17384;174;27;1;0.5;84;102;0.5021097;223;236.2843;27;1
17385;174;27;1;0.5;85;102;0.5652174;249;237.1176;27;1
17386;174;27;1;0.5;86;101;0.5066079;249;235.5149;27;0
17387;174;27;1;0.5;87;101;0.4763948;229;236.2475;27;0
17388;174;27;1;0.5;88;101;0.4766355;276;235.6535;27;0
17389;174;27;1;0.5;89;102;0.5669291;212;234.2843;27;1
17390;174;27;1;0.5;90;102;0.4553571;251;237.2353;27;1
17391;174;27;1;0.5;91;101;0.5;247;238.6535;27;0
17392;174;27;1;0.5;92;102;0.5443548;225;237.7549;27;1
17393;174;27;1;0.5;93;101;0.5418502;243;236.7822;27;0
17394;174;27;1;0.5;94;101;0.4925926;254;235.0495;27;0
17395;174;27;1;0.5;95;102;0.5065502;213;236.2255;27;1
17396;174;27;1;0.5;96;102;0.5023041;247;236.3627;27;1
17397;174;27;1;0.5;97;102;0.5355649;233;238.5294;27;1
17398;174;27;1;0.5;98;101;0.5316456;241;234.3564;27;0
17399;174;27;1;0.5;99;104;0.5042017;229;235.875;27;3
17400;174;27;1;0.5;100;105;0.4669421;242;236.981;27;4
17401;175;29;1;0.5;1;102;0.4879032;217;236.2353;29;1
17402;175;29;1;0.5;2;101;0.527897;250;237.3663;29;0
17403;175;29;1;0.5;3;101;0.4611872;235;236.8614;29;0
17404;175;29;1;0.5;4;102;0.5246637;236;236.8627;29;1
17405;175;29;1;0.5;5;101;0.5146444;240;236.4554;29;0
17406;175;29;1;0.5;6;101;0.5215517;236;236.6634;29;0
17407;175;29;1;0.5;7;104;0.5132743;243;236.2019;29;3
17408;175;29;1;0.5;8;101;0.5019608;226;235.5347;29;0
17409;175;29;1;0.5;9;104;0.5403226;233;235.6538;29;3
17410;175;29;1;0.5;10;101;0.4556962;233;237.6139;29;0
17411;175;29;1;0.5;11;101;0.4243697;223;238.802;29;0
17412;175;29;1;0.5;12;102;0.4579832;245;237.6765;29;1
17413;175;29;1;0.5;13;101;0.5462963;264;237.7426;29;0
17414;175;29;1;0.5;14;104;0.4409449;247;237.3365;29;3
17415;175;29;1;0.5;15;101;0.4831933;244;237.8812;29;0
17416;175;29;1;0.5;16;104;0.5168067;248;235.8269;29;3
17417;175;29;1;0.5;17;101;0.5702479;219;234.4851;29;0
17418;175;29;1;0.5;18;103;0.5387755;239;236.5922;29;2
17419;175;29;1;0.5;19;103;0.4901961;237;236.4078;29;2
17420;175;29;1;0.5;20;101;0.4901186;235;235.4851;29;0
17421;175;29;1;0.5;21;103;0.4759825;236;237.3204;29;2
17422;175;29;1;0.5;22;102;0.4824903;228;237.598;29;1
17423;175;29;1;0.5;23;104;0.4449541;243;237.2788;29;3
17424;175;29;1;0.5;24;102;0.5364807;238;236.7353;29;1
17425;175;29;1;0.5;25;101;0.4887892;249;238.4257;29;0
17426;175;29;1;0.5;26;104;0.5205993;240;236.1154;29;3
17427;175;29;1;0.5;27;101;0.5;231;237.7822;29;0
17428;175;29;1;0.5;28;101;0.4479638;235;236.7723;29;0
17429;175;29;1;0.5;29;101;0.5454545;249;237.1584;29;0
17430;175;29;1;0.5;30;101;0.509009;235;236.1881;29;0
17431;175;29;1;0.5;31;105;0.4401709;227;237.4286;29;4
17432;175;29;1;0.5;32;101;0.4583333;223;238.8911;29;0
17433;175;29;1;0.5;33;103;0.4887218;221;237.165;29;2
17434;175;29;1;0.5;34;101;0.5426009;222;236.8911;29;0
17435;175;29;1;0.5;35;101;0.5103734;207;236.3267;29;0
17436;175;29;1;0.5;36;104;0.4784483;242;239.5769;29;3
17437;175;29;1;0.5;37;102;0.5059289;234;237.6176;29;1
17438;175;29;1;0.5;38;104;0.4415094;220;236.2212;29;3
17439;175;29;1;0.5;39;104;0.4736842;255;237.1923;29;3
17440;175;29;1;0.5;40;104;0.4561404;232;237.875;29;3
17441;175;29;1;0.5;41;101;0.549763;233;234.3366;29;0
17442;175;29;1;0.5;42;106;0.4506438;257;235.8208;29;5
17443;175;29;1;0.5;43;102;0.476378;215;236.2157;29;1
17444;175;29;1;0.5;44;101;0.4367347;242;238.5743;29;0
17445;175;29;1;0.5;45;102;0.5281385;230;238.1275;29;1
17446;175;29;1;0.5;46;104;0.4401709;210;236.9712;29;3
17447;175;29;1;0.5;47;102;0.5294118;224;236.9706;29;1
17448;175;29;1;0.5;48;101;0.5342466;244;236.0396;29;0
17449;175;29;1;0.5;49;103;0.4608696;233;236.1262;29;2
17450;175;29;1;0.5;50;102;0.5531136;228;236.3333;29;1
17451;175;29;1;0.5;51;101;0.5430712;228;237.505;29;0
17452;175;29;1;0.5;52;101;0.5101215;234;237.901;29;0
17453;175;29;1;0.5;53;104;0.5198238;235;234.9712;29;3
17454;175;29;1;0.5;54;102;0.4824903;202;237.0196;29;1
17455;175;29;1;0.5;55;102;0.5201794;251;233.7255;29;1
17456;175;29;1;0.5;56;101;0.4919355;226;237.5545;29;0
17457;175;29;1;0.5;57;110;0.5060729;252;236.5636;29;9
17458;175;29;1;0.5;58;101;0.5619469;242;236.8515;29;0
17459;175;29;1;0.5;59;103;0.4375;252;236.2039;29;2
17460;175;29;1;0.5;60;104;0.5598086;244;235.0962;29;3
17461;175;29;1;0.5;61;101;0.4705882;229;238.0891;29;0
17462;175;29;1;0.5;62;101;0.4893617;239;236.1485;29;0
17463;175;29;1;0.5;63;102;0.4573643;221;236.6471;29;1
17464;175;29;1;0.5;64;101;0.5040984;252;235.6832;29;0
17465;175;29;1;0.5;65;101;0.4862385;249;238.604;29;0
17466;175;29;1;0.5;66;101;0.5023474;230;236.7723;29;0
17467;175;29;1;0.5;67;101;0.5097276;215;234.9208;29;0
17468;175;29;1;0.5;68;101;0.4497992;234;236.6436;29;0
17469;175;29;1;0.5;69;101;0.5588235;261;235.1584;29;0
17470;175;29;1;0.5;70;101;0.5;218;235.3168;29;0
17471;175;29;1;0.5;71;101;0.4915254;257;234.4851;29;0
17472;175;29;1;0.5;72;102;0.5642202;232;235.8333;29;1
17473;175;29;1;0.5;73;102;0.5421687;238;237.1275;29;1
17474;175;29;1;0.5;74;103;0.5060241;247;235.9709;29;2
17475;175;29;1;0.5;75;101;0.4918033;222;235.4059;29;0
17476;175;29;1;0.5;76;101;0.5022831;240;238.6238;29;0
17477;175;29;1;0.5;77;101;0.5198413;246;237.2871;29;0
17478;175;29;1;0.5;78;101;0.4660633;249;234.9505;29;0
17479;175;29;1;0.5;79;102;0.4872881;234;237.7941;29;1
17480;175;29;1;0.5;80;102;0.5021834;245;234.7549;29;1
17481;175;29;1;0.5;81;103;0.4581673;234;237.2524;29;2
17482;175;29;1;0.5;82;101;0.5138889;240;236.5545;29;0
17483;175;29;1;0.5;83;101;0.5232068;240;235.198;29;0
17484;175;29;1;0.5;84;102;0.5042017;246;241.8235;29;1
17485;175;29;1;0.5;85;101;0.5023474;256;237.5842;29;0
17486;175;29;1;0.5;86;101;0.4958333;246;237.9703;29;0
17487;175;29;1;0.5;87;103;0.5;255;237.7767;29;2
17488;175;29;1;0.5;88;101;0.4780702;227;237.5545;29;0
17489;175;29;1;0.5;89;103;0.5228216;245;237;29;2
17490;175;29;1;0.5;90;102;0.4677419;245;236.8333;29;1
17491;175;29;1;0.5;91;102;0.5222672;247;237.3039;29;1
17492;175;29;1;0.5;92;102;0.4915966;232;236.049;29;1
17493;175;29;1;0.5;93;101;0.5226337;236;235.2673;29;0
17494;175;29;1;0.5;94;103;0.4748858;253;237.699;29;2
17495;175;29;1;0.5;95;103;0.559387;233;237.1456;29;2
17496;175;29;1;0.5;96;101;0.5964912;234;236.1287;29;0
17497;175;29;1;0.5;97;101;0.5067873;262;235.1485;29;0
17498;175;29;1;0.5;98;103;0.4593496;251;234.8252;29;2
17499;175;29;1;0.5;99;101;0.5420168;228;237.1881;29;0
17500;175;29;1;0.5;100;101;0.5384615;234;238.8218;29;0
17501;176;224;1;0.5;1;102;0.5582329;245;238.1373;222.9902;1
17502;176;224;1;0.5;2;101;0.4913043;226;236.901;222.3663;0
17503;176;224;1;0.5;3;101;0.5057915;239;235.8317;222.4752;0
17504;176;224;1;0.5;4;104;0.4845815;216;236.5;223.0673;3
17505;176;224;1;0.5;5;101;0.5173745;223;237.9307;223.0396;0
17506;176;224;1;0.5;6;101;0.5728155;266;236.2871;222.5743;0
17507;176;224;1;0.5;7;102;0.4801587;214;235.3137;222.5098;1
17508;176;224;1;0.5;8;101;0.4958333;221;236.495;222.396;0
17509;176;224;1;0.5;9;101;0.4377682;254;236.4158;222.505;0
17510;176;224;1;0.5;10;101;0.5241935;218;236.4653;223.2772;0
17511;176;224;1;0.5;11;103;0.4854772;231;236.8058;222.6408;2
17512;176;224;1;0.5;12;101;0.5063291;244;235.5347;222;0
17513;176;224;1;0.5;13;102;0.4586777;214;236.2451;222.6765;1
17514;176;224;1;0.5;14;101;0.4622222;243;235.1485;222.6436;0
17515;176;224;1;0.5;15;102;0.5605381;273;238.4608;223.0294;1
17516;176;224;1;0.5;16;104;0.4761905;238;234.8462;222.875;3
17517;176;224;1;0.5;17;101;0.4657534;240;237.5644;223.3366;0
17518;176;224;1;0.5;18;101;0.4741784;245;236.802;222.8119;0
17519;176;224;1;0.5;19;101;0.5042373;229;236.8416;222.703;0
17520;176;224;1;0.5;20;103;0.4976959;236;237.3301;222.3981;2
17521;176;224;1;0.5;21;102;0.5265487;243;238.2451;222.7353;1
17522;176;224;1;0.5;22;101;0.5778689;239;235.1683;222.2772;0
17523;176;224;1;0.5;23;101;0.5229358;240;236.8713;222.505;0
17524;176;224;1;0.5;24;101;0.4567901;256;234.9307;222.6337;0
17525;176;224;1;0.5;25;101;0.504;209;236.8218;222.5743;0
17526;176;224;1;0.5;26;102;0.4798387;258;238.8137;222.5588;1
17527;176;224;1;0.5;27;102;0.537037;259;235.0784;222.4902;1
17528;176;224;1;0.5;28;102;0.4935622;259;236.6765;222.5686;1
17529;176;224;1;0.5;29;101;0.4152542;269;238.8911;222.802;0
17530;176;224;1;0.5;30;102;0.5201794;234;235.0686;222.6373;1
17531;176;224;1;0.5;31;101;0.5020408;231;235.8911;222.8218;0
17532;176;224;1;0.5;32;101;0.5057915;220;235.8218;222.7426;0
17533;176;224;1;0.5;33;103;0.5115207;262;237.7767;222.6699;2
17534;176;224;1;0.5;34;104;0.534188;231;236.0385;222.4519;3
17535;176;224;1;0.5;35;101;0.4774775;248;236.8614;222.9505;0
17536;176;224;1;0.5;36;102;0.5518672;252;237.3039;222.8725;1
17537;176;224;1;0.5;37;101;0.4521739;241;235.099;221.8911;0
17538;176;224;1;0.5;38;107;0.4938776;245;236.3645;223.0748;6
17539;176;224;1;0.5;39;103;0.5341365;226;235.699;222.6214;2
17540;176;224;1;0.5;40;101;0.539604;257;237.1584;222.6634;0
17541;176;224;1;0.5;41;103;0.4958333;242;236.4078;223.068;2
17542;176;224;1;0.5;42;102;0.5020576;232;239.2745;223.6471;1
17543;176;224;1;0.5;43;101;0.4415584;240;235.297;222.3564;0
17544;176;224;1;0.5;44;102;0.4653061;234;235.1078;222.2647;1
17545;176;224;1;0.5;45;101;0.4112554;252;237.703;222.5842;0
17546;176;224;1;0.5;46;102;0.4618644;217;237.3627;222.7745;1
17547;176;224;1;0.5;47;102;0.4819277;239;235.8529;222.6961;1
17548;176;224;1;0.5;48;102;0.4814815;234;236.0098;223.0196;1
17549;176;224;1;0.5;49;103;0.52657;241;237.233;222.8447;2
17550;176;224;1;0.5;50;102;0.4743083;217;237.1373;221.9902;1
17551;176;224;1;0.5;51;101;0.5438596;257;237.099;222.7228;0
17552;176;224;1;0.5;52;104;0.4761905;240;236.3173;223;3
17553;176;224;1;0.5;53;102;0.481982;234;236.598;222.5098;1
17554;176;224;1;0.5;54;104;0.483871;224;233.2115;222.1154;3
17555;176;224;1;0.5;55;110;0.4734694;234;237.3455;223.1909;9
17556;176;224;1;0.5;56;101;0.5276596;228;238.8812;222.9604;0
17557;176;224;1;0.5;57;101;0.5182186;258;237;222.8416;0
17558;176;224;1;0.5;58;101;0.4817814;233;234.099;221.8317;0
17559;176;224;1;0.5;59;101;0.5520362;230;234.6535;222.9604;0
17560;176;224;1;0.5;60;101;0.5;241;235.7426;223.0891;0
17561;176;224;1;0.5;61;102;0.483871;216;237.1863;221.902;1
17562;176;224;1;0.5;62;101;0.5772358;241;235.5347;222.5545;0
17563;176;224;1;0.5;63;101;0.5565611;247;235.9604;222.0198;0
17564;176;224;1;0.5;64;101;0.525;235;238.3267;222.1683;0
17565;176;224;1;0.5;65;102;0.4454545;272;236.2843;222.5294;1
17566;176;224;1;0.5;66;101;0.4520548;225;234.7921;222.4356;0
17567;176;224;1;0.5;67;102;0.5;229;236.5588;223.2451;1
17568;176;224;1;0.5;68;101;0.4463519;217;236.198;223.0396;0
17569;176;224;1;0.5;69;102;0.5603448;232;237.0392;223.2843;1
17570;176;224;1;0.5;70;102;0.5479452;240;236.2157;222.7255;1
17571;176;224;1;0.5;71;102;0.5023256;241;236.9118;222.5196;1
17572;176;224;1;0.5;72;101;0.5252918;224;234.5644;222.4752;0
17573;176;224;1;0.5;73;104;0.4803493;262;235.7692;222.2981;3
17574;176;224;1;0.5;74;107;0.489083;229;237.0374;222.5794;6
17575;176;224;1;0.5;75;101;0.5;243;235.4554;221.5248;0
17576;176;224;1;0.5;76;101;0.4912281;239;238.3267;223.2178;0
17577;176;224;1;0.5;77;101;0.4608696;238;236.198;222.6931;0
17578;176;224;1;0.5;78;101;0.5146444;221;237.604;223.0198;0
17579;176;224;1;0.5;79;103;0.5045045;242;235.2816;222.7184;2
17580;176;224;1;0.5;80;101;0.498008;260;238;222.8812;0
17581;176;224;1;0.5;81;102;0.4939759;226;237.6569;222.6961;1
17582;176;224;1;0.5;82;101;0.4956897;254;238.8911;222.9307;0
17583;176;224;1;0.5;83;105;0.5042373;241;235.7143;222.019;4
17584;176;224;1;0.5;84;103;0.536;254;237.2913;222.4272;2
17585;176;224;1;0.5;85;101;0.4831933;233;237.6832;222.604;0
17586;176;224;1;0.5;86;101;0.5396825;263;238.3465;223.4158;0
17587;176;224;1;0.5;87;101;0.5327869;236;237.3465;222.505;0
17588;176;224;1;0.5;88;101;0.5740741;230;235.3762;222.901;0
17589;176;224;1;0.5;89;101;0.4891775;236;236.2772;222.297;0
17590;176;224;1;0.5;90;103;0.5;225;236.4563;223.0583;2
17591;176;224;1;0.5;91;101;0.5375494;224;236.2871;222.396;0
17592;176;224;1;0.5;92;105;0.4892704;230;237.1429;222.2762;4
17593;176;224;1;0.5;93;101;0.4941176;218;236.5743;222;0
17594;176;224;1;0.5;94;101;0.4725738;214;235.3861;221.9109;0
17595;176;224;1;0.5;95;103;0.5155556;277;237.767;223.0194;2
17596;176;224;1;0.5;96;103;0.5063291;241;236.7573;221.9806;2
17597;176;224;1;0.5;97;107;0.4789916;224;236.9439;223.0654;6
17598;176;224;1;0.5;98;101;0.5178571;237;238.2772;222.9208;0
17599;176;224;1;0.5;99;103;0.4841629;243;236.6602;223.068;2
17600;176;224;1;0.5;100;102;0.4782609;230;237.9804;222.2255;1
